1	baseline	worker-cs-0	Label-B	2000
1	baseline	worker-cs-0	Label-B	2000
1	baseline	worker-cs-0	Label-A	45000
1	baseline	worker-cs-0	Label-D	1999
1	baseline	worker-cs-0	Label-A	1999
1	baseline	worker-cs-0	Label-A	2000
1	baseline	worker-cs-0	Label-A	2000
1	baseline	worker-cs-0	Label-D	1999
1	baseline	worker-cs-0	Label-C	44999
1	baseline	worker-cs-0	Label-A	2000
1	baseline	worker-cs-0	Label-D	179999
1	baseline	worker-cs-0	Label-B	1999
1	baseline	worker-cs-0	Label-A	45000
1	baseline	worker-cs-0	Label-A	2000
1	baseline	worker-cs-0	Label-C	1999
1	baseline	worker-cs-0	Label-A	2000
1	baseline	worker-cs-0	Label-C	2000
1	baseline	worker-cs-0	Label-B	2000
1	baseline	worker-cs-0	Label-C	45000
1	baseline	worker-cs-0	Label-C	1999
1	baseline	worker-cs-0	Label-B	2000
1	baseline	worker-cs-0	Label-A	45000
1	baseline	worker-cs-0	Label-B	1999
1	baseline	worker-cs-0	Label-E	180000
1	baseline	worker-cs-0	Label-C	2000
1	baseline	worker-cs-0	Label-C	44999
1	baseline	worker-cs-0	Label-C	1999
1	baseline	worker-cs-0	Label-C	2000
1	baseline	worker-cs-0	Label-A	2000
1	baseline	worker-cs-0	Label-A	2000
1	baseline	worker-cs-0	Label-C	2000
1	baseline	worker-cs-0	Label-A	1999
1	baseline	worker-cs-0	Label-C	1999
1	baseline	worker-cs-0	Label-B	2001
1	baseline	worker-cs-0	Label-D	2000
1	baseline	worker-cs-0	Label-B	2000
1	baseline	worker-cs-0	Label-D	180000
1	baseline	worker-cs-0	Label-C	2000
1	baseline	worker-cs-0	Label-A	2000
1	baseline	worker-cs-0	Label-A	2000
1	baseline	worker-cs-0	Label-B	2000
1	baseline	worker-cs-0	Label-B	1999
1	baseline	worker-cs-0	Label-A	2000
1	baseline	worker-cs-0	Label-B	2000
1	baseline	worker-cs-0	Label-B	2000
1	baseline	worker-cs-0	Label-A	2001
1	baseline	worker-cs-0	Label-A	2000
1	baseline	worker-cs-0	Label-B	2000
1	baseline	worker-cs-0	Label-A	2000
1	baseline	worker-cs-0	Label-C	2000
1	baseline	worker-cs-0	Label-B	2000
1	baseline	worker-cs-0	Label-A	1999
1	baseline	worker-cs-0	Label-B	1999
1	baseline	worker-cs-0	Label-C	1999
1	baseline	worker-cs-0	Label-B	2000
1	baseline	worker-cs-0	Label-A	1999
1	baseline	worker-cs-0	Label-B	1999
1	baseline	worker-cs-0	Label-B	2000
1	baseline	worker-cs-0	Label-A	2000
1	baseline	worker-cs-0	Label-A	1999
1	baseline	worker-cs-0	Label-B	2000
1	baseline	worker-cs-0	Label-A	2000
1	baseline	worker-cs-0	Label-A	2000
1	baseline	worker-cs-0	Label-B	2000
1	baseline	worker-cs-0	Label-B	1999
1	baseline	worker-cs-0	Label-C	2000
1	baseline	worker-cs-0	Label-C	2000
1	baseline	worker-cs-0	Label-A	2001
1	baseline	worker-cs-0	Label-B	2000
1	baseline	worker-cs-0	Label-A	1999
1	baseline	worker-cs-0	Label-B	1999
1	baseline	worker-cs-0	Label-C	1998
1	baseline	worker-cs-0	Label-D	2000
1	baseline	worker-cs-0	Label-B	2000
1	baseline	worker-cs-0	Label-A	2000
1	baseline	worker-cs-0	Label-C	1999
1	baseline	worker-cs-0	Label-A	1999
1	baseline	worker-cs-0	Label-A	1999
1	baseline	worker-cs-0	Label-C	2000
1	baseline	worker-cs-0	Label-A	2000
1	baseline	worker-cs-0	Label-B	1999
1	baseline	worker-cs-0	Label-A	1999
1	baseline	worker-cs-0	Label-C	2000
1	baseline	worker-cs-0	Label-B	2000
1	baseline	worker-cs-0	Label-C	2000
1	baseline	worker-cs-0	Label-A	2000
1	baseline	worker-cs-0	Label-A	1999
1	baseline	worker-cs-0	Label-C	1999
1	baseline	worker-cs-0	Label-A	1999
1	baseline	worker-cs-0	Label-C	2000
1	baseline	worker-cs-0	Label-B	2000
1	baseline	worker-cs-0	Label-B	1999
1	baseline	worker-cs-0	Label-A	2000
1	baseline	worker-cs-0	Label-C	1999
1	baseline	worker-cs-0	Label-C	2001
1	baseline	worker-cs-0	Label-A	2000
1	baseline	worker-cs-0	Label-A	2000
1	baseline	worker-cs-0	Label-B	2000
1	baseline	worker-cs-0	Label-C	2000
1	baseline	worker-cs-0	Label-B	1999
1	baseline	worker-cs-10	Label-B	2000
1	baseline	worker-cs-10	Label-B	1999
1	baseline	worker-cs-10	Label-A	2000
1	baseline	worker-cs-10	Label-B	45000
1	baseline	worker-cs-10	Label-B	2000
1	baseline	worker-cs-10	Label-A	2000
1	baseline	worker-cs-10	Label-A	2000
1	baseline	worker-cs-10	Label-A	2000
1	baseline	worker-cs-10	Label-C	45000
1	baseline	worker-cs-10	Label-A	2000
1	baseline	worker-cs-10	Label-E	180000
1	baseline	worker-cs-10	Label-A	2000
1	baseline	worker-cs-10	Label-B	1999
1	baseline	worker-cs-10	Label-B	45000
1	baseline	worker-cs-10	Label-A	2000
1	baseline	worker-cs-10	Label-B	2000
1	baseline	worker-cs-10	Label-B	1999
1	baseline	worker-cs-10	Label-A	2000
1	baseline	worker-cs-10	Label-C	1999
1	baseline	worker-cs-10	Label-C	2000
1	baseline	worker-cs-10	Label-A	2000
1	baseline	worker-cs-10	Label-B	1999
1	baseline	worker-cs-10	Label-A	2000
1	baseline	worker-cs-10	Label-A	1999
1	baseline	worker-cs-10	Label-B	2000
1	baseline	worker-cs-10	Label-A	2000
1	baseline	worker-cs-10	Label-A	1999
1	baseline	worker-cs-10	Label-B	2000
1	baseline	worker-cs-10	Label-C	1999
1	baseline	worker-cs-10	Label-A	1999
1	baseline	worker-cs-10	Label-A	2000
1	baseline	worker-cs-10	Label-A	2000
1	baseline	worker-cs-10	Label-B	2000
1	baseline	worker-cs-10	Label-B	2000
1	baseline	worker-cs-10	Label-A	2000
1	baseline	worker-cs-10	Label-B	1999
1	baseline	worker-cs-10	Label-B	2000
1	baseline	worker-cs-10	Label-B	2000
1	baseline	worker-cs-10	Label-A	1999
1	baseline	worker-cs-10	Label-A	1999
1	baseline	worker-cs-10	Label-A	2000
1	baseline	worker-cs-10	Label-A	1999
1	baseline	worker-cs-10	Label-C	45000
1	baseline	worker-cs-10	Label-C	2000
1	baseline	worker-cs-10	Label-B	1999
1	baseline	worker-cs-10	Label-B	45000
1	baseline	worker-cs-10	Label-C	2000
1	baseline	worker-cs-10	Label-D	180000
1	baseline	worker-cs-10	Label-A	2000
1	baseline	worker-cs-10	Label-A	2000
1	baseline	worker-cs-10	Label-A	2000
1	baseline	worker-cs-10	Label-B	2000
1	baseline	worker-cs-10	Label-A	2000
1	baseline	worker-cs-10	Label-C	1999
1	baseline	worker-cs-10	Label-C	1999
1	baseline	worker-cs-10	Label-A	1999
1	baseline	worker-cs-10	Label-B	2000
1	baseline	worker-cs-10	Label-A	2000
1	baseline	worker-cs-10	Label-A	1999
1	baseline	worker-cs-10	Label-B	1999
1	baseline	worker-cs-10	Label-C	2000
1	baseline	worker-cs-10	Label-B	2000
1	baseline	worker-cs-10	Label-C	2000
1	baseline	worker-cs-10	Label-A	2000
1	baseline	worker-cs-10	Label-C	1999
1	baseline	worker-cs-10	Label-A	2000
1	baseline	worker-cs-10	Label-D	1999
1	baseline	worker-cs-10	Label-A	2000
1	baseline	worker-cs-10	Label-A	1999
1	baseline	worker-cs-10	Label-B	2000
1	baseline	worker-cs-10	Label-C	2000
1	baseline	worker-cs-10	Label-B	2000
1	baseline	worker-cs-10	Label-B	44999
1	baseline	worker-cs-10	Label-A	2001
1	baseline	worker-cs-10	Label-A	45000
1	baseline	worker-cs-10	Label-E	180001
1	baseline	worker-cs-10	Label-C	45000
1	baseline	worker-cs-10	Label-D	1999
1	baseline	worker-cs-10	Label-B	45001
1	baseline	worker-cs-10	Label-C	1999
1	baseline	worker-cs-10	Label-A	45000
1	baseline	worker-cs-10	Label-D	180000
1	baseline	worker-cs-10	Label-B	2000
1	baseline	worker-cs-10	Label-A	2000
1	baseline	worker-cs-10	Label-A	2000
1	baseline	worker-cs-10	Label-C	1999
1	baseline	worker-cs-10	Label-B	2000
1	baseline	worker-cs-10	Label-A	2000
1	baseline	worker-cs-10	Label-B	2000
1	baseline	worker-cs-10	Label-B	2000
1	baseline	worker-cs-10	Label-C	1999
1	baseline	worker-cs-10	Label-B	2001
1	baseline	worker-cs-10	Label-D	2000
1	baseline	worker-cs-10	Label-C	1999
1	baseline	worker-cs-10	Label-A	2000
1	baseline	worker-cs-10	Label-B	2000
1	baseline	worker-cs-10	Label-A	2000
1	baseline	worker-cs-10	Label-A	1999
1	baseline	worker-cs-10	Label-C	2000
1	baseline	worker-cs-10	Label-B	1999
1	baseline	worker-cs-11	Label-C	2000
1	baseline	worker-cs-11	Label-C	1999
1	baseline	worker-cs-11	Label-C	45001
1	baseline	worker-cs-11	Label-A	2000
1	baseline	worker-cs-11	Label-B	1999
1	baseline	worker-cs-11	Label-A	45000
1	baseline	worker-cs-11	Label-A	2000
1	baseline	worker-cs-11	Label-B	1999
1	baseline	worker-cs-11	Label-D	180000
1	baseline	worker-cs-11	Label-A	1999
1	baseline	worker-cs-11	Label-A	1999
1	baseline	worker-cs-11	Label-C	1999
1	baseline	worker-cs-11	Label-C	44999
1	baseline	worker-cs-11	Label-B	2000
1	baseline	worker-cs-11	Label-B	2000
1	baseline	worker-cs-11	Label-C	1999
1	baseline	worker-cs-11	Label-A	2000
1	baseline	worker-cs-11	Label-A	2000
1	baseline	worker-cs-11	Label-B	1999
1	baseline	worker-cs-11	Label-A	2000
1	baseline	worker-cs-11	Label-B	2000
1	baseline	worker-cs-11	Label-B	1999
1	baseline	worker-cs-11	Label-A	2000
1	baseline	worker-cs-11	Label-C	1999
1	baseline	worker-cs-11	Label-B	1999
1	baseline	worker-cs-11	Label-A	2000
1	baseline	worker-cs-11	Label-A	1999
1	baseline	worker-cs-11	Label-B	1999
1	baseline	worker-cs-11	Label-A	2000
1	baseline	worker-cs-11	Label-B	1999
1	baseline	worker-cs-11	Label-A	2000
1	baseline	worker-cs-11	Label-A	2000
1	baseline	worker-cs-11	Label-A	44999
1	baseline	worker-cs-11	Label-A	1999
1	baseline	worker-cs-11	Label-A	2000
1	baseline	worker-cs-11	Label-C	44999
1	baseline	worker-cs-11	Label-B	2000
1	baseline	worker-cs-11	Label-B	2000
1	baseline	worker-cs-11	Label-A	1999
1	baseline	worker-cs-11	Label-A	2000
1	baseline	worker-cs-11	Label-E	180001
1	baseline	worker-cs-11	Label-A	2000
1	baseline	worker-cs-11	Label-B	2000
1	baseline	worker-cs-11	Label-A	1999
1	baseline	worker-cs-11	Label-A	2001
1	baseline	worker-cs-11	Label-A	1999
1	baseline	worker-cs-11	Label-B	2000
1	baseline	worker-cs-11	Label-B	1999
1	baseline	worker-cs-11	Label-C	1999
1	baseline	worker-cs-11	Label-E	1999
1	baseline	worker-cs-11	Label-B	2000
1	baseline	worker-cs-11	Label-C	2000
1	baseline	worker-cs-11	Label-B	2000
1	baseline	worker-cs-11	Label-A	2000
1	baseline	worker-cs-11	Label-B	1999
1	baseline	worker-cs-11	Label-A	2000
1	baseline	worker-cs-11	Label-A	1999
1	baseline	worker-cs-11	Label-A	2000
1	baseline	worker-cs-11	Label-E	2000
1	baseline	worker-cs-11	Label-B	2000
1	baseline	worker-cs-11	Label-C	2000
1	baseline	worker-cs-11	Label-B	2000
1	baseline	worker-cs-11	Label-C	1999
1	baseline	worker-cs-11	Label-C	1999
1	baseline	worker-cs-11	Label-A	2000
1	baseline	worker-cs-11	Label-C	1999
1	baseline	worker-cs-11	Label-B	1999
1	baseline	worker-cs-11	Label-E	1999
1	baseline	worker-cs-11	Label-C	1999
1	baseline	worker-cs-11	Label-A	1999
1	baseline	worker-cs-11	Label-B	1999
1	baseline	worker-cs-11	Label-A	1999
1	baseline	worker-cs-11	Label-B	2000
1	baseline	worker-cs-11	Label-A	2000
1	baseline	worker-cs-11	Label-A	2000
1	baseline	worker-cs-11	Label-A	2001
1	baseline	worker-cs-11	Label-C	1999
1	baseline	worker-cs-11	Label-A	2000
1	baseline	worker-cs-11	Label-A	1999
1	baseline	worker-cs-11	Label-C	2000
1	baseline	worker-cs-11	Label-B	2000
1	baseline	worker-cs-11	Label-A	2000
1	baseline	worker-cs-11	Label-C	2000
1	baseline	worker-cs-11	Label-A	1999
1	baseline	worker-cs-11	Label-B	1999
1	baseline	worker-cs-11	Label-D	180000
1	baseline	worker-cs-11	Label-C	2000
1	baseline	worker-cs-11	Label-C	1999
1	baseline	worker-cs-11	Label-C	45000
1	baseline	worker-cs-11	Label-C	2001
1	baseline	worker-cs-11	Label-C	2000
1	baseline	worker-cs-11	Label-A	2000
1	baseline	worker-cs-11	Label-A	44999
1	baseline	worker-cs-11	Label-A	2000
1	baseline	worker-cs-11	Label-B	44999
1	baseline	worker-cs-11	Label-E	180000
1	baseline	worker-cs-11	Label-A	2000
1	baseline	worker-cs-11	Label-A	2000
1	baseline	worker-cs-11	Label-C	1999
1	baseline	worker-cs-11	Label-A	2000
1	baseline	worker-cs-11	Label-B	1999
1	baseline	worker-cs-12	Label-B	1999
1	baseline	worker-cs-12	Label-C	2000
1	baseline	worker-cs-12	Label-C	2000
1	baseline	worker-cs-12	Label-C	1999
1	baseline	worker-cs-12	Label-B	2000
1	baseline	worker-cs-12	Label-A	2000
1	baseline	worker-cs-12	Label-A	2000
1	baseline	worker-cs-12	Label-A	2000
1	baseline	worker-cs-12	Label-C	2000
1	baseline	worker-cs-12	Label-B	2000
1	baseline	worker-cs-12	Label-B	1999
1	baseline	worker-cs-12	Label-B	2000
1	baseline	worker-cs-12	Label-C	2000
1	baseline	worker-cs-12	Label-B	1999
1	baseline	worker-cs-12	Label-C	2000
1	baseline	worker-cs-12	Label-A	2000
1	baseline	worker-cs-12	Label-A	1999
1	baseline	worker-cs-12	Label-A	2000
1	baseline	worker-cs-12	Label-C	2000
1	baseline	worker-cs-12	Label-A	2000
1	baseline	worker-cs-12	Label-C	2000
1	baseline	worker-cs-12	Label-C	1999
1	baseline	worker-cs-12	Label-A	1998
1	baseline	worker-cs-12	Label-A	2000
1	baseline	worker-cs-12	Label-A	1999
1	baseline	worker-cs-12	Label-A	2000
1	baseline	worker-cs-12	Label-B	2000
1	baseline	worker-cs-12	Label-B	45000
1	baseline	worker-cs-12	Label-D	2000
1	baseline	worker-cs-12	Label-A	2000
1	baseline	worker-cs-12	Label-A	2000
1	baseline	worker-cs-12	Label-D	2000
1	baseline	worker-cs-12	Label-A	1999
1	baseline	worker-cs-12	Label-B	2000
1	baseline	worker-cs-12	Label-D	179999
1	baseline	worker-cs-12	Label-A	2000
1	baseline	worker-cs-12	Label-A	1999
1	baseline	worker-cs-12	Label-A	2000
1	baseline	worker-cs-12	Label-B	2000
1	baseline	worker-cs-12	Label-A	1999
1	baseline	worker-cs-12	Label-A	2000
1	baseline	worker-cs-12	Label-A	2000
1	baseline	worker-cs-12	Label-B	2000
1	baseline	worker-cs-12	Label-C	45000
1	baseline	worker-cs-12	Label-A	2000
1	baseline	worker-cs-12	Label-C	2000
1	baseline	worker-cs-12	Label-C	2000
1	baseline	worker-cs-12	Label-A	1999
1	baseline	worker-cs-12	Label-B	2000
1	baseline	worker-cs-12	Label-A	2000
1	baseline	worker-cs-12	Label-B	2001
1	baseline	worker-cs-12	Label-B	2000
1	baseline	worker-cs-12	Label-A	2000
1	baseline	worker-cs-12	Label-A	2000
1	baseline	worker-cs-12	Label-A	2000
1	baseline	worker-cs-12	Label-A	2000
1	baseline	worker-cs-12	Label-A	1999
1	baseline	worker-cs-12	Label-A	2000
1	baseline	worker-cs-12	Label-A	1999
1	baseline	worker-cs-12	Label-A	2000
1	baseline	worker-cs-12	Label-A	1999
1	baseline	worker-cs-12	Label-A	1999
1	baseline	worker-cs-12	Label-C	1999
1	baseline	worker-cs-12	Label-D	2000
1	baseline	worker-cs-12	Label-A	2000
1	baseline	worker-cs-12	Label-B	45000
1	baseline	worker-cs-12	Label-B	1999
1	baseline	worker-cs-12	Label-A	2000
1	baseline	worker-cs-12	Label-C	45000
1	baseline	worker-cs-12	Label-C	1999
1	baseline	worker-cs-12	Label-B	45000
1	baseline	worker-cs-12	Label-D	2000
1	baseline	worker-cs-12	Label-D	180000
1	baseline	worker-cs-12	Label-C	2001
1	baseline	worker-cs-12	Label-B	1999
1	baseline	worker-cs-12	Label-C	2000
1	baseline	worker-cs-12	Label-A	2000
1	baseline	worker-cs-12	Label-B	2000
1	baseline	worker-cs-12	Label-A	2000
1	baseline	worker-cs-12	Label-A	2000
1	baseline	worker-cs-12	Label-B	1999
1	baseline	worker-cs-12	Label-D	2000
1	baseline	worker-cs-12	Label-B	2000
1	baseline	worker-cs-12	Label-A	2000
1	baseline	worker-cs-12	Label-A	2000
1	baseline	worker-cs-12	Label-A	1999
1	baseline	worker-cs-12	Label-A	1999
1	baseline	worker-cs-12	Label-B	2000
1	baseline	worker-cs-12	Label-C	2000
1	baseline	worker-cs-12	Label-C	2000
1	baseline	worker-cs-12	Label-B	2000
1	baseline	worker-cs-12	Label-B	2000
1	baseline	worker-cs-12	Label-C	1999
1	baseline	worker-cs-12	Label-C	1999
1	baseline	worker-cs-12	Label-C	2001
1	baseline	worker-cs-12	Label-B	1999
1	baseline	worker-cs-12	Label-A	2000
1	baseline	worker-cs-12	Label-A	2001
1	baseline	worker-cs-12	Label-B	1999
1	baseline	worker-cs-12	Label-B	2000
1	baseline	worker-cs-13	Label-B	1999
1	baseline	worker-cs-13	Label-A	2000
1	baseline	worker-cs-13	Label-A	2000
1	baseline	worker-cs-13	Label-A	1999
1	baseline	worker-cs-13	Label-A	2000
1	baseline	worker-cs-13	Label-A	2001
1	baseline	worker-cs-13	Label-B	45000
1	baseline	worker-cs-13	Label-A	2000
1	baseline	worker-cs-13	Label-E	180000
1	baseline	worker-cs-13	Label-A	2000
1	baseline	worker-cs-13	Label-C	44999
1	baseline	worker-cs-13	Label-C	2000
1	baseline	worker-cs-13	Label-B	45000
1	baseline	worker-cs-13	Label-B	2000
1	baseline	worker-cs-13	Label-B	2003
1	baseline	worker-cs-13	Label-E	2000
1	baseline	worker-cs-13	Label-B	2000
1	baseline	worker-cs-13	Label-B	1999
1	baseline	worker-cs-13	Label-C	1999
1	baseline	worker-cs-13	Label-C	1999
1	baseline	worker-cs-13	Label-A	1999
1	baseline	worker-cs-13	Label-A	1999
1	baseline	worker-cs-13	Label-B	1999
1	baseline	worker-cs-13	Label-B	1999
1	baseline	worker-cs-13	Label-B	2001
1	baseline	worker-cs-13	Label-A	2000
1	baseline	worker-cs-13	Label-B	2000
1	baseline	worker-cs-13	Label-A	2000
1	baseline	worker-cs-13	Label-B	2000
1	baseline	worker-cs-13	Label-B	1999
1	baseline	worker-cs-13	Label-D	2000
1	baseline	worker-cs-13	Label-D	180000
1	baseline	worker-cs-13	Label-B	1999
1	baseline	worker-cs-13	Label-C	1999
1	baseline	worker-cs-13	Label-B	2000
1	baseline	worker-cs-13	Label-A	2000
1	baseline	worker-cs-13	Label-A	2000
1	baseline	worker-cs-13	Label-A	2000
1	baseline	worker-cs-13	Label-A	2000
1	baseline	worker-cs-13	Label-A	1999
1	baseline	worker-cs-13	Label-C	2000
1	baseline	worker-cs-13	Label-C	2000
1	baseline	worker-cs-13	Label-C	1999
1	baseline	worker-cs-13	Label-A	2000
1	baseline	worker-cs-13	Label-B	1999
1	baseline	worker-cs-13	Label-B	2000
1	baseline	worker-cs-13	Label-A	2000
1	baseline	worker-cs-13	Label-B	2001
1	baseline	worker-cs-13	Label-C	1999
1	baseline	worker-cs-13	Label-B	1999
1	baseline	worker-cs-13	Label-B	2000
1	baseline	worker-cs-13	Label-A	2000
1	baseline	worker-cs-13	Label-E	179999
1	baseline	worker-cs-13	Label-A	1999
1	baseline	worker-cs-13	Label-C	1999
1	baseline	worker-cs-13	Label-C	2000
1	baseline	worker-cs-13	Label-E	2000
1	baseline	worker-cs-13	Label-B	2000
1	baseline	worker-cs-13	Label-A	2000
1	baseline	worker-cs-13	Label-C	2000
1	baseline	worker-cs-13	Label-A	2000
1	baseline	worker-cs-13	Label-A	2000
1	baseline	worker-cs-13	Label-B	2000
1	baseline	worker-cs-13	Label-C	2000
1	baseline	worker-cs-13	Label-A	2001
1	baseline	worker-cs-13	Label-A	1999
1	baseline	worker-cs-13	Label-C	2000
1	baseline	worker-cs-13	Label-C	2000
1	baseline	worker-cs-13	Label-A	2000
1	baseline	worker-cs-13	Label-C	1999
1	baseline	worker-cs-13	Label-A	2004
1	baseline	worker-cs-13	Label-C	2000
1	baseline	worker-cs-13	Label-A	1999
1	baseline	worker-cs-13	Label-C	2000
1	baseline	worker-cs-13	Label-B	1999
1	baseline	worker-cs-13	Label-D	180002
1	baseline	worker-cs-13	Label-A	2000
1	baseline	worker-cs-13	Label-B	1999
1	baseline	worker-cs-13	Label-B	2000
1	baseline	worker-cs-13	Label-A	2000
1	baseline	worker-cs-13	Label-B	2000
1	baseline	worker-cs-13	Label-C	2000
1	baseline	worker-cs-13	Label-A	2000
1	baseline	worker-cs-13	Label-B	2000
1	baseline	worker-cs-13	Label-A	2000
1	baseline	worker-cs-13	Label-B	1999
1	baseline	worker-cs-13	Label-C	2000
1	baseline	worker-cs-13	Label-B	2000
1	baseline	worker-cs-13	Label-B	2000
1	baseline	worker-cs-13	Label-A	1999
1	baseline	worker-cs-13	Label-A	2003
1	baseline	worker-cs-13	Label-B	1999
1	baseline	worker-cs-13	Label-A	2000
1	baseline	worker-cs-13	Label-E	179999
1	baseline	worker-cs-13	Label-B	2000
1	baseline	worker-cs-13	Label-B	1999
1	baseline	worker-cs-13	Label-A	2000
1	baseline	worker-cs-13	Label-B	2000
1	baseline	worker-cs-13	Label-C	1999
1	baseline	worker-cs-13	Label-C	2000
1	baseline	worker-cs-14	Label-A	1999
1	baseline	worker-cs-14	Label-A	2000
1	baseline	worker-cs-14	Label-B	2000
1	baseline	worker-cs-14	Label-E	179999
1	baseline	worker-cs-14	Label-A	2000
1	baseline	worker-cs-14	Label-A	1999
1	baseline	worker-cs-14	Label-B	2000
1	baseline	worker-cs-14	Label-A	1999
1	baseline	worker-cs-14	Label-A	2000
1	baseline	worker-cs-14	Label-B	2000
1	baseline	worker-cs-14	Label-B	2000
1	baseline	worker-cs-14	Label-A	1999
1	baseline	worker-cs-14	Label-C	45000
1	baseline	worker-cs-14	Label-B	2000
1	baseline	worker-cs-14	Label-A	2000
1	baseline	worker-cs-14	Label-C	2000
1	baseline	worker-cs-14	Label-C	1999
1	baseline	worker-cs-14	Label-B	2001
1	baseline	worker-cs-14	Label-C	1999
1	baseline	worker-cs-14	Label-A	2000
1	baseline	worker-cs-14	Label-A	1999
1	baseline	worker-cs-14	Label-C	1999
1	baseline	worker-cs-14	Label-A	2000
1	baseline	worker-cs-14	Label-A	2000
1	baseline	worker-cs-14	Label-C	1999
1	baseline	worker-cs-14	Label-B	2001
1	baseline	worker-cs-14	Label-A	1999
1	baseline	worker-cs-14	Label-A	1999
1	baseline	worker-cs-14	Label-A	2000
1	baseline	worker-cs-14	Label-B	2000
1	baseline	worker-cs-14	Label-A	2000
1	baseline	worker-cs-14	Label-A	2000
1	baseline	worker-cs-14	Label-A	1999
1	baseline	worker-cs-14	Label-A	2000
1	baseline	worker-cs-14	Label-B	45000
1	baseline	worker-cs-14	Label-C	1999
1	baseline	worker-cs-14	Label-C	44999
1	baseline	worker-cs-14	Label-C	2000
1	baseline	worker-cs-14	Label-B	45000
1	baseline	worker-cs-14	Label-B	2000
1	baseline	worker-cs-14	Label-C	1999
1	baseline	worker-cs-14	Label-D	180000
1	baseline	worker-cs-14	Label-A	1999
1	baseline	worker-cs-14	Label-A	1999
1	baseline	worker-cs-14	Label-A	1999
1	baseline	worker-cs-14	Label-C	2000
1	baseline	worker-cs-14	Label-A	2000
1	baseline	worker-cs-14	Label-B	2000
1	baseline	worker-cs-14	Label-B	1999
1	baseline	worker-cs-14	Label-B	2000
1	baseline	worker-cs-14	Label-D	2000
1	baseline	worker-cs-14	Label-B	2000
1	baseline	worker-cs-14	Label-A	2000
1	baseline	worker-cs-14	Label-B	2000
1	baseline	worker-cs-14	Label-A	2000
1	baseline	worker-cs-14	Label-D	2000
1	baseline	worker-cs-14	Label-A	2001
1	baseline	worker-cs-14	Label-B	2000
1	baseline	worker-cs-14	Label-B	2000
1	baseline	worker-cs-14	Label-A	2000
1	baseline	worker-cs-14	Label-C	2000
1	baseline	worker-cs-14	Label-A	1999
1	baseline	worker-cs-14	Label-A	2000
1	baseline	worker-cs-14	Label-B	2000
1	baseline	worker-cs-14	Label-C	2000
1	baseline	worker-cs-14	Label-E	179999
1	baseline	worker-cs-14	Label-B	1999
1	baseline	worker-cs-14	Label-A	2000
1	baseline	worker-cs-14	Label-A	1999
1	baseline	worker-cs-14	Label-A	1999
1	baseline	worker-cs-14	Label-C	1999
1	baseline	worker-cs-14	Label-B	2000
1	baseline	worker-cs-14	Label-A	2000
1	baseline	worker-cs-14	Label-C	2000
1	baseline	worker-cs-14	Label-B	2001
1	baseline	worker-cs-14	Label-A	1999
1	baseline	worker-cs-14	Label-B	1999
1	baseline	worker-cs-14	Label-B	2000
1	baseline	worker-cs-14	Label-D	180000
1	baseline	worker-cs-14	Label-A	1999
1	baseline	worker-cs-14	Label-A	2000
1	baseline	worker-cs-14	Label-D	2000
1	baseline	worker-cs-14	Label-B	1999
1	baseline	worker-cs-14	Label-A	2000
1	baseline	worker-cs-14	Label-C	1998
1	baseline	worker-cs-14	Label-B	2000
1	baseline	worker-cs-14	Label-A	1999
1	baseline	worker-cs-14	Label-A	1999
1	baseline	worker-cs-14	Label-B	2000
1	baseline	worker-cs-14	Label-C	2000
1	baseline	worker-cs-14	Label-D	2000
1	baseline	worker-cs-14	Label-A	2000
1	baseline	worker-cs-14	Label-A	1999
1	baseline	worker-cs-14	Label-A	1999
1	baseline	worker-cs-14	Label-C	2000
1	baseline	worker-cs-14	Label-A	2000
1	baseline	worker-cs-14	Label-B	2000
1	baseline	worker-cs-14	Label-A	2000
1	baseline	worker-cs-14	Label-A	1999
1	baseline	worker-cs-14	Label-A	1999
1	baseline	worker-cs-14	Label-B	2000
1	baseline	worker-cs-15	Label-C	2000
1	baseline	worker-cs-15	Label-A	1999
1	baseline	worker-cs-15	Label-A	1999
1	baseline	worker-cs-15	Label-C	2000
1	baseline	worker-cs-15	Label-A	2000
1	baseline	worker-cs-15	Label-A	1999
1	baseline	worker-cs-15	Label-D	1999
1	baseline	worker-cs-15	Label-A	2000
1	baseline	worker-cs-15	Label-B	1999
1	baseline	worker-cs-15	Label-B	2000
1	baseline	worker-cs-15	Label-B	45000
1	baseline	worker-cs-15	Label-C	2000
1	baseline	worker-cs-15	Label-B	2000
1	baseline	worker-cs-15	Label-A	2000
1	baseline	worker-cs-15	Label-B	1999
1	baseline	worker-cs-15	Label-C	44999
1	baseline	worker-cs-15	Label-A	2000
1	baseline	worker-cs-15	Label-B	45000
1	baseline	worker-cs-15	Label-A	2000
1	baseline	worker-cs-15	Label-C	2000
1	baseline	worker-cs-15	Label-B	1999
1	baseline	worker-cs-15	Label-C	2000
1	baseline	worker-cs-15	Label-D	179999
1	baseline	worker-cs-15	Label-A	2000
1	baseline	worker-cs-15	Label-B	2000
1	baseline	worker-cs-15	Label-C	2000
1	baseline	worker-cs-15	Label-D	2000
1	baseline	worker-cs-15	Label-A	1999
1	baseline	worker-cs-15	Label-B	1999
1	baseline	worker-cs-15	Label-B	2001
1	baseline	worker-cs-15	Label-C	1999
1	baseline	worker-cs-15	Label-B	2000
1	baseline	worker-cs-15	Label-C	2000
1	baseline	worker-cs-15	Label-B	2000
1	baseline	worker-cs-15	Label-C	1998
1	baseline	worker-cs-15	Label-A	2000
1	baseline	worker-cs-15	Label-E	179999
1	baseline	worker-cs-15	Label-B	2000
1	baseline	worker-cs-15	Label-A	2000
1	baseline	worker-cs-15	Label-C	1999
1	baseline	worker-cs-15	Label-C	2000
1	baseline	worker-cs-15	Label-A	2000
1	baseline	worker-cs-15	Label-A	2000
1	baseline	worker-cs-15	Label-C	2000
1	baseline	worker-cs-15	Label-C	2000
1	baseline	worker-cs-15	Label-A	1999
1	baseline	worker-cs-15	Label-B	1999
1	baseline	worker-cs-15	Label-A	2001
1	baseline	worker-cs-15	Label-B	2000
1	baseline	worker-cs-15	Label-A	2000
1	baseline	worker-cs-15	Label-B	1999
1	baseline	worker-cs-15	Label-A	2001
1	baseline	worker-cs-15	Label-A	2000
1	baseline	worker-cs-15	Label-B	2000
1	baseline	worker-cs-15	Label-B	2000
1	baseline	worker-cs-15	Label-B	1999
1	baseline	worker-cs-15	Label-A	1999
1	baseline	worker-cs-15	Label-A	2000
1	baseline	worker-cs-15	Label-B	2000
1	baseline	worker-cs-15	Label-C	2000
1	baseline	worker-cs-15	Label-C	1999
1	baseline	worker-cs-15	Label-A	1999
1	baseline	worker-cs-15	Label-C	2000
1	baseline	worker-cs-15	Label-A	2000
1	baseline	worker-cs-15	Label-C	2000
1	baseline	worker-cs-15	Label-E	2000
1	baseline	worker-cs-15	Label-B	2000
1	baseline	worker-cs-15	Label-C	1999
1	baseline	worker-cs-15	Label-C	2000
1	baseline	worker-cs-15	Label-C	2000
1	baseline	worker-cs-15	Label-B	2000
1	baseline	worker-cs-15	Label-D	2000
1	baseline	worker-cs-15	Label-A	1999
1	baseline	worker-cs-15	Label-C	2000
1	baseline	worker-cs-15	Label-B	1999
1	baseline	worker-cs-15	Label-B	2000
1	baseline	worker-cs-15	Label-D	2000
1	baseline	worker-cs-15	Label-A	1999
1	baseline	worker-cs-15	Label-B	2000
1	baseline	worker-cs-15	Label-D	179999
1	baseline	worker-cs-15	Label-C	1999
1	baseline	worker-cs-15	Label-C	1999
1	baseline	worker-cs-15	Label-A	2000
1	baseline	worker-cs-15	Label-B	1999
1	baseline	worker-cs-15	Label-C	2000
1	baseline	worker-cs-15	Label-A	1999
1	baseline	worker-cs-15	Label-B	1999
1	baseline	worker-cs-15	Label-A	2000
1	baseline	worker-cs-15	Label-A	2000
1	baseline	worker-cs-15	Label-B	2000
1	baseline	worker-cs-15	Label-A	2000
1	baseline	worker-cs-15	Label-A	1999
1	baseline	worker-cs-15	Label-A	2000
1	baseline	worker-cs-15	Label-E	179999
1	baseline	worker-cs-15	Label-B	2000
1	baseline	worker-cs-15	Label-A	2000
1	baseline	worker-cs-15	Label-A	1999
1	baseline	worker-cs-15	Label-E	2000
1	baseline	worker-cs-15	Label-A	2000
1	baseline	worker-cs-15	Label-C	2000
1	baseline	worker-cs-16	Label-A	1999
1	baseline	worker-cs-16	Label-A	1999
1	baseline	worker-cs-16	Label-B	45000
1	baseline	worker-cs-16	Label-A	1999
1	baseline	worker-cs-16	Label-A	2000
1	baseline	worker-cs-16	Label-B	1999
1	baseline	worker-cs-16	Label-B	1999
1	baseline	worker-cs-16	Label-A	2000
1	baseline	worker-cs-16	Label-D	179999
1	baseline	worker-cs-16	Label-A	2000
1	baseline	worker-cs-16	Label-A	2000
1	baseline	worker-cs-16	Label-C	45000
1	baseline	worker-cs-16	Label-C	1999
1	baseline	worker-cs-16	Label-C	2000
1	baseline	worker-cs-16	Label-A	1999
1	baseline	worker-cs-16	Label-A	2000
1	baseline	worker-cs-16	Label-C	2001
1	baseline	worker-cs-16	Label-B	2000
1	baseline	worker-cs-16	Label-B	44999
1	baseline	worker-cs-16	Label-A	2000
1	baseline	worker-cs-16	Label-C	2000
1	baseline	worker-cs-16	Label-A	2000
1	baseline	worker-cs-16	Label-A	1999
1	baseline	worker-cs-16	Label-A	2000
1	baseline	worker-cs-16	Label-B	2000
1	baseline	worker-cs-16	Label-B	2001
1	baseline	worker-cs-16	Label-A	2001
1	baseline	worker-cs-16	Label-A	2000
1	baseline	worker-cs-16	Label-C	2000
1	baseline	worker-cs-16	Label-C	45000
1	baseline	worker-cs-16	Label-A	1999
1	baseline	worker-cs-16	Label-A	45000
1	baseline	worker-cs-16	Label-D	2000
1	baseline	worker-cs-16	Label-C	44999
1	baseline	worker-cs-16	Label-E	180000
1	baseline	worker-cs-16	Label-A	45000
1	baseline	worker-cs-16	Label-B	2000
1	baseline	worker-cs-16	Label-D	180000
1	baseline	worker-cs-16	Label-D	2000
1	baseline	worker-cs-16	Label-B	44999
1	baseline	worker-cs-16	Label-A	1999
1	baseline	worker-cs-16	Label-B	2000
1	baseline	worker-cs-16	Label-C	45000
1	baseline	worker-cs-16	Label-C	2000
1	baseline	worker-cs-16	Label-B	1999
1	baseline	worker-cs-16	Label-A	1999
1	baseline	worker-cs-16	Label-B	1999
1	baseline	worker-cs-16	Label-B	2000
1	baseline	worker-cs-16	Label-A	2001
1	baseline	worker-cs-16	Label-A	1999
1	baseline	worker-cs-16	Label-C	2000
1	baseline	worker-cs-16	Label-A	1999
1	baseline	worker-cs-16	Label-C	1999
1	baseline	worker-cs-16	Label-B	2001
1	baseline	worker-cs-16	Label-C	1999
1	baseline	worker-cs-16	Label-A	2000
1	baseline	worker-cs-16	Label-A	2000
1	baseline	worker-cs-16	Label-A	2002
1	baseline	worker-cs-16	Label-B	2000
1	baseline	worker-cs-16	Label-C	1999
1	baseline	worker-cs-16	Label-A	2000
1	baseline	worker-cs-16	Label-E	180000
1	baseline	worker-cs-16	Label-B	1999
1	baseline	worker-cs-16	Label-E	2000
1	baseline	worker-cs-16	Label-C	2000
1	baseline	worker-cs-16	Label-B	2000
1	baseline	worker-cs-16	Label-E	1999
1	baseline	worker-cs-16	Label-B	2000
1	baseline	worker-cs-16	Label-A	2000
1	baseline	worker-cs-16	Label-C	2000
1	baseline	worker-cs-16	Label-B	2000
1	baseline	worker-cs-16	Label-C	2000
1	baseline	worker-cs-16	Label-B	2000
1	baseline	worker-cs-16	Label-B	1999
1	baseline	worker-cs-16	Label-B	2000
1	baseline	worker-cs-16	Label-C	1999
1	baseline	worker-cs-16	Label-A	2000
1	baseline	worker-cs-16	Label-C	2000
1	baseline	worker-cs-16	Label-A	1999
1	baseline	worker-cs-16	Label-B	2000
1	baseline	worker-cs-16	Label-B	1999
1	baseline	worker-cs-16	Label-A	2000
1	baseline	worker-cs-16	Label-B	2000
1	baseline	worker-cs-16	Label-A	2000
1	baseline	worker-cs-16	Label-B	2000
1	baseline	worker-cs-16	Label-E	1999
1	baseline	worker-cs-16	Label-C	1999
1	baseline	worker-cs-16	Label-C	1999
1	baseline	worker-cs-16	Label-A	2000
1	baseline	worker-cs-16	Label-B	1999
1	baseline	worker-cs-16	Label-C	2000
1	baseline	worker-cs-16	Label-B	2001
1	baseline	worker-cs-16	Label-A	2000
1	baseline	worker-cs-16	Label-A	2000
1	baseline	worker-cs-16	Label-A	1999
1	baseline	worker-cs-16	Label-A	2000
1	baseline	worker-cs-16	Label-D	180000
1	baseline	worker-cs-16	Label-A	1999
1	baseline	worker-cs-16	Label-B	1999
1	baseline	worker-cs-16	Label-B	2000
1	baseline	worker-cs-16	Label-C	2000
1	baseline	worker-cs-17	Label-A	2000
1	baseline	worker-cs-17	Label-C	45000
1	baseline	worker-cs-17	Label-B	1999
1	baseline	worker-cs-17	Label-A	44999
1	baseline	worker-cs-17	Label-A	2000
1	baseline	worker-cs-17	Label-A	2000
1	baseline	worker-cs-17	Label-C	2000
1	baseline	worker-cs-17	Label-A	2000
1	baseline	worker-cs-17	Label-B	2000
1	baseline	worker-cs-17	Label-D	2000
1	baseline	worker-cs-17	Label-A	2000
1	baseline	worker-cs-17	Label-B	1999
1	baseline	worker-cs-17	Label-A	2000
1	baseline	worker-cs-17	Label-B	2000
1	baseline	worker-cs-17	Label-B	1999
1	baseline	worker-cs-17	Label-C	2000
1	baseline	worker-cs-17	Label-C	45000
1	baseline	worker-cs-17	Label-D	179999
1	baseline	worker-cs-17	Label-C	2000
1	baseline	worker-cs-17	Label-B	2000
1	baseline	worker-cs-17	Label-B	1999
1	baseline	worker-cs-17	Label-A	2000
1	baseline	worker-cs-17	Label-A	2000
1	baseline	worker-cs-17	Label-A	2000
1	baseline	worker-cs-17	Label-A	1999
1	baseline	worker-cs-17	Label-B	1998
1	baseline	worker-cs-17	Label-A	2000
1	baseline	worker-cs-17	Label-B	1999
1	baseline	worker-cs-17	Label-C	1999
1	baseline	worker-cs-17	Label-A	2000
1	baseline	worker-cs-17	Label-A	2000
1	baseline	worker-cs-17	Label-D	1999
1	baseline	worker-cs-17	Label-B	2000
1	baseline	worker-cs-17	Label-C	2000
1	baseline	worker-cs-17	Label-B	2000
1	baseline	worker-cs-17	Label-B	2000
1	baseline	worker-cs-17	Label-A	2000
1	baseline	worker-cs-17	Label-A	2000
1	baseline	worker-cs-17	Label-B	2000
1	baseline	worker-cs-17	Label-B	1999
1	baseline	worker-cs-17	Label-A	1999
1	baseline	worker-cs-17	Label-C	1999
1	baseline	worker-cs-17	Label-B	2000
1	baseline	worker-cs-17	Label-A	2000
1	baseline	worker-cs-17	Label-D	2000
1	baseline	worker-cs-17	Label-B	2000
1	baseline	worker-cs-17	Label-D	1999
1	baseline	worker-cs-17	Label-B	2000
1	baseline	worker-cs-17	Label-A	2000
1	baseline	worker-cs-17	Label-B	2000
1	baseline	worker-cs-17	Label-A	1999
1	baseline	worker-cs-17	Label-B	1999
1	baseline	worker-cs-17	Label-A	1999
1	baseline	worker-cs-17	Label-B	2000
1	baseline	worker-cs-17	Label-D	1999
1	baseline	worker-cs-17	Label-A	2000
1	baseline	worker-cs-17	Label-B	2000
1	baseline	worker-cs-17	Label-A	1999
1	baseline	worker-cs-17	Label-C	2000
1	baseline	worker-cs-17	Label-D	2000
1	baseline	worker-cs-17	Label-A	1999
1	baseline	worker-cs-17	Label-B	2000
1	baseline	worker-cs-17	Label-C	1999
1	baseline	worker-cs-17	Label-C	2000
1	baseline	worker-cs-17	Label-A	2000
1	baseline	worker-cs-17	Label-A	1999
1	baseline	worker-cs-17	Label-B	2000
1	baseline	worker-cs-17	Label-B	1999
1	baseline	worker-cs-17	Label-D	2000
1	baseline	worker-cs-17	Label-A	1999
1	baseline	worker-cs-17	Label-A	2000
1	baseline	worker-cs-17	Label-C	2000
1	baseline	worker-cs-17	Label-B	2001
1	baseline	worker-cs-17	Label-A	2000
1	baseline	worker-cs-17	Label-A	2000
1	baseline	worker-cs-17	Label-A	1999
1	baseline	worker-cs-17	Label-B	2000
1	baseline	worker-cs-17	Label-A	2000
1	baseline	worker-cs-17	Label-A	1999
1	baseline	worker-cs-17	Label-D	2000
1	baseline	worker-cs-17	Label-C	2000
1	baseline	worker-cs-17	Label-B	1999
1	baseline	worker-cs-17	Label-A	2000
1	baseline	worker-cs-17	Label-A	1999
1	baseline	worker-cs-17	Label-B	2000
1	baseline	worker-cs-17	Label-C	1999
1	baseline	worker-cs-17	Label-A	1999
1	baseline	worker-cs-17	Label-B	2000
1	baseline	worker-cs-17	Label-C	2000
1	baseline	worker-cs-17	Label-A	1999
1	baseline	worker-cs-17	Label-A	2000
1	baseline	worker-cs-17	Label-A	1999
1	baseline	worker-cs-17	Label-B	2000
1	baseline	worker-cs-17	Label-A	2000
1	baseline	worker-cs-17	Label-C	1999
1	baseline	worker-cs-17	Label-A	1999
1	baseline	worker-cs-17	Label-B	2000
1	baseline	worker-cs-17	Label-C	1999
1	baseline	worker-cs-17	Label-B	1999
1	baseline	worker-cs-17	Label-A	2000
1	baseline	worker-cs-17	Label-C	2000
1	baseline	worker-cs-18	Label-A	2000
1	baseline	worker-cs-18	Label-A	2000
1	baseline	worker-cs-18	Label-C	45000
1	baseline	worker-cs-18	Label-B	1999
1	baseline	worker-cs-18	Label-A	1999
1	baseline	worker-cs-18	Label-B	2000
1	baseline	worker-cs-18	Label-B	2000
1	baseline	worker-cs-18	Label-E	2000
1	baseline	worker-cs-18	Label-A	2001
1	baseline	worker-cs-18	Label-A	45000
1	baseline	worker-cs-18	Label-A	1999
1	baseline	worker-cs-18	Label-A	2000
1	baseline	worker-cs-18	Label-D	2000
1	baseline	worker-cs-18	Label-E	179999
1	baseline	worker-cs-18	Label-B	1999
1	baseline	worker-cs-18	Label-B	45000
1	baseline	worker-cs-18	Label-D	1999
1	baseline	worker-cs-18	Label-A	45001
1	baseline	worker-cs-18	Label-D	2000
1	baseline	worker-cs-18	Label-C	44999
1	baseline	worker-cs-18	Label-C	2000
1	baseline	worker-cs-18	Label-B	2000
1	baseline	worker-cs-18	Label-D	179999
1	baseline	worker-cs-18	Label-D	2000
1	baseline	worker-cs-18	Label-B	1999
1	baseline	worker-cs-18	Label-C	2000
1	baseline	worker-cs-18	Label-C	1999
1	baseline	worker-cs-18	Label-A	1999
1	baseline	worker-cs-18	Label-A	2000
1	baseline	worker-cs-18	Label-A	2000
1	baseline	worker-cs-18	Label-C	2000
1	baseline	worker-cs-18	Label-A	1999
1	baseline	worker-cs-18	Label-C	1999
1	baseline	worker-cs-18	Label-A	2000
1	baseline	worker-cs-18	Label-A	2000
1	baseline	worker-cs-18	Label-A	2000
1	baseline	worker-cs-18	Label-C	2000
1	baseline	worker-cs-18	Label-B	1999
1	baseline	worker-cs-18	Label-D	2000
1	baseline	worker-cs-18	Label-D	2000
1	baseline	worker-cs-18	Label-A	1999
1	baseline	worker-cs-18	Label-B	2000
1	baseline	worker-cs-18	Label-A	2000
1	baseline	worker-cs-18	Label-A	2000
1	baseline	worker-cs-18	Label-D	1999
1	baseline	worker-cs-18	Label-B	2000
1	baseline	worker-cs-18	Label-D	1999
1	baseline	worker-cs-18	Label-A	2000
1	baseline	worker-cs-18	Label-B	2000
1	baseline	worker-cs-18	Label-A	2000
1	baseline	worker-cs-18	Label-B	1999
1	baseline	worker-cs-18	Label-B	2000
1	baseline	worker-cs-18	Label-C	1999
1	baseline	worker-cs-18	Label-B	1999
1	baseline	worker-cs-18	Label-A	2000
1	baseline	worker-cs-18	Label-B	2000
1	baseline	worker-cs-18	Label-B	2000
1	baseline	worker-cs-18	Label-A	2000
1	baseline	worker-cs-18	Label-A	2000
1	baseline	worker-cs-18	Label-C	2001
1	baseline	worker-cs-18	Label-C	1999
1	baseline	worker-cs-18	Label-C	1999
1	baseline	worker-cs-18	Label-C	2000
1	baseline	worker-cs-18	Label-B	2000
1	baseline	worker-cs-18	Label-A	2000
1	baseline	worker-cs-18	Label-D	2000
1	baseline	worker-cs-18	Label-A	2000
1	baseline	worker-cs-18	Label-A	2000
1	baseline	worker-cs-18	Label-A	2000
1	baseline	worker-cs-18	Label-B	2000
1	baseline	worker-cs-18	Label-C	2000
1	baseline	worker-cs-18	Label-C	2000
1	baseline	worker-cs-18	Label-B	2001
1	baseline	worker-cs-18	Label-B	2000
1	baseline	worker-cs-18	Label-C	1999
1	baseline	worker-cs-18	Label-A	1999
1	baseline	worker-cs-18	Label-C	1999
1	baseline	worker-cs-18	Label-A	2000
1	baseline	worker-cs-18	Label-B	2000
1	baseline	worker-cs-18	Label-B	2000
1	baseline	worker-cs-18	Label-B	2000
1	baseline	worker-cs-18	Label-C	2000
1	baseline	worker-cs-18	Label-A	2000
1	baseline	worker-cs-18	Label-D	2000
1	baseline	worker-cs-18	Label-C	2000
1	baseline	worker-cs-18	Label-A	2000
1	baseline	worker-cs-18	Label-D	2000
1	baseline	worker-cs-18	Label-C	2000
1	baseline	worker-cs-18	Label-A	2000
1	baseline	worker-cs-18	Label-A	2000
1	baseline	worker-cs-18	Label-B	2000
1	baseline	worker-cs-18	Label-C	2000
1	baseline	worker-cs-18	Label-A	1999
1	baseline	worker-cs-18	Label-B	1999
1	baseline	worker-cs-18	Label-B	1999
1	baseline	worker-cs-18	Label-C	2000
1	baseline	worker-cs-18	Label-A	1999
1	baseline	worker-cs-18	Label-C	2000
1	baseline	worker-cs-18	Label-B	2000
1	baseline	worker-cs-18	Label-A	2001
1	baseline	worker-cs-19	Label-A	1999
1	baseline	worker-cs-19	Label-A	2000
1	baseline	worker-cs-19	Label-A	2000
1	baseline	worker-cs-19	Label-B	2000
1	baseline	worker-cs-19	Label-A	2000
1	baseline	worker-cs-19	Label-D	2001
1	baseline	worker-cs-19	Label-A	2000
1	baseline	worker-cs-19	Label-E	179999
1	baseline	worker-cs-19	Label-A	44999
1	baseline	worker-cs-19	Label-B	2000
1	baseline	worker-cs-19	Label-B	45000
1	baseline	worker-cs-19	Label-C	2000
1	baseline	worker-cs-19	Label-C	2000
1	baseline	worker-cs-19	Label-C	44999
1	baseline	worker-cs-19	Label-B	1999
1	baseline	worker-cs-19	Label-D	180000
1	baseline	worker-cs-19	Label-A	2000
1	baseline	worker-cs-19	Label-C	2000
1	baseline	worker-cs-19	Label-C	2000
1	baseline	worker-cs-19	Label-B	2000
1	baseline	worker-cs-19	Label-A	1999
1	baseline	worker-cs-19	Label-A	2000
1	baseline	worker-cs-19	Label-B	2000
1	baseline	worker-cs-19	Label-D	2000
1	baseline	worker-cs-19	Label-A	1999
1	baseline	worker-cs-19	Label-B	2000
1	baseline	worker-cs-19	Label-A	1999
1	baseline	worker-cs-19	Label-A	2000
1	baseline	worker-cs-19	Label-B	1999
1	baseline	worker-cs-19	Label-A	1999
1	baseline	worker-cs-19	Label-A	2000
1	baseline	worker-cs-19	Label-A	2000
1	baseline	worker-cs-19	Label-B	2001
1	baseline	worker-cs-19	Label-A	2000
1	baseline	worker-cs-19	Label-A	2000
1	baseline	worker-cs-19	Label-B	2000
1	baseline	worker-cs-19	Label-A	2000
1	baseline	worker-cs-19	Label-B	2000
1	baseline	worker-cs-19	Label-D	2000
1	baseline	worker-cs-19	Label-A	2000
1	baseline	worker-cs-19	Label-C	2000
1	baseline	worker-cs-19	Label-C	1999
1	baseline	worker-cs-19	Label-A	2001
1	baseline	worker-cs-19	Label-A	2000
1	baseline	worker-cs-19	Label-C	2000
1	baseline	worker-cs-19	Label-C	2000
1	baseline	worker-cs-19	Label-A	1999
1	baseline	worker-cs-19	Label-A	2000
1	baseline	worker-cs-19	Label-D	2000
1	baseline	worker-cs-19	Label-C	2000
1	baseline	worker-cs-19	Label-A	1999
1	baseline	worker-cs-19	Label-D	2000
1	baseline	worker-cs-19	Label-C	2000
1	baseline	worker-cs-19	Label-A	2001
1	baseline	worker-cs-19	Label-B	2000
1	baseline	worker-cs-19	Label-A	2000
1	baseline	worker-cs-19	Label-A	2000
1	baseline	worker-cs-19	Label-B	1999
1	baseline	worker-cs-19	Label-B	2000
1	baseline	worker-cs-19	Label-A	2000
1	baseline	worker-cs-19	Label-D	2000
1	baseline	worker-cs-19	Label-A	2001
1	baseline	worker-cs-19	Label-B	2000
1	baseline	worker-cs-19	Label-B	1999
1	baseline	worker-cs-19	Label-B	2000
1	baseline	worker-cs-19	Label-C	2000
1	baseline	worker-cs-19	Label-A	1999
1	baseline	worker-cs-19	Label-A	1999
1	baseline	worker-cs-19	Label-A	1999
1	baseline	worker-cs-19	Label-A	1999
1	baseline	worker-cs-19	Label-B	2000
1	baseline	worker-cs-19	Label-A	2000
1	baseline	worker-cs-19	Label-A	2000
1	baseline	worker-cs-19	Label-C	2000
1	baseline	worker-cs-19	Label-A	1999
1	baseline	worker-cs-19	Label-B	1998
1	baseline	worker-cs-19	Label-B	2000
1	baseline	worker-cs-19	Label-A	2000
1	baseline	worker-cs-19	Label-A	1999
1	baseline	worker-cs-19	Label-B	2000
1	baseline	worker-cs-19	Label-B	2000
1	baseline	worker-cs-19	Label-A	2000
1	baseline	worker-cs-19	Label-C	2000
1	baseline	worker-cs-19	Label-B	2000
1	baseline	worker-cs-19	Label-B	1999
1	baseline	worker-cs-19	Label-A	1999
1	baseline	worker-cs-19	Label-A	2000
1	baseline	worker-cs-19	Label-C	1999
1	baseline	worker-cs-19	Label-E	179999
1	baseline	worker-cs-19	Label-A	2000
1	baseline	worker-cs-19	Label-C	2000
1	baseline	worker-cs-19	Label-A	2000
1	baseline	worker-cs-19	Label-E	2000
1	baseline	worker-cs-19	Label-A	45000
1	baseline	worker-cs-19	Label-A	2000
1	baseline	worker-cs-19	Label-B	45000
1	baseline	worker-cs-19	Label-A	45001
1	baseline	worker-cs-1	Label-A	2000
1	baseline	worker-cs-1	Label-A	1999
1	baseline	worker-cs-1	Label-A	2000
1	baseline	worker-cs-1	Label-B	2000
1	baseline	worker-cs-1	Label-B	2000
1	baseline	worker-cs-1	Label-A	2000
1	baseline	worker-cs-1	Label-A	2000
1	baseline	worker-cs-1	Label-B	2000
1	baseline	worker-cs-1	Label-B	45000
1	baseline	worker-cs-1	Label-B	2000
1	baseline	worker-cs-1	Label-A	2000
1	baseline	worker-cs-1	Label-B	2000
1	baseline	worker-cs-1	Label-B	2000
1	baseline	worker-cs-1	Label-A	1999
1	baseline	worker-cs-1	Label-D	179999
1	baseline	worker-cs-1	Label-B	1999
1	baseline	worker-cs-1	Label-B	2000
1	baseline	worker-cs-1	Label-C	45000
1	baseline	worker-cs-1	Label-C	2000
1	baseline	worker-cs-1	Label-A	2000
1	baseline	worker-cs-1	Label-A	2000
1	baseline	worker-cs-1	Label-B	2001
1	baseline	worker-cs-1	Label-B	2000
1	baseline	worker-cs-1	Label-A	2000
1	baseline	worker-cs-1	Label-A	2000
1	baseline	worker-cs-1	Label-A	1999
1	baseline	worker-cs-1	Label-C	45000
1	baseline	worker-cs-1	Label-D	2000
1	baseline	worker-cs-1	Label-A	2000
1	baseline	worker-cs-1	Label-E	2000
1	baseline	worker-cs-1	Label-A	45000
1	baseline	worker-cs-1	Label-E	179999
1	baseline	worker-cs-1	Label-A	1999
1	baseline	worker-cs-1	Label-A	1999
1	baseline	worker-cs-1	Label-A	45000
1	baseline	worker-cs-1	Label-A	2001
1	baseline	worker-cs-1	Label-D	179999
1	baseline	worker-cs-1	Label-A	2000
1	baseline	worker-cs-1	Label-B	45000
1	baseline	worker-cs-1	Label-A	1999
1	baseline	worker-cs-1	Label-A	2000
1	baseline	worker-cs-1	Label-C	45000
1	baseline	worker-cs-1	Label-A	2000
1	baseline	worker-cs-1	Label-A	2000
1	baseline	worker-cs-1	Label-B	2000
1	baseline	worker-cs-1	Label-B	1999
1	baseline	worker-cs-1	Label-C	1999
1	baseline	worker-cs-1	Label-A	1999
1	baseline	worker-cs-1	Label-A	2000
1	baseline	worker-cs-1	Label-B	2000
1	baseline	worker-cs-1	Label-B	1999
1	baseline	worker-cs-1	Label-C	2000
1	baseline	worker-cs-1	Label-C	2000
1	baseline	worker-cs-1	Label-A	2001
1	baseline	worker-cs-1	Label-A	1999
1	baseline	worker-cs-1	Label-B	1998
1	baseline	worker-cs-1	Label-A	2000
1	baseline	worker-cs-1	Label-A	1999
1	baseline	worker-cs-1	Label-A	2001
1	baseline	worker-cs-1	Label-B	2000
1	baseline	worker-cs-1	Label-D	2000
1	baseline	worker-cs-1	Label-B	45000
1	baseline	worker-cs-1	Label-A	2000
1	baseline	worker-cs-1	Label-C	45000
1	baseline	worker-cs-1	Label-B	2000
1	baseline	worker-cs-1	Label-C	2000
1	baseline	worker-cs-1	Label-A	2000
1	baseline	worker-cs-1	Label-D	2000
1	baseline	worker-cs-1	Label-A	2000
1	baseline	worker-cs-1	Label-D	179999
1	baseline	worker-cs-1	Label-A	2000
1	baseline	worker-cs-1	Label-A	2000
1	baseline	worker-cs-1	Label-A	2002
1	baseline	worker-cs-1	Label-A	2000
1	baseline	worker-cs-1	Label-A	2000
1	baseline	worker-cs-1	Label-C	2000
1	baseline	worker-cs-1	Label-C	1999
1	baseline	worker-cs-1	Label-C	45001
1	baseline	worker-cs-1	Label-A	1999
1	baseline	worker-cs-1	Label-B	2000
1	baseline	worker-cs-1	Label-B	45000
1	baseline	worker-cs-1	Label-C	1999
1	baseline	worker-cs-1	Label-C	45000
1	baseline	worker-cs-1	Label-E	180001
1	baseline	worker-cs-1	Label-C	2000
1	baseline	worker-cs-1	Label-A	2000
1	baseline	worker-cs-1	Label-B	45000
1	baseline	worker-cs-1	Label-B	2000
1	baseline	worker-cs-1	Label-A	2000
1	baseline	worker-cs-1	Label-A	2001
1	baseline	worker-cs-1	Label-B	2000
1	baseline	worker-cs-1	Label-B	2000
1	baseline	worker-cs-1	Label-C	2000
1	baseline	worker-cs-1	Label-A	1999
1	baseline	worker-cs-1	Label-A	2001
1	baseline	worker-cs-1	Label-A	2000
1	baseline	worker-cs-1	Label-A	2000
1	baseline	worker-cs-1	Label-D	180000
1	baseline	worker-cs-1	Label-A	1999
1	baseline	worker-cs-1	Label-B	1999
1	baseline	worker-cs-20	Label-B	1999
1	baseline	worker-cs-20	Label-B	2000
1	baseline	worker-cs-20	Label-C	2000
1	baseline	worker-cs-20	Label-A	2000
1	baseline	worker-cs-20	Label-A	1999
1	baseline	worker-cs-20	Label-C	2000
1	baseline	worker-cs-20	Label-B	1999
1	baseline	worker-cs-20	Label-B	2000
1	baseline	worker-cs-20	Label-B	2000
1	baseline	worker-cs-20	Label-B	1999
1	baseline	worker-cs-20	Label-A	2000
1	baseline	worker-cs-20	Label-A	2000
1	baseline	worker-cs-20	Label-A	2000
1	baseline	worker-cs-20	Label-A	45000
1	baseline	worker-cs-20	Label-A	2000
1	baseline	worker-cs-20	Label-A	2000
1	baseline	worker-cs-20	Label-A	45000
1	baseline	worker-cs-20	Label-A	2000
1	baseline	worker-cs-20	Label-D	179999
1	baseline	worker-cs-20	Label-A	2000
1	baseline	worker-cs-20	Label-A	45000
1	baseline	worker-cs-20	Label-E	179999
1	baseline	worker-cs-20	Label-A	1999
1	baseline	worker-cs-20	Label-D	2000
1	baseline	worker-cs-20	Label-C	44999
1	baseline	worker-cs-20	Label-C	2000
1	baseline	worker-cs-20	Label-A	2000
1	baseline	worker-cs-20	Label-C	1999
1	baseline	worker-cs-20	Label-A	2000
1	baseline	worker-cs-20	Label-B	44999
1	baseline	worker-cs-20	Label-D	179999
1	baseline	worker-cs-20	Label-B	1999
1	baseline	worker-cs-20	Label-C	45000
1	baseline	worker-cs-20	Label-A	2000
1	baseline	worker-cs-20	Label-A	2000
1	baseline	worker-cs-20	Label-A	2000
1	baseline	worker-cs-20	Label-A	44999
1	baseline	worker-cs-20	Label-B	2000
1	baseline	worker-cs-20	Label-B	44999
1	baseline	worker-cs-20	Label-A	1999
1	baseline	worker-cs-20	Label-A	45000
1	baseline	worker-cs-20	Label-E	179999
1	baseline	worker-cs-20	Label-A	2000
1	baseline	worker-cs-20	Label-A	2000
1	baseline	worker-cs-20	Label-A	44999
1	baseline	worker-cs-20	Label-D	180000
1	baseline	worker-cs-20	Label-A	2000
1	baseline	worker-cs-20	Label-B	45000
1	baseline	worker-cs-20	Label-B	2000
1	baseline	worker-cs-20	Label-A	1999
1	baseline	worker-cs-20	Label-C	44999
1	baseline	worker-cs-20	Label-A	1999
1	baseline	worker-cs-20	Label-A	1999
1	baseline	worker-cs-20	Label-B	1999
1	baseline	worker-cs-20	Label-C	2000
1	baseline	worker-cs-20	Label-A	2000
1	baseline	worker-cs-20	Label-C	2000
1	baseline	worker-cs-20	Label-A	1999
1	baseline	worker-cs-20	Label-C	45000
1	baseline	worker-cs-20	Label-C	2000
1	baseline	worker-cs-20	Label-A	45000
1	baseline	worker-cs-20	Label-C	2000
1	baseline	worker-cs-20	Label-C	45000
1	baseline	worker-cs-20	Label-E	180000
1	baseline	worker-cs-20	Label-A	2001
1	baseline	worker-cs-20	Label-B	44999
1	baseline	worker-cs-20	Label-A	2000
1	baseline	worker-cs-20	Label-A	44999
1	baseline	worker-cs-20	Label-A	1999
1	baseline	worker-cs-20	Label-D	180000
1	baseline	worker-cs-20	Label-C	45001
1	baseline	worker-cs-20	Label-B	2000
1	baseline	worker-cs-20	Label-A	45000
1	baseline	worker-cs-20	Label-B	2001
1	baseline	worker-cs-20	Label-B	45000
1	baseline	worker-cs-20	Label-A	2000
1	baseline	worker-cs-20	Label-A	1999
1	baseline	worker-cs-20	Label-A	45000
1	baseline	worker-cs-20	Label-E	179999
1	baseline	worker-cs-20	Label-A	2000
1	baseline	worker-cs-20	Label-D	179999
1	baseline	worker-cs-20	Label-A	2000
1	baseline	worker-cs-20	Label-A	45000
1	baseline	worker-cs-20	Label-A	2000
1	baseline	worker-cs-20	Label-B	45000
1	baseline	worker-cs-20	Label-B	2000
1	baseline	worker-cs-20	Label-A	2000
1	baseline	worker-cs-20	Label-B	2000
1	baseline	worker-cs-20	Label-B	1999
1	baseline	worker-cs-20	Label-A	2000
1	baseline	worker-cs-20	Label-B	2000
1	baseline	worker-cs-20	Label-A	2000
1	baseline	worker-cs-20	Label-B	2000
1	baseline	worker-cs-20	Label-D	180000
1	baseline	worker-cs-20	Label-A	2000
1	baseline	worker-cs-20	Label-C	2000
1	baseline	worker-cs-20	Label-C	45000
1	baseline	worker-cs-20	Label-C	1999
1	baseline	worker-cs-20	Label-D	2000
1	baseline	worker-cs-21	Label-B	2000
1	baseline	worker-cs-21	Label-C	44999
1	baseline	worker-cs-21	Label-D	179999
1	baseline	worker-cs-21	Label-A	1999
1	baseline	worker-cs-21	Label-B	44999
1	baseline	worker-cs-21	Label-A	1999
1	baseline	worker-cs-21	Label-D	2000
1	baseline	worker-cs-21	Label-B	1998
1	baseline	worker-cs-21	Label-A	2000
1	baseline	worker-cs-21	Label-A	2000
1	baseline	worker-cs-21	Label-A	2000
1	baseline	worker-cs-21	Label-C	2000
1	baseline	worker-cs-21	Label-A	2000
1	baseline	worker-cs-21	Label-C	1999
1	baseline	worker-cs-21	Label-A	2000
1	baseline	worker-cs-21	Label-C	44999
1	baseline	worker-cs-21	Label-A	2000
1	baseline	worker-cs-21	Label-A	45000
1	baseline	worker-cs-21	Label-B	2000
1	baseline	worker-cs-21	Label-B	45000
1	baseline	worker-cs-21	Label-E	1999
1	baseline	worker-cs-21	Label-E	1999
1	baseline	worker-cs-21	Label-E	180000
1	baseline	worker-cs-21	Label-C	2000
1	baseline	worker-cs-21	Label-D	179999
1	baseline	worker-cs-21	Label-C	45000
1	baseline	worker-cs-21	Label-B	1999
1	baseline	worker-cs-21	Label-A	45000
1	baseline	worker-cs-21	Label-A	1999
1	baseline	worker-cs-21	Label-B	44999
1	baseline	worker-cs-21	Label-B	2001
1	baseline	worker-cs-21	Label-C	1999
1	baseline	worker-cs-21	Label-B	2000
1	baseline	worker-cs-21	Label-A	2000
1	baseline	worker-cs-21	Label-A	2000
1	baseline	worker-cs-21	Label-C	2000
1	baseline	worker-cs-21	Label-B	2000
1	baseline	worker-cs-21	Label-B	2000
1	baseline	worker-cs-21	Label-B	2000
1	baseline	worker-cs-21	Label-C	1999
1	baseline	worker-cs-21	Label-C	2001
1	baseline	worker-cs-21	Label-B	1999
1	baseline	worker-cs-21	Label-A	45000
1	baseline	worker-cs-21	Label-B	2000
1	baseline	worker-cs-21	Label-C	2000
1	baseline	worker-cs-21	Label-A	1999
1	baseline	worker-cs-21	Label-C	1999
1	baseline	worker-cs-21	Label-A	2000
1	baseline	worker-cs-21	Label-C	1999
1	baseline	worker-cs-21	Label-D	179999
1	baseline	worker-cs-21	Label-A	2000
1	baseline	worker-cs-21	Label-A	2000
1	baseline	worker-cs-21	Label-A	2001
1	baseline	worker-cs-21	Label-D	2001
1	baseline	worker-cs-21	Label-C	2000
1	baseline	worker-cs-21	Label-A	1999
1	baseline	worker-cs-21	Label-B	2000
1	baseline	worker-cs-21	Label-B	2000
1	baseline	worker-cs-21	Label-A	2000
1	baseline	worker-cs-21	Label-A	2000
1	baseline	worker-cs-21	Label-B	1999
1	baseline	worker-cs-21	Label-C	2000
1	baseline	worker-cs-21	Label-A	2000
1	baseline	worker-cs-21	Label-A	1999
1	baseline	worker-cs-21	Label-B	1999
1	baseline	worker-cs-21	Label-A	2000
1	baseline	worker-cs-21	Label-A	2000
1	baseline	worker-cs-21	Label-B	2000
1	baseline	worker-cs-21	Label-B	2000
1	baseline	worker-cs-21	Label-C	1999
1	baseline	worker-cs-21	Label-B	2000
1	baseline	worker-cs-21	Label-A	1999
1	baseline	worker-cs-21	Label-B	2000
1	baseline	worker-cs-21	Label-A	1999
1	baseline	worker-cs-21	Label-A	2000
1	baseline	worker-cs-21	Label-C	1999
1	baseline	worker-cs-21	Label-B	2001
1	baseline	worker-cs-21	Label-A	1999
1	baseline	worker-cs-21	Label-C	1999
1	baseline	worker-cs-21	Label-B	2000
1	baseline	worker-cs-21	Label-C	1999
1	baseline	worker-cs-21	Label-A	2000
1	baseline	worker-cs-21	Label-B	1999
1	baseline	worker-cs-21	Label-A	1999
1	baseline	worker-cs-21	Label-C	1999
1	baseline	worker-cs-21	Label-A	1999
1	baseline	worker-cs-21	Label-D	1999
1	baseline	worker-cs-21	Label-B	2000
1	baseline	worker-cs-21	Label-D	2000
1	baseline	worker-cs-21	Label-A	2000
1	baseline	worker-cs-21	Label-A	2000
1	baseline	worker-cs-21	Label-B	2000
1	baseline	worker-cs-21	Label-D	2000
1	baseline	worker-cs-21	Label-A	1999
1	baseline	worker-cs-21	Label-C	2000
1	baseline	worker-cs-21	Label-C	1999
1	baseline	worker-cs-21	Label-A	2001
1	baseline	worker-cs-21	Label-C	2000
1	baseline	worker-cs-21	Label-A	1999
1	baseline	worker-cs-21	Label-A	2000
1	baseline	worker-cs-21	Label-A	1999
1	baseline	worker-cs-21	Label-A	2000
1	baseline	worker-cs-22	Label-A	2000
1	baseline	worker-cs-22	Label-C	2000
1	baseline	worker-cs-22	Label-B	44999
1	baseline	worker-cs-22	Label-A	2000
1	baseline	worker-cs-22	Label-A	2000
1	baseline	worker-cs-22	Label-A	1999
1	baseline	worker-cs-22	Label-A	1999
1	baseline	worker-cs-22	Label-A	2000
1	baseline	worker-cs-22	Label-B	2000
1	baseline	worker-cs-22	Label-B	1999
1	baseline	worker-cs-22	Label-C	2000
1	baseline	worker-cs-22	Label-B	2001
1	baseline	worker-cs-22	Label-B	1999
1	baseline	worker-cs-22	Label-B	2000
1	baseline	worker-cs-22	Label-B	2000
1	baseline	worker-cs-22	Label-A	2001
1	baseline	worker-cs-22	Label-B	2000
1	baseline	worker-cs-22	Label-A	2001
1	baseline	worker-cs-22	Label-B	44999
1	baseline	worker-cs-22	Label-A	1999
1	baseline	worker-cs-22	Label-B	1999
1	baseline	worker-cs-22	Label-B	2000
1	baseline	worker-cs-22	Label-A	2000
1	baseline	worker-cs-22	Label-A	1999
1	baseline	worker-cs-22	Label-D	180000
1	baseline	worker-cs-22	Label-A	2001
1	baseline	worker-cs-22	Label-D	2000
1	baseline	worker-cs-22	Label-C	45000
1	baseline	worker-cs-22	Label-A	2000
1	baseline	worker-cs-22	Label-A	2000
1	baseline	worker-cs-22	Label-A	1999
1	baseline	worker-cs-22	Label-B	45000
1	baseline	worker-cs-22	Label-C	1999
1	baseline	worker-cs-22	Label-A	1999
1	baseline	worker-cs-22	Label-C	45001
1	baseline	worker-cs-22	Label-C	2000
1	baseline	worker-cs-22	Label-A	1999
1	baseline	worker-cs-22	Label-C	1999
1	baseline	worker-cs-22	Label-C	2000
1	baseline	worker-cs-22	Label-B	2000
1	baseline	worker-cs-22	Label-B	1999
1	baseline	worker-cs-22	Label-A	1999
1	baseline	worker-cs-22	Label-A	2000
1	baseline	worker-cs-22	Label-C	2000
1	baseline	worker-cs-22	Label-B	44999
1	baseline	worker-cs-22	Label-B	2000
1	baseline	worker-cs-22	Label-C	45000
1	baseline	worker-cs-22	Label-C	2000
1	baseline	worker-cs-22	Label-C	2000
1	baseline	worker-cs-22	Label-A	1999
1	baseline	worker-cs-22	Label-E	180000
1	baseline	worker-cs-22	Label-A	2001
1	baseline	worker-cs-22	Label-C	1999
1	baseline	worker-cs-22	Label-A	1999
1	baseline	worker-cs-22	Label-A	2000
1	baseline	worker-cs-22	Label-B	2000
1	baseline	worker-cs-22	Label-A	2000
1	baseline	worker-cs-22	Label-B	2001
1	baseline	worker-cs-22	Label-A	2001
1	baseline	worker-cs-22	Label-A	2000
1	baseline	worker-cs-22	Label-A	2000
1	baseline	worker-cs-22	Label-B	1999
1	baseline	worker-cs-22	Label-B	2000
1	baseline	worker-cs-22	Label-B	1999
1	baseline	worker-cs-22	Label-A	1999
1	baseline	worker-cs-22	Label-B	1999
1	baseline	worker-cs-22	Label-A	1999
1	baseline	worker-cs-22	Label-A	1999
1	baseline	worker-cs-22	Label-A	1999
1	baseline	worker-cs-22	Label-A	1999
1	baseline	worker-cs-22	Label-B	1999
1	baseline	worker-cs-22	Label-B	2000
1	baseline	worker-cs-22	Label-C	2000
1	baseline	worker-cs-22	Label-A	2000
1	baseline	worker-cs-22	Label-D	180000
1	baseline	worker-cs-22	Label-C	2000
1	baseline	worker-cs-22	Label-C	2000
1	baseline	worker-cs-22	Label-B	1999
1	baseline	worker-cs-22	Label-D	2000
1	baseline	worker-cs-22	Label-A	2000
1	baseline	worker-cs-22	Label-A	1999
1	baseline	worker-cs-22	Label-C	2000
1	baseline	worker-cs-22	Label-B	2000
1	baseline	worker-cs-22	Label-A	2000
1	baseline	worker-cs-22	Label-A	2000
1	baseline	worker-cs-22	Label-C	2000
1	baseline	worker-cs-22	Label-A	2000
1	baseline	worker-cs-22	Label-A	2000
1	baseline	worker-cs-22	Label-C	1999
1	baseline	worker-cs-22	Label-B	2000
1	baseline	worker-cs-22	Label-A	2000
1	baseline	worker-cs-22	Label-A	1999
1	baseline	worker-cs-22	Label-A	44999
1	baseline	worker-cs-22	Label-A	44999
1	baseline	worker-cs-22	Label-B	2000
1	baseline	worker-cs-22	Label-C	44999
1	baseline	worker-cs-22	Label-E	179999
1	baseline	worker-cs-22	Label-B	2000
1	baseline	worker-cs-23	Label-B	2000
1	baseline	worker-cs-23	Label-A	45000
1	baseline	worker-cs-23	Label-B	2000
1	baseline	worker-cs-23	Label-B	45000
1	baseline	worker-cs-23	Label-A	2000
1	baseline	worker-cs-23	Label-C	44999
1	baseline	worker-cs-23	Label-D	179999
1	baseline	worker-cs-23	Label-A	2000
1	baseline	worker-cs-23	Label-A	45000
1	baseline	worker-cs-23	Label-A	2000
1	baseline	worker-cs-23	Label-B	2000
1	baseline	worker-cs-23	Label-E	180000
1	baseline	worker-cs-23	Label-A	2000
1	baseline	worker-cs-23	Label-B	45000
1	baseline	worker-cs-23	Label-B	1999
1	baseline	worker-cs-23	Label-A	1999
1	baseline	worker-cs-23	Label-A	2000
1	baseline	worker-cs-23	Label-A	2000
1	baseline	worker-cs-23	Label-A	1999
1	baseline	worker-cs-23	Label-B	1999
1	baseline	worker-cs-23	Label-B	2000
1	baseline	worker-cs-23	Label-C	44999
1	baseline	worker-cs-23	Label-B	1999
1	baseline	worker-cs-23	Label-C	2003
1	baseline	worker-cs-23	Label-A	2000
1	baseline	worker-cs-23	Label-B	2000
1	baseline	worker-cs-23	Label-A	2000
1	baseline	worker-cs-23	Label-A	2000
1	baseline	worker-cs-23	Label-C	1999
1	baseline	worker-cs-23	Label-C	1999
1	baseline	worker-cs-23	Label-B	1999
1	baseline	worker-cs-23	Label-B	2000
1	baseline	worker-cs-23	Label-A	2000
1	baseline	worker-cs-23	Label-C	2000
1	baseline	worker-cs-23	Label-C	2000
1	baseline	worker-cs-23	Label-A	1999
1	baseline	worker-cs-23	Label-B	2000
1	baseline	worker-cs-23	Label-B	2000
1	baseline	worker-cs-23	Label-A	2000
1	baseline	worker-cs-23	Label-A	1999
1	baseline	worker-cs-23	Label-A	1999
1	baseline	worker-cs-23	Label-A	2000
1	baseline	worker-cs-23	Label-A	2000
1	baseline	worker-cs-23	Label-A	2000
1	baseline	worker-cs-23	Label-A	1999
1	baseline	worker-cs-23	Label-B	2000
1	baseline	worker-cs-23	Label-C	2000
1	baseline	worker-cs-23	Label-C	1999
1	baseline	worker-cs-23	Label-A	1999
1	baseline	worker-cs-23	Label-B	2000
1	baseline	worker-cs-23	Label-A	1999
1	baseline	worker-cs-23	Label-C	2000
1	baseline	worker-cs-23	Label-C	2000
1	baseline	worker-cs-23	Label-B	2000
1	baseline	worker-cs-23	Label-B	2000
1	baseline	worker-cs-23	Label-B	2000
1	baseline	worker-cs-23	Label-B	45000
1	baseline	worker-cs-23	Label-B	2000
1	baseline	worker-cs-23	Label-A	1999
1	baseline	worker-cs-23	Label-C	44999
1	baseline	worker-cs-23	Label-A	2000
1	baseline	worker-cs-23	Label-B	2000
1	baseline	worker-cs-23	Label-A	2000
1	baseline	worker-cs-23	Label-A	2000
1	baseline	worker-cs-23	Label-D	179999
1	baseline	worker-cs-23	Label-B	2000
1	baseline	worker-cs-23	Label-B	2000
1	baseline	worker-cs-23	Label-B	2000
1	baseline	worker-cs-23	Label-C	2000
1	baseline	worker-cs-23	Label-A	1999
1	baseline	worker-cs-23	Label-B	2000
1	baseline	worker-cs-23	Label-A	2000
1	baseline	worker-cs-23	Label-A	2000
1	baseline	worker-cs-23	Label-B	2000
1	baseline	worker-cs-23	Label-A	2000
1	baseline	worker-cs-23	Label-A	2000
1	baseline	worker-cs-23	Label-A	2001
1	baseline	worker-cs-23	Label-B	1999
1	baseline	worker-cs-23	Label-B	2000
1	baseline	worker-cs-23	Label-A	1999
1	baseline	worker-cs-23	Label-A	2000
1	baseline	worker-cs-23	Label-E	179999
1	baseline	worker-cs-23	Label-C	2000
1	baseline	worker-cs-23	Label-A	1999
1	baseline	worker-cs-23	Label-A	1999
1	baseline	worker-cs-23	Label-C	2000
1	baseline	worker-cs-23	Label-B	2000
1	baseline	worker-cs-23	Label-A	2000
1	baseline	worker-cs-23	Label-A	2000
1	baseline	worker-cs-23	Label-A	2000
1	baseline	worker-cs-23	Label-A	1999
1	baseline	worker-cs-23	Label-C	2000
1	baseline	worker-cs-23	Label-B	1999
1	baseline	worker-cs-23	Label-A	1999
1	baseline	worker-cs-23	Label-B	1999
1	baseline	worker-cs-23	Label-D	2000
1	baseline	worker-cs-23	Label-B	1999
1	baseline	worker-cs-23	Label-A	2000
1	baseline	worker-cs-24	Label-B	1999
1	baseline	worker-cs-24	Label-B	2000
1	baseline	worker-cs-24	Label-B	1999
1	baseline	worker-cs-24	Label-B	2000
1	baseline	worker-cs-24	Label-A	2000
1	baseline	worker-cs-24	Label-A	2000
1	baseline	worker-cs-24	Label-A	2000
1	baseline	worker-cs-24	Label-C	45000
1	baseline	worker-cs-24	Label-A	2000
1	baseline	worker-cs-24	Label-A	2000
1	baseline	worker-cs-24	Label-B	45000
1	baseline	worker-cs-24	Label-E	180000
1	baseline	worker-cs-24	Label-B	2000
1	baseline	worker-cs-24	Label-A	2000
1	baseline	worker-cs-24	Label-D	1999
1	baseline	worker-cs-24	Label-B	2000
1	baseline	worker-cs-24	Label-A	1999
1	baseline	worker-cs-24	Label-A	2000
1	baseline	worker-cs-24	Label-A	1999
1	baseline	worker-cs-24	Label-C	2000
1	baseline	worker-cs-24	Label-C	2000
1	baseline	worker-cs-24	Label-C	45000
1	baseline	worker-cs-24	Label-D	180000
1	baseline	worker-cs-24	Label-C	2000
1	baseline	worker-cs-24	Label-B	2000
1	baseline	worker-cs-24	Label-B	44999
1	baseline	worker-cs-24	Label-C	1999
1	baseline	worker-cs-24	Label-A	2000
1	baseline	worker-cs-24	Label-A	2000
1	baseline	worker-cs-24	Label-A	1999
1	baseline	worker-cs-24	Label-B	45000
1	baseline	worker-cs-24	Label-A	2000
1	baseline	worker-cs-24	Label-B	1999
1	baseline	worker-cs-24	Label-B	1999
1	baseline	worker-cs-24	Label-B	1999
1	baseline	worker-cs-24	Label-A	1999
1	baseline	worker-cs-24	Label-D	179999
1	baseline	worker-cs-24	Label-B	1999
1	baseline	worker-cs-24	Label-C	1999
1	baseline	worker-cs-24	Label-C	45000
1	baseline	worker-cs-24	Label-A	2000
1	baseline	worker-cs-24	Label-C	2000
1	baseline	worker-cs-24	Label-A	2000
1	baseline	worker-cs-24	Label-C	2000
1	baseline	worker-cs-24	Label-A	2000
1	baseline	worker-cs-24	Label-A	2000
1	baseline	worker-cs-24	Label-A	1999
1	baseline	worker-cs-24	Label-D	180000
1	baseline	worker-cs-24	Label-B	2000
1	baseline	worker-cs-24	Label-B	45001
1	baseline	worker-cs-24	Label-A	2000
1	baseline	worker-cs-24	Label-A	45000
1	baseline	worker-cs-24	Label-C	1999
1	baseline	worker-cs-24	Label-C	2000
1	baseline	worker-cs-24	Label-C	45001
1	baseline	worker-cs-24	Label-B	2000
1	baseline	worker-cs-24	Label-A	1999
1	baseline	worker-cs-24	Label-E	180000
1	baseline	worker-cs-24	Label-B	1999
1	baseline	worker-cs-24	Label-C	2000
1	baseline	worker-cs-24	Label-A	2000
1	baseline	worker-cs-24	Label-B	2000
1	baseline	worker-cs-24	Label-A	1999
1	baseline	worker-cs-24	Label-B	2000
1	baseline	worker-cs-24	Label-B	2000
1	baseline	worker-cs-24	Label-C	2000
1	baseline	worker-cs-24	Label-A	2000
1	baseline	worker-cs-24	Label-B	2000
1	baseline	worker-cs-24	Label-B	1999
1	baseline	worker-cs-24	Label-D	179999
1	baseline	worker-cs-24	Label-C	2000
1	baseline	worker-cs-24	Label-A	1999
1	baseline	worker-cs-24	Label-A	2000
1	baseline	worker-cs-24	Label-A	2000
1	baseline	worker-cs-24	Label-A	2000
1	baseline	worker-cs-24	Label-B	1999
1	baseline	worker-cs-24	Label-A	2000
1	baseline	worker-cs-24	Label-A	1999
1	baseline	worker-cs-24	Label-B	2000
1	baseline	worker-cs-24	Label-A	1999
1	baseline	worker-cs-24	Label-A	2000
1	baseline	worker-cs-24	Label-A	1999
1	baseline	worker-cs-24	Label-A	2000
1	baseline	worker-cs-24	Label-A	2000
1	baseline	worker-cs-24	Label-B	1999
1	baseline	worker-cs-24	Label-D	2000
1	baseline	worker-cs-24	Label-A	1999
1	baseline	worker-cs-24	Label-C	2000
1	baseline	worker-cs-24	Label-A	2000
1	baseline	worker-cs-24	Label-B	2000
1	baseline	worker-cs-24	Label-C	2000
1	baseline	worker-cs-24	Label-B	2000
1	baseline	worker-cs-24	Label-A	2000
1	baseline	worker-cs-24	Label-B	2001
1	baseline	worker-cs-24	Label-A	2000
1	baseline	worker-cs-24	Label-B	2000
1	baseline	worker-cs-24	Label-A	2000
1	baseline	worker-cs-24	Label-C	2000
1	baseline	worker-cs-24	Label-A	2001
1	baseline	worker-cs-25	Label-B	1999
1	baseline	worker-cs-25	Label-B	1999
1	baseline	worker-cs-25	Label-B	44999
1	baseline	worker-cs-25	Label-A	2000
1	baseline	worker-cs-25	Label-A	1999
1	baseline	worker-cs-25	Label-A	1999
1	baseline	worker-cs-25	Label-A	45000
1	baseline	worker-cs-25	Label-D	180000
1	baseline	worker-cs-25	Label-B	44999
1	baseline	worker-cs-25	Label-A	2000
1	baseline	worker-cs-25	Label-A	45000
1	baseline	worker-cs-25	Label-C	2000
1	baseline	worker-cs-25	Label-C	44999
1	baseline	worker-cs-25	Label-B	2000
1	baseline	worker-cs-25	Label-E	180000
1	baseline	worker-cs-25	Label-C	2001
1	baseline	worker-cs-25	Label-A	2000
1	baseline	worker-cs-25	Label-C	2000
1	baseline	worker-cs-25	Label-D	1999
1	baseline	worker-cs-25	Label-B	2000
1	baseline	worker-cs-25	Label-B	1999
1	baseline	worker-cs-25	Label-A	2000
1	baseline	worker-cs-25	Label-B	2000
1	baseline	worker-cs-25	Label-B	1999
1	baseline	worker-cs-25	Label-C	45000
1	baseline	worker-cs-25	Label-D	180000
1	baseline	worker-cs-25	Label-B	45000
1	baseline	worker-cs-25	Label-A	1999
1	baseline	worker-cs-25	Label-A	45000
1	baseline	worker-cs-25	Label-C	2000
1	baseline	worker-cs-25	Label-C	2000
1	baseline	worker-cs-25	Label-C	45000
1	baseline	worker-cs-25	Label-E	180000
1	baseline	worker-cs-25	Label-C	1999
1	baseline	worker-cs-25	Label-C	2000
1	baseline	worker-cs-25	Label-C	45000
1	baseline	worker-cs-25	Label-D	1999
1	baseline	worker-cs-25	Label-D	180000
1	baseline	worker-cs-25	Label-A	2000
1	baseline	worker-cs-25	Label-A	45000
1	baseline	worker-cs-25	Label-B	2000
1	baseline	worker-cs-25	Label-B	2000
1	baseline	worker-cs-25	Label-B	45000
1	baseline	worker-cs-25	Label-B	2000
1	baseline	worker-cs-25	Label-A	1999
1	baseline	worker-cs-25	Label-C	2000
1	baseline	worker-cs-25	Label-A	45000
1	baseline	worker-cs-25	Label-A	1999
1	baseline	worker-cs-25	Label-B	2000
1	baseline	worker-cs-25	Label-D	2000
1	baseline	worker-cs-25	Label-A	1999
1	baseline	worker-cs-25	Label-B	1999
1	baseline	worker-cs-25	Label-D	180000
1	baseline	worker-cs-25	Label-B	2001
1	baseline	worker-cs-25	Label-B	2000
1	baseline	worker-cs-25	Label-B	1999
1	baseline	worker-cs-25	Label-C	2000
1	baseline	worker-cs-25	Label-B	2000
1	baseline	worker-cs-25	Label-E	1999
1	baseline	worker-cs-25	Label-A	2000
1	baseline	worker-cs-25	Label-A	2000
1	baseline	worker-cs-25	Label-A	1999
1	baseline	worker-cs-25	Label-E	2000
1	baseline	worker-cs-25	Label-E	180000
1	baseline	worker-cs-25	Label-C	1999
1	baseline	worker-cs-25	Label-A	2000
1	baseline	worker-cs-25	Label-B	2000
1	baseline	worker-cs-25	Label-B	1999
1	baseline	worker-cs-25	Label-B	2000
1	baseline	worker-cs-25	Label-A	2000
1	baseline	worker-cs-25	Label-A	1999
1	baseline	worker-cs-25	Label-D	179999
1	baseline	worker-cs-25	Label-A	2000
1	baseline	worker-cs-25	Label-A	44999
1	baseline	worker-cs-25	Label-A	2000
1	baseline	worker-cs-25	Label-B	45000
1	baseline	worker-cs-25	Label-C	2000
1	baseline	worker-cs-25	Label-C	45000
1	baseline	worker-cs-25	Label-E	1999
1	baseline	worker-cs-25	Label-A	2000
1	baseline	worker-cs-25	Label-C	1999
1	baseline	worker-cs-25	Label-E	180000
1	baseline	worker-cs-25	Label-B	2000
1	baseline	worker-cs-25	Label-A	2000
1	baseline	worker-cs-25	Label-A	2000
1	baseline	worker-cs-25	Label-C	2000
1	baseline	worker-cs-25	Label-C	2000
1	baseline	worker-cs-25	Label-A	2000
1	baseline	worker-cs-25	Label-A	2000
1	baseline	worker-cs-25	Label-B	2000
1	baseline	worker-cs-25	Label-B	2000
1	baseline	worker-cs-25	Label-A	2000
1	baseline	worker-cs-25	Label-A	2000
1	baseline	worker-cs-25	Label-C	2000
1	baseline	worker-cs-25	Label-A	2000
1	baseline	worker-cs-25	Label-D	180001
1	baseline	worker-cs-25	Label-A	2000
1	baseline	worker-cs-25	Label-C	2000
1	baseline	worker-cs-25	Label-C	2000
1	baseline	worker-cs-25	Label-B	1999
1	baseline	worker-cs-25	Label-A	2000
1	baseline	worker-cs-26	Label-B	2000
1	baseline	worker-cs-26	Label-A	1999
1	baseline	worker-cs-26	Label-A	2001
1	baseline	worker-cs-26	Label-A	1999
1	baseline	worker-cs-26	Label-A	1999
1	baseline	worker-cs-26	Label-B	45001
1	baseline	worker-cs-26	Label-B	2000
1	baseline	worker-cs-26	Label-C	45000
1	baseline	worker-cs-26	Label-C	1998
1	baseline	worker-cs-26	Label-A	2000
1	baseline	worker-cs-26	Label-B	2000
1	baseline	worker-cs-26	Label-D	180000
1	baseline	worker-cs-26	Label-B	1998
1	baseline	worker-cs-26	Label-A	2000
1	baseline	worker-cs-26	Label-C	2000
1	baseline	worker-cs-26	Label-B	2000
1	baseline	worker-cs-26	Label-B	2000
1	baseline	worker-cs-26	Label-D	2000
1	baseline	worker-cs-26	Label-A	2000
1	baseline	worker-cs-26	Label-D	2000
1	baseline	worker-cs-26	Label-B	2000
1	baseline	worker-cs-26	Label-A	2000
1	baseline	worker-cs-26	Label-B	1999
1	baseline	worker-cs-26	Label-A	2000
1	baseline	worker-cs-26	Label-A	1999
1	baseline	worker-cs-26	Label-A	2000
1	baseline	worker-cs-26	Label-A	2000
1	baseline	worker-cs-26	Label-A	1999
1	baseline	worker-cs-26	Label-B	2000
1	baseline	worker-cs-26	Label-B	2000
1	baseline	worker-cs-26	Label-C	1999
1	baseline	worker-cs-26	Label-A	2000
1	baseline	worker-cs-26	Label-C	1999
1	baseline	worker-cs-26	Label-B	1999
1	baseline	worker-cs-26	Label-A	2001
1	baseline	worker-cs-26	Label-B	2000
1	baseline	worker-cs-26	Label-A	1999
1	baseline	worker-cs-26	Label-C	2000
1	baseline	worker-cs-26	Label-A	2000
1	baseline	worker-cs-26	Label-B	2000
1	baseline	worker-cs-26	Label-C	2001
1	baseline	worker-cs-26	Label-A	1999
1	baseline	worker-cs-26	Label-B	2000
1	baseline	worker-cs-26	Label-B	2000
1	baseline	worker-cs-26	Label-B	1999
1	baseline	worker-cs-26	Label-B	2000
1	baseline	worker-cs-26	Label-E	180000
1	baseline	worker-cs-26	Label-B	2000
1	baseline	worker-cs-26	Label-C	2001
1	baseline	worker-cs-26	Label-A	2000
1	baseline	worker-cs-26	Label-C	2000
1	baseline	worker-cs-26	Label-B	1999
1	baseline	worker-cs-26	Label-B	2000
1	baseline	worker-cs-26	Label-A	2000
1	baseline	worker-cs-26	Label-C	2000
1	baseline	worker-cs-26	Label-A	2000
1	baseline	worker-cs-26	Label-A	2001
1	baseline	worker-cs-26	Label-A	2000
1	baseline	worker-cs-26	Label-A	2000
1	baseline	worker-cs-26	Label-A	2001
1	baseline	worker-cs-26	Label-B	2000
1	baseline	worker-cs-26	Label-C	2000
1	baseline	worker-cs-26	Label-E	1999
1	baseline	worker-cs-26	Label-A	1999
1	baseline	worker-cs-26	Label-A	1999
1	baseline	worker-cs-26	Label-B	2000
1	baseline	worker-cs-26	Label-B	2000
1	baseline	worker-cs-26	Label-B	2001
1	baseline	worker-cs-26	Label-C	2000
1	baseline	worker-cs-26	Label-C	1999
1	baseline	worker-cs-26	Label-C	2000
1	baseline	worker-cs-26	Label-C	2000
1	baseline	worker-cs-26	Label-A	2000
1	baseline	worker-cs-26	Label-B	1999
1	baseline	worker-cs-26	Label-A	2000
1	baseline	worker-cs-26	Label-D	179999
1	baseline	worker-cs-26	Label-C	2000
1	baseline	worker-cs-26	Label-A	2000
1	baseline	worker-cs-26	Label-A	2000
1	baseline	worker-cs-26	Label-C	2000
1	baseline	worker-cs-26	Label-A	2000
1	baseline	worker-cs-26	Label-A	2000
1	baseline	worker-cs-26	Label-A	1999
1	baseline	worker-cs-26	Label-B	2000
1	baseline	worker-cs-26	Label-B	2002
1	baseline	worker-cs-26	Label-C	2000
1	baseline	worker-cs-26	Label-B	2000
1	baseline	worker-cs-26	Label-A	2001
1	baseline	worker-cs-26	Label-C	1999
1	baseline	worker-cs-26	Label-B	2000
1	baseline	worker-cs-26	Label-A	1999
1	baseline	worker-cs-26	Label-C	2000
1	baseline	worker-cs-26	Label-A	2000
1	baseline	worker-cs-26	Label-A	2000
1	baseline	worker-cs-26	Label-A	2000
1	baseline	worker-cs-26	Label-C	2000
1	baseline	worker-cs-26	Label-B	2000
1	baseline	worker-cs-27	Label-A	2000
1	baseline	worker-cs-27	Label-A	2000
1	baseline	worker-cs-27	Label-A	2000
1	baseline	worker-cs-27	Label-C	2000
1	baseline	worker-cs-27	Label-A	1999
1	baseline	worker-cs-27	Label-B	1999
1	baseline	worker-cs-27	Label-A	1999
1	baseline	worker-cs-27	Label-C	2001
1	baseline	worker-cs-27	Label-B	1999
1	baseline	worker-cs-27	Label-A	2000
1	baseline	worker-cs-27	Label-B	2000
1	baseline	worker-cs-27	Label-A	1999
1	baseline	worker-cs-27	Label-C	2000
1	baseline	worker-cs-27	Label-A	1999
1	baseline	worker-cs-27	Label-B	2000
1	baseline	worker-cs-27	Label-A	1999
1	baseline	worker-cs-27	Label-B	1999
1	baseline	worker-cs-27	Label-A	2000
1	baseline	worker-cs-27	Label-A	2000
1	baseline	worker-cs-27	Label-A	2001
1	baseline	worker-cs-27	Label-A	2001
1	baseline	worker-cs-27	Label-A	1999
1	baseline	worker-cs-27	Label-B	44999
1	baseline	worker-cs-27	Label-B	2000
1	baseline	worker-cs-27	Label-C	45000
1	baseline	worker-cs-27	Label-C	2000
1	baseline	worker-cs-27	Label-B	2000
1	baseline	worker-cs-27	Label-C	1999
1	baseline	worker-cs-27	Label-D	180001
1	baseline	worker-cs-27	Label-B	2000
1	baseline	worker-cs-27	Label-B	2000
1	baseline	worker-cs-27	Label-C	1999
1	baseline	worker-cs-27	Label-B	2000
1	baseline	worker-cs-27	Label-A	1999
1	baseline	worker-cs-27	Label-A	2000
1	baseline	worker-cs-27	Label-A	1999
1	baseline	worker-cs-27	Label-A	1999
1	baseline	worker-cs-27	Label-E	1999
1	baseline	worker-cs-27	Label-E	180000
1	baseline	worker-cs-27	Label-C	2000
1	baseline	worker-cs-27	Label-C	45000
1	baseline	worker-cs-27	Label-D	2001
1	baseline	worker-cs-27	Label-A	44999
1	baseline	worker-cs-27	Label-B	1999
1	baseline	worker-cs-27	Label-B	44999
1	baseline	worker-cs-27	Label-D	2000
1	baseline	worker-cs-27	Label-A	1999
1	baseline	worker-cs-27	Label-D	179999
1	baseline	worker-cs-27	Label-A	2000
1	baseline	worker-cs-27	Label-A	2000
1	baseline	worker-cs-27	Label-A	2000
1	baseline	worker-cs-27	Label-B	2001
1	baseline	worker-cs-27	Label-A	1999
1	baseline	worker-cs-27	Label-B	2001
1	baseline	worker-cs-27	Label-A	2001
1	baseline	worker-cs-27	Label-A	2000
1	baseline	worker-cs-27	Label-B	2001
1	baseline	worker-cs-27	Label-A	2000
1	baseline	worker-cs-27	Label-A	2000
1	baseline	worker-cs-27	Label-A	2000
1	baseline	worker-cs-27	Label-B	1999
1	baseline	worker-cs-27	Label-A	2001
1	baseline	worker-cs-27	Label-C	44999
1	baseline	worker-cs-27	Label-C	1999
1	baseline	worker-cs-27	Label-B	2000
1	baseline	worker-cs-27	Label-B	45000
1	baseline	worker-cs-27	Label-A	2002
1	baseline	worker-cs-27	Label-E	180001
1	baseline	worker-cs-27	Label-A	2000
1	baseline	worker-cs-27	Label-A	2000
1	baseline	worker-cs-27	Label-B	2000
1	baseline	worker-cs-27	Label-C	2000
1	baseline	worker-cs-27	Label-C	2000
1	baseline	worker-cs-27	Label-A	1999
1	baseline	worker-cs-27	Label-C	2000
1	baseline	worker-cs-27	Label-A	2000
1	baseline	worker-cs-27	Label-A	1999
1	baseline	worker-cs-27	Label-A	1999
1	baseline	worker-cs-27	Label-D	179999
1	baseline	worker-cs-27	Label-A	2000
1	baseline	worker-cs-27	Label-C	2000
1	baseline	worker-cs-27	Label-A	2000
1	baseline	worker-cs-27	Label-B	2000
1	baseline	worker-cs-27	Label-A	2000
1	baseline	worker-cs-27	Label-B	1999
1	baseline	worker-cs-27	Label-A	2000
1	baseline	worker-cs-27	Label-C	1999
1	baseline	worker-cs-27	Label-B	2000
1	baseline	worker-cs-27	Label-D	2000
1	baseline	worker-cs-27	Label-B	2000
1	baseline	worker-cs-27	Label-B	2000
1	baseline	worker-cs-27	Label-C	2000
1	baseline	worker-cs-27	Label-A	1999
1	baseline	worker-cs-27	Label-C	1999
1	baseline	worker-cs-27	Label-B	2000
1	baseline	worker-cs-27	Label-C	2000
1	baseline	worker-cs-27	Label-A	2000
1	baseline	worker-cs-27	Label-A	1999
1	baseline	worker-cs-27	Label-A	2000
1	baseline	worker-cs-27	Label-D	2000
1	baseline	worker-cs-28	Label-C	1999
1	baseline	worker-cs-28	Label-A	2000
1	baseline	worker-cs-28	Label-B	1999
1	baseline	worker-cs-28	Label-B	45000
1	baseline	worker-cs-28	Label-C	45000
1	baseline	worker-cs-28	Label-B	45000
1	baseline	worker-cs-28	Label-A	2000
1	baseline	worker-cs-28	Label-A	44999
1	baseline	worker-cs-28	Label-C	45000
1	baseline	worker-cs-28	Label-D	2000
1	baseline	worker-cs-28	Label-E	179999
1	baseline	worker-cs-28	Label-B	2000
1	baseline	worker-cs-28	Label-B	45000
1	baseline	worker-cs-28	Label-D	180000
1	baseline	worker-cs-28	Label-B	2000
1	baseline	worker-cs-28	Label-A	45000
1	baseline	worker-cs-28	Label-C	45000
1	baseline	worker-cs-28	Label-E	2000
1	baseline	worker-cs-28	Label-A	1999
1	baseline	worker-cs-28	Label-A	45000
1	baseline	worker-cs-28	Label-A	1998
1	baseline	worker-cs-28	Label-A	2000
1	baseline	worker-cs-28	Label-A	2000
1	baseline	worker-cs-28	Label-A	2000
1	baseline	worker-cs-28	Label-A	1999
1	baseline	worker-cs-28	Label-B	2000
1	baseline	worker-cs-28	Label-E	180000
1	baseline	worker-cs-28	Label-B	2001
1	baseline	worker-cs-28	Label-A	1999
1	baseline	worker-cs-28	Label-A	1999
1	baseline	worker-cs-28	Label-C	2000
1	baseline	worker-cs-28	Label-A	2000
1	baseline	worker-cs-28	Label-C	45000
1	baseline	worker-cs-28	Label-B	2000
1	baseline	worker-cs-28	Label-A	1999
1	baseline	worker-cs-28	Label-C	2000
1	baseline	worker-cs-28	Label-A	2000
1	baseline	worker-cs-28	Label-B	1999
1	baseline	worker-cs-28	Label-D	179999
1	baseline	worker-cs-28	Label-B	2000
1	baseline	worker-cs-28	Label-A	1999
1	baseline	worker-cs-28	Label-B	1999
1	baseline	worker-cs-28	Label-A	1999
1	baseline	worker-cs-28	Label-D	2000
1	baseline	worker-cs-28	Label-A	45000
1	baseline	worker-cs-28	Label-A	2000
1	baseline	worker-cs-28	Label-B	44999
1	baseline	worker-cs-28	Label-E	180000
1	baseline	worker-cs-28	Label-A	45000
1	baseline	worker-cs-28	Label-A	2001
1	baseline	worker-cs-28	Label-A	1999
1	baseline	worker-cs-28	Label-B	44999
1	baseline	worker-cs-28	Label-D	179999
1	baseline	worker-cs-28	Label-A	2000
1	baseline	worker-cs-28	Label-A	1999
1	baseline	worker-cs-28	Label-B	2001
1	baseline	worker-cs-28	Label-A	1999
1	baseline	worker-cs-28	Label-B	2000
1	baseline	worker-cs-28	Label-B	2000
1	baseline	worker-cs-28	Label-A	1999
1	baseline	worker-cs-28	Label-A	1999
1	baseline	worker-cs-28	Label-B	2000
1	baseline	worker-cs-28	Label-C	2000
1	baseline	worker-cs-28	Label-C	1999
1	baseline	worker-cs-28	Label-C	44999
1	baseline	worker-cs-28	Label-A	1999
1	baseline	worker-cs-28	Label-A	1999
1	baseline	worker-cs-28	Label-A	2000
1	baseline	worker-cs-28	Label-D	1999
1	baseline	worker-cs-28	Label-A	45000
1	baseline	worker-cs-28	Label-A	2000
1	baseline	worker-cs-28	Label-A	45000
1	baseline	worker-cs-28	Label-E	180000
1	baseline	worker-cs-28	Label-A	2000
1	baseline	worker-cs-28	Label-B	44999
1	baseline	worker-cs-28	Label-A	1999
1	baseline	worker-cs-28	Label-A	44999
1	baseline	worker-cs-28	Label-D	179999
1	baseline	worker-cs-28	Label-A	1999
1	baseline	worker-cs-28	Label-B	2000
1	baseline	worker-cs-28	Label-B	2000
1	baseline	worker-cs-28	Label-A	1999
1	baseline	worker-cs-28	Label-D	2000
1	baseline	worker-cs-28	Label-B	2000
1	baseline	worker-cs-28	Label-C	1999
1	baseline	worker-cs-28	Label-C	45000
1	baseline	worker-cs-28	Label-A	1999
1	baseline	worker-cs-28	Label-A	2000
1	baseline	worker-cs-28	Label-B	45000
1	baseline	worker-cs-28	Label-C	2000
1	baseline	worker-cs-28	Label-C	2000
1	baseline	worker-cs-28	Label-C	45000
1	baseline	worker-cs-28	Label-E	180000
1	baseline	worker-cs-28	Label-B	2000
1	baseline	worker-cs-28	Label-B	44999
1	baseline	worker-cs-28	Label-C	2000
1	baseline	worker-cs-28	Label-C	44999
1	baseline	worker-cs-28	Label-A	1999
1	baseline	worker-cs-28	Label-B	2000
1	baseline	worker-cs-28	Label-A	1999
1	baseline	worker-cs-29	Label-A	2000
1	baseline	worker-cs-29	Label-A	1999
1	baseline	worker-cs-29	Label-B	2000
1	baseline	worker-cs-29	Label-B	1999
1	baseline	worker-cs-29	Label-A	2000
1	baseline	worker-cs-29	Label-C	2000
1	baseline	worker-cs-29	Label-C	2000
1	baseline	worker-cs-29	Label-A	1999
1	baseline	worker-cs-29	Label-A	1999
1	baseline	worker-cs-29	Label-A	1999
1	baseline	worker-cs-29	Label-A	2000
1	baseline	worker-cs-29	Label-C	2000
1	baseline	worker-cs-29	Label-B	2000
1	baseline	worker-cs-29	Label-B	45000
1	baseline	worker-cs-29	Label-B	2000
1	baseline	worker-cs-29	Label-A	2000
1	baseline	worker-cs-29	Label-E	2000
1	baseline	worker-cs-29	Label-E	179999
1	baseline	worker-cs-29	Label-A	45000
1	baseline	worker-cs-29	Label-C	2000
1	baseline	worker-cs-29	Label-B	44999
1	baseline	worker-cs-29	Label-C	2000
1	baseline	worker-cs-29	Label-C	44999
1	baseline	worker-cs-29	Label-C	2000
1	baseline	worker-cs-29	Label-A	2000
1	baseline	worker-cs-29	Label-A	2000
1	baseline	worker-cs-29	Label-A	2000
1	baseline	worker-cs-29	Label-D	180000
1	baseline	worker-cs-29	Label-D	2000
1	baseline	worker-cs-29	Label-A	2000
1	baseline	worker-cs-29	Label-C	1999
1	baseline	worker-cs-29	Label-A	1999
1	baseline	worker-cs-29	Label-A	1999
1	baseline	worker-cs-29	Label-A	2000
1	baseline	worker-cs-29	Label-A	1999
1	baseline	worker-cs-29	Label-A	2000
1	baseline	worker-cs-29	Label-A	2000
1	baseline	worker-cs-29	Label-A	2000
1	baseline	worker-cs-29	Label-B	2000
1	baseline	worker-cs-29	Label-B	2000
1	baseline	worker-cs-29	Label-B	1999
1	baseline	worker-cs-29	Label-B	1999
1	baseline	worker-cs-29	Label-A	2000
1	baseline	worker-cs-29	Label-A	2000
1	baseline	worker-cs-29	Label-A	1999
1	baseline	worker-cs-29	Label-B	2000
1	baseline	worker-cs-29	Label-D	2000
1	baseline	worker-cs-29	Label-B	2000
1	baseline	worker-cs-29	Label-B	2001
1	baseline	worker-cs-29	Label-B	2000
1	baseline	worker-cs-29	Label-A	1999
1	baseline	worker-cs-29	Label-A	1999
1	baseline	worker-cs-29	Label-A	2000
1	baseline	worker-cs-29	Label-A	2000
1	baseline	worker-cs-29	Label-D	2000
1	baseline	worker-cs-29	Label-B	2000
1	baseline	worker-cs-29	Label-C	1999
1	baseline	worker-cs-29	Label-A	2000
1	baseline	worker-cs-29	Label-C	2000
1	baseline	worker-cs-29	Label-A	2000
1	baseline	worker-cs-29	Label-A	2000
1	baseline	worker-cs-29	Label-A	1999
1	baseline	worker-cs-29	Label-A	1999
1	baseline	worker-cs-29	Label-B	2000
1	baseline	worker-cs-29	Label-A	2000
1	baseline	worker-cs-29	Label-A	2001
1	baseline	worker-cs-29	Label-B	1999
1	baseline	worker-cs-29	Label-A	1999
1	baseline	worker-cs-29	Label-A	1999
1	baseline	worker-cs-29	Label-A	2000
1	baseline	worker-cs-29	Label-A	2000
1	baseline	worker-cs-29	Label-A	2000
1	baseline	worker-cs-29	Label-B	2000
1	baseline	worker-cs-29	Label-A	2000
1	baseline	worker-cs-29	Label-C	2000
1	baseline	worker-cs-29	Label-A	2000
1	baseline	worker-cs-29	Label-C	1999
1	baseline	worker-cs-29	Label-A	1999
1	baseline	worker-cs-29	Label-B	1999
1	baseline	worker-cs-29	Label-C	44999
1	baseline	worker-cs-29	Label-B	45000
1	baseline	worker-cs-29	Label-A	2000
1	baseline	worker-cs-29	Label-E	180000
1	baseline	worker-cs-29	Label-A	1999
1	baseline	worker-cs-29	Label-A	45000
1	baseline	worker-cs-29	Label-A	1999
1	baseline	worker-cs-29	Label-C	2000
1	baseline	worker-cs-29	Label-C	45000
1	baseline	worker-cs-29	Label-D	179999
1	baseline	worker-cs-29	Label-C	2000
1	baseline	worker-cs-29	Label-B	2000
1	baseline	worker-cs-29	Label-A	1999
1	baseline	worker-cs-29	Label-B	45000
1	baseline	worker-cs-29	Label-B	2000
1	baseline	worker-cs-29	Label-A	1999
1	baseline	worker-cs-29	Label-A	1999
1	baseline	worker-cs-29	Label-A	1999
1	baseline	worker-cs-29	Label-A	1999
1	baseline	worker-cs-29	Label-A	2000
1	baseline	worker-cs-29	Label-B	1999
1	baseline	worker-cs-2	Label-C	2001
1	baseline	worker-cs-2	Label-B	2000
1	baseline	worker-cs-2	Label-A	2000
1	baseline	worker-cs-2	Label-B	1999
1	baseline	worker-cs-2	Label-B	2000
1	baseline	worker-cs-2	Label-C	1999
1	baseline	worker-cs-2	Label-B	2000
1	baseline	worker-cs-2	Label-A	2000
1	baseline	worker-cs-2	Label-B	1999
1	baseline	worker-cs-2	Label-C	2000
1	baseline	worker-cs-2	Label-A	2000
1	baseline	worker-cs-2	Label-A	1999
1	baseline	worker-cs-2	Label-B	2001
1	baseline	worker-cs-2	Label-C	1999
1	baseline	worker-cs-2	Label-B	2000
1	baseline	worker-cs-2	Label-C	1999
1	baseline	worker-cs-2	Label-A	2000
1	baseline	worker-cs-2	Label-A	2000
1	baseline	worker-cs-2	Label-A	2000
1	baseline	worker-cs-2	Label-B	2000
1	baseline	worker-cs-2	Label-A	2000
1	baseline	worker-cs-2	Label-A	2000
1	baseline	worker-cs-2	Label-A	2000
1	baseline	worker-cs-2	Label-A	1999
1	baseline	worker-cs-2	Label-B	1999
1	baseline	worker-cs-2	Label-A	1999
1	baseline	worker-cs-2	Label-B	2000
1	baseline	worker-cs-2	Label-A	2000
1	baseline	worker-cs-2	Label-A	2000
1	baseline	worker-cs-2	Label-B	2000
1	baseline	worker-cs-2	Label-A	1999
1	baseline	worker-cs-2	Label-E	1999
1	baseline	worker-cs-2	Label-A	1999
1	baseline	worker-cs-2	Label-A	2000
1	baseline	worker-cs-2	Label-A	2000
1	baseline	worker-cs-2	Label-A	2003
1	baseline	worker-cs-2	Label-A	2000
1	baseline	worker-cs-2	Label-A	1999
1	baseline	worker-cs-2	Label-B	2000
1	baseline	worker-cs-2	Label-C	2000
1	baseline	worker-cs-2	Label-D	2000
1	baseline	worker-cs-2	Label-B	44999
1	baseline	worker-cs-2	Label-C	1999
1	baseline	worker-cs-2	Label-C	45000
1	baseline	worker-cs-2	Label-A	2000
1	baseline	worker-cs-2	Label-B	45001
1	baseline	worker-cs-2	Label-A	45000
1	baseline	worker-cs-2	Label-D	179999
1	baseline	worker-cs-2	Label-B	2000
1	baseline	worker-cs-2	Label-E	180000
1	baseline	worker-cs-2	Label-B	1999
1	baseline	worker-cs-2	Label-B	45000
1	baseline	worker-cs-2	Label-C	2000
1	baseline	worker-cs-2	Label-C	44999
1	baseline	worker-cs-2	Label-A	2000
1	baseline	worker-cs-2	Label-A	45001
1	baseline	worker-cs-2	Label-A	2000
1	baseline	worker-cs-2	Label-A	2000
1	baseline	worker-cs-2	Label-C	2001
1	baseline	worker-cs-2	Label-C	2000
1	baseline	worker-cs-2	Label-A	1999
1	baseline	worker-cs-2	Label-C	2000
1	baseline	worker-cs-2	Label-A	45000
1	baseline	worker-cs-2	Label-B	2000
1	baseline	worker-cs-2	Label-C	44999
1	baseline	worker-cs-2	Label-B	2000
1	baseline	worker-cs-2	Label-B	45000
1	baseline	worker-cs-2	Label-D	179999
1	baseline	worker-cs-2	Label-B	1999
1	baseline	worker-cs-2	Label-C	45000
1	baseline	worker-cs-2	Label-B	44999
1	baseline	worker-cs-2	Label-E	180004
1	baseline	worker-cs-2	Label-B	2000
1	baseline	worker-cs-2	Label-A	2000
1	baseline	worker-cs-2	Label-A	45000
1	baseline	worker-cs-2	Label-B	1999
1	baseline	worker-cs-2	Label-B	2000
1	baseline	worker-cs-2	Label-A	2000
1	baseline	worker-cs-2	Label-B	2000
1	baseline	worker-cs-2	Label-B	2000
1	baseline	worker-cs-2	Label-A	2000
1	baseline	worker-cs-2	Label-B	2000
1	baseline	worker-cs-2	Label-A	2000
1	baseline	worker-cs-2	Label-A	2000
1	baseline	worker-cs-2	Label-D	2000
1	baseline	worker-cs-2	Label-A	2000
1	baseline	worker-cs-2	Label-A	2000
1	baseline	worker-cs-2	Label-C	2000
1	baseline	worker-cs-2	Label-D	180000
1	baseline	worker-cs-2	Label-A	2000
1	baseline	worker-cs-2	Label-C	1999
1	baseline	worker-cs-2	Label-B	2000
1	baseline	worker-cs-2	Label-C	2000
1	baseline	worker-cs-2	Label-A	1999
1	baseline	worker-cs-2	Label-A	2000
1	baseline	worker-cs-2	Label-A	2000
1	baseline	worker-cs-2	Label-A	2000
1	baseline	worker-cs-2	Label-C	1999
1	baseline	worker-cs-2	Label-C	2000
1	baseline	worker-cs-2	Label-C	1999
1	baseline	worker-cs-3	Label-A	2001
1	baseline	worker-cs-3	Label-A	1999
1	baseline	worker-cs-3	Label-D	1999
1	baseline	worker-cs-3	Label-A	2000
1	baseline	worker-cs-3	Label-A	2000
1	baseline	worker-cs-3	Label-A	2000
1	baseline	worker-cs-3	Label-B	2000
1	baseline	worker-cs-3	Label-C	2000
1	baseline	worker-cs-3	Label-D	1999
1	baseline	worker-cs-3	Label-B	1999
1	baseline	worker-cs-3	Label-B	2000
1	baseline	worker-cs-3	Label-A	1999
1	baseline	worker-cs-3	Label-A	2000
1	baseline	worker-cs-3	Label-B	2000
1	baseline	worker-cs-3	Label-A	2000
1	baseline	worker-cs-3	Label-A	1999
1	baseline	worker-cs-3	Label-C	1999
1	baseline	worker-cs-3	Label-A	2000
1	baseline	worker-cs-3	Label-A	2000
1	baseline	worker-cs-3	Label-A	1999
1	baseline	worker-cs-3	Label-A	2000
1	baseline	worker-cs-3	Label-A	1999
1	baseline	worker-cs-3	Label-B	2000
1	baseline	worker-cs-3	Label-A	2000
1	baseline	worker-cs-3	Label-A	1999
1	baseline	worker-cs-3	Label-A	2000
1	baseline	worker-cs-3	Label-C	2000
1	baseline	worker-cs-3	Label-C	2000
1	baseline	worker-cs-3	Label-C	1999
1	baseline	worker-cs-3	Label-A	2001
1	baseline	worker-cs-3	Label-A	2000
1	baseline	worker-cs-3	Label-B	1999
1	baseline	worker-cs-3	Label-C	2000
1	baseline	worker-cs-3	Label-C	2000
1	baseline	worker-cs-3	Label-C	1999
1	baseline	worker-cs-3	Label-B	2000
1	baseline	worker-cs-3	Label-C	2000
1	baseline	worker-cs-3	Label-A	2000
1	baseline	worker-cs-3	Label-C	1999
1	baseline	worker-cs-3	Label-A	2000
1	baseline	worker-cs-3	Label-B	2000
1	baseline	worker-cs-3	Label-A	1999
1	baseline	worker-cs-3	Label-B	2000
1	baseline	worker-cs-3	Label-A	1999
1	baseline	worker-cs-3	Label-B	2000
1	baseline	worker-cs-3	Label-C	2000
1	baseline	worker-cs-3	Label-A	2000
1	baseline	worker-cs-3	Label-B	2000
1	baseline	worker-cs-3	Label-B	2000
1	baseline	worker-cs-3	Label-B	2000
1	baseline	worker-cs-3	Label-B	2000
1	baseline	worker-cs-3	Label-B	2000
1	baseline	worker-cs-3	Label-B	2000
1	baseline	worker-cs-3	Label-B	2000
1	baseline	worker-cs-3	Label-A	1999
1	baseline	worker-cs-3	Label-A	1999
1	baseline	worker-cs-3	Label-E	180000
1	baseline	worker-cs-3	Label-B	2000
1	baseline	worker-cs-3	Label-E	2000
1	baseline	worker-cs-3	Label-B	2000
1	baseline	worker-cs-3	Label-A	1999
1	baseline	worker-cs-3	Label-C	1999
1	baseline	worker-cs-3	Label-A	2000
1	baseline	worker-cs-3	Label-A	1999
1	baseline	worker-cs-3	Label-C	2000
1	baseline	worker-cs-3	Label-A	1999
1	baseline	worker-cs-3	Label-B	1999
1	baseline	worker-cs-3	Label-A	2000
1	baseline	worker-cs-3	Label-C	1999
1	baseline	worker-cs-3	Label-B	2000
1	baseline	worker-cs-3	Label-C	2000
1	baseline	worker-cs-3	Label-B	2000
1	baseline	worker-cs-3	Label-A	2001
1	baseline	worker-cs-3	Label-A	2000
1	baseline	worker-cs-3	Label-C	2000
1	baseline	worker-cs-3	Label-A	2000
1	baseline	worker-cs-3	Label-B	2000
1	baseline	worker-cs-3	Label-D	180000
1	baseline	worker-cs-3	Label-B	2000
1	baseline	worker-cs-3	Label-A	2000
1	baseline	worker-cs-3	Label-D	2000
1	baseline	worker-cs-3	Label-B	1998
1	baseline	worker-cs-3	Label-B	2000
1	baseline	worker-cs-3	Label-A	2000
1	baseline	worker-cs-3	Label-A	2000
1	baseline	worker-cs-3	Label-C	2000
1	baseline	worker-cs-3	Label-A	2000
1	baseline	worker-cs-3	Label-B	2000
1	baseline	worker-cs-3	Label-B	2000
1	baseline	worker-cs-3	Label-B	2000
1	baseline	worker-cs-3	Label-A	2000
1	baseline	worker-cs-3	Label-C	2000
1	baseline	worker-cs-3	Label-B	2000
1	baseline	worker-cs-3	Label-A	2000
1	baseline	worker-cs-3	Label-C	1999
1	baseline	worker-cs-3	Label-A	1999
1	baseline	worker-cs-3	Label-E	1999
1	baseline	worker-cs-3	Label-D	2000
1	baseline	worker-cs-4	Label-A	2000
1	baseline	worker-cs-4	Label-A	2000
1	baseline	worker-cs-4	Label-C	2000
1	baseline	worker-cs-4	Label-B	1999
1	baseline	worker-cs-4	Label-A	2000
1	baseline	worker-cs-4	Label-A	2000
1	baseline	worker-cs-4	Label-B	2000
1	baseline	worker-cs-4	Label-B	2000
1	baseline	worker-cs-4	Label-A	2000
1	baseline	worker-cs-4	Label-A	1999
1	baseline	worker-cs-4	Label-A	1999
1	baseline	worker-cs-4	Label-A	2000
1	baseline	worker-cs-4	Label-B	2000
1	baseline	worker-cs-4	Label-B	45000
1	baseline	worker-cs-4	Label-A	1999
1	baseline	worker-cs-4	Label-A	1999
1	baseline	worker-cs-4	Label-A	2000
1	baseline	worker-cs-4	Label-C	45000
1	baseline	worker-cs-4	Label-E	2000
1	baseline	worker-cs-4	Label-E	179999
1	baseline	worker-cs-4	Label-A	1999
1	baseline	worker-cs-4	Label-B	2000
1	baseline	worker-cs-4	Label-B	45000
1	baseline	worker-cs-4	Label-A	2000
1	baseline	worker-cs-4	Label-A	2000
1	baseline	worker-cs-4	Label-B	1999
1	baseline	worker-cs-4	Label-B	2000
1	baseline	worker-cs-4	Label-B	1999
1	baseline	worker-cs-4	Label-B	2000
1	baseline	worker-cs-4	Label-C	1999
1	baseline	worker-cs-4	Label-C	2000
1	baseline	worker-cs-4	Label-C	45000
1	baseline	worker-cs-4	Label-C	2000
1	baseline	worker-cs-4	Label-D	2000
1	baseline	worker-cs-4	Label-D	179999
1	baseline	worker-cs-4	Label-A	2000
1	baseline	worker-cs-4	Label-A	1999
1	baseline	worker-cs-4	Label-B	45000
1	baseline	worker-cs-4	Label-B	1999
1	baseline	worker-cs-4	Label-D	2000
1	baseline	worker-cs-4	Label-D	2000
1	baseline	worker-cs-4	Label-C	2001
1	baseline	worker-cs-4	Label-C	45000
1	baseline	worker-cs-4	Label-A	1999
1	baseline	worker-cs-4	Label-C	2000
1	baseline	worker-cs-4	Label-A	1999
1	baseline	worker-cs-4	Label-B	2000
1	baseline	worker-cs-4	Label-A	2000
1	baseline	worker-cs-4	Label-B	45000
1	baseline	worker-cs-4	Label-A	1999
1	baseline	worker-cs-4	Label-A	2000
1	baseline	worker-cs-4	Label-D	2000
1	baseline	worker-cs-4	Label-B	1999
1	baseline	worker-cs-4	Label-A	1999
1	baseline	worker-cs-4	Label-A	1999
1	baseline	worker-cs-4	Label-A	1999
1	baseline	worker-cs-4	Label-B	2000
1	baseline	worker-cs-4	Label-D	2000
1	baseline	worker-cs-4	Label-B	2000
1	baseline	worker-cs-4	Label-C	45000
1	baseline	worker-cs-4	Label-A	2000
1	baseline	worker-cs-4	Label-B	44999
1	baseline	worker-cs-4	Label-A	2001
1	baseline	worker-cs-4	Label-A	1999
1	baseline	worker-cs-4	Label-B	2000
1	baseline	worker-cs-4	Label-A	2000
1	baseline	worker-cs-4	Label-C	2000
1	baseline	worker-cs-4	Label-A	1999
1	baseline	worker-cs-4	Label-B	2000
1	baseline	worker-cs-4	Label-A	1999
1	baseline	worker-cs-4	Label-A	2000
1	baseline	worker-cs-4	Label-B	2000
1	baseline	worker-cs-4	Label-A	2000
1	baseline	worker-cs-4	Label-B	44999
1	baseline	worker-cs-4	Label-B	2000
1	baseline	worker-cs-4	Label-D	180000
1	baseline	worker-cs-4	Label-A	2000
1	baseline	worker-cs-4	Label-A	44999
1	baseline	worker-cs-4	Label-B	1999
1	baseline	worker-cs-4	Label-B	45000
1	baseline	worker-cs-4	Label-C	44999
1	baseline	worker-cs-4	Label-A	2000
1	baseline	worker-cs-4	Label-A	45001
1	baseline	worker-cs-4	Label-E	180000
1	baseline	worker-cs-4	Label-C	2000
1	baseline	worker-cs-4	Label-C	45000
1	baseline	worker-cs-4	Label-C	2000
1	baseline	worker-cs-4	Label-A	2000
1	baseline	worker-cs-4	Label-A	45000
1	baseline	worker-cs-4	Label-C	1999
1	baseline	worker-cs-4	Label-D	2000
1	baseline	worker-cs-4	Label-D	180000
1	baseline	worker-cs-4	Label-D	2000
1	baseline	worker-cs-4	Label-C	1999
1	baseline	worker-cs-4	Label-C	2002
1	baseline	worker-cs-4	Label-D	2000
1	baseline	worker-cs-4	Label-A	2000
1	baseline	worker-cs-4	Label-C	2000
1	baseline	worker-cs-5	Label-E	180000
1	baseline	worker-cs-5	Label-A	2000
1	baseline	worker-cs-5	Label-B	2000
1	baseline	worker-cs-5	Label-C	45000
1	baseline	worker-cs-5	Label-B	2000
1	baseline	worker-cs-5	Label-B	1999
1	baseline	worker-cs-5	Label-A	2000
1	baseline	worker-cs-5	Label-C	1999
1	baseline	worker-cs-5	Label-A	2000
1	baseline	worker-cs-5	Label-C	1999
1	baseline	worker-cs-5	Label-A	1999
1	baseline	worker-cs-5	Label-B	1999
1	baseline	worker-cs-5	Label-C	1999
1	baseline	worker-cs-5	Label-A	2000
1	baseline	worker-cs-5	Label-A	2000
1	baseline	worker-cs-5	Label-B	44999
1	baseline	worker-cs-5	Label-B	2000
1	baseline	worker-cs-5	Label-A	2000
1	baseline	worker-cs-5	Label-A	1999
1	baseline	worker-cs-5	Label-A	1999
1	baseline	worker-cs-5	Label-B	2000
1	baseline	worker-cs-5	Label-A	2000
1	baseline	worker-cs-5	Label-D	179999
1	baseline	worker-cs-5	Label-A	2000
1	baseline	worker-cs-5	Label-C	1999
1	baseline	worker-cs-5	Label-C	45000
1	baseline	worker-cs-5	Label-C	1999
1	baseline	worker-cs-5	Label-C	2000
1	baseline	worker-cs-5	Label-C	44999
1	baseline	worker-cs-5	Label-D	2000
1	baseline	worker-cs-5	Label-A	44999
1	baseline	worker-cs-5	Label-D	2000
1	baseline	worker-cs-5	Label-A	45000
1	baseline	worker-cs-5	Label-D	180000
1	baseline	worker-cs-5	Label-B	2000
1	baseline	worker-cs-5	Label-B	44999
1	baseline	worker-cs-5	Label-B	1999
1	baseline	worker-cs-5	Label-E	180000
1	baseline	worker-cs-5	Label-B	2000
1	baseline	worker-cs-5	Label-A	1999
1	baseline	worker-cs-5	Label-C	44999
1	baseline	worker-cs-5	Label-B	2000
1	baseline	worker-cs-5	Label-A	44999
1	baseline	worker-cs-5	Label-D	2000
1	baseline	worker-cs-5	Label-B	2000
1	baseline	worker-cs-5	Label-D	1999
1	baseline	worker-cs-5	Label-C	2000
1	baseline	worker-cs-5	Label-A	2000
1	baseline	worker-cs-5	Label-D	180000
1	baseline	worker-cs-5	Label-B	2000
1	baseline	worker-cs-5	Label-B	2000
1	baseline	worker-cs-5	Label-A	2001
1	baseline	worker-cs-5	Label-C	2000
1	baseline	worker-cs-5	Label-C	44999
1	baseline	worker-cs-5	Label-E	2000
1	baseline	worker-cs-5	Label-C	44999
1	baseline	worker-cs-5	Label-D	2000
1	baseline	worker-cs-5	Label-A	2000
1	baseline	worker-cs-5	Label-A	45000
1	baseline	worker-cs-5	Label-E	180000
1	baseline	worker-cs-5	Label-B	2000
1	baseline	worker-cs-5	Label-B	45000
1	baseline	worker-cs-5	Label-D	180000
1	baseline	worker-cs-5	Label-C	45000
1	baseline	worker-cs-5	Label-B	2000
1	baseline	worker-cs-5	Label-A	2000
1	baseline	worker-cs-5	Label-A	45000
1	baseline	worker-cs-5	Label-A	1999
1	baseline	worker-cs-5	Label-A	2000
1	baseline	worker-cs-5	Label-B	2000
1	baseline	worker-cs-5	Label-A	2001
1	baseline	worker-cs-5	Label-A	2000
1	baseline	worker-cs-5	Label-C	2000
1	baseline	worker-cs-5	Label-C	2000
1	baseline	worker-cs-5	Label-A	2000
1	baseline	worker-cs-5	Label-A	2000
1	baseline	worker-cs-5	Label-A	2000
1	baseline	worker-cs-5	Label-A	45000
1	baseline	worker-cs-5	Label-B	45000
1	baseline	worker-cs-5	Label-C	45000
1	baseline	worker-cs-5	Label-E	180000
1	baseline	worker-cs-5	Label-A	45000
1	baseline	worker-cs-5	Label-A	1999
1	baseline	worker-cs-5	Label-B	45000
1	baseline	worker-cs-5	Label-C	2000
1	baseline	worker-cs-5	Label-C	45000
1	baseline	worker-cs-5	Label-D	180000
1	baseline	worker-cs-5	Label-A	2000
1	baseline	worker-cs-5	Label-A	1999
1	baseline	worker-cs-5	Label-C	1999
1	baseline	worker-cs-5	Label-B	1999
1	baseline	worker-cs-5	Label-C	2000
1	baseline	worker-cs-5	Label-A	2000
1	baseline	worker-cs-5	Label-B	2000
1	baseline	worker-cs-5	Label-B	1999
1	baseline	worker-cs-5	Label-A	1999
1	baseline	worker-cs-5	Label-B	2000
1	baseline	worker-cs-5	Label-B	1999
1	baseline	worker-cs-5	Label-A	2000
1	baseline	worker-cs-5	Label-A	2000
1	baseline	worker-cs-5	Label-C	2000
1	baseline	worker-cs-6	Label-B	2000
1	baseline	worker-cs-6	Label-A	2000
1	baseline	worker-cs-6	Label-B	1999
1	baseline	worker-cs-6	Label-C	2001
1	baseline	worker-cs-6	Label-C	2000
1	baseline	worker-cs-6	Label-B	2000
1	baseline	worker-cs-6	Label-A	2000
1	baseline	worker-cs-6	Label-A	45000
1	baseline	worker-cs-6	Label-E	1999
1	baseline	worker-cs-6	Label-B	45000
1	baseline	worker-cs-6	Label-A	1999
1	baseline	worker-cs-6	Label-A	45000
1	baseline	worker-cs-6	Label-D	1999
1	baseline	worker-cs-6	Label-D	1999
1	baseline	worker-cs-6	Label-D	180001
1	baseline	worker-cs-6	Label-E	180000
1	baseline	worker-cs-6	Label-B	45000
1	baseline	worker-cs-6	Label-A	2000
1	baseline	worker-cs-6	Label-A	45000
1	baseline	worker-cs-6	Label-A	2000
1	baseline	worker-cs-6	Label-C	45000
1	baseline	worker-cs-6	Label-B	1999
1	baseline	worker-cs-6	Label-A	1998
1	baseline	worker-cs-6	Label-B	2000
1	baseline	worker-cs-6	Label-B	2000
1	baseline	worker-cs-6	Label-A	1999
1	baseline	worker-cs-6	Label-D	180000
1	baseline	worker-cs-6	Label-D	2000
1	baseline	worker-cs-6	Label-A	2000
1	baseline	worker-cs-6	Label-C	1999
1	baseline	worker-cs-6	Label-A	2000
1	baseline	worker-cs-6	Label-A	2000
1	baseline	worker-cs-6	Label-B	1999
1	baseline	worker-cs-6	Label-A	2002
1	baseline	worker-cs-6	Label-B	2000
1	baseline	worker-cs-6	Label-B	1999
1	baseline	worker-cs-6	Label-A	1999
1	baseline	worker-cs-6	Label-C	1999
1	baseline	worker-cs-6	Label-A	2000
1	baseline	worker-cs-6	Label-A	1999
1	baseline	worker-cs-6	Label-C	2000
1	baseline	worker-cs-6	Label-B	1999
1	baseline	worker-cs-6	Label-A	2000
1	baseline	worker-cs-6	Label-C	2000
1	baseline	worker-cs-6	Label-B	2000
1	baseline	worker-cs-6	Label-A	1999
1	baseline	worker-cs-6	Label-A	2001
1	baseline	worker-cs-6	Label-B	2000
1	baseline	worker-cs-6	Label-B	2000
1	baseline	worker-cs-6	Label-C	2000
1	baseline	worker-cs-6	Label-B	1998
1	baseline	worker-cs-6	Label-A	2000
1	baseline	worker-cs-6	Label-C	2000
1	baseline	worker-cs-6	Label-B	1999
1	baseline	worker-cs-6	Label-C	2000
1	baseline	worker-cs-6	Label-C	45000
1	baseline	worker-cs-6	Label-A	2000
1	baseline	worker-cs-6	Label-A	45000
1	baseline	worker-cs-6	Label-E	180000
1	baseline	worker-cs-6	Label-B	45000
1	baseline	worker-cs-6	Label-D	2000
1	baseline	worker-cs-6	Label-A	2000
1	baseline	worker-cs-6	Label-A	45001
1	baseline	worker-cs-6	Label-A	2000
1	baseline	worker-cs-6	Label-D	180000
1	baseline	worker-cs-6	Label-A	2000
1	baseline	worker-cs-6	Label-C	45000
1	baseline	worker-cs-6	Label-C	45000
1	baseline	worker-cs-6	Label-B	2000
1	baseline	worker-cs-6	Label-B	45000
1	baseline	worker-cs-6	Label-A	44999
1	baseline	worker-cs-6	Label-E	179999
1	baseline	worker-cs-6	Label-E	1999
1	baseline	worker-cs-6	Label-B	45000
1	baseline	worker-cs-6	Label-C	2000
1	baseline	worker-cs-6	Label-C	45000
1	baseline	worker-cs-6	Label-D	179999
1	baseline	worker-cs-6	Label-C	2000
1	baseline	worker-cs-6	Label-A	1999
1	baseline	worker-cs-6	Label-A	45000
1	baseline	worker-cs-6	Label-A	1999
1	baseline	worker-cs-6	Label-B	1999
1	baseline	worker-cs-6	Label-C	1999
1	baseline	worker-cs-6	Label-B	2000
1	baseline	worker-cs-6	Label-A	1999
1	baseline	worker-cs-6	Label-B	2000
1	baseline	worker-cs-6	Label-A	2000
1	baseline	worker-cs-6	Label-B	2000
1	baseline	worker-cs-6	Label-A	2000
1	baseline	worker-cs-6	Label-A	2003
1	baseline	worker-cs-6	Label-C	1999
1	baseline	worker-cs-6	Label-A	2000
1	baseline	worker-cs-6	Label-A	1999
1	baseline	worker-cs-6	Label-A	2000
1	baseline	worker-cs-6	Label-C	1999
1	baseline	worker-cs-6	Label-B	2000
1	baseline	worker-cs-6	Label-A	2000
1	baseline	worker-cs-6	Label-B	1999
1	baseline	worker-cs-6	Label-A	2000
1	baseline	worker-cs-6	Label-C	2000
1	baseline	worker-cs-7	Label-B	1999
1	baseline	worker-cs-7	Label-A	1999
1	baseline	worker-cs-7	Label-B	45000
1	baseline	worker-cs-7	Label-B	2000
1	baseline	worker-cs-7	Label-B	2000
1	baseline	worker-cs-7	Label-A	2000
1	baseline	worker-cs-7	Label-A	2000
1	baseline	worker-cs-7	Label-C	44999
1	baseline	worker-cs-7	Label-A	1999
1	baseline	worker-cs-7	Label-D	179999
1	baseline	worker-cs-7	Label-A	2000
1	baseline	worker-cs-7	Label-B	45001
1	baseline	worker-cs-7	Label-A	2000
1	baseline	worker-cs-7	Label-B	45000
1	baseline	worker-cs-7	Label-A	44999
1	baseline	worker-cs-7	Label-B	2002
1	baseline	worker-cs-7	Label-B	45000
1	baseline	worker-cs-7	Label-E	180000
1	baseline	worker-cs-7	Label-D	2001
1	baseline	worker-cs-7	Label-A	45000
1	baseline	worker-cs-7	Label-B	1999
1	baseline	worker-cs-7	Label-D	180000
1	baseline	worker-cs-7	Label-B	2000
1	baseline	worker-cs-7	Label-B	44999
1	baseline	worker-cs-7	Label-B	2000
1	baseline	worker-cs-7	Label-D	2000
1	baseline	worker-cs-7	Label-A	1999
1	baseline	worker-cs-7	Label-B	1999
1	baseline	worker-cs-7	Label-A	1999
1	baseline	worker-cs-7	Label-B	2000
1	baseline	worker-cs-7	Label-D	2000
1	baseline	worker-cs-7	Label-B	2000
1	baseline	worker-cs-7	Label-A	2000
1	baseline	worker-cs-7	Label-D	1999
1	baseline	worker-cs-7	Label-A	2000
1	baseline	worker-cs-7	Label-A	2000
1	baseline	worker-cs-7	Label-B	1999
1	baseline	worker-cs-7	Label-A	2000
1	baseline	worker-cs-7	Label-C	45000
1	baseline	worker-cs-7	Label-A	2000
1	baseline	worker-cs-7	Label-C	45000
1	baseline	worker-cs-7	Label-A	2000
1	baseline	worker-cs-7	Label-A	45000
1	baseline	worker-cs-7	Label-B	2000
1	baseline	worker-cs-7	Label-C	2000
1	baseline	worker-cs-7	Label-B	1999
1	baseline	worker-cs-7	Label-A	1999
1	baseline	worker-cs-7	Label-B	2000
1	baseline	worker-cs-7	Label-D	180000
1	baseline	worker-cs-7	Label-A	2000
1	baseline	worker-cs-7	Label-C	1999
1	baseline	worker-cs-7	Label-A	1999
1	baseline	worker-cs-7	Label-C	2000
1	baseline	worker-cs-7	Label-C	2000
1	baseline	worker-cs-7	Label-A	45000
1	baseline	worker-cs-7	Label-C	45000
1	baseline	worker-cs-7	Label-E	180000
1	baseline	worker-cs-7	Label-B	45000
1	baseline	worker-cs-7	Label-B	2000
1	baseline	worker-cs-7	Label-A	44999
1	baseline	worker-cs-7	Label-C	1999
1	baseline	worker-cs-7	Label-C	45000
1	baseline	worker-cs-7	Label-B	2000
1	baseline	worker-cs-7	Label-A	1999
1	baseline	worker-cs-7	Label-D	179999
1	baseline	worker-cs-7	Label-C	1999
1	baseline	worker-cs-7	Label-B	2000
1	baseline	worker-cs-7	Label-A	2000
1	baseline	worker-cs-7	Label-C	2000
1	baseline	worker-cs-7	Label-C	1999
1	baseline	worker-cs-7	Label-B	2000
1	baseline	worker-cs-7	Label-C	1999
1	baseline	worker-cs-7	Label-A	2001
1	baseline	worker-cs-7	Label-A	1999
1	baseline	worker-cs-7	Label-E	180000
1	baseline	worker-cs-7	Label-C	2001
1	baseline	worker-cs-7	Label-B	1999
1	baseline	worker-cs-7	Label-A	2000
1	baseline	worker-cs-7	Label-A	2000
1	baseline	worker-cs-7	Label-D	1999
1	baseline	worker-cs-7	Label-A	2000
1	baseline	worker-cs-7	Label-C	2000
1	baseline	worker-cs-7	Label-C	1999
1	baseline	worker-cs-7	Label-B	2000
1	baseline	worker-cs-7	Label-B	2000
1	baseline	worker-cs-7	Label-A	1999
1	baseline	worker-cs-7	Label-C	2000
1	baseline	worker-cs-7	Label-D	180000
1	baseline	worker-cs-7	Label-C	2000
1	baseline	worker-cs-7	Label-A	1999
1	baseline	worker-cs-7	Label-A	2000
1	baseline	worker-cs-7	Label-A	2000
1	baseline	worker-cs-7	Label-A	1999
1	baseline	worker-cs-7	Label-B	2000
1	baseline	worker-cs-7	Label-C	1999
1	baseline	worker-cs-7	Label-A	2000
1	baseline	worker-cs-7	Label-C	2001
1	baseline	worker-cs-7	Label-B	2000
1	baseline	worker-cs-7	Label-E	179999
1	baseline	worker-cs-7	Label-B	2000
1	baseline	worker-cs-7	Label-C	2000
1	baseline	worker-cs-7	Label-B	2000
1	baseline	worker-cs-8	Label-D	2000
1	baseline	worker-cs-8	Label-C	45000
1	baseline	worker-cs-8	Label-B	2000
1	baseline	worker-cs-8	Label-A	2001
1	baseline	worker-cs-8	Label-A	1999
1	baseline	worker-cs-8	Label-B	1999
1	baseline	worker-cs-8	Label-B	2000
1	baseline	worker-cs-8	Label-D	179999
1	baseline	worker-cs-8	Label-B	1999
1	baseline	worker-cs-8	Label-B	2000
1	baseline	worker-cs-8	Label-C	2000
1	baseline	worker-cs-8	Label-B	2000
1	baseline	worker-cs-8	Label-B	2000
1	baseline	worker-cs-8	Label-B	2000
1	baseline	worker-cs-8	Label-A	1999
1	baseline	worker-cs-8	Label-A	1999
1	baseline	worker-cs-8	Label-D	2000
1	baseline	worker-cs-8	Label-C	1999
1	baseline	worker-cs-8	Label-B	2000
1	baseline	worker-cs-8	Label-B	2000
1	baseline	worker-cs-8	Label-A	2000
1	baseline	worker-cs-8	Label-A	2000
1	baseline	worker-cs-8	Label-B	2000
1	baseline	worker-cs-8	Label-A	2000
1	baseline	worker-cs-8	Label-A	2000
1	baseline	worker-cs-8	Label-C	1999
1	baseline	worker-cs-8	Label-A	2000
1	baseline	worker-cs-8	Label-C	2000
1	baseline	worker-cs-8	Label-C	2000
1	baseline	worker-cs-8	Label-C	2000
1	baseline	worker-cs-8	Label-B	2000
1	baseline	worker-cs-8	Label-A	2000
1	baseline	worker-cs-8	Label-B	2000
1	baseline	worker-cs-8	Label-E	180000
1	baseline	worker-cs-8	Label-A	2000
1	baseline	worker-cs-8	Label-B	2001
1	baseline	worker-cs-8	Label-A	2000
1	baseline	worker-cs-8	Label-A	2000
1	baseline	worker-cs-8	Label-B	1999
1	baseline	worker-cs-8	Label-A	2000
1	baseline	worker-cs-8	Label-B	2000
1	baseline	worker-cs-8	Label-A	2000
1	baseline	worker-cs-8	Label-A	2000
1	baseline	worker-cs-8	Label-C	2000
1	baseline	worker-cs-8	Label-A	1999
1	baseline	worker-cs-8	Label-A	1999
1	baseline	worker-cs-8	Label-A	2000
1	baseline	worker-cs-8	Label-A	2001
1	baseline	worker-cs-8	Label-A	2000
1	baseline	worker-cs-8	Label-A	1999
1	baseline	worker-cs-8	Label-A	2000
1	baseline	worker-cs-8	Label-C	1999
1	baseline	worker-cs-8	Label-E	1999
1	baseline	worker-cs-8	Label-B	2000
1	baseline	worker-cs-8	Label-A	2000
1	baseline	worker-cs-8	Label-A	2000
1	baseline	worker-cs-8	Label-B	2000
1	baseline	worker-cs-8	Label-A	1999
1	baseline	worker-cs-8	Label-A	2000
1	baseline	worker-cs-8	Label-C	1999
1	baseline	worker-cs-8	Label-B	2000
1	baseline	worker-cs-8	Label-A	1999
1	baseline	worker-cs-8	Label-C	2000
1	baseline	worker-cs-8	Label-A	1999
1	baseline	worker-cs-8	Label-C	2000
1	baseline	worker-cs-8	Label-A	1999
1	baseline	worker-cs-8	Label-A	2000
1	baseline	worker-cs-8	Label-A	2000
1	baseline	worker-cs-8	Label-A	2000
1	baseline	worker-cs-8	Label-A	1999
1	baseline	worker-cs-8	Label-B	1999
1	baseline	worker-cs-8	Label-B	1999
1	baseline	worker-cs-8	Label-A	2000
1	baseline	worker-cs-8	Label-A	1999
1	baseline	worker-cs-8	Label-B	2000
1	baseline	worker-cs-8	Label-A	1999
1	baseline	worker-cs-8	Label-A	2000
1	baseline	worker-cs-8	Label-D	180000
1	baseline	worker-cs-8	Label-B	2000
1	baseline	worker-cs-8	Label-C	2000
1	baseline	worker-cs-8	Label-B	2000
1	baseline	worker-cs-8	Label-D	1999
1	baseline	worker-cs-8	Label-B	1999
1	baseline	worker-cs-8	Label-D	2001
1	baseline	worker-cs-8	Label-D	2000
1	baseline	worker-cs-8	Label-C	2000
1	baseline	worker-cs-8	Label-A	2000
1	baseline	worker-cs-8	Label-C	1999
1	baseline	worker-cs-8	Label-B	2000
1	baseline	worker-cs-8	Label-B	2000
1	baseline	worker-cs-8	Label-A	1999
1	baseline	worker-cs-8	Label-C	1999
1	baseline	worker-cs-8	Label-C	1999
1	baseline	worker-cs-8	Label-B	1999
1	baseline	worker-cs-8	Label-A	2000
1	baseline	worker-cs-8	Label-B	1999
1	baseline	worker-cs-8	Label-A	2000
1	baseline	worker-cs-8	Label-A	2000
1	baseline	worker-cs-8	Label-C	2000
1	baseline	worker-cs-8	Label-A	2000
1	baseline	worker-cs-8	Label-A	2000
1	baseline	worker-cs-8	Label-A	2000
1	baseline	worker-cs-9	Label-A	2002
1	baseline	worker-cs-9	Label-A	1999
1	baseline	worker-cs-9	Label-B	1999
1	baseline	worker-cs-9	Label-B	1999
1	baseline	worker-cs-9	Label-B	1999
1	baseline	worker-cs-9	Label-C	1999
1	baseline	worker-cs-9	Label-A	2000
1	baseline	worker-cs-9	Label-C	2000
1	baseline	worker-cs-9	Label-B	2000
1	baseline	worker-cs-9	Label-B	2000
1	baseline	worker-cs-9	Label-C	2000
1	baseline	worker-cs-9	Label-B	1999
1	baseline	worker-cs-9	Label-A	2000
1	baseline	worker-cs-9	Label-A	2000
1	baseline	worker-cs-9	Label-B	1999
1	baseline	worker-cs-9	Label-B	2000
1	baseline	worker-cs-9	Label-A	1999
1	baseline	worker-cs-9	Label-A	2000
1	baseline	worker-cs-9	Label-B	2000
1	baseline	worker-cs-9	Label-A	2000
1	baseline	worker-cs-9	Label-A	1999
1	baseline	worker-cs-9	Label-B	2000
1	baseline	worker-cs-9	Label-B	1999
1	baseline	worker-cs-9	Label-A	45000
1	baseline	worker-cs-9	Label-C	1999
1	baseline	worker-cs-9	Label-C	2000
1	baseline	worker-cs-9	Label-C	45000
1	baseline	worker-cs-9	Label-A	2000
1	baseline	worker-cs-9	Label-A	2000
1	baseline	worker-cs-9	Label-A	44999
1	baseline	worker-cs-9	Label-E	179999
1	baseline	worker-cs-9	Label-A	2000
1	baseline	worker-cs-9	Label-A	1999
1	baseline	worker-cs-9	Label-A	1999
1	baseline	worker-cs-9	Label-A	2000
1	baseline	worker-cs-9	Label-A	2003
1	baseline	worker-cs-9	Label-D	2000
1	baseline	worker-cs-9	Label-A	1999
1	baseline	worker-cs-9	Label-C	45000
1	baseline	worker-cs-9	Label-A	1999
1	baseline	worker-cs-9	Label-A	45000
1	baseline	worker-cs-9	Label-A	2000
1	baseline	worker-cs-9	Label-D	2000
1	baseline	worker-cs-9	Label-A	2000
1	baseline	worker-cs-9	Label-D	180000
1	baseline	worker-cs-9	Label-A	2000
1	baseline	worker-cs-9	Label-B	2000
1	baseline	worker-cs-9	Label-A	2000
1	baseline	worker-cs-9	Label-D	2000
1	baseline	worker-cs-9	Label-C	2000
1	baseline	worker-cs-9	Label-C	2000
1	baseline	worker-cs-9	Label-A	2000
1	baseline	worker-cs-9	Label-A	45000
1	baseline	worker-cs-9	Label-C	45000
1	baseline	worker-cs-9	Label-E	1999
1	baseline	worker-cs-9	Label-A	2000
1	baseline	worker-cs-9	Label-A	45000
1	baseline	worker-cs-9	Label-D	1999
1	baseline	worker-cs-9	Label-D	1999
1	baseline	worker-cs-9	Label-E	180000
1	baseline	worker-cs-9	Label-D	180001
1	baseline	worker-cs-9	Label-D	1999
1	baseline	worker-cs-9	Label-A	1999
1	baseline	worker-cs-9	Label-A	44999
1	baseline	worker-cs-9	Label-A	2000
1	baseline	worker-cs-9	Label-B	44999
1	baseline	worker-cs-9	Label-A	45001
1	baseline	worker-cs-9	Label-A	45000
1	baseline	worker-cs-9	Label-C	45001
1	baseline	worker-cs-9	Label-B	2000
1	baseline	worker-cs-9	Label-B	45000
1	baseline	worker-cs-9	Label-E	179999
1	baseline	worker-cs-9	Label-A	1999
1	baseline	worker-cs-9	Label-A	45000
1	baseline	worker-cs-9	Label-D	2000
1	baseline	worker-cs-9	Label-D	2000
1	baseline	worker-cs-9	Label-C	44999
1	baseline	worker-cs-9	Label-D	179999
1	baseline	worker-cs-9	Label-A	1999
1	baseline	worker-cs-9	Label-A	2000
1	baseline	worker-cs-9	Label-A	2000
1	baseline	worker-cs-9	Label-B	45000
1	baseline	worker-cs-9	Label-A	1999
1	baseline	worker-cs-9	Label-C	45001
1	baseline	worker-cs-9	Label-A	2000
1	baseline	worker-cs-9	Label-C	2000
1	baseline	worker-cs-9	Label-B	2000
1	baseline	worker-cs-9	Label-A	2000
1	baseline	worker-cs-9	Label-A	1999
1	baseline	worker-cs-9	Label-C	2000
1	baseline	worker-cs-9	Label-A	1999
1	baseline	worker-cs-9	Label-C	2000
1	baseline	worker-cs-9	Label-C	1999
1	baseline	worker-cs-9	Label-A	1999
1	baseline	worker-cs-9	Label-A	2000
1	baseline	worker-cs-9	Label-B	2001
1	baseline	worker-cs-9	Label-A	1999
1	baseline	worker-cs-9	Label-B	1999
1	baseline	worker-cs-9	Label-A	1999
2	baseline	worker-cs-0	Label-A	2000
2	baseline	worker-cs-0	Label-A	2000
2	baseline	worker-cs-0	Label-A	1999
2	baseline	worker-cs-0	Label-C	1999
2	baseline	worker-cs-0	Label-A	1999
2	baseline	worker-cs-0	Label-A	2000
2	baseline	worker-cs-0	Label-A	2000
2	baseline	worker-cs-0	Label-A	2000
2	baseline	worker-cs-0	Label-C	2000
2	baseline	worker-cs-0	Label-A	1999
2	baseline	worker-cs-0	Label-B	2000
2	baseline	worker-cs-0	Label-B	2000
2	baseline	worker-cs-0	Label-C	2000
2	baseline	worker-cs-0	Label-D	2000
2	baseline	worker-cs-0	Label-A	2000
2	baseline	worker-cs-0	Label-D	2000
2	baseline	worker-cs-0	Label-C	1999
2	baseline	worker-cs-0	Label-B	1999
2	baseline	worker-cs-0	Label-A	1999
2	baseline	worker-cs-0	Label-C	2000
2	baseline	worker-cs-0	Label-D	2000
2	baseline	worker-cs-0	Label-B	2000
2	baseline	worker-cs-0	Label-A	2000
2	baseline	worker-cs-0	Label-A	1999
2	baseline	worker-cs-0	Label-D	1999
2	baseline	worker-cs-0	Label-C	2000
2	baseline	worker-cs-0	Label-A	2000
2	baseline	worker-cs-0	Label-A	2000
2	baseline	worker-cs-0	Label-B	2000
2	baseline	worker-cs-0	Label-B	1999
2	baseline	worker-cs-0	Label-A	2000
2	baseline	worker-cs-0	Label-B	2000
2	baseline	worker-cs-0	Label-A	1999
2	baseline	worker-cs-0	Label-B	1999
2	baseline	worker-cs-0	Label-B	2000
2	baseline	worker-cs-0	Label-B	2000
2	baseline	worker-cs-0	Label-C	2000
2	baseline	worker-cs-0	Label-A	2000
2	baseline	worker-cs-0	Label-C	2000
2	baseline	worker-cs-0	Label-A	2000
2	baseline	worker-cs-0	Label-C	2000
2	baseline	worker-cs-0	Label-D	2001
2	baseline	worker-cs-0	Label-B	2000
2	baseline	worker-cs-0	Label-C	2000
2	baseline	worker-cs-0	Label-A	1999
2	baseline	worker-cs-0	Label-A	1999
2	baseline	worker-cs-0	Label-A	1999
2	baseline	worker-cs-0	Label-B	2000
2	baseline	worker-cs-0	Label-A	1999
2	baseline	worker-cs-0	Label-C	2000
2	baseline	worker-cs-0	Label-A	2000
2	baseline	worker-cs-0	Label-A	2000
2	baseline	worker-cs-0	Label-A	2000
2	baseline	worker-cs-0	Label-A	1999
2	baseline	worker-cs-0	Label-A	1999
2	baseline	worker-cs-0	Label-D	2000
2	baseline	worker-cs-0	Label-A	2000
2	baseline	worker-cs-0	Label-B	1999
2	baseline	worker-cs-0	Label-A	2000
2	baseline	worker-cs-0	Label-A	2000
2	baseline	worker-cs-0	Label-A	2000
2	baseline	worker-cs-0	Label-A	1999
2	baseline	worker-cs-0	Label-A	1999
2	baseline	worker-cs-0	Label-C	1999
2	baseline	worker-cs-0	Label-B	2000
2	baseline	worker-cs-0	Label-B	2001
2	baseline	worker-cs-0	Label-B	2000
2	baseline	worker-cs-0	Label-C	2000
2	baseline	worker-cs-0	Label-C	2000
2	baseline	worker-cs-0	Label-B	2000
2	baseline	worker-cs-0	Label-B	2000
2	baseline	worker-cs-0	Label-A	1999
2	baseline	worker-cs-0	Label-C	1999
2	baseline	worker-cs-0	Label-C	2000
2	baseline	worker-cs-0	Label-C	2000
2	baseline	worker-cs-0	Label-C	2001
2	baseline	worker-cs-0	Label-A	1999
2	baseline	worker-cs-0	Label-A	2000
2	baseline	worker-cs-0	Label-A	2000
2	baseline	worker-cs-0	Label-C	2000
2	baseline	worker-cs-0	Label-C	2000
2	baseline	worker-cs-0	Label-C	2000
2	baseline	worker-cs-0	Label-A	45000
2	baseline	worker-cs-0	Label-C	44999
2	baseline	worker-cs-0	Label-E	180000
2	baseline	worker-cs-0	Label-D	2000
2	baseline	worker-cs-0	Label-B	2000
2	baseline	worker-cs-0	Label-B	45000
2	baseline	worker-cs-0	Label-B	2000
2	baseline	worker-cs-0	Label-B	1999
2	baseline	worker-cs-0	Label-D	179999
2	baseline	worker-cs-0	Label-A	44999
2	baseline	worker-cs-0	Label-C	45000
2	baseline	worker-cs-0	Label-C	2000
2	baseline	worker-cs-0	Label-C	1999
2	baseline	worker-cs-0	Label-A	44999
2	baseline	worker-cs-0	Label-B	2000
2	baseline	worker-cs-0	Label-A	2000
2	baseline	worker-cs-10	Label-C	2000
2	baseline	worker-cs-10	Label-C	1999
2	baseline	worker-cs-10	Label-B	1999
2	baseline	worker-cs-10	Label-A	2000
2	baseline	worker-cs-10	Label-A	2000
2	baseline	worker-cs-10	Label-B	2001
2	baseline	worker-cs-10	Label-A	1999
2	baseline	worker-cs-10	Label-B	2000
2	baseline	worker-cs-10	Label-A	2000
2	baseline	worker-cs-10	Label-E	180000
2	baseline	worker-cs-10	Label-A	1999
2	baseline	worker-cs-10	Label-C	2000
2	baseline	worker-cs-10	Label-C	2000
2	baseline	worker-cs-10	Label-A	2001
2	baseline	worker-cs-10	Label-A	2000
2	baseline	worker-cs-10	Label-A	1999
2	baseline	worker-cs-10	Label-B	1999
2	baseline	worker-cs-10	Label-B	2000
2	baseline	worker-cs-10	Label-A	2000
2	baseline	worker-cs-10	Label-B	2000
2	baseline	worker-cs-10	Label-B	1999
2	baseline	worker-cs-10	Label-C	1999
2	baseline	worker-cs-10	Label-A	1999
2	baseline	worker-cs-10	Label-B	2001
2	baseline	worker-cs-10	Label-A	2001
2	baseline	worker-cs-10	Label-B	1999
2	baseline	worker-cs-10	Label-B	2000
2	baseline	worker-cs-10	Label-A	2000
2	baseline	worker-cs-10	Label-A	1999
2	baseline	worker-cs-10	Label-A	1999
2	baseline	worker-cs-10	Label-B	2001
2	baseline	worker-cs-10	Label-B	2000
2	baseline	worker-cs-10	Label-A	2000
2	baseline	worker-cs-10	Label-A	2000
2	baseline	worker-cs-10	Label-C	2000
2	baseline	worker-cs-10	Label-C	1999
2	baseline	worker-cs-10	Label-C	2000
2	baseline	worker-cs-10	Label-B	2000
2	baseline	worker-cs-10	Label-A	2000
2	baseline	worker-cs-10	Label-A	2000
2	baseline	worker-cs-10	Label-B	1999
2	baseline	worker-cs-10	Label-A	2000
2	baseline	worker-cs-10	Label-B	2000
2	baseline	worker-cs-10	Label-B	2000
2	baseline	worker-cs-10	Label-A	2000
2	baseline	worker-cs-10	Label-A	1999
2	baseline	worker-cs-10	Label-C	2000
2	baseline	worker-cs-10	Label-A	1999
2	baseline	worker-cs-10	Label-A	2000
2	baseline	worker-cs-10	Label-C	1999
2	baseline	worker-cs-10	Label-B	1999
2	baseline	worker-cs-10	Label-B	2000
2	baseline	worker-cs-10	Label-C	1999
2	baseline	worker-cs-10	Label-A	1999
2	baseline	worker-cs-10	Label-C	2001
2	baseline	worker-cs-10	Label-C	1999
2	baseline	worker-cs-10	Label-B	1999
2	baseline	worker-cs-10	Label-E	2001
2	baseline	worker-cs-10	Label-B	44999
2	baseline	worker-cs-10	Label-A	2000
2	baseline	worker-cs-10	Label-A	45000
2	baseline	worker-cs-10	Label-B	45000
2	baseline	worker-cs-10	Label-D	179999
2	baseline	worker-cs-10	Label-A	1999
2	baseline	worker-cs-10	Label-A	2000
2	baseline	worker-cs-10	Label-A	45000
2	baseline	worker-cs-10	Label-A	2000
2	baseline	worker-cs-10	Label-E	180000
2	baseline	worker-cs-10	Label-A	2000
2	baseline	worker-cs-10	Label-B	45000
2	baseline	worker-cs-10	Label-A	2000
2	baseline	worker-cs-10	Label-B	2000
2	baseline	worker-cs-10	Label-A	1999
2	baseline	worker-cs-10	Label-B	2000
2	baseline	worker-cs-10	Label-A	1999
2	baseline	worker-cs-10	Label-B	2000
2	baseline	worker-cs-10	Label-D	1999
2	baseline	worker-cs-10	Label-B	2000
2	baseline	worker-cs-10	Label-D	180000
2	baseline	worker-cs-10	Label-A	2000
2	baseline	worker-cs-10	Label-A	2000
2	baseline	worker-cs-10	Label-B	1999
2	baseline	worker-cs-10	Label-A	2000
2	baseline	worker-cs-10	Label-A	2000
2	baseline	worker-cs-10	Label-B	2000
2	baseline	worker-cs-10	Label-C	44999
2	baseline	worker-cs-10	Label-A	2000
2	baseline	worker-cs-10	Label-B	1999
2	baseline	worker-cs-10	Label-A	2000
2	baseline	worker-cs-10	Label-B	1999
2	baseline	worker-cs-10	Label-B	2000
2	baseline	worker-cs-10	Label-A	2000
2	baseline	worker-cs-10	Label-A	2000
2	baseline	worker-cs-10	Label-C	2000
2	baseline	worker-cs-10	Label-B	45000
2	baseline	worker-cs-10	Label-B	1999
2	baseline	worker-cs-10	Label-C	45000
2	baseline	worker-cs-11	Label-A	2000
2	baseline	worker-cs-11	Label-C	2000
2	baseline	worker-cs-11	Label-C	1999
2	baseline	worker-cs-11	Label-A	2000
2	baseline	worker-cs-11	Label-A	1999
2	baseline	worker-cs-11	Label-D	2000
2	baseline	worker-cs-11	Label-B	1999
2	baseline	worker-cs-11	Label-D	1999
2	baseline	worker-cs-11	Label-B	2000
2	baseline	worker-cs-11	Label-D	180000
2	baseline	worker-cs-11	Label-C	1999
2	baseline	worker-cs-11	Label-B	1999
2	baseline	worker-cs-11	Label-C	2000
2	baseline	worker-cs-11	Label-B	2000
2	baseline	worker-cs-11	Label-B	2000
2	baseline	worker-cs-11	Label-A	2000
2	baseline	worker-cs-11	Label-B	1999
2	baseline	worker-cs-11	Label-A	2000
2	baseline	worker-cs-11	Label-B	2000
2	baseline	worker-cs-11	Label-C	1999
2	baseline	worker-cs-11	Label-C	2000
2	baseline	worker-cs-11	Label-C	2001
2	baseline	worker-cs-11	Label-C	2000
2	baseline	worker-cs-11	Label-A	2000
2	baseline	worker-cs-11	Label-B	2000
2	baseline	worker-cs-11	Label-D	2000
2	baseline	worker-cs-11	Label-B	2000
2	baseline	worker-cs-11	Label-B	1999
2	baseline	worker-cs-11	Label-A	1999
2	baseline	worker-cs-11	Label-C	2000
2	baseline	worker-cs-11	Label-A	2000
2	baseline	worker-cs-11	Label-A	1999
2	baseline	worker-cs-11	Label-A	2000
2	baseline	worker-cs-11	Label-B	2000
2	baseline	worker-cs-11	Label-B	2000
2	baseline	worker-cs-11	Label-A	1999
2	baseline	worker-cs-11	Label-C	1999
2	baseline	worker-cs-11	Label-B	1999
2	baseline	worker-cs-11	Label-A	2001
2	baseline	worker-cs-11	Label-C	2000
2	baseline	worker-cs-11	Label-A	2000
2	baseline	worker-cs-11	Label-B	2000
2	baseline	worker-cs-11	Label-A	1999
2	baseline	worker-cs-11	Label-B	2000
2	baseline	worker-cs-11	Label-C	2000
2	baseline	worker-cs-11	Label-B	1999
2	baseline	worker-cs-11	Label-A	1999
2	baseline	worker-cs-11	Label-B	1999
2	baseline	worker-cs-11	Label-B	1999
2	baseline	worker-cs-11	Label-C	1999
2	baseline	worker-cs-11	Label-A	2000
2	baseline	worker-cs-11	Label-B	2000
2	baseline	worker-cs-11	Label-B	2000
2	baseline	worker-cs-11	Label-A	2000
2	baseline	worker-cs-11	Label-B	2000
2	baseline	worker-cs-11	Label-A	1999
2	baseline	worker-cs-11	Label-A	2000
2	baseline	worker-cs-11	Label-C	2000
2	baseline	worker-cs-11	Label-C	1999
2	baseline	worker-cs-11	Label-C	1999
2	baseline	worker-cs-11	Label-C	2000
2	baseline	worker-cs-11	Label-A	1999
2	baseline	worker-cs-11	Label-A	1999
2	baseline	worker-cs-11	Label-A	2000
2	baseline	worker-cs-11	Label-B	1999
2	baseline	worker-cs-11	Label-A	2000
2	baseline	worker-cs-11	Label-A	2000
2	baseline	worker-cs-11	Label-A	2000
2	baseline	worker-cs-11	Label-A	1999
2	baseline	worker-cs-11	Label-A	1999
2	baseline	worker-cs-11	Label-B	2000
2	baseline	worker-cs-11	Label-C	2000
2	baseline	worker-cs-11	Label-B	2000
2	baseline	worker-cs-11	Label-A	1999
2	baseline	worker-cs-11	Label-C	2000
2	baseline	worker-cs-11	Label-B	2001
2	baseline	worker-cs-11	Label-B	1999
2	baseline	worker-cs-11	Label-B	2000
2	baseline	worker-cs-11	Label-A	2000
2	baseline	worker-cs-11	Label-A	1999
2	baseline	worker-cs-11	Label-A	2000
2	baseline	worker-cs-11	Label-B	2000
2	baseline	worker-cs-11	Label-A	2000
2	baseline	worker-cs-11	Label-C	2000
2	baseline	worker-cs-11	Label-A	2000
2	baseline	worker-cs-11	Label-A	2000
2	baseline	worker-cs-11	Label-A	2001
2	baseline	worker-cs-11	Label-C	2000
2	baseline	worker-cs-11	Label-A	1999
2	baseline	worker-cs-11	Label-A	2000
2	baseline	worker-cs-11	Label-B	2000
2	baseline	worker-cs-11	Label-C	2000
2	baseline	worker-cs-11	Label-A	1999
2	baseline	worker-cs-11	Label-D	2000
2	baseline	worker-cs-11	Label-D	1999
2	baseline	worker-cs-11	Label-B	1999
2	baseline	worker-cs-11	Label-B	1999
2	baseline	worker-cs-11	Label-B	1999
2	baseline	worker-cs-11	Label-B	2000
2	baseline	worker-cs-11	Label-A	2000
2	baseline	worker-cs-12	Label-B	2000
2	baseline	worker-cs-12	Label-B	2001
2	baseline	worker-cs-12	Label-B	2000
2	baseline	worker-cs-12	Label-B	2000
2	baseline	worker-cs-12	Label-B	2000
2	baseline	worker-cs-12	Label-B	1999
2	baseline	worker-cs-12	Label-A	2000
2	baseline	worker-cs-12	Label-B	2000
2	baseline	worker-cs-12	Label-B	2000
2	baseline	worker-cs-12	Label-C	2000
2	baseline	worker-cs-12	Label-A	2000
2	baseline	worker-cs-12	Label-A	1999
2	baseline	worker-cs-12	Label-A	1999
2	baseline	worker-cs-12	Label-B	2000
2	baseline	worker-cs-12	Label-A	2000
2	baseline	worker-cs-12	Label-B	2001
2	baseline	worker-cs-12	Label-A	2000
2	baseline	worker-cs-12	Label-B	1999
2	baseline	worker-cs-12	Label-A	2000
2	baseline	worker-cs-12	Label-A	1999
2	baseline	worker-cs-12	Label-C	2000
2	baseline	worker-cs-12	Label-A	2001
2	baseline	worker-cs-12	Label-B	1999
2	baseline	worker-cs-12	Label-C	1999
2	baseline	worker-cs-12	Label-A	1999
2	baseline	worker-cs-12	Label-C	2001
2	baseline	worker-cs-12	Label-E	180000
2	baseline	worker-cs-12	Label-C	2000
2	baseline	worker-cs-12	Label-C	44999
2	baseline	worker-cs-12	Label-C	2000
2	baseline	worker-cs-12	Label-B	45000
2	baseline	worker-cs-12	Label-C	2000
2	baseline	worker-cs-12	Label-B	2000
2	baseline	worker-cs-12	Label-A	45000
2	baseline	worker-cs-12	Label-C	2000
2	baseline	worker-cs-12	Label-A	2000
2	baseline	worker-cs-12	Label-D	180000
2	baseline	worker-cs-12	Label-B	1999
2	baseline	worker-cs-12	Label-A	1999
2	baseline	worker-cs-12	Label-A	2000
2	baseline	worker-cs-12	Label-A	2000
2	baseline	worker-cs-12	Label-A	1999
2	baseline	worker-cs-12	Label-B	2000
2	baseline	worker-cs-12	Label-A	2000
2	baseline	worker-cs-12	Label-B	1999
2	baseline	worker-cs-12	Label-B	2000
2	baseline	worker-cs-12	Label-A	1999
2	baseline	worker-cs-12	Label-A	1999
2	baseline	worker-cs-12	Label-D	2000
2	baseline	worker-cs-12	Label-C	1999
2	baseline	worker-cs-12	Label-A	2000
2	baseline	worker-cs-12	Label-A	2000
2	baseline	worker-cs-12	Label-A	2000
2	baseline	worker-cs-12	Label-A	1999
2	baseline	worker-cs-12	Label-A	1999
2	baseline	worker-cs-12	Label-B	2000
2	baseline	worker-cs-12	Label-A	2000
2	baseline	worker-cs-12	Label-B	2000
2	baseline	worker-cs-12	Label-A	2000
2	baseline	worker-cs-12	Label-C	1999
2	baseline	worker-cs-12	Label-A	2000
2	baseline	worker-cs-12	Label-A	2000
2	baseline	worker-cs-12	Label-A	1999
2	baseline	worker-cs-12	Label-A	1999
2	baseline	worker-cs-12	Label-D	2000
2	baseline	worker-cs-12	Label-C	2001
2	baseline	worker-cs-12	Label-A	2000
2	baseline	worker-cs-12	Label-C	1999
2	baseline	worker-cs-12	Label-A	1999
2	baseline	worker-cs-12	Label-B	2000
2	baseline	worker-cs-12	Label-C	2000
2	baseline	worker-cs-12	Label-B	2000
2	baseline	worker-cs-12	Label-A	2000
2	baseline	worker-cs-12	Label-A	2000
2	baseline	worker-cs-12	Label-C	1999
2	baseline	worker-cs-12	Label-A	2000
2	baseline	worker-cs-12	Label-C	2000
2	baseline	worker-cs-12	Label-C	2000
2	baseline	worker-cs-12	Label-C	2000
2	baseline	worker-cs-12	Label-D	1999
2	baseline	worker-cs-12	Label-A	2000
2	baseline	worker-cs-12	Label-B	2000
2	baseline	worker-cs-12	Label-A	1999
2	baseline	worker-cs-12	Label-A	2000
2	baseline	worker-cs-12	Label-A	2000
2	baseline	worker-cs-12	Label-B	1999
2	baseline	worker-cs-12	Label-B	2000
2	baseline	worker-cs-12	Label-A	2000
2	baseline	worker-cs-12	Label-A	2000
2	baseline	worker-cs-12	Label-A	1999
2	baseline	worker-cs-12	Label-B	1999
2	baseline	worker-cs-12	Label-D	2000
2	baseline	worker-cs-12	Label-A	2000
2	baseline	worker-cs-12	Label-A	2000
2	baseline	worker-cs-12	Label-D	2000
2	baseline	worker-cs-12	Label-A	2000
2	baseline	worker-cs-12	Label-B	1999
2	baseline	worker-cs-12	Label-D	2000
2	baseline	worker-cs-12	Label-A	2000
2	baseline	worker-cs-12	Label-A	2001
2	baseline	worker-cs-13	Label-B	2000
2	baseline	worker-cs-13	Label-A	2001
2	baseline	worker-cs-13	Label-C	2000
2	baseline	worker-cs-13	Label-B	1999
2	baseline	worker-cs-13	Label-A	2000
2	baseline	worker-cs-13	Label-A	2000
2	baseline	worker-cs-13	Label-B	1999
2	baseline	worker-cs-13	Label-A	2000
2	baseline	worker-cs-13	Label-B	2000
2	baseline	worker-cs-13	Label-D	180000
2	baseline	worker-cs-13	Label-C	2000
2	baseline	worker-cs-13	Label-A	2000
2	baseline	worker-cs-13	Label-A	2000
2	baseline	worker-cs-13	Label-B	2000
2	baseline	worker-cs-13	Label-C	2000
2	baseline	worker-cs-13	Label-A	2000
2	baseline	worker-cs-13	Label-A	2000
2	baseline	worker-cs-13	Label-B	1999
2	baseline	worker-cs-13	Label-A	2000
2	baseline	worker-cs-13	Label-B	2000
2	baseline	worker-cs-13	Label-B	1999
2	baseline	worker-cs-13	Label-B	2000
2	baseline	worker-cs-13	Label-A	1999
2	baseline	worker-cs-13	Label-B	2000
2	baseline	worker-cs-13	Label-A	2001
2	baseline	worker-cs-13	Label-C	2001
2	baseline	worker-cs-13	Label-C	2000
2	baseline	worker-cs-13	Label-D	2000
2	baseline	worker-cs-13	Label-A	2000
2	baseline	worker-cs-13	Label-A	1999
2	baseline	worker-cs-13	Label-C	2000
2	baseline	worker-cs-13	Label-A	1999
2	baseline	worker-cs-13	Label-B	1999
2	baseline	worker-cs-13	Label-C	1999
2	baseline	worker-cs-13	Label-C	2000
2	baseline	worker-cs-13	Label-B	1999
2	baseline	worker-cs-13	Label-B	2000
2	baseline	worker-cs-13	Label-A	2000
2	baseline	worker-cs-13	Label-A	2000
2	baseline	worker-cs-13	Label-C	2000
2	baseline	worker-cs-13	Label-A	2000
2	baseline	worker-cs-13	Label-B	2000
2	baseline	worker-cs-13	Label-C	2000
2	baseline	worker-cs-13	Label-B	2000
2	baseline	worker-cs-13	Label-B	2000
2	baseline	worker-cs-13	Label-C	2000
2	baseline	worker-cs-13	Label-C	2000
2	baseline	worker-cs-13	Label-C	2000
2	baseline	worker-cs-13	Label-E	180000
2	baseline	worker-cs-13	Label-A	2000
2	baseline	worker-cs-13	Label-B	2001
2	baseline	worker-cs-13	Label-B	2000
2	baseline	worker-cs-13	Label-C	1999
2	baseline	worker-cs-13	Label-C	2000
2	baseline	worker-cs-13	Label-A	1999
2	baseline	worker-cs-13	Label-A	2000
2	baseline	worker-cs-13	Label-B	1999
2	baseline	worker-cs-13	Label-A	2000
2	baseline	worker-cs-13	Label-B	2000
2	baseline	worker-cs-13	Label-C	1999
2	baseline	worker-cs-13	Label-B	2000
2	baseline	worker-cs-13	Label-A	2000
2	baseline	worker-cs-13	Label-B	2000
2	baseline	worker-cs-13	Label-A	1999
2	baseline	worker-cs-13	Label-C	2000
2	baseline	worker-cs-13	Label-D	2002
2	baseline	worker-cs-13	Label-A	2000
2	baseline	worker-cs-13	Label-C	2000
2	baseline	worker-cs-13	Label-D	180000
2	baseline	worker-cs-13	Label-A	2000
2	baseline	worker-cs-13	Label-C	2000
2	baseline	worker-cs-13	Label-A	2000
2	baseline	worker-cs-13	Label-A	2000
2	baseline	worker-cs-13	Label-A	2000
2	baseline	worker-cs-13	Label-A	2000
2	baseline	worker-cs-13	Label-C	2000
2	baseline	worker-cs-13	Label-A	2001
2	baseline	worker-cs-13	Label-A	1999
2	baseline	worker-cs-13	Label-D	2000
2	baseline	worker-cs-13	Label-A	2000
2	baseline	worker-cs-13	Label-D	2000
2	baseline	worker-cs-13	Label-D	1999
2	baseline	worker-cs-13	Label-A	2000
2	baseline	worker-cs-13	Label-C	2000
2	baseline	worker-cs-13	Label-B	1999
2	baseline	worker-cs-13	Label-B	1999
2	baseline	worker-cs-13	Label-A	2000
2	baseline	worker-cs-13	Label-B	2000
2	baseline	worker-cs-13	Label-E	2000
2	baseline	worker-cs-13	Label-A	2001
2	baseline	worker-cs-13	Label-C	1999
2	baseline	worker-cs-13	Label-A	2000
2	baseline	worker-cs-13	Label-A	2000
2	baseline	worker-cs-13	Label-B	1999
2	baseline	worker-cs-13	Label-E	180000
2	baseline	worker-cs-13	Label-B	2000
2	baseline	worker-cs-13	Label-B	2000
2	baseline	worker-cs-13	Label-A	2000
2	baseline	worker-cs-13	Label-A	1999
2	baseline	worker-cs-13	Label-B	1999
2	baseline	worker-cs-14	Label-A	2000
2	baseline	worker-cs-14	Label-A	2000
2	baseline	worker-cs-14	Label-B	1999
2	baseline	worker-cs-14	Label-C	2000
2	baseline	worker-cs-14	Label-C	2000
2	baseline	worker-cs-14	Label-A	2001
2	baseline	worker-cs-14	Label-B	1999
2	baseline	worker-cs-14	Label-A	2000
2	baseline	worker-cs-14	Label-B	2001
2	baseline	worker-cs-14	Label-A	2000
2	baseline	worker-cs-14	Label-B	2000
2	baseline	worker-cs-14	Label-A	1999
2	baseline	worker-cs-14	Label-A	2000
2	baseline	worker-cs-14	Label-A	1999
2	baseline	worker-cs-14	Label-A	1999
2	baseline	worker-cs-14	Label-C	1999
2	baseline	worker-cs-14	Label-B	2000
2	baseline	worker-cs-14	Label-C	2000
2	baseline	worker-cs-14	Label-B	2000
2	baseline	worker-cs-14	Label-A	2000
2	baseline	worker-cs-14	Label-A	1999
2	baseline	worker-cs-14	Label-B	2000
2	baseline	worker-cs-14	Label-B	2000
2	baseline	worker-cs-14	Label-C	2001
2	baseline	worker-cs-14	Label-B	1999
2	baseline	worker-cs-14	Label-D	1999
2	baseline	worker-cs-14	Label-A	2000
2	baseline	worker-cs-14	Label-B	2000
2	baseline	worker-cs-14	Label-B	2000
2	baseline	worker-cs-14	Label-C	2001
2	baseline	worker-cs-14	Label-C	2000
2	baseline	worker-cs-14	Label-B	1999
2	baseline	worker-cs-14	Label-A	2000
2	baseline	worker-cs-14	Label-C	1999
2	baseline	worker-cs-14	Label-B	1999
2	baseline	worker-cs-14	Label-A	2000
2	baseline	worker-cs-14	Label-A	1999
2	baseline	worker-cs-14	Label-B	1999
2	baseline	worker-cs-14	Label-A	2000
2	baseline	worker-cs-14	Label-C	1999
2	baseline	worker-cs-14	Label-C	2000
2	baseline	worker-cs-14	Label-A	2000
2	baseline	worker-cs-14	Label-A	1999
2	baseline	worker-cs-14	Label-E	179999
2	baseline	worker-cs-14	Label-C	2000
2	baseline	worker-cs-14	Label-D	2000
2	baseline	worker-cs-14	Label-C	45000
2	baseline	worker-cs-14	Label-B	2000
2	baseline	worker-cs-14	Label-B	45000
2	baseline	worker-cs-14	Label-A	45000
2	baseline	worker-cs-14	Label-D	1999
2	baseline	worker-cs-14	Label-D	179999
2	baseline	worker-cs-14	Label-B	2000
2	baseline	worker-cs-14	Label-B	44999
2	baseline	worker-cs-14	Label-B	2000
2	baseline	worker-cs-14	Label-B	1999
2	baseline	worker-cs-14	Label-B	2000
2	baseline	worker-cs-14	Label-C	45000
2	baseline	worker-cs-14	Label-C	1999
2	baseline	worker-cs-14	Label-E	180000
2	baseline	worker-cs-14	Label-B	2000
2	baseline	worker-cs-14	Label-A	1999
2	baseline	worker-cs-14	Label-A	44999
2	baseline	worker-cs-14	Label-A	2000
2	baseline	worker-cs-14	Label-A	2000
2	baseline	worker-cs-14	Label-C	1999
2	baseline	worker-cs-14	Label-C	44999
2	baseline	worker-cs-14	Label-B	2000
2	baseline	worker-cs-14	Label-B	2000
2	baseline	worker-cs-14	Label-C	2000
2	baseline	worker-cs-14	Label-B	1999
2	baseline	worker-cs-14	Label-A	1999
2	baseline	worker-cs-14	Label-A	2000
2	baseline	worker-cs-14	Label-A	44999
2	baseline	worker-cs-14	Label-A	2000
2	baseline	worker-cs-14	Label-D	180000
2	baseline	worker-cs-14	Label-B	1999
2	baseline	worker-cs-14	Label-B	1999
2	baseline	worker-cs-14	Label-C	45000
2	baseline	worker-cs-14	Label-A	2000
2	baseline	worker-cs-14	Label-A	2000
2	baseline	worker-cs-14	Label-B	1999
2	baseline	worker-cs-14	Label-A	2000
2	baseline	worker-cs-14	Label-C	1999
2	baseline	worker-cs-14	Label-A	1999
2	baseline	worker-cs-14	Label-B	1999
2	baseline	worker-cs-14	Label-B	1999
2	baseline	worker-cs-14	Label-A	1999
2	baseline	worker-cs-14	Label-A	2000
2	baseline	worker-cs-14	Label-A	1999
2	baseline	worker-cs-14	Label-B	2001
2	baseline	worker-cs-14	Label-A	2000
2	baseline	worker-cs-14	Label-B	2000
2	baseline	worker-cs-14	Label-A	2000
2	baseline	worker-cs-14	Label-B	1999
2	baseline	worker-cs-14	Label-C	45000
2	baseline	worker-cs-14	Label-A	1999
2	baseline	worker-cs-14	Label-B	1999
2	baseline	worker-cs-14	Label-A	44999
2	baseline	worker-cs-15	Label-C	2000
2	baseline	worker-cs-15	Label-A	2000
2	baseline	worker-cs-15	Label-A	2000
2	baseline	worker-cs-15	Label-C	2000
2	baseline	worker-cs-15	Label-C	2000
2	baseline	worker-cs-15	Label-C	2000
2	baseline	worker-cs-15	Label-B	2000
2	baseline	worker-cs-15	Label-C	2000
2	baseline	worker-cs-15	Label-A	1999
2	baseline	worker-cs-15	Label-A	1999
2	baseline	worker-cs-15	Label-B	1999
2	baseline	worker-cs-15	Label-C	1999
2	baseline	worker-cs-15	Label-C	2000
2	baseline	worker-cs-15	Label-B	2000
2	baseline	worker-cs-15	Label-B	1999
2	baseline	worker-cs-15	Label-C	2000
2	baseline	worker-cs-15	Label-A	2000
2	baseline	worker-cs-15	Label-A	2000
2	baseline	worker-cs-15	Label-B	2000
2	baseline	worker-cs-15	Label-B	1999
2	baseline	worker-cs-15	Label-A	2000
2	baseline	worker-cs-15	Label-B	2000
2	baseline	worker-cs-15	Label-A	2000
2	baseline	worker-cs-15	Label-B	1999
2	baseline	worker-cs-15	Label-A	2000
2	baseline	worker-cs-15	Label-C	2000
2	baseline	worker-cs-15	Label-A	2000
2	baseline	worker-cs-15	Label-B	1999
2	baseline	worker-cs-15	Label-B	2000
2	baseline	worker-cs-15	Label-C	2000
2	baseline	worker-cs-15	Label-D	180000
2	baseline	worker-cs-15	Label-B	2000
2	baseline	worker-cs-15	Label-D	2000
2	baseline	worker-cs-15	Label-C	2000
2	baseline	worker-cs-15	Label-E	2000
2	baseline	worker-cs-15	Label-A	2000
2	baseline	worker-cs-15	Label-A	2000
2	baseline	worker-cs-15	Label-A	2000
2	baseline	worker-cs-15	Label-A	1999
2	baseline	worker-cs-15	Label-A	2000
2	baseline	worker-cs-15	Label-C	2000
2	baseline	worker-cs-15	Label-A	2000
2	baseline	worker-cs-15	Label-E	180000
2	baseline	worker-cs-15	Label-E	2000
2	baseline	worker-cs-15	Label-A	2002
2	baseline	worker-cs-15	Label-A	2000
2	baseline	worker-cs-15	Label-A	1999
2	baseline	worker-cs-15	Label-C	2000
2	baseline	worker-cs-15	Label-E	2000
2	baseline	worker-cs-15	Label-A	2000
2	baseline	worker-cs-15	Label-C	2001
2	baseline	worker-cs-15	Label-C	2000
2	baseline	worker-cs-15	Label-B	1999
2	baseline	worker-cs-15	Label-C	2000
2	baseline	worker-cs-15	Label-D	2000
2	baseline	worker-cs-15	Label-B	2000
2	baseline	worker-cs-15	Label-C	2000
2	baseline	worker-cs-15	Label-C	1999
2	baseline	worker-cs-15	Label-B	2000
2	baseline	worker-cs-15	Label-B	2000
2	baseline	worker-cs-15	Label-A	2000
2	baseline	worker-cs-15	Label-C	2000
2	baseline	worker-cs-15	Label-C	2000
2	baseline	worker-cs-15	Label-D	179999
2	baseline	worker-cs-15	Label-C	2000
2	baseline	worker-cs-15	Label-D	2000
2	baseline	worker-cs-15	Label-A	1999
2	baseline	worker-cs-15	Label-A	1999
2	baseline	worker-cs-15	Label-B	1999
2	baseline	worker-cs-15	Label-A	2000
2	baseline	worker-cs-15	Label-C	1999
2	baseline	worker-cs-15	Label-A	2000
2	baseline	worker-cs-15	Label-C	1999
2	baseline	worker-cs-15	Label-A	2000
2	baseline	worker-cs-15	Label-B	1999
2	baseline	worker-cs-15	Label-B	2000
2	baseline	worker-cs-15	Label-A	2000
2	baseline	worker-cs-15	Label-B	1999
2	baseline	worker-cs-15	Label-D	2000
2	baseline	worker-cs-15	Label-A	1999
2	baseline	worker-cs-15	Label-A	1999
2	baseline	worker-cs-15	Label-B	1999
2	baseline	worker-cs-15	Label-A	1999
2	baseline	worker-cs-15	Label-A	2000
2	baseline	worker-cs-15	Label-A	2000
2	baseline	worker-cs-15	Label-B	2000
2	baseline	worker-cs-15	Label-C	2000
2	baseline	worker-cs-15	Label-A	2000
2	baseline	worker-cs-15	Label-A	2000
2	baseline	worker-cs-15	Label-B	1999
2	baseline	worker-cs-15	Label-A	2000
2	baseline	worker-cs-15	Label-A	2000
2	baseline	worker-cs-15	Label-A	2000
2	baseline	worker-cs-15	Label-A	2000
2	baseline	worker-cs-15	Label-B	2000
2	baseline	worker-cs-15	Label-C	1999
2	baseline	worker-cs-15	Label-A	1999
2	baseline	worker-cs-15	Label-C	2000
2	baseline	worker-cs-15	Label-A	2000
2	baseline	worker-cs-15	Label-A	2000
2	baseline	worker-cs-16	Label-C	2000
2	baseline	worker-cs-16	Label-B	2000
2	baseline	worker-cs-16	Label-C	1999
2	baseline	worker-cs-16	Label-D	1999
2	baseline	worker-cs-16	Label-A	2000
2	baseline	worker-cs-16	Label-A	1999
2	baseline	worker-cs-16	Label-A	2000
2	baseline	worker-cs-16	Label-B	1999
2	baseline	worker-cs-16	Label-B	2000
2	baseline	worker-cs-16	Label-A	1999
2	baseline	worker-cs-16	Label-A	2000
2	baseline	worker-cs-16	Label-A	2000
2	baseline	worker-cs-16	Label-A	2000
2	baseline	worker-cs-16	Label-A	2000
2	baseline	worker-cs-16	Label-A	2000
2	baseline	worker-cs-16	Label-C	1999
2	baseline	worker-cs-16	Label-B	2000
2	baseline	worker-cs-16	Label-A	1999
2	baseline	worker-cs-16	Label-A	2000
2	baseline	worker-cs-16	Label-B	2000
2	baseline	worker-cs-16	Label-C	1999
2	baseline	worker-cs-16	Label-C	1999
2	baseline	worker-cs-16	Label-B	1999
2	baseline	worker-cs-16	Label-A	1999
2	baseline	worker-cs-16	Label-B	2000
2	baseline	worker-cs-16	Label-A	2000
2	baseline	worker-cs-16	Label-A	2000
2	baseline	worker-cs-16	Label-B	2000
2	baseline	worker-cs-16	Label-B	1999
2	baseline	worker-cs-16	Label-A	2000
2	baseline	worker-cs-16	Label-A	2000
2	baseline	worker-cs-16	Label-B	2000
2	baseline	worker-cs-16	Label-B	2000
2	baseline	worker-cs-16	Label-A	2000
2	baseline	worker-cs-16	Label-C	2000
2	baseline	worker-cs-16	Label-C	1999
2	baseline	worker-cs-16	Label-B	1999
2	baseline	worker-cs-16	Label-A	2000
2	baseline	worker-cs-16	Label-C	2000
2	baseline	worker-cs-16	Label-A	1999
2	baseline	worker-cs-16	Label-A	1999
2	baseline	worker-cs-16	Label-C	1999
2	baseline	worker-cs-16	Label-C	2000
2	baseline	worker-cs-16	Label-A	1999
2	baseline	worker-cs-16	Label-A	44999
2	baseline	worker-cs-16	Label-B	45000
2	baseline	worker-cs-16	Label-E	180000
2	baseline	worker-cs-16	Label-A	44999
2	baseline	worker-cs-16	Label-B	2000
2	baseline	worker-cs-16	Label-C	44999
2	baseline	worker-cs-16	Label-A	1999
2	baseline	worker-cs-16	Label-B	44999
2	baseline	worker-cs-16	Label-B	2000
2	baseline	worker-cs-16	Label-D	180000
2	baseline	worker-cs-16	Label-B	1999
2	baseline	worker-cs-16	Label-A	2000
2	baseline	worker-cs-16	Label-A	2000
2	baseline	worker-cs-16	Label-B	2000
2	baseline	worker-cs-16	Label-B	2000
2	baseline	worker-cs-16	Label-B	1999
2	baseline	worker-cs-16	Label-B	1999
2	baseline	worker-cs-16	Label-C	1999
2	baseline	worker-cs-16	Label-C	2000
2	baseline	worker-cs-16	Label-B	1999
2	baseline	worker-cs-16	Label-A	1999
2	baseline	worker-cs-16	Label-B	2000
2	baseline	worker-cs-16	Label-B	1999
2	baseline	worker-cs-16	Label-C	1999
2	baseline	worker-cs-16	Label-C	2000
2	baseline	worker-cs-16	Label-C	2000
2	baseline	worker-cs-16	Label-A	2000
2	baseline	worker-cs-16	Label-D	2000
2	baseline	worker-cs-16	Label-B	2000
2	baseline	worker-cs-16	Label-C	2000
2	baseline	worker-cs-16	Label-A	2000
2	baseline	worker-cs-16	Label-B	2000
2	baseline	worker-cs-16	Label-A	2000
2	baseline	worker-cs-16	Label-A	2001
2	baseline	worker-cs-16	Label-A	45000
2	baseline	worker-cs-16	Label-C	45000
2	baseline	worker-cs-16	Label-E	2000
2	baseline	worker-cs-16	Label-E	180000
2	baseline	worker-cs-16	Label-A	2000
2	baseline	worker-cs-16	Label-A	45000
2	baseline	worker-cs-16	Label-B	2000
2	baseline	worker-cs-16	Label-B	1999
2	baseline	worker-cs-16	Label-B	44999
2	baseline	worker-cs-16	Label-D	180000
2	baseline	worker-cs-16	Label-C	2000
2	baseline	worker-cs-16	Label-A	2000
2	baseline	worker-cs-16	Label-C	45000
2	baseline	worker-cs-16	Label-B	1999
2	baseline	worker-cs-16	Label-B	2000
2	baseline	worker-cs-16	Label-C	2000
2	baseline	worker-cs-16	Label-A	1999
2	baseline	worker-cs-16	Label-B	2000
2	baseline	worker-cs-16	Label-C	2000
2	baseline	worker-cs-16	Label-B	2000
2	baseline	worker-cs-16	Label-A	1999
2	baseline	worker-cs-16	Label-C	2000
2	baseline	worker-cs-17	Label-B	2000
2	baseline	worker-cs-17	Label-A	2000
2	baseline	worker-cs-17	Label-D	1999
2	baseline	worker-cs-17	Label-B	2000
2	baseline	worker-cs-17	Label-B	2000
2	baseline	worker-cs-17	Label-A	2000
2	baseline	worker-cs-17	Label-B	2000
2	baseline	worker-cs-17	Label-A	2000
2	baseline	worker-cs-17	Label-C	1999
2	baseline	worker-cs-17	Label-A	1999
2	baseline	worker-cs-17	Label-A	2000
2	baseline	worker-cs-17	Label-B	2000
2	baseline	worker-cs-17	Label-B	1999
2	baseline	worker-cs-17	Label-E	2000
2	baseline	worker-cs-17	Label-A	2001
2	baseline	worker-cs-17	Label-B	2000
2	baseline	worker-cs-17	Label-A	1999
2	baseline	worker-cs-17	Label-A	2000
2	baseline	worker-cs-17	Label-E	180000
2	baseline	worker-cs-17	Label-C	2000
2	baseline	worker-cs-17	Label-C	2000
2	baseline	worker-cs-17	Label-A	2000
2	baseline	worker-cs-17	Label-C	2000
2	baseline	worker-cs-17	Label-A	2000
2	baseline	worker-cs-17	Label-C	2000
2	baseline	worker-cs-17	Label-A	2000
2	baseline	worker-cs-17	Label-A	2000
2	baseline	worker-cs-17	Label-A	1999
2	baseline	worker-cs-17	Label-C	1999
2	baseline	worker-cs-17	Label-C	1999
2	baseline	worker-cs-17	Label-A	2000
2	baseline	worker-cs-17	Label-A	2000
2	baseline	worker-cs-17	Label-B	2000
2	baseline	worker-cs-17	Label-B	2000
2	baseline	worker-cs-17	Label-A	2000
2	baseline	worker-cs-17	Label-A	2000
2	baseline	worker-cs-17	Label-B	2000
2	baseline	worker-cs-17	Label-A	2000
2	baseline	worker-cs-17	Label-A	2000
2	baseline	worker-cs-17	Label-A	2000
2	baseline	worker-cs-17	Label-B	1999
2	baseline	worker-cs-17	Label-B	2002
2	baseline	worker-cs-17	Label-B	1999
2	baseline	worker-cs-17	Label-C	1999
2	baseline	worker-cs-17	Label-B	2000
2	baseline	worker-cs-17	Label-A	2000
2	baseline	worker-cs-17	Label-A	1999
2	baseline	worker-cs-17	Label-A	1999
2	baseline	worker-cs-17	Label-B	1999
2	baseline	worker-cs-17	Label-D	2000
2	baseline	worker-cs-17	Label-A	1999
2	baseline	worker-cs-17	Label-B	2000
2	baseline	worker-cs-17	Label-A	2000
2	baseline	worker-cs-17	Label-D	180000
2	baseline	worker-cs-17	Label-B	2000
2	baseline	worker-cs-17	Label-B	2000
2	baseline	worker-cs-17	Label-C	2000
2	baseline	worker-cs-17	Label-C	1998
2	baseline	worker-cs-17	Label-C	1999
2	baseline	worker-cs-17	Label-B	1999
2	baseline	worker-cs-17	Label-A	2000
2	baseline	worker-cs-17	Label-A	1999
2	baseline	worker-cs-17	Label-B	2000
2	baseline	worker-cs-17	Label-C	2000
2	baseline	worker-cs-17	Label-B	1999
2	baseline	worker-cs-17	Label-D	1999
2	baseline	worker-cs-17	Label-A	1999
2	baseline	worker-cs-17	Label-A	2000
2	baseline	worker-cs-17	Label-A	2000
2	baseline	worker-cs-17	Label-B	2000
2	baseline	worker-cs-17	Label-A	2000
2	baseline	worker-cs-17	Label-A	2000
2	baseline	worker-cs-17	Label-A	1999
2	baseline	worker-cs-17	Label-A	1999
2	baseline	worker-cs-17	Label-B	1999
2	baseline	worker-cs-17	Label-B	2000
2	baseline	worker-cs-17	Label-C	2000
2	baseline	worker-cs-17	Label-C	2000
2	baseline	worker-cs-17	Label-B	2000
2	baseline	worker-cs-17	Label-B	1999
2	baseline	worker-cs-17	Label-A	2000
2	baseline	worker-cs-17	Label-A	1999
2	baseline	worker-cs-17	Label-A	1999
2	baseline	worker-cs-17	Label-A	2000
2	baseline	worker-cs-17	Label-A	2000
2	baseline	worker-cs-17	Label-B	1999
2	baseline	worker-cs-17	Label-C	2000
2	baseline	worker-cs-17	Label-B	2000
2	baseline	worker-cs-17	Label-C	1999
2	baseline	worker-cs-17	Label-A	2000
2	baseline	worker-cs-17	Label-A	2000
2	baseline	worker-cs-17	Label-A	2000
2	baseline	worker-cs-17	Label-A	1999
2	baseline	worker-cs-17	Label-A	2000
2	baseline	worker-cs-17	Label-B	2000
2	baseline	worker-cs-17	Label-A	2000
2	baseline	worker-cs-17	Label-B	2001
2	baseline	worker-cs-17	Label-B	2000
2	baseline	worker-cs-17	Label-B	1999
2	baseline	worker-cs-18	Label-B	2001
2	baseline	worker-cs-18	Label-E	179999
2	baseline	worker-cs-18	Label-B	2000
2	baseline	worker-cs-18	Label-A	2000
2	baseline	worker-cs-18	Label-C	2000
2	baseline	worker-cs-18	Label-B	1999
2	baseline	worker-cs-18	Label-A	2001
2	baseline	worker-cs-18	Label-A	2000
2	baseline	worker-cs-18	Label-B	2000
2	baseline	worker-cs-18	Label-B	2000
2	baseline	worker-cs-18	Label-B	1999
2	baseline	worker-cs-18	Label-B	2000
2	baseline	worker-cs-18	Label-A	2000
2	baseline	worker-cs-18	Label-B	2000
2	baseline	worker-cs-18	Label-A	2000
2	baseline	worker-cs-18	Label-D	179999
2	baseline	worker-cs-18	Label-A	1999
2	baseline	worker-cs-18	Label-C	2000
2	baseline	worker-cs-18	Label-A	2000
2	baseline	worker-cs-18	Label-A	2001
2	baseline	worker-cs-18	Label-D	2000
2	baseline	worker-cs-18	Label-B	1999
2	baseline	worker-cs-18	Label-B	2000
2	baseline	worker-cs-18	Label-A	1999
2	baseline	worker-cs-18	Label-C	2000
2	baseline	worker-cs-18	Label-A	2000
2	baseline	worker-cs-18	Label-A	1999
2	baseline	worker-cs-18	Label-C	2000
2	baseline	worker-cs-18	Label-A	1999
2	baseline	worker-cs-18	Label-C	2000
2	baseline	worker-cs-18	Label-A	2000
2	baseline	worker-cs-18	Label-B	2000
2	baseline	worker-cs-18	Label-A	2000
2	baseline	worker-cs-18	Label-A	2000
2	baseline	worker-cs-18	Label-C	2000
2	baseline	worker-cs-18	Label-B	2000
2	baseline	worker-cs-18	Label-A	2001
2	baseline	worker-cs-18	Label-A	2000
2	baseline	worker-cs-18	Label-C	2002
2	baseline	worker-cs-18	Label-A	2000
2	baseline	worker-cs-18	Label-C	1999
2	baseline	worker-cs-18	Label-B	1999
2	baseline	worker-cs-18	Label-A	2000
2	baseline	worker-cs-18	Label-B	1999
2	baseline	worker-cs-18	Label-A	2000
2	baseline	worker-cs-18	Label-A	1999
2	baseline	worker-cs-18	Label-B	2000
2	baseline	worker-cs-18	Label-B	2000
2	baseline	worker-cs-18	Label-B	2000
2	baseline	worker-cs-18	Label-D	2000
2	baseline	worker-cs-18	Label-A	2000
2	baseline	worker-cs-18	Label-B	1999
2	baseline	worker-cs-18	Label-B	1999
2	baseline	worker-cs-18	Label-A	2000
2	baseline	worker-cs-18	Label-A	2000
2	baseline	worker-cs-18	Label-C	2000
2	baseline	worker-cs-18	Label-C	2000
2	baseline	worker-cs-18	Label-A	2000
2	baseline	worker-cs-18	Label-B	1999
2	baseline	worker-cs-18	Label-A	1999
2	baseline	worker-cs-18	Label-B	1999
2	baseline	worker-cs-18	Label-B	2000
2	baseline	worker-cs-18	Label-C	2000
2	baseline	worker-cs-18	Label-C	2000
2	baseline	worker-cs-18	Label-A	2000
2	baseline	worker-cs-18	Label-B	2000
2	baseline	worker-cs-18	Label-C	2000
2	baseline	worker-cs-18	Label-A	2000
2	baseline	worker-cs-18	Label-A	1999
2	baseline	worker-cs-18	Label-B	1999
2	baseline	worker-cs-18	Label-A	2000
2	baseline	worker-cs-18	Label-C	2000
2	baseline	worker-cs-18	Label-A	2000
2	baseline	worker-cs-18	Label-C	1999
2	baseline	worker-cs-18	Label-A	1999
2	baseline	worker-cs-18	Label-C	2000
2	baseline	worker-cs-18	Label-A	1999
2	baseline	worker-cs-18	Label-A	2000
2	baseline	worker-cs-18	Label-B	2000
2	baseline	worker-cs-18	Label-B	2000
2	baseline	worker-cs-18	Label-A	2000
2	baseline	worker-cs-18	Label-C	2000
2	baseline	worker-cs-18	Label-C	2001
2	baseline	worker-cs-18	Label-A	2000
2	baseline	worker-cs-18	Label-B	2000
2	baseline	worker-cs-18	Label-C	2000
2	baseline	worker-cs-18	Label-A	1999
2	baseline	worker-cs-18	Label-A	2000
2	baseline	worker-cs-18	Label-C	1999
2	baseline	worker-cs-18	Label-A	1999
2	baseline	worker-cs-18	Label-A	2000
2	baseline	worker-cs-18	Label-B	1999
2	baseline	worker-cs-18	Label-A	1999
2	baseline	worker-cs-18	Label-C	2000
2	baseline	worker-cs-18	Label-A	2000
2	baseline	worker-cs-18	Label-A	1999
2	baseline	worker-cs-18	Label-C	1999
2	baseline	worker-cs-18	Label-A	2000
2	baseline	worker-cs-18	Label-D	2000
2	baseline	worker-cs-18	Label-B	1999
2	baseline	worker-cs-18	Label-B	2000
2	baseline	worker-cs-19	Label-B	45000
2	baseline	worker-cs-19	Label-B	2000
2	baseline	worker-cs-19	Label-E	179999
2	baseline	worker-cs-19	Label-A	1999
2	baseline	worker-cs-19	Label-A	45000
2	baseline	worker-cs-19	Label-A	2000
2	baseline	worker-cs-19	Label-A	1999
2	baseline	worker-cs-19	Label-A	2000
2	baseline	worker-cs-19	Label-A	2000
2	baseline	worker-cs-19	Label-C	44999
2	baseline	worker-cs-19	Label-C	2000
2	baseline	worker-cs-19	Label-C	1999
2	baseline	worker-cs-19	Label-A	2000
2	baseline	worker-cs-19	Label-A	2000
2	baseline	worker-cs-19	Label-A	2000
2	baseline	worker-cs-19	Label-B	2000
2	baseline	worker-cs-19	Label-D	2000
2	baseline	worker-cs-19	Label-A	2000
2	baseline	worker-cs-19	Label-A	1999
2	baseline	worker-cs-19	Label-A	2000
2	baseline	worker-cs-19	Label-C	44999
2	baseline	worker-cs-19	Label-A	2000
2	baseline	worker-cs-19	Label-B	2001
2	baseline	worker-cs-19	Label-B	2000
2	baseline	worker-cs-19	Label-B	45000
2	baseline	worker-cs-19	Label-D	180000
2	baseline	worker-cs-19	Label-B	2001
2	baseline	worker-cs-19	Label-C	2000
2	baseline	worker-cs-19	Label-C	45000
2	baseline	worker-cs-19	Label-A	2000
2	baseline	worker-cs-19	Label-B	44999
2	baseline	worker-cs-19	Label-B	1999
2	baseline	worker-cs-19	Label-A	1999
2	baseline	worker-cs-19	Label-C	44999
2	baseline	worker-cs-19	Label-C	2000
2	baseline	worker-cs-19	Label-A	1999
2	baseline	worker-cs-19	Label-B	2000
2	baseline	worker-cs-19	Label-D	180000
2	baseline	worker-cs-19	Label-B	1999
2	baseline	worker-cs-19	Label-C	1999
2	baseline	worker-cs-19	Label-C	2000
2	baseline	worker-cs-19	Label-A	2000
2	baseline	worker-cs-19	Label-B	1999
2	baseline	worker-cs-19	Label-B	2000
2	baseline	worker-cs-19	Label-A	2000
2	baseline	worker-cs-19	Label-A	2000
2	baseline	worker-cs-19	Label-B	2000
2	baseline	worker-cs-19	Label-A	2000
2	baseline	worker-cs-19	Label-B	2000
2	baseline	worker-cs-19	Label-A	2000
2	baseline	worker-cs-19	Label-B	2000
2	baseline	worker-cs-19	Label-C	1999
2	baseline	worker-cs-19	Label-A	2000
2	baseline	worker-cs-19	Label-A	2000
2	baseline	worker-cs-19	Label-E	180001
2	baseline	worker-cs-19	Label-D	1999
2	baseline	worker-cs-19	Label-B	2000
2	baseline	worker-cs-19	Label-A	2000
2	baseline	worker-cs-19	Label-B	1998
2	baseline	worker-cs-19	Label-A	2000
2	baseline	worker-cs-19	Label-D	2000
2	baseline	worker-cs-19	Label-C	2000
2	baseline	worker-cs-19	Label-C	1999
2	baseline	worker-cs-19	Label-B	2000
2	baseline	worker-cs-19	Label-D	180000
2	baseline	worker-cs-19	Label-B	2000
2	baseline	worker-cs-19	Label-B	2000
2	baseline	worker-cs-19	Label-D	1999
2	baseline	worker-cs-19	Label-A	2000
2	baseline	worker-cs-19	Label-A	1999
2	baseline	worker-cs-19	Label-A	2000
2	baseline	worker-cs-19	Label-D	1999
2	baseline	worker-cs-19	Label-C	1999
2	baseline	worker-cs-19	Label-A	2000
2	baseline	worker-cs-19	Label-C	1999
2	baseline	worker-cs-19	Label-A	2000
2	baseline	worker-cs-19	Label-A	2000
2	baseline	worker-cs-19	Label-A	1999
2	baseline	worker-cs-19	Label-B	2000
2	baseline	worker-cs-19	Label-B	2000
2	baseline	worker-cs-19	Label-C	2000
2	baseline	worker-cs-19	Label-D	1999
2	baseline	worker-cs-19	Label-A	2001
2	baseline	worker-cs-19	Label-C	1999
2	baseline	worker-cs-19	Label-A	1999
2	baseline	worker-cs-19	Label-B	2000
2	baseline	worker-cs-19	Label-A	2000
2	baseline	worker-cs-19	Label-A	2000
2	baseline	worker-cs-19	Label-B	1999
2	baseline	worker-cs-19	Label-B	2000
2	baseline	worker-cs-19	Label-A	2000
2	baseline	worker-cs-19	Label-A	2000
2	baseline	worker-cs-19	Label-C	2000
2	baseline	worker-cs-19	Label-A	2000
2	baseline	worker-cs-19	Label-D	1999
2	baseline	worker-cs-19	Label-A	1999
2	baseline	worker-cs-19	Label-A	2000
2	baseline	worker-cs-19	Label-D	1999
2	baseline	worker-cs-19	Label-B	1999
2	baseline	worker-cs-19	Label-B	2000
2	baseline	worker-cs-19	Label-D	2000
2	baseline	worker-cs-19	Label-C	2000
2	baseline	worker-cs-1	Label-A	2000
2	baseline	worker-cs-1	Label-B	1999
2	baseline	worker-cs-1	Label-B	1999
2	baseline	worker-cs-1	Label-B	1999
2	baseline	worker-cs-1	Label-C	1999
2	baseline	worker-cs-1	Label-B	2000
2	baseline	worker-cs-1	Label-C	2000
2	baseline	worker-cs-1	Label-A	2000
2	baseline	worker-cs-1	Label-A	2000
2	baseline	worker-cs-1	Label-A	2000
2	baseline	worker-cs-1	Label-B	2000
2	baseline	worker-cs-1	Label-B	2000
2	baseline	worker-cs-1	Label-A	2000
2	baseline	worker-cs-1	Label-B	2000
2	baseline	worker-cs-1	Label-C	2000
2	baseline	worker-cs-1	Label-B	2000
2	baseline	worker-cs-1	Label-E	179999
2	baseline	worker-cs-1	Label-E	1999
2	baseline	worker-cs-1	Label-B	1999
2	baseline	worker-cs-1	Label-B	1999
2	baseline	worker-cs-1	Label-B	2001
2	baseline	worker-cs-1	Label-A	1999
2	baseline	worker-cs-1	Label-C	2000
2	baseline	worker-cs-1	Label-C	1999
2	baseline	worker-cs-1	Label-B	2000
2	baseline	worker-cs-1	Label-A	2000
2	baseline	worker-cs-1	Label-A	2000
2	baseline	worker-cs-1	Label-A	2000
2	baseline	worker-cs-1	Label-A	2000
2	baseline	worker-cs-1	Label-A	2000
2	baseline	worker-cs-1	Label-B	2000
2	baseline	worker-cs-1	Label-A	2000
2	baseline	worker-cs-1	Label-B	1999
2	baseline	worker-cs-1	Label-A	2000
2	baseline	worker-cs-1	Label-C	2000
2	baseline	worker-cs-1	Label-B	2000
2	baseline	worker-cs-1	Label-C	44999
2	baseline	worker-cs-1	Label-B	2000
2	baseline	worker-cs-1	Label-A	45000
2	baseline	worker-cs-1	Label-B	2000
2	baseline	worker-cs-1	Label-B	45000
2	baseline	worker-cs-1	Label-B	2000
2	baseline	worker-cs-1	Label-B	45000
2	baseline	worker-cs-1	Label-D	179999
2	baseline	worker-cs-1	Label-E	180000
2	baseline	worker-cs-1	Label-A	2000
2	baseline	worker-cs-1	Label-A	45000
2	baseline	worker-cs-1	Label-B	45000
2	baseline	worker-cs-1	Label-B	2000
2	baseline	worker-cs-1	Label-B	2000
2	baseline	worker-cs-1	Label-C	44999
2	baseline	worker-cs-1	Label-A	1999
2	baseline	worker-cs-1	Label-B	2000
2	baseline	worker-cs-1	Label-C	2000
2	baseline	worker-cs-1	Label-C	2000
2	baseline	worker-cs-1	Label-A	2000
2	baseline	worker-cs-1	Label-C	1999
2	baseline	worker-cs-1	Label-D	179999
2	baseline	worker-cs-1	Label-A	2000
2	baseline	worker-cs-1	Label-C	2000
2	baseline	worker-cs-1	Label-B	2000
2	baseline	worker-cs-1	Label-A	1999
2	baseline	worker-cs-1	Label-A	2000
2	baseline	worker-cs-1	Label-C	1999
2	baseline	worker-cs-1	Label-C	1999
2	baseline	worker-cs-1	Label-A	1999
2	baseline	worker-cs-1	Label-A	2000
2	baseline	worker-cs-1	Label-E	180000
2	baseline	worker-cs-1	Label-B	2000
2	baseline	worker-cs-1	Label-B	1998
2	baseline	worker-cs-1	Label-B	2000
2	baseline	worker-cs-1	Label-A	2000
2	baseline	worker-cs-1	Label-A	2000
2	baseline	worker-cs-1	Label-A	2000
2	baseline	worker-cs-1	Label-B	2000
2	baseline	worker-cs-1	Label-C	2008
2	baseline	worker-cs-1	Label-C	45000
2	baseline	worker-cs-1	Label-A	2000
2	baseline	worker-cs-1	Label-A	45000
2	baseline	worker-cs-1	Label-D	180000
2	baseline	worker-cs-1	Label-B	1999
2	baseline	worker-cs-1	Label-B	45000
2	baseline	worker-cs-1	Label-C	1999
2	baseline	worker-cs-1	Label-C	44999
2	baseline	worker-cs-1	Label-E	179999
2	baseline	worker-cs-1	Label-B	2000
2	baseline	worker-cs-1	Label-A	44999
2	baseline	worker-cs-1	Label-B	2000
2	baseline	worker-cs-1	Label-B	2000
2	baseline	worker-cs-1	Label-B	1999
2	baseline	worker-cs-1	Label-B	44999
2	baseline	worker-cs-1	Label-C	2000
2	baseline	worker-cs-1	Label-A	44999
2	baseline	worker-cs-1	Label-D	180000
2	baseline	worker-cs-1	Label-C	45000
2	baseline	worker-cs-1	Label-C	2000
2	baseline	worker-cs-1	Label-B	1999
2	baseline	worker-cs-1	Label-B	45000
2	baseline	worker-cs-1	Label-B	2000
2	baseline	worker-cs-20	Label-B	2000
2	baseline	worker-cs-20	Label-B	45000
2	baseline	worker-cs-20	Label-A	2000
2	baseline	worker-cs-20	Label-B	2000
2	baseline	worker-cs-20	Label-B	2000
2	baseline	worker-cs-20	Label-A	2000
2	baseline	worker-cs-20	Label-C	2000
2	baseline	worker-cs-20	Label-B	1999
2	baseline	worker-cs-20	Label-C	2001
2	baseline	worker-cs-20	Label-A	2000
2	baseline	worker-cs-20	Label-D	2000
2	baseline	worker-cs-20	Label-A	2000
2	baseline	worker-cs-20	Label-A	1999
2	baseline	worker-cs-20	Label-A	2000
2	baseline	worker-cs-20	Label-A	2000
2	baseline	worker-cs-20	Label-B	45000
2	baseline	worker-cs-20	Label-B	2000
2	baseline	worker-cs-20	Label-A	2000
2	baseline	worker-cs-20	Label-D	180000
2	baseline	worker-cs-20	Label-C	45000
2	baseline	worker-cs-20	Label-A	2000
2	baseline	worker-cs-20	Label-C	2000
2	baseline	worker-cs-20	Label-B	44999
2	baseline	worker-cs-20	Label-D	2000
2	baseline	worker-cs-20	Label-C	2000
2	baseline	worker-cs-20	Label-A	2000
2	baseline	worker-cs-20	Label-B	1999
2	baseline	worker-cs-20	Label-C	2001
2	baseline	worker-cs-20	Label-A	2000
2	baseline	worker-cs-20	Label-B	2000
2	baseline	worker-cs-20	Label-C	2000
2	baseline	worker-cs-20	Label-A	2000
2	baseline	worker-cs-20	Label-B	2000
2	baseline	worker-cs-20	Label-B	2001
2	baseline	worker-cs-20	Label-B	45000
2	baseline	worker-cs-20	Label-D	2000
2	baseline	worker-cs-20	Label-C	44999
2	baseline	worker-cs-20	Label-D	2000
2	baseline	worker-cs-20	Label-C	2000
2	baseline	worker-cs-20	Label-C	2000
2	baseline	worker-cs-20	Label-C	44999
2	baseline	worker-cs-20	Label-E	179999
2	baseline	worker-cs-20	Label-D	180000
2	baseline	worker-cs-20	Label-D	2000
2	baseline	worker-cs-20	Label-C	45000
2	baseline	worker-cs-20	Label-B	45000
2	baseline	worker-cs-20	Label-D	2000
2	baseline	worker-cs-20	Label-A	1999
2	baseline	worker-cs-20	Label-A	44999
2	baseline	worker-cs-20	Label-A	2000
2	baseline	worker-cs-20	Label-C	2000
2	baseline	worker-cs-20	Label-D	2000
2	baseline	worker-cs-20	Label-A	2000
2	baseline	worker-cs-20	Label-B	1999
2	baseline	worker-cs-20	Label-A	2000
2	baseline	worker-cs-20	Label-C	2000
2	baseline	worker-cs-20	Label-B	2000
2	baseline	worker-cs-20	Label-A	2000
2	baseline	worker-cs-20	Label-A	2000
2	baseline	worker-cs-20	Label-A	1999
2	baseline	worker-cs-20	Label-A	1999
2	baseline	worker-cs-20	Label-B	2000
2	baseline	worker-cs-20	Label-C	2000
2	baseline	worker-cs-20	Label-A	2000
2	baseline	worker-cs-20	Label-B	1999
2	baseline	worker-cs-20	Label-C	2000
2	baseline	worker-cs-20	Label-D	2000
2	baseline	worker-cs-20	Label-C	2001
2	baseline	worker-cs-20	Label-C	1999
2	baseline	worker-cs-20	Label-A	2000
2	baseline	worker-cs-20	Label-A	2001
2	baseline	worker-cs-20	Label-A	2000
2	baseline	worker-cs-20	Label-A	1999
2	baseline	worker-cs-20	Label-B	45000
2	baseline	worker-cs-20	Label-A	2000
2	baseline	worker-cs-20	Label-A	2000
2	baseline	worker-cs-20	Label-B	2000
2	baseline	worker-cs-20	Label-A	1999
2	baseline	worker-cs-20	Label-B	2000
2	baseline	worker-cs-20	Label-E	180000
2	baseline	worker-cs-20	Label-C	1999
2	baseline	worker-cs-20	Label-C	45000
2	baseline	worker-cs-20	Label-A	1999
2	baseline	worker-cs-20	Label-B	44999
2	baseline	worker-cs-20	Label-C	1999
2	baseline	worker-cs-20	Label-C	2000
2	baseline	worker-cs-20	Label-C	45000
2	baseline	worker-cs-20	Label-A	2000
2	baseline	worker-cs-20	Label-A	2000
2	baseline	worker-cs-20	Label-B	45000
2	baseline	worker-cs-20	Label-B	1999
2	baseline	worker-cs-20	Label-A	2000
2	baseline	worker-cs-20	Label-D	180000
2	baseline	worker-cs-20	Label-D	2000
2	baseline	worker-cs-20	Label-C	45000
2	baseline	worker-cs-20	Label-D	2000
2	baseline	worker-cs-20	Label-C	2000
2	baseline	worker-cs-20	Label-B	2000
2	baseline	worker-cs-20	Label-A	2001
2	baseline	worker-cs-20	Label-B	44999
2	baseline	worker-cs-20	Label-A	1999
2	baseline	worker-cs-21	Label-B	2000
2	baseline	worker-cs-21	Label-A	2000
2	baseline	worker-cs-21	Label-B	2000
2	baseline	worker-cs-21	Label-A	1999
2	baseline	worker-cs-21	Label-C	2000
2	baseline	worker-cs-21	Label-A	1999
2	baseline	worker-cs-21	Label-B	1999
2	baseline	worker-cs-21	Label-B	2000
2	baseline	worker-cs-21	Label-A	2000
2	baseline	worker-cs-21	Label-A	2000
2	baseline	worker-cs-21	Label-C	2000
2	baseline	worker-cs-21	Label-A	2000
2	baseline	worker-cs-21	Label-B	1999
2	baseline	worker-cs-21	Label-C	2000
2	baseline	worker-cs-21	Label-E	180000
2	baseline	worker-cs-21	Label-A	1999
2	baseline	worker-cs-21	Label-B	2000
2	baseline	worker-cs-21	Label-C	2000
2	baseline	worker-cs-21	Label-A	2000
2	baseline	worker-cs-21	Label-C	2000
2	baseline	worker-cs-21	Label-C	2000
2	baseline	worker-cs-21	Label-A	2000
2	baseline	worker-cs-21	Label-C	2000
2	baseline	worker-cs-21	Label-B	2000
2	baseline	worker-cs-21	Label-C	2000
2	baseline	worker-cs-21	Label-D	180000
2	baseline	worker-cs-21	Label-C	1999
2	baseline	worker-cs-21	Label-A	1999
2	baseline	worker-cs-21	Label-B	2000
2	baseline	worker-cs-21	Label-A	1999
2	baseline	worker-cs-21	Label-B	2000
2	baseline	worker-cs-21	Label-B	2000
2	baseline	worker-cs-21	Label-A	1999
2	baseline	worker-cs-21	Label-C	1999
2	baseline	worker-cs-21	Label-E	1999
2	baseline	worker-cs-21	Label-A	44999
2	baseline	worker-cs-21	Label-B	45000
2	baseline	worker-cs-21	Label-E	179999
2	baseline	worker-cs-21	Label-B	1999
2	baseline	worker-cs-21	Label-C	45000
2	baseline	worker-cs-21	Label-C	2000
2	baseline	worker-cs-21	Label-B	45000
2	baseline	worker-cs-21	Label-B	2000
2	baseline	worker-cs-21	Label-D	179999
2	baseline	worker-cs-21	Label-A	1999
2	baseline	worker-cs-21	Label-A	2000
2	baseline	worker-cs-21	Label-A	45000
2	baseline	worker-cs-21	Label-B	2000
2	baseline	worker-cs-21	Label-C	2000
2	baseline	worker-cs-21	Label-B	2000
2	baseline	worker-cs-21	Label-A	1999
2	baseline	worker-cs-21	Label-A	2000
2	baseline	worker-cs-21	Label-A	2000
2	baseline	worker-cs-21	Label-B	2000
2	baseline	worker-cs-21	Label-A	2000
2	baseline	worker-cs-21	Label-A	2000
2	baseline	worker-cs-21	Label-A	2000
2	baseline	worker-cs-21	Label-C	2001
2	baseline	worker-cs-21	Label-A	2000
2	baseline	worker-cs-21	Label-A	2000
2	baseline	worker-cs-21	Label-B	1999
2	baseline	worker-cs-21	Label-C	2000
2	baseline	worker-cs-21	Label-C	2000
2	baseline	worker-cs-21	Label-B	2001
2	baseline	worker-cs-21	Label-C	2000
2	baseline	worker-cs-21	Label-E	2000
2	baseline	worker-cs-21	Label-A	2001
2	baseline	worker-cs-21	Label-C	2000
2	baseline	worker-cs-21	Label-C	2000
2	baseline	worker-cs-21	Label-E	180001
2	baseline	worker-cs-21	Label-C	2000
2	baseline	worker-cs-21	Label-A	2000
2	baseline	worker-cs-21	Label-A	1999
2	baseline	worker-cs-21	Label-A	2000
2	baseline	worker-cs-21	Label-A	2000
2	baseline	worker-cs-21	Label-A	2000
2	baseline	worker-cs-21	Label-C	1999
2	baseline	worker-cs-21	Label-B	2000
2	baseline	worker-cs-21	Label-B	2000
2	baseline	worker-cs-21	Label-B	1999
2	baseline	worker-cs-21	Label-A	1999
2	baseline	worker-cs-21	Label-A	2000
2	baseline	worker-cs-21	Label-A	1999
2	baseline	worker-cs-21	Label-C	2000
2	baseline	worker-cs-21	Label-C	1999
2	baseline	worker-cs-21	Label-A	2000
2	baseline	worker-cs-21	Label-D	179999
2	baseline	worker-cs-21	Label-B	2000
2	baseline	worker-cs-21	Label-B	1999
2	baseline	worker-cs-21	Label-A	2000
2	baseline	worker-cs-21	Label-A	2000
2	baseline	worker-cs-21	Label-A	1999
2	baseline	worker-cs-21	Label-A	2000
2	baseline	worker-cs-21	Label-C	1999
2	baseline	worker-cs-21	Label-B	2000
2	baseline	worker-cs-21	Label-A	2000
2	baseline	worker-cs-21	Label-B	2000
2	baseline	worker-cs-21	Label-A	1999
2	baseline	worker-cs-21	Label-A	1999
2	baseline	worker-cs-21	Label-A	2000
2	baseline	worker-cs-22	Label-D	180000
2	baseline	worker-cs-22	Label-B	1999
2	baseline	worker-cs-22	Label-C	44999
2	baseline	worker-cs-22	Label-B	2000
2	baseline	worker-cs-22	Label-A	44999
2	baseline	worker-cs-22	Label-A	2000
2	baseline	worker-cs-22	Label-A	2000
2	baseline	worker-cs-22	Label-C	2001
2	baseline	worker-cs-22	Label-A	1999
2	baseline	worker-cs-22	Label-C	2000
2	baseline	worker-cs-22	Label-A	45000
2	baseline	worker-cs-22	Label-C	45000
2	baseline	worker-cs-22	Label-A	44999
2	baseline	worker-cs-22	Label-B	2000
2	baseline	worker-cs-22	Label-C	45000
2	baseline	worker-cs-22	Label-B	45000
2	baseline	worker-cs-22	Label-E	180000
2	baseline	worker-cs-22	Label-D	179999
2	baseline	worker-cs-22	Label-A	45000
2	baseline	worker-cs-22	Label-B	2000
2	baseline	worker-cs-22	Label-C	45000
2	baseline	worker-cs-22	Label-C	2000
2	baseline	worker-cs-22	Label-B	45000
2	baseline	worker-cs-22	Label-C	2000
2	baseline	worker-cs-22	Label-A	2000
2	baseline	worker-cs-22	Label-C	2000
2	baseline	worker-cs-22	Label-C	1999
2	baseline	worker-cs-22	Label-A	2000
2	baseline	worker-cs-22	Label-B	2000
2	baseline	worker-cs-22	Label-A	2000
2	baseline	worker-cs-22	Label-B	2000
2	baseline	worker-cs-22	Label-C	2000
2	baseline	worker-cs-22	Label-B	1998
2	baseline	worker-cs-22	Label-A	2000
2	baseline	worker-cs-22	Label-C	1999
2	baseline	worker-cs-22	Label-B	2000
2	baseline	worker-cs-22	Label-A	2000
2	baseline	worker-cs-22	Label-B	2000
2	baseline	worker-cs-22	Label-A	2000
2	baseline	worker-cs-22	Label-B	2000
2	baseline	worker-cs-22	Label-C	2000
2	baseline	worker-cs-22	Label-B	2000
2	baseline	worker-cs-22	Label-A	2000
2	baseline	worker-cs-22	Label-A	45000
2	baseline	worker-cs-22	Label-B	45000
2	baseline	worker-cs-22	Label-B	2000
2	baseline	worker-cs-22	Label-A	44999
2	baseline	worker-cs-22	Label-B	45000
2	baseline	worker-cs-22	Label-C	2000
2	baseline	worker-cs-22	Label-D	180000
2	baseline	worker-cs-22	Label-C	45000
2	baseline	worker-cs-22	Label-E	180000
2	baseline	worker-cs-22	Label-C	1999
2	baseline	worker-cs-22	Label-A	1999
2	baseline	worker-cs-22	Label-A	44999
2	baseline	worker-cs-22	Label-A	2000
2	baseline	worker-cs-22	Label-C	2000
2	baseline	worker-cs-22	Label-A	1999
2	baseline	worker-cs-22	Label-A	2000
2	baseline	worker-cs-22	Label-B	1999
2	baseline	worker-cs-22	Label-B	44999
2	baseline	worker-cs-22	Label-A	2000
2	baseline	worker-cs-22	Label-A	2000
2	baseline	worker-cs-22	Label-A	2000
2	baseline	worker-cs-22	Label-A	1999
2	baseline	worker-cs-22	Label-C	44998
2	baseline	worker-cs-22	Label-A	1999
2	baseline	worker-cs-22	Label-B	45000
2	baseline	worker-cs-22	Label-A	2000
2	baseline	worker-cs-22	Label-A	2000
2	baseline	worker-cs-22	Label-B	2000
2	baseline	worker-cs-22	Label-E	180000
2	baseline	worker-cs-22	Label-B	1999
2	baseline	worker-cs-22	Label-B	44999
2	baseline	worker-cs-22	Label-A	2000
2	baseline	worker-cs-22	Label-C	45000
2	baseline	worker-cs-22	Label-B	2000
2	baseline	worker-cs-22	Label-A	45000
2	baseline	worker-cs-22	Label-B	1999
2	baseline	worker-cs-22	Label-A	2000
2	baseline	worker-cs-22	Label-A	2000
2	baseline	worker-cs-22	Label-D	179999
2	baseline	worker-cs-22	Label-B	1999
2	baseline	worker-cs-22	Label-D	2000
2	baseline	worker-cs-22	Label-A	1999
2	baseline	worker-cs-22	Label-C	2000
2	baseline	worker-cs-22	Label-A	1999
2	baseline	worker-cs-22	Label-A	2000
2	baseline	worker-cs-22	Label-A	1998
2	baseline	worker-cs-22	Label-A	45000
2	baseline	worker-cs-22	Label-B	2000
2	baseline	worker-cs-22	Label-B	45000
2	baseline	worker-cs-22	Label-B	44999
2	baseline	worker-cs-22	Label-E	179999
2	baseline	worker-cs-22	Label-C	2000
2	baseline	worker-cs-22	Label-A	44999
2	baseline	worker-cs-22	Label-C	1999
2	baseline	worker-cs-22	Label-C	44999
2	baseline	worker-cs-22	Label-D	180000
2	baseline	worker-cs-22	Label-A	2000
2	baseline	worker-cs-23	Label-A	2000
2	baseline	worker-cs-23	Label-A	2000
2	baseline	worker-cs-23	Label-A	45000
2	baseline	worker-cs-23	Label-D	179999
2	baseline	worker-cs-23	Label-A	2000
2	baseline	worker-cs-23	Label-A	45001
2	baseline	worker-cs-23	Label-C	2000
2	baseline	worker-cs-23	Label-C	45000
2	baseline	worker-cs-23	Label-C	2000
2	baseline	worker-cs-23	Label-E	180000
2	baseline	worker-cs-23	Label-B	2000
2	baseline	worker-cs-23	Label-B	44999
2	baseline	worker-cs-23	Label-C	44999
2	baseline	worker-cs-23	Label-A	1999
2	baseline	worker-cs-23	Label-C	2000
2	baseline	worker-cs-23	Label-A	44999
2	baseline	worker-cs-23	Label-D	180000
2	baseline	worker-cs-23	Label-A	2000
2	baseline	worker-cs-23	Label-A	45000
2	baseline	worker-cs-23	Label-A	2000
2	baseline	worker-cs-23	Label-C	45000
2	baseline	worker-cs-23	Label-C	2000
2	baseline	worker-cs-23	Label-A	2000
2	baseline	worker-cs-23	Label-B	44999
2	baseline	worker-cs-23	Label-C	2000
2	baseline	worker-cs-23	Label-A	2001
2	baseline	worker-cs-23	Label-E	179999
2	baseline	worker-cs-23	Label-B	1999
2	baseline	worker-cs-23	Label-A	2000
2	baseline	worker-cs-23	Label-A	2000
2	baseline	worker-cs-23	Label-A	2000
2	baseline	worker-cs-23	Label-A	2000
2	baseline	worker-cs-23	Label-B	2001
2	baseline	worker-cs-23	Label-B	1999
2	baseline	worker-cs-23	Label-A	2000
2	baseline	worker-cs-23	Label-C	2000
2	baseline	worker-cs-23	Label-C	2000
2	baseline	worker-cs-23	Label-A	2000
2	baseline	worker-cs-23	Label-B	2000
2	baseline	worker-cs-23	Label-B	1999
2	baseline	worker-cs-23	Label-A	2000
2	baseline	worker-cs-23	Label-C	2000
2	baseline	worker-cs-23	Label-D	180000
2	baseline	worker-cs-23	Label-A	1999
2	baseline	worker-cs-23	Label-A	1999
2	baseline	worker-cs-23	Label-A	1999
2	baseline	worker-cs-23	Label-A	1999
2	baseline	worker-cs-23	Label-A	2000
2	baseline	worker-cs-23	Label-D	2000
2	baseline	worker-cs-23	Label-A	2000
2	baseline	worker-cs-23	Label-B	2000
2	baseline	worker-cs-23	Label-A	2000
2	baseline	worker-cs-23	Label-A	1999
2	baseline	worker-cs-23	Label-A	2001
2	baseline	worker-cs-23	Label-A	1999
2	baseline	worker-cs-23	Label-B	2000
2	baseline	worker-cs-23	Label-A	1999
2	baseline	worker-cs-23	Label-A	2000
2	baseline	worker-cs-23	Label-C	1999
2	baseline	worker-cs-23	Label-A	2000
2	baseline	worker-cs-23	Label-B	2001
2	baseline	worker-cs-23	Label-B	2000
2	baseline	worker-cs-23	Label-A	2000
2	baseline	worker-cs-23	Label-B	2000
2	baseline	worker-cs-23	Label-C	1999
2	baseline	worker-cs-23	Label-D	2000
2	baseline	worker-cs-23	Label-A	2000
2	baseline	worker-cs-23	Label-A	1999
2	baseline	worker-cs-23	Label-C	1999
2	baseline	worker-cs-23	Label-A	2000
2	baseline	worker-cs-23	Label-C	2000
2	baseline	worker-cs-23	Label-B	2000
2	baseline	worker-cs-23	Label-C	2000
2	baseline	worker-cs-23	Label-C	1999
2	baseline	worker-cs-23	Label-B	1999
2	baseline	worker-cs-23	Label-A	2000
2	baseline	worker-cs-23	Label-C	2000
2	baseline	worker-cs-23	Label-C	2001
2	baseline	worker-cs-23	Label-A	2000
2	baseline	worker-cs-23	Label-B	1999
2	baseline	worker-cs-23	Label-A	2000
2	baseline	worker-cs-23	Label-B	2000
2	baseline	worker-cs-23	Label-A	2001
2	baseline	worker-cs-23	Label-A	1999
2	baseline	worker-cs-23	Label-B	2000
2	baseline	worker-cs-23	Label-A	1999
2	baseline	worker-cs-23	Label-A	2001
2	baseline	worker-cs-23	Label-B	2001
2	baseline	worker-cs-23	Label-D	2000
2	baseline	worker-cs-23	Label-A	2000
2	baseline	worker-cs-23	Label-B	2000
2	baseline	worker-cs-23	Label-B	1999
2	baseline	worker-cs-23	Label-B	1999
2	baseline	worker-cs-23	Label-C	2000
2	baseline	worker-cs-23	Label-C	1999
2	baseline	worker-cs-23	Label-A	2000
2	baseline	worker-cs-23	Label-B	2000
2	baseline	worker-cs-23	Label-A	2000
2	baseline	worker-cs-23	Label-B	2001
2	baseline	worker-cs-23	Label-C	1999
2	baseline	worker-cs-23	Label-A	2000
2	baseline	worker-cs-23	Label-C	1995
2	baseline	worker-cs-23	Label-D	2000
2	baseline	worker-cs-24	Label-E	179999
2	baseline	worker-cs-24	Label-B	2000
2	baseline	worker-cs-24	Label-A	2000
2	baseline	worker-cs-24	Label-B	1999
2	baseline	worker-cs-24	Label-A	2000
2	baseline	worker-cs-24	Label-C	2000
2	baseline	worker-cs-24	Label-A	2000
2	baseline	worker-cs-24	Label-C	2000
2	baseline	worker-cs-24	Label-B	2000
2	baseline	worker-cs-24	Label-A	1999
2	baseline	worker-cs-24	Label-B	2000
2	baseline	worker-cs-24	Label-D	2000
2	baseline	worker-cs-24	Label-D	1999
2	baseline	worker-cs-24	Label-A	2000
2	baseline	worker-cs-24	Label-B	2000
2	baseline	worker-cs-24	Label-B	2000
2	baseline	worker-cs-24	Label-A	1999
2	baseline	worker-cs-24	Label-C	1999
2	baseline	worker-cs-24	Label-D	180000
2	baseline	worker-cs-24	Label-D	2000
2	baseline	worker-cs-24	Label-A	2000
2	baseline	worker-cs-24	Label-A	1999
2	baseline	worker-cs-24	Label-A	1999
2	baseline	worker-cs-24	Label-B	2000
2	baseline	worker-cs-24	Label-B	1999
2	baseline	worker-cs-24	Label-A	2000
2	baseline	worker-cs-24	Label-A	2000
2	baseline	worker-cs-24	Label-A	2000
2	baseline	worker-cs-24	Label-C	2000
2	baseline	worker-cs-24	Label-A	2000
2	baseline	worker-cs-24	Label-C	1999
2	baseline	worker-cs-24	Label-A	2000
2	baseline	worker-cs-24	Label-B	2000
2	baseline	worker-cs-24	Label-C	1999
2	baseline	worker-cs-24	Label-A	2000
2	baseline	worker-cs-24	Label-A	2000
2	baseline	worker-cs-24	Label-A	1999
2	baseline	worker-cs-24	Label-A	1999
2	baseline	worker-cs-24	Label-B	2000
2	baseline	worker-cs-24	Label-A	2000
2	baseline	worker-cs-24	Label-A	2000
2	baseline	worker-cs-24	Label-A	1999
2	baseline	worker-cs-24	Label-A	2000
2	baseline	worker-cs-24	Label-A	2000
2	baseline	worker-cs-24	Label-B	2000
2	baseline	worker-cs-24	Label-C	1999
2	baseline	worker-cs-24	Label-D	1999
2	baseline	worker-cs-24	Label-A	2000
2	baseline	worker-cs-24	Label-B	1999
2	baseline	worker-cs-24	Label-B	2000
2	baseline	worker-cs-24	Label-A	2000
2	baseline	worker-cs-24	Label-B	2000
2	baseline	worker-cs-24	Label-A	2000
2	baseline	worker-cs-24	Label-A	2000
2	baseline	worker-cs-24	Label-A	1999
2	baseline	worker-cs-24	Label-A	1999
2	baseline	worker-cs-24	Label-A	2001
2	baseline	worker-cs-24	Label-C	2000
2	baseline	worker-cs-24	Label-A	2000
2	baseline	worker-cs-24	Label-C	2000
2	baseline	worker-cs-24	Label-D	2000
2	baseline	worker-cs-24	Label-B	2000
2	baseline	worker-cs-24	Label-A	2000
2	baseline	worker-cs-24	Label-B	2000
2	baseline	worker-cs-24	Label-A	1999
2	baseline	worker-cs-24	Label-C	2000
2	baseline	worker-cs-24	Label-C	1999
2	baseline	worker-cs-24	Label-A	2000
2	baseline	worker-cs-24	Label-A	2000
2	baseline	worker-cs-24	Label-B	2000
2	baseline	worker-cs-24	Label-C	2000
2	baseline	worker-cs-24	Label-A	2000
2	baseline	worker-cs-24	Label-A	2000
2	baseline	worker-cs-24	Label-C	2000
2	baseline	worker-cs-24	Label-A	2000
2	baseline	worker-cs-24	Label-B	1999
2	baseline	worker-cs-24	Label-A	2000
2	baseline	worker-cs-24	Label-C	1999
2	baseline	worker-cs-24	Label-A	2000
2	baseline	worker-cs-24	Label-B	2000
2	baseline	worker-cs-24	Label-A	2000
2	baseline	worker-cs-24	Label-A	1999
2	baseline	worker-cs-24	Label-B	2000
2	baseline	worker-cs-24	Label-A	1999
2	baseline	worker-cs-24	Label-C	2000
2	baseline	worker-cs-24	Label-C	1999
2	baseline	worker-cs-24	Label-B	2000
2	baseline	worker-cs-24	Label-B	1999
2	baseline	worker-cs-24	Label-D	2000
2	baseline	worker-cs-24	Label-B	2000
2	baseline	worker-cs-24	Label-D	2003
2	baseline	worker-cs-24	Label-C	45000
2	baseline	worker-cs-24	Label-B	1999
2	baseline	worker-cs-24	Label-B	45000
2	baseline	worker-cs-24	Label-C	44999
2	baseline	worker-cs-24	Label-A	45000
2	baseline	worker-cs-24	Label-E	180001
2	baseline	worker-cs-24	Label-B	45000
2	baseline	worker-cs-25	Label-A	1999
2	baseline	worker-cs-25	Label-B	45000
2	baseline	worker-cs-25	Label-A	1999
2	baseline	worker-cs-25	Label-A	45000
2	baseline	worker-cs-25	Label-A	2000
2	baseline	worker-cs-25	Label-D	2000
2	baseline	worker-cs-25	Label-A	45000
2	baseline	worker-cs-25	Label-E	179999
2	baseline	worker-cs-25	Label-D	180000
2	baseline	worker-cs-25	Label-B	2000
2	baseline	worker-cs-25	Label-A	45000
2	baseline	worker-cs-25	Label-A	2000
2	baseline	worker-cs-25	Label-B	45000
2	baseline	worker-cs-25	Label-A	1999
2	baseline	worker-cs-25	Label-B	1999
2	baseline	worker-cs-25	Label-A	2000
2	baseline	worker-cs-25	Label-A	2000
2	baseline	worker-cs-25	Label-A	2000
2	baseline	worker-cs-25	Label-B	2000
2	baseline	worker-cs-25	Label-B	2000
2	baseline	worker-cs-25	Label-A	2000
2	baseline	worker-cs-25	Label-C	45000
2	baseline	worker-cs-25	Label-C	2000
2	baseline	worker-cs-25	Label-A	1999
2	baseline	worker-cs-25	Label-A	1999
2	baseline	worker-cs-25	Label-B	1999
2	baseline	worker-cs-25	Label-A	2000
2	baseline	worker-cs-25	Label-B	45000
2	baseline	worker-cs-25	Label-C	2000
2	baseline	worker-cs-25	Label-C	44999
2	baseline	worker-cs-25	Label-D	180000
2	baseline	worker-cs-25	Label-B	2000
2	baseline	worker-cs-25	Label-B	44999
2	baseline	worker-cs-25	Label-A	2000
2	baseline	worker-cs-25	Label-C	2000
2	baseline	worker-cs-25	Label-A	1999
2	baseline	worker-cs-25	Label-A	2000
2	baseline	worker-cs-25	Label-D	2000
2	baseline	worker-cs-25	Label-B	2000
2	baseline	worker-cs-25	Label-B	2001
2	baseline	worker-cs-25	Label-C	2000
2	baseline	worker-cs-25	Label-A	1999
2	baseline	worker-cs-25	Label-C	1999
2	baseline	worker-cs-25	Label-C	2000
2	baseline	worker-cs-25	Label-B	2000
2	baseline	worker-cs-25	Label-A	2000
2	baseline	worker-cs-25	Label-C	2000
2	baseline	worker-cs-25	Label-A	2000
2	baseline	worker-cs-25	Label-A	1999
2	baseline	worker-cs-25	Label-B	2000
2	baseline	worker-cs-25	Label-A	2001
2	baseline	worker-cs-25	Label-A	1999
2	baseline	worker-cs-25	Label-B	1999
2	baseline	worker-cs-25	Label-A	2000
2	baseline	worker-cs-25	Label-E	180000
2	baseline	worker-cs-25	Label-A	2000
2	baseline	worker-cs-25	Label-A	45000
2	baseline	worker-cs-25	Label-B	1999
2	baseline	worker-cs-25	Label-B	45000
2	baseline	worker-cs-25	Label-A	1999
2	baseline	worker-cs-25	Label-C	45000
2	baseline	worker-cs-25	Label-D	1999
2	baseline	worker-cs-25	Label-D	180000
2	baseline	worker-cs-25	Label-D	1999
2	baseline	worker-cs-25	Label-B	44999
2	baseline	worker-cs-25	Label-A	1999
2	baseline	worker-cs-25	Label-A	44999
2	baseline	worker-cs-25	Label-B	1999
2	baseline	worker-cs-25	Label-C	45000
2	baseline	worker-cs-25	Label-A	1999
2	baseline	worker-cs-25	Label-B	2000
2	baseline	worker-cs-25	Label-E	179999
2	baseline	worker-cs-25	Label-B	2000
2	baseline	worker-cs-25	Label-C	1999
2	baseline	worker-cs-25	Label-B	2000
2	baseline	worker-cs-25	Label-B	2000
2	baseline	worker-cs-25	Label-A	2000
2	baseline	worker-cs-25	Label-B	1999
2	baseline	worker-cs-25	Label-A	2000
2	baseline	worker-cs-25	Label-D	1998
2	baseline	worker-cs-25	Label-B	2001
2	baseline	worker-cs-25	Label-A	2000
2	baseline	worker-cs-25	Label-A	2000
2	baseline	worker-cs-25	Label-B	2000
2	baseline	worker-cs-25	Label-A	1999
2	baseline	worker-cs-25	Label-B	2000
2	baseline	worker-cs-25	Label-D	180001
2	baseline	worker-cs-25	Label-A	1999
2	baseline	worker-cs-25	Label-C	2000
2	baseline	worker-cs-25	Label-D	2000
2	baseline	worker-cs-25	Label-A	2000
2	baseline	worker-cs-25	Label-A	2000
2	baseline	worker-cs-25	Label-B	2000
2	baseline	worker-cs-25	Label-B	1999
2	baseline	worker-cs-25	Label-A	2000
2	baseline	worker-cs-25	Label-A	2000
2	baseline	worker-cs-25	Label-B	2001
2	baseline	worker-cs-25	Label-C	44999
2	baseline	worker-cs-25	Label-A	2000
2	baseline	worker-cs-26	Label-B	2000
2	baseline	worker-cs-26	Label-B	2000
2	baseline	worker-cs-26	Label-B	45000
2	baseline	worker-cs-26	Label-A	2000
2	baseline	worker-cs-26	Label-A	45000
2	baseline	worker-cs-26	Label-D	2000
2	baseline	worker-cs-26	Label-C	44999
2	baseline	worker-cs-26	Label-E	180000
2	baseline	worker-cs-26	Label-D	180000
2	baseline	worker-cs-26	Label-A	45000
2	baseline	worker-cs-26	Label-B	1999
2	baseline	worker-cs-26	Label-B	45000
2	baseline	worker-cs-26	Label-A	2000
2	baseline	worker-cs-26	Label-A	44999
2	baseline	worker-cs-26	Label-B	1999
2	baseline	worker-cs-26	Label-C	45000
2	baseline	worker-cs-26	Label-B	45000
2	baseline	worker-cs-26	Label-A	2000
2	baseline	worker-cs-26	Label-E	179999
2	baseline	worker-cs-26	Label-A	45000
2	baseline	worker-cs-26	Label-C	2001
2	baseline	worker-cs-26	Label-A	2000
2	baseline	worker-cs-26	Label-C	45000
2	baseline	worker-cs-26	Label-D	180000
2	baseline	worker-cs-26	Label-A	2000
2	baseline	worker-cs-26	Label-B	2000
2	baseline	worker-cs-26	Label-B	44999
2	baseline	worker-cs-26	Label-B	2000
2	baseline	worker-cs-26	Label-B	2000
2	baseline	worker-cs-26	Label-B	2000
2	baseline	worker-cs-26	Label-B	2000
2	baseline	worker-cs-26	Label-C	1999
2	baseline	worker-cs-26	Label-B	2000
2	baseline	worker-cs-26	Label-B	1999
2	baseline	worker-cs-26	Label-C	2000
2	baseline	worker-cs-26	Label-B	1999
2	baseline	worker-cs-26	Label-A	2001
2	baseline	worker-cs-26	Label-A	2000
2	baseline	worker-cs-26	Label-B	1999
2	baseline	worker-cs-26	Label-B	2000
2	baseline	worker-cs-26	Label-A	1999
2	baseline	worker-cs-26	Label-A	2000
2	baseline	worker-cs-26	Label-B	1999
2	baseline	worker-cs-26	Label-C	1999
2	baseline	worker-cs-26	Label-B	1999
2	baseline	worker-cs-26	Label-B	2000
2	baseline	worker-cs-26	Label-C	1999
2	baseline	worker-cs-26	Label-C	1999
2	baseline	worker-cs-26	Label-A	1999
2	baseline	worker-cs-26	Label-B	1999
2	baseline	worker-cs-26	Label-B	1999
2	baseline	worker-cs-26	Label-A	1999
2	baseline	worker-cs-26	Label-B	2000
2	baseline	worker-cs-26	Label-C	2000
2	baseline	worker-cs-26	Label-A	2001
2	baseline	worker-cs-26	Label-A	1999
2	baseline	worker-cs-26	Label-A	2000
2	baseline	worker-cs-26	Label-A	2000
2	baseline	worker-cs-26	Label-A	1999
2	baseline	worker-cs-26	Label-B	2000
2	baseline	worker-cs-26	Label-A	2000
2	baseline	worker-cs-26	Label-C	1999
2	baseline	worker-cs-26	Label-B	1999
2	baseline	worker-cs-26	Label-C	2000
2	baseline	worker-cs-26	Label-A	2000
2	baseline	worker-cs-26	Label-A	2000
2	baseline	worker-cs-26	Label-A	2000
2	baseline	worker-cs-26	Label-B	1999
2	baseline	worker-cs-26	Label-C	2000
2	baseline	worker-cs-26	Label-B	2000
2	baseline	worker-cs-26	Label-A	2000
2	baseline	worker-cs-26	Label-B	45001
2	baseline	worker-cs-26	Label-A	2000
2	baseline	worker-cs-26	Label-A	2000
2	baseline	worker-cs-26	Label-A	2000
2	baseline	worker-cs-26	Label-A	2000
2	baseline	worker-cs-26	Label-C	45000
2	baseline	worker-cs-26	Label-D	180000
2	baseline	worker-cs-26	Label-A	1999
2	baseline	worker-cs-26	Label-A	2001
2	baseline	worker-cs-26	Label-B	45000
2	baseline	worker-cs-26	Label-A	2000
2	baseline	worker-cs-26	Label-B	1999
2	baseline	worker-cs-26	Label-C	2000
2	baseline	worker-cs-26	Label-A	2000
2	baseline	worker-cs-26	Label-A	2000
2	baseline	worker-cs-26	Label-B	2000
2	baseline	worker-cs-26	Label-A	2000
2	baseline	worker-cs-26	Label-A	1999
2	baseline	worker-cs-26	Label-B	2000
2	baseline	worker-cs-26	Label-B	1999
2	baseline	worker-cs-26	Label-B	2000
2	baseline	worker-cs-26	Label-A	1999
2	baseline	worker-cs-26	Label-B	1999
2	baseline	worker-cs-26	Label-A	1999
2	baseline	worker-cs-26	Label-D	2000
2	baseline	worker-cs-26	Label-A	2000
2	baseline	worker-cs-26	Label-B	1999
2	baseline	worker-cs-26	Label-C	1999
2	baseline	worker-cs-26	Label-B	1999
2	baseline	worker-cs-26	Label-B	2000
2	baseline	worker-cs-26	Label-B	2000
2	baseline	worker-cs-26	Label-B	1999
2	baseline	worker-cs-26	Label-B	1999
2	baseline	worker-cs-27	Label-A	2000
2	baseline	worker-cs-27	Label-B	2000
2	baseline	worker-cs-27	Label-A	2000
2	baseline	worker-cs-27	Label-C	2000
2	baseline	worker-cs-27	Label-C	2000
2	baseline	worker-cs-27	Label-A	2000
2	baseline	worker-cs-27	Label-A	1999
2	baseline	worker-cs-27	Label-A	45000
2	baseline	worker-cs-27	Label-E	180000
2	baseline	worker-cs-27	Label-A	44999
2	baseline	worker-cs-27	Label-B	1999
2	baseline	worker-cs-27	Label-C	44999
2	baseline	worker-cs-27	Label-C	2000
2	baseline	worker-cs-27	Label-B	45000
2	baseline	worker-cs-27	Label-A	2000
2	baseline	worker-cs-27	Label-D	179999
2	baseline	worker-cs-27	Label-C	1999
2	baseline	worker-cs-27	Label-B	2000
2	baseline	worker-cs-27	Label-A	2000
2	baseline	worker-cs-27	Label-A	2000
2	baseline	worker-cs-27	Label-A	2000
2	baseline	worker-cs-27	Label-C	2000
2	baseline	worker-cs-27	Label-A	2000
2	baseline	worker-cs-27	Label-A	1999
2	baseline	worker-cs-27	Label-A	2000
2	baseline	worker-cs-27	Label-A	2000
2	baseline	worker-cs-27	Label-B	1999
2	baseline	worker-cs-27	Label-B	1999
2	baseline	worker-cs-27	Label-B	2000
2	baseline	worker-cs-27	Label-A	1999
2	baseline	worker-cs-27	Label-A	2001
2	baseline	worker-cs-27	Label-C	2000
2	baseline	worker-cs-27	Label-C	2001
2	baseline	worker-cs-27	Label-E	2000
2	baseline	worker-cs-27	Label-B	2000
2	baseline	worker-cs-27	Label-E	2000
2	baseline	worker-cs-27	Label-B	44999
2	baseline	worker-cs-27	Label-A	1999
2	baseline	worker-cs-27	Label-A	45001
2	baseline	worker-cs-27	Label-B	45000
2	baseline	worker-cs-27	Label-E	179999
2	baseline	worker-cs-27	Label-B	1999
2	baseline	worker-cs-27	Label-A	44999
2	baseline	worker-cs-27	Label-D	180000
2	baseline	worker-cs-27	Label-B	1999
2	baseline	worker-cs-27	Label-B	45000
2	baseline	worker-cs-27	Label-A	2000
2	baseline	worker-cs-27	Label-B	2000
2	baseline	worker-cs-27	Label-B	2000
2	baseline	worker-cs-27	Label-C	2000
2	baseline	worker-cs-27	Label-B	2000
2	baseline	worker-cs-27	Label-C	44999
2	baseline	worker-cs-27	Label-A	2000
2	baseline	worker-cs-27	Label-B	1999
2	baseline	worker-cs-27	Label-C	1999
2	baseline	worker-cs-27	Label-B	2000
2	baseline	worker-cs-27	Label-B	2000
2	baseline	worker-cs-27	Label-C	2000
2	baseline	worker-cs-27	Label-B	2000
2	baseline	worker-cs-27	Label-D	2001
2	baseline	worker-cs-27	Label-A	45000
2	baseline	worker-cs-27	Label-B	2000
2	baseline	worker-cs-27	Label-A	2000
2	baseline	worker-cs-27	Label-A	2000
2	baseline	worker-cs-27	Label-C	45000
2	baseline	worker-cs-27	Label-C	2000
2	baseline	worker-cs-27	Label-A	45000
2	baseline	worker-cs-27	Label-D	180000
2	baseline	worker-cs-27	Label-A	1999
2	baseline	worker-cs-27	Label-B	2000
2	baseline	worker-cs-27	Label-B	2000
2	baseline	worker-cs-27	Label-A	1999
2	baseline	worker-cs-27	Label-B	2000
2	baseline	worker-cs-27	Label-A	2000
2	baseline	worker-cs-27	Label-C	2000
2	baseline	worker-cs-27	Label-D	2000
2	baseline	worker-cs-27	Label-C	1999
2	baseline	worker-cs-27	Label-C	44999
2	baseline	worker-cs-27	Label-A	1999
2	baseline	worker-cs-27	Label-A	45001
2	baseline	worker-cs-27	Label-E	179999
2	baseline	worker-cs-27	Label-B	2000
2	baseline	worker-cs-27	Label-B	44999
2	baseline	worker-cs-27	Label-D	179999
2	baseline	worker-cs-27	Label-A	2000
2	baseline	worker-cs-27	Label-A	44999
2	baseline	worker-cs-27	Label-A	1999
2	baseline	worker-cs-27	Label-C	44999
2	baseline	worker-cs-27	Label-B	2000
2	baseline	worker-cs-27	Label-C	2000
2	baseline	worker-cs-27	Label-A	2000
2	baseline	worker-cs-27	Label-D	2000
2	baseline	worker-cs-27	Label-C	1999
2	baseline	worker-cs-27	Label-B	2000
2	baseline	worker-cs-27	Label-A	2001
2	baseline	worker-cs-27	Label-A	2000
2	baseline	worker-cs-27	Label-A	1999
2	baseline	worker-cs-27	Label-B	2000
2	baseline	worker-cs-27	Label-B	2001
2	baseline	worker-cs-27	Label-D	2000
2	baseline	worker-cs-27	Label-C	2000
2	baseline	worker-cs-28	Label-B	2000
2	baseline	worker-cs-28	Label-C	2001
2	baseline	worker-cs-28	Label-B	2000
2	baseline	worker-cs-28	Label-B	1999
2	baseline	worker-cs-28	Label-B	2000
2	baseline	worker-cs-28	Label-C	2000
2	baseline	worker-cs-28	Label-C	2000
2	baseline	worker-cs-28	Label-C	2000
2	baseline	worker-cs-28	Label-A	2000
2	baseline	worker-cs-28	Label-B	2000
2	baseline	worker-cs-28	Label-A	1999
2	baseline	worker-cs-28	Label-C	2000
2	baseline	worker-cs-28	Label-A	2000
2	baseline	worker-cs-28	Label-A	2000
2	baseline	worker-cs-28	Label-C	2000
2	baseline	worker-cs-28	Label-A	2000
2	baseline	worker-cs-28	Label-A	1999
2	baseline	worker-cs-28	Label-A	2000
2	baseline	worker-cs-28	Label-A	2000
2	baseline	worker-cs-28	Label-A	2000
2	baseline	worker-cs-28	Label-B	1999
2	baseline	worker-cs-28	Label-B	45000
2	baseline	worker-cs-28	Label-E	1999
2	baseline	worker-cs-28	Label-C	45000
2	baseline	worker-cs-28	Label-D	180000
2	baseline	worker-cs-28	Label-A	2000
2	baseline	worker-cs-28	Label-A	45000
2	baseline	worker-cs-28	Label-B	2000
2	baseline	worker-cs-28	Label-B	45000
2	baseline	worker-cs-28	Label-E	180001
2	baseline	worker-cs-28	Label-E	2000
2	baseline	worker-cs-28	Label-B	1999
2	baseline	worker-cs-28	Label-C	45000
2	baseline	worker-cs-28	Label-A	2000
2	baseline	worker-cs-28	Label-E	1999
2	baseline	worker-cs-28	Label-E	2000
2	baseline	worker-cs-28	Label-A	1999
2	baseline	worker-cs-28	Label-B	2000
2	baseline	worker-cs-28	Label-A	1999
2	baseline	worker-cs-28	Label-A	2000
2	baseline	worker-cs-28	Label-A	2000
2	baseline	worker-cs-28	Label-A	2000
2	baseline	worker-cs-28	Label-D	2000
2	baseline	worker-cs-28	Label-A	2000
2	baseline	worker-cs-28	Label-A	2001
2	baseline	worker-cs-28	Label-C	44999
2	baseline	worker-cs-28	Label-B	2000
2	baseline	worker-cs-28	Label-B	2000
2	baseline	worker-cs-28	Label-B	45000
2	baseline	worker-cs-28	Label-B	1998
2	baseline	worker-cs-28	Label-A	1999
2	baseline	worker-cs-28	Label-D	180000
2	baseline	worker-cs-28	Label-D	1999
2	baseline	worker-cs-28	Label-A	2000
2	baseline	worker-cs-28	Label-A	1999
2	baseline	worker-cs-28	Label-B	2000
2	baseline	worker-cs-28	Label-B	1999
2	baseline	worker-cs-28	Label-A	1999
2	baseline	worker-cs-28	Label-A	2000
2	baseline	worker-cs-28	Label-C	44999
2	baseline	worker-cs-28	Label-A	2000
2	baseline	worker-cs-28	Label-A	2000
2	baseline	worker-cs-28	Label-B	44999
2	baseline	worker-cs-28	Label-A	2000
2	baseline	worker-cs-28	Label-A	1999
2	baseline	worker-cs-28	Label-E	179999
2	baseline	worker-cs-28	Label-B	2000
2	baseline	worker-cs-28	Label-A	2000
2	baseline	worker-cs-28	Label-A	2000
2	baseline	worker-cs-28	Label-C	2000
2	baseline	worker-cs-28	Label-B	2000
2	baseline	worker-cs-28	Label-A	2000
2	baseline	worker-cs-28	Label-B	2000
2	baseline	worker-cs-28	Label-A	2000
2	baseline	worker-cs-28	Label-B	1999
2	baseline	worker-cs-28	Label-A	1999
2	baseline	worker-cs-28	Label-D	180000
2	baseline	worker-cs-28	Label-B	1999
2	baseline	worker-cs-28	Label-B	2000
2	baseline	worker-cs-28	Label-B	1999
2	baseline	worker-cs-28	Label-C	2000
2	baseline	worker-cs-28	Label-B	2000
2	baseline	worker-cs-28	Label-B	1999
2	baseline	worker-cs-28	Label-A	2000
2	baseline	worker-cs-28	Label-C	2000
2	baseline	worker-cs-28	Label-B	2000
2	baseline	worker-cs-28	Label-B	2000
2	baseline	worker-cs-28	Label-A	2000
2	baseline	worker-cs-28	Label-A	2000
2	baseline	worker-cs-28	Label-B	2000
2	baseline	worker-cs-28	Label-A	1999
2	baseline	worker-cs-28	Label-B	2000
2	baseline	worker-cs-28	Label-C	2000
2	baseline	worker-cs-28	Label-C	2000
2	baseline	worker-cs-28	Label-A	1999
2	baseline	worker-cs-28	Label-C	2000
2	baseline	worker-cs-28	Label-D	2000
2	baseline	worker-cs-28	Label-C	2000
2	baseline	worker-cs-28	Label-A	2000
2	baseline	worker-cs-28	Label-D	2000
2	baseline	worker-cs-29	Label-B	2000
2	baseline	worker-cs-29	Label-A	2000
2	baseline	worker-cs-29	Label-A	2000
2	baseline	worker-cs-29	Label-B	2000
2	baseline	worker-cs-29	Label-A	2000
2	baseline	worker-cs-29	Label-A	1999
2	baseline	worker-cs-29	Label-A	1999
2	baseline	worker-cs-29	Label-C	2000
2	baseline	worker-cs-29	Label-C	2000
2	baseline	worker-cs-29	Label-C	2000
2	baseline	worker-cs-29	Label-B	2000
2	baseline	worker-cs-29	Label-A	1999
2	baseline	worker-cs-29	Label-A	2000
2	baseline	worker-cs-29	Label-C	2000
2	baseline	worker-cs-29	Label-C	2000
2	baseline	worker-cs-29	Label-B	2000
2	baseline	worker-cs-29	Label-C	2001
2	baseline	worker-cs-29	Label-C	1999
2	baseline	worker-cs-29	Label-A	2000
2	baseline	worker-cs-29	Label-C	1999
2	baseline	worker-cs-29	Label-A	2000
2	baseline	worker-cs-29	Label-A	1999
2	baseline	worker-cs-29	Label-B	1999
2	baseline	worker-cs-29	Label-B	45000
2	baseline	worker-cs-29	Label-A	1999
2	baseline	worker-cs-29	Label-A	2000
2	baseline	worker-cs-29	Label-C	45000
2	baseline	worker-cs-29	Label-C	2000
2	baseline	worker-cs-29	Label-B	44999
2	baseline	worker-cs-29	Label-D	179999
2	baseline	worker-cs-29	Label-C	2000
2	baseline	worker-cs-29	Label-C	45000
2	baseline	worker-cs-29	Label-A	45000
2	baseline	worker-cs-29	Label-A	2000
2	baseline	worker-cs-29	Label-A	45000
2	baseline	worker-cs-29	Label-C	44999
2	baseline	worker-cs-29	Label-A	2000
2	baseline	worker-cs-29	Label-E	180000
2	baseline	worker-cs-29	Label-A	45001
2	baseline	worker-cs-29	Label-B	45000
2	baseline	worker-cs-29	Label-D	180001
2	baseline	worker-cs-29	Label-C	45000
2	baseline	worker-cs-29	Label-B	2000
2	baseline	worker-cs-29	Label-B	45000
2	baseline	worker-cs-29	Label-A	1999
2	baseline	worker-cs-29	Label-A	44999
2	baseline	worker-cs-29	Label-C	1999
2	baseline	worker-cs-29	Label-A	2001
2	baseline	worker-cs-29	Label-B	2000
2	baseline	worker-cs-29	Label-A	2000
2	baseline	worker-cs-29	Label-E	180000
2	baseline	worker-cs-29	Label-C	1999
2	baseline	worker-cs-29	Label-C	2000
2	baseline	worker-cs-29	Label-A	1999
2	baseline	worker-cs-29	Label-A	1999
2	baseline	worker-cs-29	Label-A	1999
2	baseline	worker-cs-29	Label-A	2000
2	baseline	worker-cs-29	Label-C	2000
2	baseline	worker-cs-29	Label-A	2000
2	baseline	worker-cs-29	Label-A	2000
2	baseline	worker-cs-29	Label-B	1999
2	baseline	worker-cs-29	Label-C	2000
2	baseline	worker-cs-29	Label-B	1999
2	baseline	worker-cs-29	Label-A	2000
2	baseline	worker-cs-29	Label-A	2000
2	baseline	worker-cs-29	Label-A	2000
2	baseline	worker-cs-29	Label-B	2000
2	baseline	worker-cs-29	Label-A	2000
2	baseline	worker-cs-29	Label-A	1999
2	baseline	worker-cs-29	Label-B	1999
2	baseline	worker-cs-29	Label-A	1999
2	baseline	worker-cs-29	Label-A	2000
2	baseline	worker-cs-29	Label-E	1999
2	baseline	worker-cs-29	Label-A	1999
2	baseline	worker-cs-29	Label-C	2000
2	baseline	worker-cs-29	Label-A	1999
2	baseline	worker-cs-29	Label-B	2000
2	baseline	worker-cs-29	Label-B	1999
2	baseline	worker-cs-29	Label-C	2000
2	baseline	worker-cs-29	Label-C	2000
2	baseline	worker-cs-29	Label-A	2000
2	baseline	worker-cs-29	Label-B	2000
2	baseline	worker-cs-29	Label-B	2000
2	baseline	worker-cs-29	Label-C	2000
2	baseline	worker-cs-29	Label-A	1999
2	baseline	worker-cs-29	Label-A	2000
2	baseline	worker-cs-29	Label-A	2000
2	baseline	worker-cs-29	Label-A	2000
2	baseline	worker-cs-29	Label-D	179999
2	baseline	worker-cs-29	Label-C	2000
2	baseline	worker-cs-29	Label-C	2000
2	baseline	worker-cs-29	Label-B	2000
2	baseline	worker-cs-29	Label-C	2000
2	baseline	worker-cs-29	Label-B	2000
2	baseline	worker-cs-29	Label-B	1999
2	baseline	worker-cs-29	Label-A	1999
2	baseline	worker-cs-29	Label-B	2000
2	baseline	worker-cs-29	Label-C	2000
2	baseline	worker-cs-29	Label-B	2000
2	baseline	worker-cs-2	Label-A	2000
2	baseline	worker-cs-2	Label-B	1999
2	baseline	worker-cs-2	Label-C	2000
2	baseline	worker-cs-2	Label-B	2000
2	baseline	worker-cs-2	Label-C	2000
2	baseline	worker-cs-2	Label-B	2000
2	baseline	worker-cs-2	Label-A	2000
2	baseline	worker-cs-2	Label-A	2000
2	baseline	worker-cs-2	Label-C	2000
2	baseline	worker-cs-2	Label-E	180000
2	baseline	worker-cs-2	Label-D	2000
2	baseline	worker-cs-2	Label-A	1999
2	baseline	worker-cs-2	Label-B	2000
2	baseline	worker-cs-2	Label-A	2000
2	baseline	worker-cs-2	Label-A	2000
2	baseline	worker-cs-2	Label-C	1999
2	baseline	worker-cs-2	Label-C	2000
2	baseline	worker-cs-2	Label-A	2000
2	baseline	worker-cs-2	Label-D	1999
2	baseline	worker-cs-2	Label-D	179999
2	baseline	worker-cs-2	Label-A	2000
2	baseline	worker-cs-2	Label-B	2000
2	baseline	worker-cs-2	Label-C	2000
2	baseline	worker-cs-2	Label-A	2000
2	baseline	worker-cs-2	Label-C	2000
2	baseline	worker-cs-2	Label-C	2001
2	baseline	worker-cs-2	Label-C	1999
2	baseline	worker-cs-2	Label-B	2000
2	baseline	worker-cs-2	Label-B	2000
2	baseline	worker-cs-2	Label-A	2001
2	baseline	worker-cs-2	Label-A	2001
2	baseline	worker-cs-2	Label-A	2000
2	baseline	worker-cs-2	Label-A	1999
2	baseline	worker-cs-2	Label-B	1999
2	baseline	worker-cs-2	Label-C	2000
2	baseline	worker-cs-2	Label-B	1999
2	baseline	worker-cs-2	Label-B	2000
2	baseline	worker-cs-2	Label-A	2001
2	baseline	worker-cs-2	Label-A	1999
2	baseline	worker-cs-2	Label-A	2000
2	baseline	worker-cs-2	Label-A	1999
2	baseline	worker-cs-2	Label-A	2000
2	baseline	worker-cs-2	Label-A	44999
2	baseline	worker-cs-2	Label-C	45000
2	baseline	worker-cs-2	Label-B	2000
2	baseline	worker-cs-2	Label-A	44999
2	baseline	worker-cs-2	Label-D	1999
2	baseline	worker-cs-2	Label-B	45000
2	baseline	worker-cs-2	Label-E	179999
2	baseline	worker-cs-2	Label-D	180000
2	baseline	worker-cs-2	Label-C	45000
2	baseline	worker-cs-2	Label-B	2000
2	baseline	worker-cs-2	Label-B	45000
2	baseline	worker-cs-2	Label-B	2000
2	baseline	worker-cs-2	Label-A	45001
2	baseline	worker-cs-2	Label-A	2000
2	baseline	worker-cs-2	Label-A	2000
2	baseline	worker-cs-2	Label-C	1999
2	baseline	worker-cs-2	Label-B	1999
2	baseline	worker-cs-2	Label-A	2000
2	baseline	worker-cs-2	Label-A	2000
2	baseline	worker-cs-2	Label-B	1999
2	baseline	worker-cs-2	Label-A	2000
2	baseline	worker-cs-2	Label-B	1999
2	baseline	worker-cs-2	Label-B	1999
2	baseline	worker-cs-2	Label-A	2000
2	baseline	worker-cs-2	Label-A	1999
2	baseline	worker-cs-2	Label-A	1999
2	baseline	worker-cs-2	Label-D	2000
2	baseline	worker-cs-2	Label-D	180000
2	baseline	worker-cs-2	Label-A	2000
2	baseline	worker-cs-2	Label-D	1999
2	baseline	worker-cs-2	Label-A	2001
2	baseline	worker-cs-2	Label-B	1999
2	baseline	worker-cs-2	Label-B	2000
2	baseline	worker-cs-2	Label-A	44999
2	baseline	worker-cs-2	Label-B	2001
2	baseline	worker-cs-2	Label-B	44999
2	baseline	worker-cs-2	Label-E	180000
2	baseline	worker-cs-2	Label-C	2000
2	baseline	worker-cs-2	Label-A	44999
2	baseline	worker-cs-2	Label-C	45000
2	baseline	worker-cs-2	Label-B	2000
2	baseline	worker-cs-2	Label-D	180000
2	baseline	worker-cs-2	Label-B	2000
2	baseline	worker-cs-2	Label-B	44999
2	baseline	worker-cs-2	Label-A	1999
2	baseline	worker-cs-2	Label-A	2001
2	baseline	worker-cs-2	Label-D	2001
2	baseline	worker-cs-2	Label-B	2000
2	baseline	worker-cs-2	Label-C	1999
2	baseline	worker-cs-2	Label-C	2000
2	baseline	worker-cs-2	Label-C	1999
2	baseline	worker-cs-2	Label-A	1999
2	baseline	worker-cs-2	Label-B	2000
2	baseline	worker-cs-2	Label-B	2000
2	baseline	worker-cs-2	Label-B	2000
2	baseline	worker-cs-2	Label-A	1999
2	baseline	worker-cs-2	Label-A	1999
2	baseline	worker-cs-3	Label-E	1999
2	baseline	worker-cs-3	Label-E	180000
2	baseline	worker-cs-3	Label-D	2000
2	baseline	worker-cs-3	Label-B	2000
2	baseline	worker-cs-3	Label-B	44999
2	baseline	worker-cs-3	Label-B	2000
2	baseline	worker-cs-3	Label-B	2000
2	baseline	worker-cs-3	Label-A	45000
2	baseline	worker-cs-3	Label-D	180000
2	baseline	worker-cs-3	Label-A	2001
2	baseline	worker-cs-3	Label-C	44999
2	baseline	worker-cs-3	Label-A	45000
2	baseline	worker-cs-3	Label-C	2000
2	baseline	worker-cs-3	Label-A	1999
2	baseline	worker-cs-3	Label-B	45000
2	baseline	worker-cs-3	Label-B	1999
2	baseline	worker-cs-3	Label-B	2001
2	baseline	worker-cs-3	Label-A	2000
2	baseline	worker-cs-3	Label-E	180000
2	baseline	worker-cs-3	Label-A	2000
2	baseline	worker-cs-3	Label-B	2000
2	baseline	worker-cs-3	Label-B	1999
2	baseline	worker-cs-3	Label-A	1999
2	baseline	worker-cs-3	Label-B	2000
2	baseline	worker-cs-3	Label-B	2000
2	baseline	worker-cs-3	Label-B	2000
2	baseline	worker-cs-3	Label-C	2000
2	baseline	worker-cs-3	Label-B	1999
2	baseline	worker-cs-3	Label-B	2000
2	baseline	worker-cs-3	Label-A	2000
2	baseline	worker-cs-3	Label-B	1999
2	baseline	worker-cs-3	Label-D	180000
2	baseline	worker-cs-3	Label-C	1999
2	baseline	worker-cs-3	Label-B	1999
2	baseline	worker-cs-3	Label-B	2000
2	baseline	worker-cs-3	Label-A	2000
2	baseline	worker-cs-3	Label-B	2000
2	baseline	worker-cs-3	Label-C	1999
2	baseline	worker-cs-3	Label-A	2000
2	baseline	worker-cs-3	Label-A	2000
2	baseline	worker-cs-3	Label-B	1999
2	baseline	worker-cs-3	Label-B	2001
2	baseline	worker-cs-3	Label-A	2000
2	baseline	worker-cs-3	Label-A	2000
2	baseline	worker-cs-3	Label-B	2000
2	baseline	worker-cs-3	Label-B	2000
2	baseline	worker-cs-3	Label-C	2000
2	baseline	worker-cs-3	Label-B	2000
2	baseline	worker-cs-3	Label-A	2000
2	baseline	worker-cs-3	Label-B	1999
2	baseline	worker-cs-3	Label-B	2000
2	baseline	worker-cs-3	Label-E	2000
2	baseline	worker-cs-3	Label-A	1999
2	baseline	worker-cs-3	Label-A	2000
2	baseline	worker-cs-3	Label-B	1999
2	baseline	worker-cs-3	Label-C	1999
2	baseline	worker-cs-3	Label-B	1999
2	baseline	worker-cs-3	Label-E	180000
2	baseline	worker-cs-3	Label-B	2000
2	baseline	worker-cs-3	Label-B	2000
2	baseline	worker-cs-3	Label-A	2000
2	baseline	worker-cs-3	Label-A	2000
2	baseline	worker-cs-3	Label-A	2000
2	baseline	worker-cs-3	Label-B	2000
2	baseline	worker-cs-3	Label-C	2000
2	baseline	worker-cs-3	Label-B	1999
2	baseline	worker-cs-3	Label-B	2000
2	baseline	worker-cs-3	Label-B	2000
2	baseline	worker-cs-3	Label-A	2000
2	baseline	worker-cs-3	Label-A	2001
2	baseline	worker-cs-3	Label-A	2000
2	baseline	worker-cs-3	Label-A	1999
2	baseline	worker-cs-3	Label-C	2000
2	baseline	worker-cs-3	Label-A	2000
2	baseline	worker-cs-3	Label-C	2000
2	baseline	worker-cs-3	Label-B	2000
2	baseline	worker-cs-3	Label-B	1999
2	baseline	worker-cs-3	Label-A	2001
2	baseline	worker-cs-3	Label-C	2000
2	baseline	worker-cs-3	Label-B	2000
2	baseline	worker-cs-3	Label-A	2000
2	baseline	worker-cs-3	Label-A	2001
2	baseline	worker-cs-3	Label-A	2000
2	baseline	worker-cs-3	Label-B	2001
2	baseline	worker-cs-3	Label-C	2000
2	baseline	worker-cs-3	Label-A	2000
2	baseline	worker-cs-3	Label-A	2000
2	baseline	worker-cs-3	Label-B	1999
2	baseline	worker-cs-3	Label-B	2000
2	baseline	worker-cs-3	Label-C	1999
2	baseline	worker-cs-3	Label-C	2000
2	baseline	worker-cs-3	Label-A	2000
2	baseline	worker-cs-3	Label-C	1999
2	baseline	worker-cs-3	Label-A	2000
2	baseline	worker-cs-3	Label-A	2000
2	baseline	worker-cs-3	Label-A	2000
2	baseline	worker-cs-3	Label-A	2000
2	baseline	worker-cs-3	Label-C	2000
2	baseline	worker-cs-3	Label-B	2000
2	baseline	worker-cs-3	Label-B	1999
2	baseline	worker-cs-3	Label-E	2000
2	baseline	worker-cs-3	Label-A	1999
2	baseline	worker-cs-3	Label-B	1999
2	baseline	worker-cs-4	Label-A	44999
2	baseline	worker-cs-4	Label-C	1999
2	baseline	worker-cs-4	Label-A	1999
2	baseline	worker-cs-4	Label-A	2000
2	baseline	worker-cs-4	Label-C	1999
2	baseline	worker-cs-4	Label-B	45000
2	baseline	worker-cs-4	Label-E	180000
2	baseline	worker-cs-4	Label-A	2000
2	baseline	worker-cs-4	Label-C	1999
2	baseline	worker-cs-4	Label-A	45000
2	baseline	worker-cs-4	Label-C	2000
2	baseline	worker-cs-4	Label-C	2000
2	baseline	worker-cs-4	Label-C	2000
2	baseline	worker-cs-4	Label-A	1999
2	baseline	worker-cs-4	Label-A	2000
2	baseline	worker-cs-4	Label-B	2000
2	baseline	worker-cs-4	Label-A	2000
2	baseline	worker-cs-4	Label-B	1999
2	baseline	worker-cs-4	Label-C	2000
2	baseline	worker-cs-4	Label-B	1999
2	baseline	worker-cs-4	Label-B	2000
2	baseline	worker-cs-4	Label-A	2000
2	baseline	worker-cs-4	Label-A	2000
2	baseline	worker-cs-4	Label-C	1998
2	baseline	worker-cs-4	Label-A	2000
2	baseline	worker-cs-4	Label-A	2000
2	baseline	worker-cs-4	Label-B	2000
2	baseline	worker-cs-4	Label-C	2000
2	baseline	worker-cs-4	Label-A	2000
2	baseline	worker-cs-4	Label-B	2000
2	baseline	worker-cs-4	Label-A	2000
2	baseline	worker-cs-4	Label-D	180000
2	baseline	worker-cs-4	Label-A	2000
2	baseline	worker-cs-4	Label-C	1999
2	baseline	worker-cs-4	Label-B	2000
2	baseline	worker-cs-4	Label-A	1999
2	baseline	worker-cs-4	Label-A	2000
2	baseline	worker-cs-4	Label-A	2000
2	baseline	worker-cs-4	Label-A	2000
2	baseline	worker-cs-4	Label-B	2000
2	baseline	worker-cs-4	Label-A	2000
2	baseline	worker-cs-4	Label-C	2000
2	baseline	worker-cs-4	Label-A	1999
2	baseline	worker-cs-4	Label-A	2001
2	baseline	worker-cs-4	Label-A	2000
2	baseline	worker-cs-4	Label-B	2000
2	baseline	worker-cs-4	Label-A	1999
2	baseline	worker-cs-4	Label-A	2000
2	baseline	worker-cs-4	Label-C	2000
2	baseline	worker-cs-4	Label-A	2000
2	baseline	worker-cs-4	Label-A	2000
2	baseline	worker-cs-4	Label-B	2000
2	baseline	worker-cs-4	Label-B	1999
2	baseline	worker-cs-4	Label-C	2000
2	baseline	worker-cs-4	Label-A	1999
2	baseline	worker-cs-4	Label-A	2000
2	baseline	worker-cs-4	Label-C	1999
2	baseline	worker-cs-4	Label-B	2000
2	baseline	worker-cs-4	Label-B	2000
2	baseline	worker-cs-4	Label-A	1999
2	baseline	worker-cs-4	Label-A	1999
2	baseline	worker-cs-4	Label-A	2000
2	baseline	worker-cs-4	Label-B	2000
2	baseline	worker-cs-4	Label-B	2000
2	baseline	worker-cs-4	Label-B	1999
2	baseline	worker-cs-4	Label-A	1999
2	baseline	worker-cs-4	Label-A	2000
2	baseline	worker-cs-4	Label-D	2001
2	baseline	worker-cs-4	Label-A	2000
2	baseline	worker-cs-4	Label-A	1999
2	baseline	worker-cs-4	Label-A	2000
2	baseline	worker-cs-4	Label-A	2000
2	baseline	worker-cs-4	Label-A	2000
2	baseline	worker-cs-4	Label-B	2000
2	baseline	worker-cs-4	Label-C	1999
2	baseline	worker-cs-4	Label-B	2000
2	baseline	worker-cs-4	Label-B	2000
2	baseline	worker-cs-4	Label-A	2000
2	baseline	worker-cs-4	Label-B	1999
2	baseline	worker-cs-4	Label-B	2000
2	baseline	worker-cs-4	Label-B	2000
2	baseline	worker-cs-4	Label-B	2001
2	baseline	worker-cs-4	Label-B	2000
2	baseline	worker-cs-4	Label-A	1999
2	baseline	worker-cs-4	Label-A	1999
2	baseline	worker-cs-4	Label-A	2000
2	baseline	worker-cs-4	Label-A	2000
2	baseline	worker-cs-4	Label-B	45000
2	baseline	worker-cs-4	Label-D	1999
2	baseline	worker-cs-4	Label-A	45000
2	baseline	worker-cs-4	Label-E	180000
2	baseline	worker-cs-4	Label-C	45000
2	baseline	worker-cs-4	Label-B	2000
2	baseline	worker-cs-4	Label-B	2001
2	baseline	worker-cs-4	Label-B	44999
2	baseline	worker-cs-4	Label-C	2001
2	baseline	worker-cs-4	Label-A	2000
2	baseline	worker-cs-4	Label-D	180000
2	baseline	worker-cs-4	Label-A	45000
2	baseline	worker-cs-4	Label-A	2000
2	baseline	worker-cs-4	Label-A	2000
2	baseline	worker-cs-4	Label-C	2001
2	baseline	worker-cs-5	Label-B	2000
2	baseline	worker-cs-5	Label-B	2000
2	baseline	worker-cs-5	Label-C	2000
2	baseline	worker-cs-5	Label-A	2000
2	baseline	worker-cs-5	Label-B	2000
2	baseline	worker-cs-5	Label-B	2000
2	baseline	worker-cs-5	Label-A	2000
2	baseline	worker-cs-5	Label-A	2000
2	baseline	worker-cs-5	Label-A	2000
2	baseline	worker-cs-5	Label-A	2000
2	baseline	worker-cs-5	Label-A	2000
2	baseline	worker-cs-5	Label-C	2000
2	baseline	worker-cs-5	Label-B	1999
2	baseline	worker-cs-5	Label-B	1999
2	baseline	worker-cs-5	Label-B	1999
2	baseline	worker-cs-5	Label-A	1999
2	baseline	worker-cs-5	Label-A	1999
2	baseline	worker-cs-5	Label-A	2000
2	baseline	worker-cs-5	Label-A	2000
2	baseline	worker-cs-5	Label-B	2000
2	baseline	worker-cs-5	Label-B	2000
2	baseline	worker-cs-5	Label-A	2000
2	baseline	worker-cs-5	Label-B	2000
2	baseline	worker-cs-5	Label-C	2000
2	baseline	worker-cs-5	Label-C	1999
2	baseline	worker-cs-5	Label-A	2000
2	baseline	worker-cs-5	Label-D	2000
2	baseline	worker-cs-5	Label-B	1999
2	baseline	worker-cs-5	Label-B	1999
2	baseline	worker-cs-5	Label-A	2000
2	baseline	worker-cs-5	Label-B	1999
2	baseline	worker-cs-5	Label-B	2000
2	baseline	worker-cs-5	Label-D	1999
2	baseline	worker-cs-5	Label-A	1999
2	baseline	worker-cs-5	Label-C	1999
2	baseline	worker-cs-5	Label-A	1999
2	baseline	worker-cs-5	Label-B	1999
2	baseline	worker-cs-5	Label-A	2000
2	baseline	worker-cs-5	Label-A	2001
2	baseline	worker-cs-5	Label-B	2000
2	baseline	worker-cs-5	Label-B	2000
2	baseline	worker-cs-5	Label-B	2000
2	baseline	worker-cs-5	Label-A	1999
2	baseline	worker-cs-5	Label-A	2000
2	baseline	worker-cs-5	Label-B	1999
2	baseline	worker-cs-5	Label-B	2000
2	baseline	worker-cs-5	Label-C	1999
2	baseline	worker-cs-5	Label-C	2000
2	baseline	worker-cs-5	Label-B	1999
2	baseline	worker-cs-5	Label-C	1999
2	baseline	worker-cs-5	Label-B	2000
2	baseline	worker-cs-5	Label-C	2001
2	baseline	worker-cs-5	Label-D	2000
2	baseline	worker-cs-5	Label-C	2000
2	baseline	worker-cs-5	Label-C	2000
2	baseline	worker-cs-5	Label-C	1999
2	baseline	worker-cs-5	Label-B	1999
2	baseline	worker-cs-5	Label-A	2002
2	baseline	worker-cs-5	Label-A	1999
2	baseline	worker-cs-5	Label-B	1999
2	baseline	worker-cs-5	Label-C	2000
2	baseline	worker-cs-5	Label-A	2000
2	baseline	worker-cs-5	Label-C	2000
2	baseline	worker-cs-5	Label-A	1999
2	baseline	worker-cs-5	Label-C	2000
2	baseline	worker-cs-5	Label-A	2000
2	baseline	worker-cs-5	Label-C	2000
2	baseline	worker-cs-5	Label-A	2000
2	baseline	worker-cs-5	Label-B	2000
2	baseline	worker-cs-5	Label-A	2000
2	baseline	worker-cs-5	Label-C	2000
2	baseline	worker-cs-5	Label-C	2000
2	baseline	worker-cs-5	Label-C	2000
2	baseline	worker-cs-5	Label-D	2000
2	baseline	worker-cs-5	Label-D	2000
2	baseline	worker-cs-5	Label-B	2000
2	baseline	worker-cs-5	Label-B	2003
2	baseline	worker-cs-5	Label-D	2000
2	baseline	worker-cs-5	Label-C	2000
2	baseline	worker-cs-5	Label-A	1999
2	baseline	worker-cs-5	Label-B	2000
2	baseline	worker-cs-5	Label-A	2000
2	baseline	worker-cs-5	Label-A	1999
2	baseline	worker-cs-5	Label-A	2000
2	baseline	worker-cs-5	Label-B	2000
2	baseline	worker-cs-5	Label-C	1999
2	baseline	worker-cs-5	Label-D	1999
2	baseline	worker-cs-5	Label-B	2000
2	baseline	worker-cs-5	Label-C	2000
2	baseline	worker-cs-5	Label-A	2000
2	baseline	worker-cs-5	Label-A	2000
2	baseline	worker-cs-5	Label-A	2000
2	baseline	worker-cs-5	Label-A	1999
2	baseline	worker-cs-5	Label-B	1999
2	baseline	worker-cs-5	Label-A	2000
2	baseline	worker-cs-5	Label-B	1999
2	baseline	worker-cs-5	Label-B	1999
2	baseline	worker-cs-5	Label-C	1999
2	baseline	worker-cs-5	Label-A	2000
2	baseline	worker-cs-5	Label-B	2000
2	baseline	worker-cs-6	Label-A	2000
2	baseline	worker-cs-6	Label-A	1999
2	baseline	worker-cs-6	Label-B	2000
2	baseline	worker-cs-6	Label-A	1999
2	baseline	worker-cs-6	Label-C	1999
2	baseline	worker-cs-6	Label-C	2000
2	baseline	worker-cs-6	Label-C	1999
2	baseline	worker-cs-6	Label-A	1999
2	baseline	worker-cs-6	Label-B	2000
2	baseline	worker-cs-6	Label-C	2002
2	baseline	worker-cs-6	Label-C	2000
2	baseline	worker-cs-6	Label-B	2000
2	baseline	worker-cs-6	Label-B	2000
2	baseline	worker-cs-6	Label-B	2000
2	baseline	worker-cs-6	Label-A	2000
2	baseline	worker-cs-6	Label-A	2001
2	baseline	worker-cs-6	Label-B	1999
2	baseline	worker-cs-6	Label-B	2000
2	baseline	worker-cs-6	Label-B	2000
2	baseline	worker-cs-6	Label-A	1999
2	baseline	worker-cs-6	Label-B	2000
2	baseline	worker-cs-6	Label-C	2000
2	baseline	worker-cs-6	Label-A	2000
2	baseline	worker-cs-6	Label-B	1999
2	baseline	worker-cs-6	Label-A	1999
2	baseline	worker-cs-6	Label-D	2000
2	baseline	worker-cs-6	Label-A	1999
2	baseline	worker-cs-6	Label-D	1999
2	baseline	worker-cs-6	Label-A	2000
2	baseline	worker-cs-6	Label-A	2000
2	baseline	worker-cs-6	Label-C	2000
2	baseline	worker-cs-6	Label-B	2000
2	baseline	worker-cs-6	Label-C	2000
2	baseline	worker-cs-6	Label-A	2000
2	baseline	worker-cs-6	Label-B	1999
2	baseline	worker-cs-6	Label-C	2000
2	baseline	worker-cs-6	Label-B	2000
2	baseline	worker-cs-6	Label-A	1999
2	baseline	worker-cs-6	Label-A	2001
2	baseline	worker-cs-6	Label-C	2000
2	baseline	worker-cs-6	Label-D	2000
2	baseline	worker-cs-6	Label-A	2000
2	baseline	worker-cs-6	Label-A	2000
2	baseline	worker-cs-6	Label-A	2000
2	baseline	worker-cs-6	Label-D	2000
2	baseline	worker-cs-6	Label-A	2000
2	baseline	worker-cs-6	Label-A	2000
2	baseline	worker-cs-6	Label-B	1999
2	baseline	worker-cs-6	Label-A	2000
2	baseline	worker-cs-6	Label-D	1999
2	baseline	worker-cs-6	Label-C	1999
2	baseline	worker-cs-6	Label-B	1999
2	baseline	worker-cs-6	Label-B	2004
2	baseline	worker-cs-6	Label-C	2000
2	baseline	worker-cs-6	Label-B	1999
2	baseline	worker-cs-6	Label-A	1999
2	baseline	worker-cs-6	Label-A	2000
2	baseline	worker-cs-6	Label-B	2000
2	baseline	worker-cs-6	Label-C	2001
2	baseline	worker-cs-6	Label-B	2001
2	baseline	worker-cs-6	Label-A	2000
2	baseline	worker-cs-6	Label-B	2000
2	baseline	worker-cs-6	Label-C	2000
2	baseline	worker-cs-6	Label-E	180000
2	baseline	worker-cs-6	Label-A	2007
2	baseline	worker-cs-6	Label-C	2000
2	baseline	worker-cs-6	Label-C	2000
2	baseline	worker-cs-6	Label-A	2000
2	baseline	worker-cs-6	Label-C	1999
2	baseline	worker-cs-6	Label-B	1999
2	baseline	worker-cs-6	Label-B	2000
2	baseline	worker-cs-6	Label-A	1999
2	baseline	worker-cs-6	Label-C	2000
2	baseline	worker-cs-6	Label-B	2000
2	baseline	worker-cs-6	Label-C	1999
2	baseline	worker-cs-6	Label-A	1999
2	baseline	worker-cs-6	Label-A	2000
2	baseline	worker-cs-6	Label-A	2000
2	baseline	worker-cs-6	Label-B	1999
2	baseline	worker-cs-6	Label-A	1999
2	baseline	worker-cs-6	Label-A	2001
2	baseline	worker-cs-6	Label-A	1999
2	baseline	worker-cs-6	Label-A	2003
2	baseline	worker-cs-6	Label-E	2000
2	baseline	worker-cs-6	Label-A	2000
2	baseline	worker-cs-6	Label-B	1999
2	baseline	worker-cs-6	Label-C	2000
2	baseline	worker-cs-6	Label-A	2001
2	baseline	worker-cs-6	Label-C	2000
2	baseline	worker-cs-6	Label-C	1999
2	baseline	worker-cs-6	Label-D	2000
2	baseline	worker-cs-6	Label-B	1999
2	baseline	worker-cs-6	Label-B	1999
2	baseline	worker-cs-6	Label-B	2001
2	baseline	worker-cs-6	Label-A	2000
2	baseline	worker-cs-6	Label-B	2000
2	baseline	worker-cs-6	Label-A	2000
2	baseline	worker-cs-6	Label-A	1999
2	baseline	worker-cs-6	Label-D	179999
2	baseline	worker-cs-6	Label-A	2000
2	baseline	worker-cs-7	Label-B	2000
2	baseline	worker-cs-7	Label-A	2000
2	baseline	worker-cs-7	Label-C	1999
2	baseline	worker-cs-7	Label-A	2000
2	baseline	worker-cs-7	Label-C	2000
2	baseline	worker-cs-7	Label-B	2000
2	baseline	worker-cs-7	Label-A	1999
2	baseline	worker-cs-7	Label-C	2000
2	baseline	worker-cs-7	Label-B	2000
2	baseline	worker-cs-7	Label-A	2000
2	baseline	worker-cs-7	Label-A	1999
2	baseline	worker-cs-7	Label-A	2000
2	baseline	worker-cs-7	Label-C	1999
2	baseline	worker-cs-7	Label-A	2000
2	baseline	worker-cs-7	Label-B	2000
2	baseline	worker-cs-7	Label-A	2000
2	baseline	worker-cs-7	Label-B	1999
2	baseline	worker-cs-7	Label-A	2000
2	baseline	worker-cs-7	Label-B	2000
2	baseline	worker-cs-7	Label-A	1998
2	baseline	worker-cs-7	Label-C	2000
2	baseline	worker-cs-7	Label-C	2000
2	baseline	worker-cs-7	Label-B	2000
2	baseline	worker-cs-7	Label-B	1999
2	baseline	worker-cs-7	Label-B	1999
2	baseline	worker-cs-7	Label-C	1999
2	baseline	worker-cs-7	Label-A	2001
2	baseline	worker-cs-7	Label-C	2000
2	baseline	worker-cs-7	Label-D	180000
2	baseline	worker-cs-7	Label-B	2000
2	baseline	worker-cs-7	Label-C	1999
2	baseline	worker-cs-7	Label-B	2000
2	baseline	worker-cs-7	Label-C	2000
2	baseline	worker-cs-7	Label-C	2000
2	baseline	worker-cs-7	Label-C	2000
2	baseline	worker-cs-7	Label-B	2000
2	baseline	worker-cs-7	Label-A	2000
2	baseline	worker-cs-7	Label-C	2000
2	baseline	worker-cs-7	Label-B	1999
2	baseline	worker-cs-7	Label-C	2000
2	baseline	worker-cs-7	Label-A	2000
2	baseline	worker-cs-7	Label-B	2000
2	baseline	worker-cs-7	Label-A	1999
2	baseline	worker-cs-7	Label-B	2000
2	baseline	worker-cs-7	Label-B	1999
2	baseline	worker-cs-7	Label-E	180000
2	baseline	worker-cs-7	Label-A	1999
2	baseline	worker-cs-7	Label-A	2000
2	baseline	worker-cs-7	Label-A	2000
2	baseline	worker-cs-7	Label-A	45000
2	baseline	worker-cs-7	Label-A	2000
2	baseline	worker-cs-7	Label-A	2000
2	baseline	worker-cs-7	Label-A	45000
2	baseline	worker-cs-7	Label-D	180000
2	baseline	worker-cs-7	Label-A	2000
2	baseline	worker-cs-7	Label-A	44999
2	baseline	worker-cs-7	Label-E	180000
2	baseline	worker-cs-7	Label-C	2000
2	baseline	worker-cs-7	Label-C	45000
2	baseline	worker-cs-7	Label-C	2000
2	baseline	worker-cs-7	Label-A	2000
2	baseline	worker-cs-7	Label-A	2000
2	baseline	worker-cs-7	Label-A	1999
2	baseline	worker-cs-7	Label-C	2000
2	baseline	worker-cs-7	Label-A	2000
2	baseline	worker-cs-7	Label-C	1999
2	baseline	worker-cs-7	Label-A	1999
2	baseline	worker-cs-7	Label-A	1999
2	baseline	worker-cs-7	Label-B	44999
2	baseline	worker-cs-7	Label-A	1999
2	baseline	worker-cs-7	Label-B	2000
2	baseline	worker-cs-7	Label-A	2000
2	baseline	worker-cs-7	Label-B	1999
2	baseline	worker-cs-7	Label-C	44999
2	baseline	worker-cs-7	Label-B	45000
2	baseline	worker-cs-7	Label-E	179999
2	baseline	worker-cs-7	Label-C	45000
2	baseline	worker-cs-7	Label-B	2000
2	baseline	worker-cs-7	Label-A	45000
2	baseline	worker-cs-7	Label-B	2000
2	baseline	worker-cs-7	Label-B	44999
2	baseline	worker-cs-7	Label-B	1999
2	baseline	worker-cs-7	Label-D	180000
2	baseline	worker-cs-7	Label-C	1999
2	baseline	worker-cs-7	Label-B	2000
2	baseline	worker-cs-7	Label-B	2000
2	baseline	worker-cs-7	Label-D	2000
2	baseline	worker-cs-7	Label-C	2000
2	baseline	worker-cs-7	Label-C	2000
2	baseline	worker-cs-7	Label-D	1999
2	baseline	worker-cs-7	Label-A	2000
2	baseline	worker-cs-7	Label-A	2000
2	baseline	worker-cs-7	Label-C	1999
2	baseline	worker-cs-7	Label-A	2000
2	baseline	worker-cs-7	Label-B	2000
2	baseline	worker-cs-7	Label-D	1999
2	baseline	worker-cs-7	Label-D	2000
2	baseline	worker-cs-7	Label-A	2000
2	baseline	worker-cs-7	Label-A	2000
2	baseline	worker-cs-7	Label-B	2000
2	baseline	worker-cs-8	Label-A	2000
2	baseline	worker-cs-8	Label-B	1999
2	baseline	worker-cs-8	Label-A	1999
2	baseline	worker-cs-8	Label-A	2000
2	baseline	worker-cs-8	Label-B	2000
2	baseline	worker-cs-8	Label-A	1999
2	baseline	worker-cs-8	Label-A	2000
2	baseline	worker-cs-8	Label-B	1999
2	baseline	worker-cs-8	Label-A	2000
2	baseline	worker-cs-8	Label-C	2000
2	baseline	worker-cs-8	Label-A	2000
2	baseline	worker-cs-8	Label-A	44999
2	baseline	worker-cs-8	Label-B	1999
2	baseline	worker-cs-8	Label-B	45000
2	baseline	worker-cs-8	Label-D	2000
2	baseline	worker-cs-8	Label-E	180000
2	baseline	worker-cs-8	Label-C	45000
2	baseline	worker-cs-8	Label-A	1999
2	baseline	worker-cs-8	Label-B	45000
2	baseline	worker-cs-8	Label-D	180000
2	baseline	worker-cs-8	Label-C	2000
2	baseline	worker-cs-8	Label-A	45000
2	baseline	worker-cs-8	Label-B	2000
2	baseline	worker-cs-8	Label-A	2000
2	baseline	worker-cs-8	Label-A	2000
2	baseline	worker-cs-8	Label-A	2000
2	baseline	worker-cs-8	Label-C	44999
2	baseline	worker-cs-8	Label-A	1999
2	baseline	worker-cs-8	Label-A	44999
2	baseline	worker-cs-8	Label-B	45000
2	baseline	worker-cs-8	Label-B	1999
2	baseline	worker-cs-8	Label-A	44999
2	baseline	worker-cs-8	Label-E	179999
2	baseline	worker-cs-8	Label-B	45001
2	baseline	worker-cs-8	Label-D	180000
2	baseline	worker-cs-8	Label-A	1999
2	baseline	worker-cs-8	Label-C	45000
2	baseline	worker-cs-8	Label-B	2000
2	baseline	worker-cs-8	Label-A	45000
2	baseline	worker-cs-8	Label-A	1999
2	baseline	worker-cs-8	Label-A	1999
2	baseline	worker-cs-8	Label-A	2000
2	baseline	worker-cs-8	Label-B	1999
2	baseline	worker-cs-8	Label-C	2000
2	baseline	worker-cs-8	Label-A	2000
2	baseline	worker-cs-8	Label-A	1999
2	baseline	worker-cs-8	Label-B	1999
2	baseline	worker-cs-8	Label-A	1999
2	baseline	worker-cs-8	Label-D	2000
2	baseline	worker-cs-8	Label-A	2001
2	baseline	worker-cs-8	Label-C	2000
2	baseline	worker-cs-8	Label-B	2000
2	baseline	worker-cs-8	Label-C	2000
2	baseline	worker-cs-8	Label-A	1998
2	baseline	worker-cs-8	Label-A	2000
2	baseline	worker-cs-8	Label-B	2000
2	baseline	worker-cs-8	Label-C	2000
2	baseline	worker-cs-8	Label-C	2000
2	baseline	worker-cs-8	Label-A	1999
2	baseline	worker-cs-8	Label-A	1999
2	baseline	worker-cs-8	Label-B	2000
2	baseline	worker-cs-8	Label-B	2001
2	baseline	worker-cs-8	Label-B	2000
2	baseline	worker-cs-8	Label-B	2000
2	baseline	worker-cs-8	Label-B	1999
2	baseline	worker-cs-8	Label-A	1999
2	baseline	worker-cs-8	Label-C	2000
2	baseline	worker-cs-8	Label-C	2000
2	baseline	worker-cs-8	Label-A	2000
2	baseline	worker-cs-8	Label-D	1999
2	baseline	worker-cs-8	Label-C	1999
2	baseline	worker-cs-8	Label-A	2001
2	baseline	worker-cs-8	Label-A	2000
2	baseline	worker-cs-8	Label-A	44999
2	baseline	worker-cs-8	Label-B	45000
2	baseline	worker-cs-8	Label-A	2000
2	baseline	worker-cs-8	Label-C	45000
2	baseline	worker-cs-8	Label-E	180000
2	baseline	worker-cs-8	Label-A	2000
2	baseline	worker-cs-8	Label-A	44999
2	baseline	worker-cs-8	Label-A	2000
2	baseline	worker-cs-8	Label-D	180000
2	baseline	worker-cs-8	Label-B	1999
2	baseline	worker-cs-8	Label-C	44999
2	baseline	worker-cs-8	Label-A	2000
2	baseline	worker-cs-8	Label-B	45000
2	baseline	worker-cs-8	Label-A	2000
2	baseline	worker-cs-8	Label-B	1999
2	baseline	worker-cs-8	Label-A	2000
2	baseline	worker-cs-8	Label-A	2000
2	baseline	worker-cs-8	Label-A	2000
2	baseline	worker-cs-8	Label-B	1999
2	baseline	worker-cs-8	Label-B	1999
2	baseline	worker-cs-8	Label-C	2000
2	baseline	worker-cs-8	Label-A	2000
2	baseline	worker-cs-8	Label-D	2000
2	baseline	worker-cs-8	Label-C	2000
2	baseline	worker-cs-9	Label-A	1999
2	baseline	worker-cs-9	Label-A	1999
2	baseline	worker-cs-9	Label-B	1999
2	baseline	worker-cs-9	Label-B	45000
2	baseline	worker-cs-9	Label-E	2000
2	baseline	worker-cs-9	Label-A	2000
2	baseline	worker-cs-9	Label-C	45000
2	baseline	worker-cs-9	Label-C	2000
2	baseline	worker-cs-9	Label-A	1999
2	baseline	worker-cs-9	Label-E	180000
2	baseline	worker-cs-9	Label-B	2000
2	baseline	worker-cs-9	Label-A	1999
2	baseline	worker-cs-9	Label-C	1999
2	baseline	worker-cs-9	Label-C	2000
2	baseline	worker-cs-9	Label-C	2000
2	baseline	worker-cs-9	Label-A	1999
2	baseline	worker-cs-9	Label-C	2000
2	baseline	worker-cs-9	Label-A	2000
2	baseline	worker-cs-9	Label-A	2000
2	baseline	worker-cs-9	Label-A	1999
2	baseline	worker-cs-9	Label-B	2000
2	baseline	worker-cs-9	Label-B	2000
2	baseline	worker-cs-9	Label-D	2000
2	baseline	worker-cs-9	Label-D	1999
2	baseline	worker-cs-9	Label-B	2000
2	baseline	worker-cs-9	Label-C	2000
2	baseline	worker-cs-9	Label-B	1999
2	baseline	worker-cs-9	Label-B	2000
2	baseline	worker-cs-9	Label-B	2000
2	baseline	worker-cs-9	Label-D	179999
2	baseline	worker-cs-9	Label-C	2000
2	baseline	worker-cs-9	Label-A	2000
2	baseline	worker-cs-9	Label-C	2000
2	baseline	worker-cs-9	Label-A	2000
2	baseline	worker-cs-9	Label-B	2000
2	baseline	worker-cs-9	Label-A	1999
2	baseline	worker-cs-9	Label-A	2000
2	baseline	worker-cs-9	Label-A	44999
2	baseline	worker-cs-9	Label-B	45000
2	baseline	worker-cs-9	Label-E	179999
2	baseline	worker-cs-9	Label-C	2000
2	baseline	worker-cs-9	Label-C	45000
2	baseline	worker-cs-9	Label-A	2000
2	baseline	worker-cs-9	Label-A	44999
2	baseline	worker-cs-9	Label-C	1999
2	baseline	worker-cs-9	Label-D	180000
2	baseline	worker-cs-9	Label-D	2000
2	baseline	worker-cs-9	Label-B	44999
2	baseline	worker-cs-9	Label-C	1998
2	baseline	worker-cs-9	Label-A	1999
2	baseline	worker-cs-9	Label-A	2000
2	baseline	worker-cs-9	Label-A	2000
2	baseline	worker-cs-9	Label-C	1999
2	baseline	worker-cs-9	Label-C	2000
2	baseline	worker-cs-9	Label-B	1999
2	baseline	worker-cs-9	Label-C	1999
2	baseline	worker-cs-9	Label-B	2000
2	baseline	worker-cs-9	Label-A	1999
2	baseline	worker-cs-9	Label-B	2000
2	baseline	worker-cs-9	Label-A	2000
2	baseline	worker-cs-9	Label-A	2001
2	baseline	worker-cs-9	Label-B	2000
2	baseline	worker-cs-9	Label-A	1999
2	baseline	worker-cs-9	Label-C	2000
2	baseline	worker-cs-9	Label-B	2000
2	baseline	worker-cs-9	Label-A	2000
2	baseline	worker-cs-9	Label-D	1999
2	baseline	worker-cs-9	Label-C	2000
2	baseline	worker-cs-9	Label-C	2000
2	baseline	worker-cs-9	Label-A	2000
2	baseline	worker-cs-9	Label-B	1999
2	baseline	worker-cs-9	Label-B	2000
2	baseline	worker-cs-9	Label-A	2000
2	baseline	worker-cs-9	Label-B	2000
2	baseline	worker-cs-9	Label-A	2000
2	baseline	worker-cs-9	Label-C	2000
2	baseline	worker-cs-9	Label-B	2000
2	baseline	worker-cs-9	Label-A	1999
2	baseline	worker-cs-9	Label-A	2000
2	baseline	worker-cs-9	Label-A	2000
2	baseline	worker-cs-9	Label-A	44999
2	baseline	worker-cs-9	Label-B	44999
2	baseline	worker-cs-9	Label-E	180000
2	baseline	worker-cs-9	Label-C	45000
2	baseline	worker-cs-9	Label-B	2000
2	baseline	worker-cs-9	Label-A	45000
2	baseline	worker-cs-9	Label-C	2000
2	baseline	worker-cs-9	Label-B	45000
2	baseline	worker-cs-9	Label-C	2000
2	baseline	worker-cs-9	Label-A	2000
2	baseline	worker-cs-9	Label-D	180000
2	baseline	worker-cs-9	Label-A	2000
2	baseline	worker-cs-9	Label-B	2001
2	baseline	worker-cs-9	Label-D	2000
2	baseline	worker-cs-9	Label-B	1999
2	baseline	worker-cs-9	Label-C	2000
2	baseline	worker-cs-9	Label-C	2001
2	baseline	worker-cs-9	Label-B	1999
2	baseline	worker-cs-9	Label-A	2000
2	baseline	worker-cs-9	Label-B	1999
2	baseline	worker-cs-9	Label-C	2000
3	baseline	worker-cs-0	Label-A	2000
3	baseline	worker-cs-0	Label-A	45000
3	baseline	worker-cs-0	Label-D	180000
3	baseline	worker-cs-0	Label-B	2000
3	baseline	worker-cs-0	Label-B	45000
3	baseline	worker-cs-0	Label-B	1999
3	baseline	worker-cs-0	Label-A	2000
3	baseline	worker-cs-0	Label-A	45000
3	baseline	worker-cs-0	Label-A	1999
3	baseline	worker-cs-0	Label-E	180000
3	baseline	worker-cs-0	Label-E	2000
3	baseline	worker-cs-0	Label-B	2000
3	baseline	worker-cs-0	Label-C	44999
3	baseline	worker-cs-0	Label-A	2000
3	baseline	worker-cs-0	Label-A	2000
3	baseline	worker-cs-0	Label-C	2000
3	baseline	worker-cs-0	Label-C	44999
3	baseline	worker-cs-0	Label-C	2000
3	baseline	worker-cs-0	Label-B	1999
3	baseline	worker-cs-0	Label-A	2000
3	baseline	worker-cs-0	Label-B	2000
3	baseline	worker-cs-0	Label-A	2000
3	baseline	worker-cs-0	Label-A	2001
3	baseline	worker-cs-0	Label-D	180001
3	baseline	worker-cs-0	Label-B	2000
3	baseline	worker-cs-0	Label-A	2000
3	baseline	worker-cs-0	Label-B	1999
3	baseline	worker-cs-0	Label-C	2000
3	baseline	worker-cs-0	Label-B	2000
3	baseline	worker-cs-0	Label-B	1999
3	baseline	worker-cs-0	Label-C	2000
3	baseline	worker-cs-0	Label-C	2000
3	baseline	worker-cs-0	Label-B	2000
3	baseline	worker-cs-0	Label-C	45000
3	baseline	worker-cs-0	Label-A	2001
3	baseline	worker-cs-0	Label-A	45000
3	baseline	worker-cs-0	Label-B	1999
3	baseline	worker-cs-0	Label-B	44999
3	baseline	worker-cs-0	Label-E	179999
3	baseline	worker-cs-0	Label-B	45000
3	baseline	worker-cs-0	Label-C	2000
3	baseline	worker-cs-0	Label-A	44999
3	baseline	worker-cs-0	Label-D	180000
3	baseline	worker-cs-0	Label-D	2000
3	baseline	worker-cs-0	Label-C	44999
3	baseline	worker-cs-0	Label-C	2000
3	baseline	worker-cs-0	Label-C	2000
3	baseline	worker-cs-0	Label-D	2000
3	baseline	worker-cs-0	Label-C	1999
3	baseline	worker-cs-0	Label-A	2000
3	baseline	worker-cs-0	Label-A	1999
3	baseline	worker-cs-0	Label-A	2000
3	baseline	worker-cs-0	Label-B	2001
3	baseline	worker-cs-0	Label-A	2000
3	baseline	worker-cs-0	Label-A	2000
3	baseline	worker-cs-0	Label-A	1999
3	baseline	worker-cs-0	Label-A	2000
3	baseline	worker-cs-0	Label-C	2000
3	baseline	worker-cs-0	Label-A	2000
3	baseline	worker-cs-0	Label-B	2000
3	baseline	worker-cs-0	Label-C	2000
3	baseline	worker-cs-0	Label-B	1999
3	baseline	worker-cs-0	Label-A	2000
3	baseline	worker-cs-0	Label-B	2000
3	baseline	worker-cs-0	Label-B	1999
3	baseline	worker-cs-0	Label-B	1999
3	baseline	worker-cs-0	Label-B	1999
3	baseline	worker-cs-0	Label-A	2000
3	baseline	worker-cs-0	Label-A	2000
3	baseline	worker-cs-0	Label-E	180000
3	baseline	worker-cs-0	Label-B	2001
3	baseline	worker-cs-0	Label-C	2000
3	baseline	worker-cs-0	Label-C	2000
3	baseline	worker-cs-0	Label-C	2000
3	baseline	worker-cs-0	Label-C	2000
3	baseline	worker-cs-0	Label-A	2000
3	baseline	worker-cs-0	Label-A	1999
3	baseline	worker-cs-0	Label-A	2000
3	baseline	worker-cs-0	Label-A	2000
3	baseline	worker-cs-0	Label-C	2000
3	baseline	worker-cs-0	Label-B	2000
3	baseline	worker-cs-0	Label-C	1999
3	baseline	worker-cs-0	Label-C	1999
3	baseline	worker-cs-0	Label-A	2000
3	baseline	worker-cs-0	Label-A	2001
3	baseline	worker-cs-0	Label-B	2000
3	baseline	worker-cs-0	Label-B	1999
3	baseline	worker-cs-0	Label-B	2000
3	baseline	worker-cs-0	Label-B	2000
3	baseline	worker-cs-0	Label-C	2000
3	baseline	worker-cs-0	Label-D	180000
3	baseline	worker-cs-0	Label-B	1999
3	baseline	worker-cs-0	Label-B	2000
3	baseline	worker-cs-0	Label-A	1999
3	baseline	worker-cs-0	Label-B	2000
3	baseline	worker-cs-0	Label-A	2000
3	baseline	worker-cs-0	Label-C	2000
3	baseline	worker-cs-0	Label-B	1999
3	baseline	worker-cs-0	Label-D	1999
3	baseline	worker-cs-0	Label-B	2000
3	baseline	worker-cs-0	Label-A	1999
3	baseline	worker-cs-0	Label-C	2000
3	baseline	worker-cs-10	Label-C	2000
3	baseline	worker-cs-10	Label-C	45000
3	baseline	worker-cs-10	Label-B	2000
3	baseline	worker-cs-10	Label-E	179999
3	baseline	worker-cs-10	Label-B	1999
3	baseline	worker-cs-10	Label-B	45000
3	baseline	worker-cs-10	Label-B	1999
3	baseline	worker-cs-10	Label-D	179999
3	baseline	worker-cs-10	Label-D	2000
3	baseline	worker-cs-10	Label-C	2000
3	baseline	worker-cs-10	Label-C	44999
3	baseline	worker-cs-10	Label-B	1999
3	baseline	worker-cs-10	Label-A	2000
3	baseline	worker-cs-10	Label-A	44999
3	baseline	worker-cs-10	Label-C	2000
3	baseline	worker-cs-10	Label-B	1999
3	baseline	worker-cs-10	Label-A	2000
3	baseline	worker-cs-10	Label-A	2000
3	baseline	worker-cs-10	Label-B	2000
3	baseline	worker-cs-10	Label-B	2000
3	baseline	worker-cs-10	Label-B	2000
3	baseline	worker-cs-10	Label-A	44999
3	baseline	worker-cs-10	Label-B	2000
3	baseline	worker-cs-10	Label-C	1999
3	baseline	worker-cs-10	Label-C	44999
3	baseline	worker-cs-10	Label-A	2000
3	baseline	worker-cs-10	Label-C	1999
3	baseline	worker-cs-10	Label-D	180000
3	baseline	worker-cs-10	Label-B	2000
3	baseline	worker-cs-10	Label-A	1999
3	baseline	worker-cs-10	Label-C	2000
3	baseline	worker-cs-10	Label-B	2000
3	baseline	worker-cs-10	Label-B	2000
3	baseline	worker-cs-10	Label-D	1999
3	baseline	worker-cs-10	Label-B	2000
3	baseline	worker-cs-10	Label-D	2000
3	baseline	worker-cs-10	Label-C	2001
3	baseline	worker-cs-10	Label-B	2000
3	baseline	worker-cs-10	Label-A	45000
3	baseline	worker-cs-10	Label-B	2000
3	baseline	worker-cs-10	Label-B	2000
3	baseline	worker-cs-10	Label-B	44999
3	baseline	worker-cs-10	Label-A	1999
3	baseline	worker-cs-10	Label-A	45000
3	baseline	worker-cs-10	Label-C	2000
3	baseline	worker-cs-10	Label-E	180000
3	baseline	worker-cs-10	Label-C	45000
3	baseline	worker-cs-10	Label-C	2000
3	baseline	worker-cs-10	Label-D	179999
3	baseline	worker-cs-10	Label-D	2000
3	baseline	worker-cs-10	Label-B	45000
3	baseline	worker-cs-10	Label-D	2000
3	baseline	worker-cs-10	Label-B	2000
3	baseline	worker-cs-10	Label-A	45000
3	baseline	worker-cs-10	Label-C	2000
3	baseline	worker-cs-10	Label-A	1999
3	baseline	worker-cs-10	Label-C	1999
3	baseline	worker-cs-10	Label-B	2000
3	baseline	worker-cs-10	Label-A	1999
3	baseline	worker-cs-10	Label-D	2000
3	baseline	worker-cs-10	Label-C	2000
3	baseline	worker-cs-10	Label-C	2000
3	baseline	worker-cs-10	Label-B	1999
3	baseline	worker-cs-10	Label-A	2000
3	baseline	worker-cs-10	Label-A	1999
3	baseline	worker-cs-10	Label-C	2000
3	baseline	worker-cs-10	Label-A	2000
3	baseline	worker-cs-10	Label-D	2000
3	baseline	worker-cs-10	Label-B	1999
3	baseline	worker-cs-10	Label-A	2000
3	baseline	worker-cs-10	Label-B	2000
3	baseline	worker-cs-10	Label-A	2000
3	baseline	worker-cs-10	Label-A	1999
3	baseline	worker-cs-10	Label-D	2000
3	baseline	worker-cs-10	Label-C	2000
3	baseline	worker-cs-10	Label-A	2000
3	baseline	worker-cs-10	Label-A	2000
3	baseline	worker-cs-10	Label-A	2000
3	baseline	worker-cs-10	Label-B	1999
3	baseline	worker-cs-10	Label-A	2000
3	baseline	worker-cs-10	Label-B	2000
3	baseline	worker-cs-10	Label-B	2000
3	baseline	worker-cs-10	Label-A	2000
3	baseline	worker-cs-10	Label-C	2000
3	baseline	worker-cs-10	Label-E	179999
3	baseline	worker-cs-10	Label-C	2000
3	baseline	worker-cs-10	Label-B	2000
3	baseline	worker-cs-10	Label-B	2001
3	baseline	worker-cs-10	Label-A	1999
3	baseline	worker-cs-10	Label-A	2000
3	baseline	worker-cs-10	Label-A	2000
3	baseline	worker-cs-10	Label-A	2001
3	baseline	worker-cs-10	Label-C	2000
3	baseline	worker-cs-10	Label-B	2000
3	baseline	worker-cs-10	Label-A	2000
3	baseline	worker-cs-10	Label-C	1999
3	baseline	worker-cs-10	Label-A	2000
3	baseline	worker-cs-10	Label-D	2000
3	baseline	worker-cs-10	Label-B	2000
3	baseline	worker-cs-10	Label-C	1999
3	baseline	worker-cs-10	Label-A	1999
3	baseline	worker-cs-10	Label-B	2000
3	baseline	worker-cs-11	Label-A	1999
3	baseline	worker-cs-11	Label-A	1999
3	baseline	worker-cs-11	Label-A	1999
3	baseline	worker-cs-11	Label-A	1999
3	baseline	worker-cs-11	Label-A	1999
3	baseline	worker-cs-11	Label-A	2000
3	baseline	worker-cs-11	Label-B	2000
3	baseline	worker-cs-11	Label-B	1999
3	baseline	worker-cs-11	Label-B	2000
3	baseline	worker-cs-11	Label-A	2000
3	baseline	worker-cs-11	Label-A	2000
3	baseline	worker-cs-11	Label-A	1999
3	baseline	worker-cs-11	Label-A	2000
3	baseline	worker-cs-11	Label-B	1999
3	baseline	worker-cs-11	Label-B	2000
3	baseline	worker-cs-11	Label-B	1999
3	baseline	worker-cs-11	Label-A	1999
3	baseline	worker-cs-11	Label-B	1999
3	baseline	worker-cs-11	Label-A	2000
3	baseline	worker-cs-11	Label-C	2000
3	baseline	worker-cs-11	Label-A	1999
3	baseline	worker-cs-11	Label-B	1999
3	baseline	worker-cs-11	Label-B	2000
3	baseline	worker-cs-11	Label-C	2000
3	baseline	worker-cs-11	Label-B	1999
3	baseline	worker-cs-11	Label-B	2003
3	baseline	worker-cs-11	Label-A	1999
3	baseline	worker-cs-11	Label-C	2000
3	baseline	worker-cs-11	Label-B	2000
3	baseline	worker-cs-11	Label-A	2001
3	baseline	worker-cs-11	Label-A	2000
3	baseline	worker-cs-11	Label-C	1999
3	baseline	worker-cs-11	Label-C	2000
3	baseline	worker-cs-11	Label-A	1999
3	baseline	worker-cs-11	Label-A	2000
3	baseline	worker-cs-11	Label-C	1999
3	baseline	worker-cs-11	Label-A	2000
3	baseline	worker-cs-11	Label-B	2000
3	baseline	worker-cs-11	Label-B	2000
3	baseline	worker-cs-11	Label-B	2000
3	baseline	worker-cs-11	Label-A	2000
3	baseline	worker-cs-11	Label-A	1999
3	baseline	worker-cs-11	Label-A	1999
3	baseline	worker-cs-11	Label-A	2000
3	baseline	worker-cs-11	Label-C	1999
3	baseline	worker-cs-11	Label-A	2000
3	baseline	worker-cs-11	Label-A	2000
3	baseline	worker-cs-11	Label-E	180000
3	baseline	worker-cs-11	Label-A	2000
3	baseline	worker-cs-11	Label-B	1999
3	baseline	worker-cs-11	Label-B	2001
3	baseline	worker-cs-11	Label-A	2000
3	baseline	worker-cs-11	Label-B	2000
3	baseline	worker-cs-11	Label-A	1999
3	baseline	worker-cs-11	Label-A	1999
3	baseline	worker-cs-11	Label-D	2000
3	baseline	worker-cs-11	Label-A	1999
3	baseline	worker-cs-11	Label-A	44999
3	baseline	worker-cs-11	Label-D	179999
3	baseline	worker-cs-11	Label-C	2000
3	baseline	worker-cs-11	Label-C	45000
3	baseline	worker-cs-11	Label-B	45000
3	baseline	worker-cs-11	Label-A	1999
3	baseline	worker-cs-11	Label-B	2001
3	baseline	worker-cs-11	Label-A	45000
3	baseline	worker-cs-11	Label-E	180000
3	baseline	worker-cs-11	Label-C	2000
3	baseline	worker-cs-11	Label-A	2001
3	baseline	worker-cs-11	Label-A	1999
3	baseline	worker-cs-11	Label-C	2000
3	baseline	worker-cs-11	Label-B	2001
3	baseline	worker-cs-11	Label-A	2001
3	baseline	worker-cs-11	Label-A	2000
3	baseline	worker-cs-11	Label-C	2000
3	baseline	worker-cs-11	Label-B	2000
3	baseline	worker-cs-11	Label-A	1999
3	baseline	worker-cs-11	Label-D	180000
3	baseline	worker-cs-11	Label-C	1999
3	baseline	worker-cs-11	Label-A	2000
3	baseline	worker-cs-11	Label-A	2000
3	baseline	worker-cs-11	Label-B	2000
3	baseline	worker-cs-11	Label-A	2000
3	baseline	worker-cs-11	Label-C	1999
3	baseline	worker-cs-11	Label-B	2000
3	baseline	worker-cs-11	Label-B	2000
3	baseline	worker-cs-11	Label-A	1999
3	baseline	worker-cs-11	Label-C	2000
3	baseline	worker-cs-11	Label-B	2000
3	baseline	worker-cs-11	Label-C	1999
3	baseline	worker-cs-11	Label-C	2001
3	baseline	worker-cs-11	Label-B	2000
3	baseline	worker-cs-11	Label-B	1999
3	baseline	worker-cs-11	Label-A	1999
3	baseline	worker-cs-11	Label-B	1999
3	baseline	worker-cs-11	Label-B	2000
3	baseline	worker-cs-11	Label-A	1999
3	baseline	worker-cs-11	Label-A	2000
3	baseline	worker-cs-11	Label-B	2000
3	baseline	worker-cs-11	Label-C	1999
3	baseline	worker-cs-11	Label-A	1999
3	baseline	worker-cs-12	Label-B	1999
3	baseline	worker-cs-12	Label-A	2000
3	baseline	worker-cs-12	Label-B	2000
3	baseline	worker-cs-12	Label-B	2000
3	baseline	worker-cs-12	Label-A	2000
3	baseline	worker-cs-12	Label-A	2000
3	baseline	worker-cs-12	Label-E	2000
3	baseline	worker-cs-12	Label-E	180001
3	baseline	worker-cs-12	Label-B	2000
3	baseline	worker-cs-12	Label-B	45000
3	baseline	worker-cs-12	Label-A	45000
3	baseline	worker-cs-12	Label-D	2000
3	baseline	worker-cs-12	Label-C	2000
3	baseline	worker-cs-12	Label-C	45000
3	baseline	worker-cs-12	Label-C	2000
3	baseline	worker-cs-12	Label-C	1999
3	baseline	worker-cs-12	Label-B	1999
3	baseline	worker-cs-12	Label-D	179999
3	baseline	worker-cs-12	Label-B	1999
3	baseline	worker-cs-12	Label-A	2000
3	baseline	worker-cs-12	Label-A	2000
3	baseline	worker-cs-12	Label-B	2000
3	baseline	worker-cs-12	Label-A	2000
3	baseline	worker-cs-12	Label-A	2000
3	baseline	worker-cs-12	Label-B	2001
3	baseline	worker-cs-12	Label-A	1999
3	baseline	worker-cs-12	Label-C	2000
3	baseline	worker-cs-12	Label-A	2000
3	baseline	worker-cs-12	Label-A	2000
3	baseline	worker-cs-12	Label-E	179999
3	baseline	worker-cs-12	Label-A	2000
3	baseline	worker-cs-12	Label-E	1999
3	baseline	worker-cs-12	Label-B	1999
3	baseline	worker-cs-12	Label-B	1999
3	baseline	worker-cs-12	Label-C	1999
3	baseline	worker-cs-12	Label-A	2000
3	baseline	worker-cs-12	Label-B	2000
3	baseline	worker-cs-12	Label-B	1999
3	baseline	worker-cs-12	Label-C	2000
3	baseline	worker-cs-12	Label-B	2000
3	baseline	worker-cs-12	Label-C	2000
3	baseline	worker-cs-12	Label-A	1999
3	baseline	worker-cs-12	Label-A	2001
3	baseline	worker-cs-12	Label-A	1999
3	baseline	worker-cs-12	Label-A	2000
3	baseline	worker-cs-12	Label-A	1999
3	baseline	worker-cs-12	Label-A	1999
3	baseline	worker-cs-12	Label-A	2000
3	baseline	worker-cs-12	Label-D	180000
3	baseline	worker-cs-12	Label-A	2000
3	baseline	worker-cs-12	Label-A	1999
3	baseline	worker-cs-12	Label-B	1999
3	baseline	worker-cs-12	Label-C	2000
3	baseline	worker-cs-12	Label-D	2000
3	baseline	worker-cs-12	Label-A	2000
3	baseline	worker-cs-12	Label-B	2000
3	baseline	worker-cs-12	Label-A	2000
3	baseline	worker-cs-12	Label-D	2000
3	baseline	worker-cs-12	Label-B	2000
3	baseline	worker-cs-12	Label-A	1999
3	baseline	worker-cs-12	Label-A	2000
3	baseline	worker-cs-12	Label-B	1999
3	baseline	worker-cs-12	Label-B	2000
3	baseline	worker-cs-12	Label-A	2000
3	baseline	worker-cs-12	Label-B	1999
3	baseline	worker-cs-12	Label-A	2000
3	baseline	worker-cs-12	Label-C	2000
3	baseline	worker-cs-12	Label-A	2000
3	baseline	worker-cs-12	Label-A	2000
3	baseline	worker-cs-12	Label-B	2000
3	baseline	worker-cs-12	Label-D	2000
3	baseline	worker-cs-12	Label-C	2000
3	baseline	worker-cs-12	Label-B	2000
3	baseline	worker-cs-12	Label-C	1999
3	baseline	worker-cs-12	Label-C	2000
3	baseline	worker-cs-12	Label-B	2000
3	baseline	worker-cs-12	Label-B	2001
3	baseline	worker-cs-12	Label-C	2000
3	baseline	worker-cs-12	Label-D	2000
3	baseline	worker-cs-12	Label-A	1999
3	baseline	worker-cs-12	Label-A	2000
3	baseline	worker-cs-12	Label-B	1999
3	baseline	worker-cs-12	Label-A	1999
3	baseline	worker-cs-12	Label-B	1999
3	baseline	worker-cs-12	Label-B	1999
3	baseline	worker-cs-12	Label-D	2000
3	baseline	worker-cs-12	Label-A	2000
3	baseline	worker-cs-12	Label-B	2000
3	baseline	worker-cs-12	Label-A	2000
3	baseline	worker-cs-12	Label-B	2000
3	baseline	worker-cs-12	Label-C	2001
3	baseline	worker-cs-12	Label-A	2000
3	baseline	worker-cs-12	Label-A	1999
3	baseline	worker-cs-12	Label-A	2000
3	baseline	worker-cs-12	Label-C	2000
3	baseline	worker-cs-12	Label-B	2000
3	baseline	worker-cs-12	Label-A	1999
3	baseline	worker-cs-12	Label-A	2000
3	baseline	worker-cs-12	Label-D	2000
3	baseline	worker-cs-12	Label-B	1999
3	baseline	worker-cs-13	Label-B	1999
3	baseline	worker-cs-13	Label-A	2000
3	baseline	worker-cs-13	Label-B	1999
3	baseline	worker-cs-13	Label-A	1999
3	baseline	worker-cs-13	Label-A	2000
3	baseline	worker-cs-13	Label-A	2000
3	baseline	worker-cs-13	Label-A	1999
3	baseline	worker-cs-13	Label-A	1999
3	baseline	worker-cs-13	Label-B	1999
3	baseline	worker-cs-13	Label-C	2000
3	baseline	worker-cs-13	Label-C	2000
3	baseline	worker-cs-13	Label-A	2000
3	baseline	worker-cs-13	Label-C	1999
3	baseline	worker-cs-13	Label-B	2000
3	baseline	worker-cs-13	Label-D	180000
3	baseline	worker-cs-13	Label-A	2001
3	baseline	worker-cs-13	Label-A	44999
3	baseline	worker-cs-13	Label-C	45000
3	baseline	worker-cs-13	Label-A	2000
3	baseline	worker-cs-13	Label-A	2000
3	baseline	worker-cs-13	Label-B	44999
3	baseline	worker-cs-13	Label-E	179999
3	baseline	worker-cs-13	Label-C	45001
3	baseline	worker-cs-13	Label-B	2000
3	baseline	worker-cs-13	Label-B	45000
3	baseline	worker-cs-13	Label-B	1999
3	baseline	worker-cs-13	Label-A	45000
3	baseline	worker-cs-13	Label-B	2000
3	baseline	worker-cs-13	Label-C	1999
3	baseline	worker-cs-13	Label-A	2000
3	baseline	worker-cs-13	Label-C	2002
3	baseline	worker-cs-13	Label-D	180000
3	baseline	worker-cs-13	Label-A	2000
3	baseline	worker-cs-13	Label-A	2000
3	baseline	worker-cs-13	Label-A	1999
3	baseline	worker-cs-13	Label-C	2000
3	baseline	worker-cs-13	Label-B	2000
3	baseline	worker-cs-13	Label-B	2000
3	baseline	worker-cs-13	Label-C	2000
3	baseline	worker-cs-13	Label-A	1999
3	baseline	worker-cs-13	Label-A	2000
3	baseline	worker-cs-13	Label-A	2000
3	baseline	worker-cs-13	Label-E	2000
3	baseline	worker-cs-13	Label-B	2000
3	baseline	worker-cs-13	Label-C	2000
3	baseline	worker-cs-13	Label-A	2000
3	baseline	worker-cs-13	Label-A	2000
3	baseline	worker-cs-13	Label-B	2000
3	baseline	worker-cs-13	Label-B	1998
3	baseline	worker-cs-13	Label-E	180001
3	baseline	worker-cs-13	Label-A	44999
3	baseline	worker-cs-13	Label-A	2000
3	baseline	worker-cs-13	Label-B	44999
3	baseline	worker-cs-13	Label-C	2000
3	baseline	worker-cs-13	Label-C	45000
3	baseline	worker-cs-13	Label-B	2000
3	baseline	worker-cs-13	Label-A	2000
3	baseline	worker-cs-13	Label-B	2000
3	baseline	worker-cs-13	Label-B	2000
3	baseline	worker-cs-13	Label-D	179999
3	baseline	worker-cs-13	Label-C	2000
3	baseline	worker-cs-13	Label-D	2000
3	baseline	worker-cs-13	Label-A	1999
3	baseline	worker-cs-13	Label-A	1999
3	baseline	worker-cs-13	Label-B	2000
3	baseline	worker-cs-13	Label-A	2000
3	baseline	worker-cs-13	Label-A	1999
3	baseline	worker-cs-13	Label-B	1999
3	baseline	worker-cs-13	Label-A	2000
3	baseline	worker-cs-13	Label-A	1999
3	baseline	worker-cs-13	Label-B	1999
3	baseline	worker-cs-13	Label-A	2000
3	baseline	worker-cs-13	Label-B	2000
3	baseline	worker-cs-13	Label-C	1999
3	baseline	worker-cs-13	Label-B	1999
3	baseline	worker-cs-13	Label-A	2004
3	baseline	worker-cs-13	Label-B	2000
3	baseline	worker-cs-13	Label-A	2000
3	baseline	worker-cs-13	Label-B	2000
3	baseline	worker-cs-13	Label-A	1999
3	baseline	worker-cs-13	Label-D	2000
3	baseline	worker-cs-13	Label-A	1999
3	baseline	worker-cs-13	Label-A	1999
3	baseline	worker-cs-13	Label-C	2001
3	baseline	worker-cs-13	Label-B	2000
3	baseline	worker-cs-13	Label-C	1999
3	baseline	worker-cs-13	Label-A	2000
3	baseline	worker-cs-13	Label-B	1999
3	baseline	worker-cs-13	Label-A	2000
3	baseline	worker-cs-13	Label-D	1999
3	baseline	worker-cs-13	Label-B	2000
3	baseline	worker-cs-13	Label-A	2000
3	baseline	worker-cs-13	Label-A	2000
3	baseline	worker-cs-13	Label-A	2000
3	baseline	worker-cs-13	Label-A	1999
3	baseline	worker-cs-13	Label-A	2004
3	baseline	worker-cs-13	Label-B	2000
3	baseline	worker-cs-13	Label-A	2000
3	baseline	worker-cs-13	Label-A	2000
3	baseline	worker-cs-13	Label-A	2000
3	baseline	worker-cs-14	Label-A	2001
3	baseline	worker-cs-14	Label-D	2000
3	baseline	worker-cs-14	Label-C	2000
3	baseline	worker-cs-14	Label-A	2000
3	baseline	worker-cs-14	Label-D	180000
3	baseline	worker-cs-14	Label-B	1999
3	baseline	worker-cs-14	Label-A	2000
3	baseline	worker-cs-14	Label-A	2000
3	baseline	worker-cs-14	Label-B	2000
3	baseline	worker-cs-14	Label-A	2000
3	baseline	worker-cs-14	Label-A	1999
3	baseline	worker-cs-14	Label-A	2000
3	baseline	worker-cs-14	Label-B	2000
3	baseline	worker-cs-14	Label-B	1999
3	baseline	worker-cs-14	Label-D	2000
3	baseline	worker-cs-14	Label-A	2000
3	baseline	worker-cs-14	Label-B	1999
3	baseline	worker-cs-14	Label-B	2000
3	baseline	worker-cs-14	Label-B	2000
3	baseline	worker-cs-14	Label-C	2000
3	baseline	worker-cs-14	Label-B	1999
3	baseline	worker-cs-14	Label-D	2000
3	baseline	worker-cs-14	Label-B	2000
3	baseline	worker-cs-14	Label-B	2000
3	baseline	worker-cs-14	Label-B	1999
3	baseline	worker-cs-14	Label-A	2000
3	baseline	worker-cs-14	Label-B	2000
3	baseline	worker-cs-14	Label-D	2000
3	baseline	worker-cs-14	Label-B	2000
3	baseline	worker-cs-14	Label-A	2000
3	baseline	worker-cs-14	Label-A	2000
3	baseline	worker-cs-14	Label-A	2000
3	baseline	worker-cs-14	Label-A	2000
3	baseline	worker-cs-14	Label-A	2001
3	baseline	worker-cs-14	Label-B	2000
3	baseline	worker-cs-14	Label-A	2000
3	baseline	worker-cs-14	Label-C	2001
3	baseline	worker-cs-14	Label-B	1999
3	baseline	worker-cs-14	Label-A	2000
3	baseline	worker-cs-14	Label-A	2000
3	baseline	worker-cs-14	Label-A	2000
3	baseline	worker-cs-14	Label-A	1999
3	baseline	worker-cs-14	Label-B	2001
3	baseline	worker-cs-14	Label-C	2000
3	baseline	worker-cs-14	Label-B	2000
3	baseline	worker-cs-14	Label-B	2000
3	baseline	worker-cs-14	Label-A	1999
3	baseline	worker-cs-14	Label-C	2000
3	baseline	worker-cs-14	Label-C	45000
3	baseline	worker-cs-14	Label-B	45000
3	baseline	worker-cs-14	Label-E	179999
3	baseline	worker-cs-14	Label-D	1999
3	baseline	worker-cs-14	Label-A	44999
3	baseline	worker-cs-14	Label-A	2000
3	baseline	worker-cs-14	Label-B	44999
3	baseline	worker-cs-14	Label-A	1999
3	baseline	worker-cs-14	Label-D	180000
3	baseline	worker-cs-14	Label-B	2000
3	baseline	worker-cs-14	Label-C	1999
3	baseline	worker-cs-14	Label-C	44999
3	baseline	worker-cs-14	Label-A	1999
3	baseline	worker-cs-14	Label-B	2000
3	baseline	worker-cs-14	Label-A	2000
3	baseline	worker-cs-14	Label-B	2000
3	baseline	worker-cs-14	Label-C	1999
3	baseline	worker-cs-14	Label-B	1999
3	baseline	worker-cs-14	Label-B	2000
3	baseline	worker-cs-14	Label-A	1999
3	baseline	worker-cs-14	Label-B	2000
3	baseline	worker-cs-14	Label-B	2000
3	baseline	worker-cs-14	Label-B	2000
3	baseline	worker-cs-14	Label-A	2000
3	baseline	worker-cs-14	Label-C	2000
3	baseline	worker-cs-14	Label-A	1999
3	baseline	worker-cs-14	Label-A	2000
3	baseline	worker-cs-14	Label-A	2000
3	baseline	worker-cs-14	Label-A	2000
3	baseline	worker-cs-14	Label-A	2000
3	baseline	worker-cs-14	Label-A	2000
3	baseline	worker-cs-14	Label-E	1999
3	baseline	worker-cs-14	Label-C	2000
3	baseline	worker-cs-14	Label-C	2000
3	baseline	worker-cs-14	Label-B	2000
3	baseline	worker-cs-14	Label-C	2000
3	baseline	worker-cs-14	Label-E	180000
3	baseline	worker-cs-14	Label-B	2001
3	baseline	worker-cs-14	Label-B	2000
3	baseline	worker-cs-14	Label-B	45000
3	baseline	worker-cs-14	Label-B	2000
3	baseline	worker-cs-14	Label-B	2000
3	baseline	worker-cs-14	Label-D	1999
3	baseline	worker-cs-14	Label-B	2000
3	baseline	worker-cs-14	Label-A	45001
3	baseline	worker-cs-14	Label-B	1999
3	baseline	worker-cs-14	Label-D	180000
3	baseline	worker-cs-14	Label-A	2000
3	baseline	worker-cs-14	Label-B	2000
3	baseline	worker-cs-14	Label-A	2000
3	baseline	worker-cs-14	Label-B	2000
3	baseline	worker-cs-14	Label-B	1999
3	baseline	worker-cs-14	Label-C	45000
3	baseline	worker-cs-15	Label-A	1999
3	baseline	worker-cs-15	Label-C	1999
3	baseline	worker-cs-15	Label-B	2000
3	baseline	worker-cs-15	Label-A	2000
3	baseline	worker-cs-15	Label-B	2000
3	baseline	worker-cs-15	Label-C	1999
3	baseline	worker-cs-15	Label-D	1999
3	baseline	worker-cs-15	Label-A	2000
3	baseline	worker-cs-15	Label-D	1999
3	baseline	worker-cs-15	Label-A	1999
3	baseline	worker-cs-15	Label-A	2000
3	baseline	worker-cs-15	Label-B	2000
3	baseline	worker-cs-15	Label-D	2000
3	baseline	worker-cs-15	Label-A	2000
3	baseline	worker-cs-15	Label-C	1999
3	baseline	worker-cs-15	Label-C	1999
3	baseline	worker-cs-15	Label-B	1999
3	baseline	worker-cs-15	Label-A	1999
3	baseline	worker-cs-15	Label-B	2000
3	baseline	worker-cs-15	Label-B	1999
3	baseline	worker-cs-15	Label-B	2000
3	baseline	worker-cs-15	Label-B	1999
3	baseline	worker-cs-15	Label-C	2000
3	baseline	worker-cs-15	Label-A	2000
3	baseline	worker-cs-15	Label-A	2000
3	baseline	worker-cs-15	Label-A	2000
3	baseline	worker-cs-15	Label-A	2000
3	baseline	worker-cs-15	Label-A	2001
3	baseline	worker-cs-15	Label-C	2000
3	baseline	worker-cs-15	Label-A	2000
3	baseline	worker-cs-15	Label-A	2000
3	baseline	worker-cs-15	Label-A	1999
3	baseline	worker-cs-15	Label-B	2000
3	baseline	worker-cs-15	Label-B	1999
3	baseline	worker-cs-15	Label-E	180000
3	baseline	worker-cs-15	Label-B	45000
3	baseline	worker-cs-15	Label-B	1999
3	baseline	worker-cs-15	Label-A	2001
3	baseline	worker-cs-15	Label-A	45000
3	baseline	worker-cs-15	Label-D	1999
3	baseline	worker-cs-15	Label-B	2000
3	baseline	worker-cs-15	Label-B	2000
3	baseline	worker-cs-15	Label-D	180000
3	baseline	worker-cs-15	Label-C	2000
3	baseline	worker-cs-15	Label-C	45000
3	baseline	worker-cs-15	Label-B	2000
3	baseline	worker-cs-15	Label-A	2000
3	baseline	worker-cs-15	Label-A	1999
3	baseline	worker-cs-15	Label-B	2000
3	baseline	worker-cs-15	Label-C	1999
3	baseline	worker-cs-15	Label-A	1999
3	baseline	worker-cs-15	Label-C	2000
3	baseline	worker-cs-15	Label-C	2000
3	baseline	worker-cs-15	Label-C	2000
3	baseline	worker-cs-15	Label-C	1999
3	baseline	worker-cs-15	Label-A	2000
3	baseline	worker-cs-15	Label-B	1999
3	baseline	worker-cs-15	Label-A	1999
3	baseline	worker-cs-15	Label-D	2000
3	baseline	worker-cs-15	Label-C	1999
3	baseline	worker-cs-15	Label-A	2001
3	baseline	worker-cs-15	Label-B	2000
3	baseline	worker-cs-15	Label-A	1999
3	baseline	worker-cs-15	Label-C	2000
3	baseline	worker-cs-15	Label-B	2000
3	baseline	worker-cs-15	Label-A	2000
3	baseline	worker-cs-15	Label-B	2000
3	baseline	worker-cs-15	Label-B	2000
3	baseline	worker-cs-15	Label-A	2001
3	baseline	worker-cs-15	Label-C	1999
3	baseline	worker-cs-15	Label-C	2000
3	baseline	worker-cs-15	Label-A	1999
3	baseline	worker-cs-15	Label-B	2000
3	baseline	worker-cs-15	Label-A	1999
3	baseline	worker-cs-15	Label-A	2000
3	baseline	worker-cs-15	Label-B	2000
3	baseline	worker-cs-15	Label-B	1999
3	baseline	worker-cs-15	Label-A	2000
3	baseline	worker-cs-15	Label-B	2000
3	baseline	worker-cs-15	Label-C	2000
3	baseline	worker-cs-15	Label-C	2000
3	baseline	worker-cs-15	Label-B	1999
3	baseline	worker-cs-15	Label-A	2000
3	baseline	worker-cs-15	Label-A	2000
3	baseline	worker-cs-15	Label-A	2000
3	baseline	worker-cs-15	Label-B	2000
3	baseline	worker-cs-15	Label-B	2000
3	baseline	worker-cs-15	Label-B	2000
3	baseline	worker-cs-15	Label-C	2000
3	baseline	worker-cs-15	Label-B	2000
3	baseline	worker-cs-15	Label-E	180000
3	baseline	worker-cs-15	Label-A	2000
3	baseline	worker-cs-15	Label-C	1999
3	baseline	worker-cs-15	Label-C	2000
3	baseline	worker-cs-15	Label-B	1999
3	baseline	worker-cs-15	Label-B	2000
3	baseline	worker-cs-15	Label-A	2001
3	baseline	worker-cs-15	Label-A	2000
3	baseline	worker-cs-15	Label-A	2000
3	baseline	worker-cs-16	Label-C	2000
3	baseline	worker-cs-16	Label-B	1999
3	baseline	worker-cs-16	Label-A	1999
3	baseline	worker-cs-16	Label-A	45000
3	baseline	worker-cs-16	Label-C	44999
3	baseline	worker-cs-16	Label-B	2000
3	baseline	worker-cs-16	Label-B	2000
3	baseline	worker-cs-16	Label-B	44999
3	baseline	worker-cs-16	Label-E	180000
3	baseline	worker-cs-16	Label-A	2000
3	baseline	worker-cs-16	Label-C	45000
3	baseline	worker-cs-16	Label-C	2000
3	baseline	worker-cs-16	Label-A	45000
3	baseline	worker-cs-16	Label-D	2000
3	baseline	worker-cs-16	Label-D	180000
3	baseline	worker-cs-16	Label-D	2000
3	baseline	worker-cs-16	Label-A	2000
3	baseline	worker-cs-16	Label-B	45001
3	baseline	worker-cs-16	Label-C	1999
3	baseline	worker-cs-16	Label-C	2000
3	baseline	worker-cs-16	Label-A	2001
3	baseline	worker-cs-16	Label-A	2000
3	baseline	worker-cs-16	Label-A	2001
3	baseline	worker-cs-16	Label-D	1999
3	baseline	worker-cs-16	Label-C	2000
3	baseline	worker-cs-16	Label-C	2000
3	baseline	worker-cs-16	Label-C	1999
3	baseline	worker-cs-16	Label-E	1999
3	baseline	worker-cs-16	Label-A	1999
3	baseline	worker-cs-16	Label-B	45000
3	baseline	worker-cs-16	Label-B	2000
3	baseline	worker-cs-16	Label-C	2000
3	baseline	worker-cs-16	Label-C	2000
3	baseline	worker-cs-16	Label-A	2000
3	baseline	worker-cs-16	Label-B	2000
3	baseline	worker-cs-16	Label-B	2000
3	baseline	worker-cs-16	Label-E	180001
3	baseline	worker-cs-16	Label-A	2001
3	baseline	worker-cs-16	Label-A	2000
3	baseline	worker-cs-16	Label-C	1999
3	baseline	worker-cs-16	Label-A	2000
3	baseline	worker-cs-16	Label-B	1999
3	baseline	worker-cs-16	Label-B	2000
3	baseline	worker-cs-16	Label-E	2000
3	baseline	worker-cs-16	Label-A	1999
3	baseline	worker-cs-16	Label-B	1999
3	baseline	worker-cs-16	Label-A	2000
3	baseline	worker-cs-16	Label-B	2000
3	baseline	worker-cs-16	Label-A	1999
3	baseline	worker-cs-16	Label-A	2000
3	baseline	worker-cs-16	Label-B	2000
3	baseline	worker-cs-16	Label-A	1999
3	baseline	worker-cs-16	Label-C	1999
3	baseline	worker-cs-16	Label-B	2000
3	baseline	worker-cs-16	Label-A	2000
3	baseline	worker-cs-16	Label-A	2001
3	baseline	worker-cs-16	Label-A	2000
3	baseline	worker-cs-16	Label-A	1999
3	baseline	worker-cs-16	Label-B	1999
3	baseline	worker-cs-16	Label-C	1999
3	baseline	worker-cs-16	Label-A	2000
3	baseline	worker-cs-16	Label-C	2000
3	baseline	worker-cs-16	Label-C	1999
3	baseline	worker-cs-16	Label-A	1999
3	baseline	worker-cs-16	Label-C	1999
3	baseline	worker-cs-16	Label-B	2000
3	baseline	worker-cs-16	Label-A	1999
3	baseline	worker-cs-16	Label-A	2000
3	baseline	worker-cs-16	Label-D	1999
3	baseline	worker-cs-16	Label-A	1999
3	baseline	worker-cs-16	Label-A	2000
3	baseline	worker-cs-16	Label-A	2000
3	baseline	worker-cs-16	Label-A	2000
3	baseline	worker-cs-16	Label-D	180000
3	baseline	worker-cs-16	Label-A	2000
3	baseline	worker-cs-16	Label-A	2000
3	baseline	worker-cs-16	Label-B	1999
3	baseline	worker-cs-16	Label-B	1999
3	baseline	worker-cs-16	Label-B	2000
3	baseline	worker-cs-16	Label-D	1999
3	baseline	worker-cs-16	Label-D	1998
3	baseline	worker-cs-16	Label-A	2000
3	baseline	worker-cs-16	Label-C	2000
3	baseline	worker-cs-16	Label-C	1999
3	baseline	worker-cs-16	Label-A	1999
3	baseline	worker-cs-16	Label-B	2000
3	baseline	worker-cs-16	Label-A	2000
3	baseline	worker-cs-16	Label-C	2000
3	baseline	worker-cs-16	Label-A	2000
3	baseline	worker-cs-16	Label-A	1998
3	baseline	worker-cs-16	Label-A	2000
3	baseline	worker-cs-16	Label-B	2000
3	baseline	worker-cs-16	Label-B	2000
3	baseline	worker-cs-16	Label-A	2001
3	baseline	worker-cs-16	Label-C	1999
3	baseline	worker-cs-16	Label-A	2000
3	baseline	worker-cs-16	Label-B	2000
3	baseline	worker-cs-16	Label-C	2000
3	baseline	worker-cs-16	Label-B	2000
3	baseline	worker-cs-16	Label-B	2000
3	baseline	worker-cs-17	Label-A	2001
3	baseline	worker-cs-17	Label-A	2000
3	baseline	worker-cs-17	Label-B	2000
3	baseline	worker-cs-17	Label-E	179999
3	baseline	worker-cs-17	Label-C	2000
3	baseline	worker-cs-17	Label-A	1998
3	baseline	worker-cs-17	Label-B	1999
3	baseline	worker-cs-17	Label-B	1999
3	baseline	worker-cs-17	Label-A	2000
3	baseline	worker-cs-17	Label-A	2000
3	baseline	worker-cs-17	Label-B	2000
3	baseline	worker-cs-17	Label-B	1999
3	baseline	worker-cs-17	Label-A	1999
3	baseline	worker-cs-17	Label-A	1999
3	baseline	worker-cs-17	Label-A	2000
3	baseline	worker-cs-17	Label-B	2000
3	baseline	worker-cs-17	Label-A	1999
3	baseline	worker-cs-17	Label-B	1999
3	baseline	worker-cs-17	Label-C	1999
3	baseline	worker-cs-17	Label-B	1999
3	baseline	worker-cs-17	Label-C	2000
3	baseline	worker-cs-17	Label-A	1999
3	baseline	worker-cs-17	Label-A	2000
3	baseline	worker-cs-17	Label-A	1999
3	baseline	worker-cs-17	Label-C	2000
3	baseline	worker-cs-17	Label-A	2000
3	baseline	worker-cs-17	Label-A	2000
3	baseline	worker-cs-17	Label-C	1998
3	baseline	worker-cs-17	Label-B	1999
3	baseline	worker-cs-17	Label-B	2000
3	baseline	worker-cs-17	Label-B	2000
3	baseline	worker-cs-17	Label-A	2000
3	baseline	worker-cs-17	Label-A	2001
3	baseline	worker-cs-17	Label-D	179999
3	baseline	worker-cs-17	Label-B	1999
3	baseline	worker-cs-17	Label-A	2000
3	baseline	worker-cs-17	Label-C	2000
3	baseline	worker-cs-17	Label-B	2000
3	baseline	worker-cs-17	Label-A	2000
3	baseline	worker-cs-17	Label-B	2000
3	baseline	worker-cs-17	Label-C	2000
3	baseline	worker-cs-17	Label-C	2000
3	baseline	worker-cs-17	Label-D	2000
3	baseline	worker-cs-17	Label-C	2000
3	baseline	worker-cs-17	Label-A	1999
3	baseline	worker-cs-17	Label-A	2001
3	baseline	worker-cs-17	Label-C	1999
3	baseline	worker-cs-17	Label-A	2000
3	baseline	worker-cs-17	Label-C	1999
3	baseline	worker-cs-17	Label-B	2000
3	baseline	worker-cs-17	Label-A	2000
3	baseline	worker-cs-17	Label-B	1999
3	baseline	worker-cs-17	Label-C	2000
3	baseline	worker-cs-17	Label-D	2000
3	baseline	worker-cs-17	Label-C	2000
3	baseline	worker-cs-17	Label-D	2000
3	baseline	worker-cs-17	Label-A	2000
3	baseline	worker-cs-17	Label-A	1999
3	baseline	worker-cs-17	Label-A	1999
3	baseline	worker-cs-17	Label-A	1999
3	baseline	worker-cs-17	Label-C	1999
3	baseline	worker-cs-17	Label-A	1999
3	baseline	worker-cs-17	Label-D	1999
3	baseline	worker-cs-17	Label-C	2000
3	baseline	worker-cs-17	Label-A	1999
3	baseline	worker-cs-17	Label-B	2000
3	baseline	worker-cs-17	Label-C	2000
3	baseline	worker-cs-17	Label-C	2000
3	baseline	worker-cs-17	Label-A	2000
3	baseline	worker-cs-17	Label-C	2001
3	baseline	worker-cs-17	Label-B	2000
3	baseline	worker-cs-17	Label-D	2000
3	baseline	worker-cs-17	Label-C	2000
3	baseline	worker-cs-17	Label-B	2000
3	baseline	worker-cs-17	Label-B	1999
3	baseline	worker-cs-17	Label-C	2000
3	baseline	worker-cs-17	Label-A	2000
3	baseline	worker-cs-17	Label-A	2000
3	baseline	worker-cs-17	Label-A	2001
3	baseline	worker-cs-17	Label-C	2000
3	baseline	worker-cs-17	Label-A	2000
3	baseline	worker-cs-17	Label-C	1999
3	baseline	worker-cs-17	Label-A	2000
3	baseline	worker-cs-17	Label-A	2000
3	baseline	worker-cs-17	Label-B	1999
3	baseline	worker-cs-17	Label-B	2000
3	baseline	worker-cs-17	Label-B	2000
3	baseline	worker-cs-17	Label-A	2001
3	baseline	worker-cs-17	Label-A	1999
3	baseline	worker-cs-17	Label-A	2000
3	baseline	worker-cs-17	Label-A	2000
3	baseline	worker-cs-17	Label-B	2000
3	baseline	worker-cs-17	Label-A	2000
3	baseline	worker-cs-17	Label-A	45000
3	baseline	worker-cs-17	Label-A	2000
3	baseline	worker-cs-17	Label-C	45001
3	baseline	worker-cs-17	Label-A	45000
3	baseline	worker-cs-18	Label-A	1999
3	baseline	worker-cs-18	Label-B	2000
3	baseline	worker-cs-18	Label-C	2000
3	baseline	worker-cs-18	Label-E	2000
3	baseline	worker-cs-18	Label-C	2000
3	baseline	worker-cs-18	Label-E	1999
3	baseline	worker-cs-18	Label-C	1999
3	baseline	worker-cs-18	Label-A	2000
3	baseline	worker-cs-18	Label-B	1999
3	baseline	worker-cs-18	Label-A	2000
3	baseline	worker-cs-18	Label-A	2000
3	baseline	worker-cs-18	Label-C	2000
3	baseline	worker-cs-18	Label-E	180000
3	baseline	worker-cs-18	Label-B	2000
3	baseline	worker-cs-18	Label-C	2000
3	baseline	worker-cs-18	Label-B	2000
3	baseline	worker-cs-18	Label-A	2000
3	baseline	worker-cs-18	Label-C	2000
3	baseline	worker-cs-18	Label-A	2000
3	baseline	worker-cs-18	Label-A	2000
3	baseline	worker-cs-18	Label-A	1999
3	baseline	worker-cs-18	Label-C	2000
3	baseline	worker-cs-18	Label-A	1999
3	baseline	worker-cs-18	Label-A	2000
3	baseline	worker-cs-18	Label-A	2000
3	baseline	worker-cs-18	Label-A	1999
3	baseline	worker-cs-18	Label-C	1999
3	baseline	worker-cs-18	Label-A	1999
3	baseline	worker-cs-18	Label-D	2000
3	baseline	worker-cs-18	Label-A	45000
3	baseline	worker-cs-18	Label-C	1999
3	baseline	worker-cs-18	Label-C	45000
3	baseline	worker-cs-18	Label-A	1999
3	baseline	worker-cs-18	Label-A	1999
3	baseline	worker-cs-18	Label-A	45000
3	baseline	worker-cs-18	Label-D	179999
3	baseline	worker-cs-18	Label-E	180000
3	baseline	worker-cs-18	Label-B	2000
3	baseline	worker-cs-18	Label-B	45000
3	baseline	worker-cs-18	Label-A	45000
3	baseline	worker-cs-18	Label-C	1999
3	baseline	worker-cs-18	Label-C	2001
3	baseline	worker-cs-18	Label-C	45000
3	baseline	worker-cs-18	Label-C	2000
3	baseline	worker-cs-18	Label-A	2000
3	baseline	worker-cs-18	Label-A	2000
3	baseline	worker-cs-18	Label-A	44999
3	baseline	worker-cs-18	Label-B	2000
3	baseline	worker-cs-18	Label-B	1999
3	baseline	worker-cs-18	Label-D	180000
3	baseline	worker-cs-18	Label-A	2000
3	baseline	worker-cs-18	Label-A	45000
3	baseline	worker-cs-18	Label-A	2000
3	baseline	worker-cs-18	Label-B	45000
3	baseline	worker-cs-18	Label-B	2000
3	baseline	worker-cs-18	Label-B	2000
3	baseline	worker-cs-18	Label-B	1999
3	baseline	worker-cs-18	Label-A	1999
3	baseline	worker-cs-18	Label-E	180000
3	baseline	worker-cs-18	Label-A	1999
3	baseline	worker-cs-18	Label-A	45000
3	baseline	worker-cs-18	Label-B	1999
3	baseline	worker-cs-18	Label-B	45000
3	baseline	worker-cs-18	Label-D	1999
3	baseline	worker-cs-18	Label-B	2000
3	baseline	worker-cs-18	Label-A	2000
3	baseline	worker-cs-18	Label-A	2000
3	baseline	worker-cs-18	Label-D	180000
3	baseline	worker-cs-18	Label-C	1999
3	baseline	worker-cs-18	Label-C	44999
3	baseline	worker-cs-18	Label-A	2000
3	baseline	worker-cs-18	Label-B	2000
3	baseline	worker-cs-18	Label-B	1999
3	baseline	worker-cs-18	Label-A	2000
3	baseline	worker-cs-18	Label-C	1999
3	baseline	worker-cs-18	Label-B	1999
3	baseline	worker-cs-18	Label-C	2000
3	baseline	worker-cs-18	Label-A	1999
3	baseline	worker-cs-18	Label-B	1999
3	baseline	worker-cs-18	Label-C	1999
3	baseline	worker-cs-18	Label-C	2000
3	baseline	worker-cs-18	Label-A	1999
3	baseline	worker-cs-18	Label-B	2001
3	baseline	worker-cs-18	Label-B	2000
3	baseline	worker-cs-18	Label-A	2000
3	baseline	worker-cs-18	Label-B	2000
3	baseline	worker-cs-18	Label-B	2000
3	baseline	worker-cs-18	Label-E	180000
3	baseline	worker-cs-18	Label-B	2000
3	baseline	worker-cs-18	Label-A	1999
3	baseline	worker-cs-18	Label-B	2001
3	baseline	worker-cs-18	Label-B	2000
3	baseline	worker-cs-18	Label-A	1999
3	baseline	worker-cs-18	Label-C	2000
3	baseline	worker-cs-18	Label-B	1999
3	baseline	worker-cs-18	Label-A	2000
3	baseline	worker-cs-18	Label-A	2000
3	baseline	worker-cs-18	Label-B	2000
3	baseline	worker-cs-18	Label-D	2000
3	baseline	worker-cs-19	Label-B	2000
3	baseline	worker-cs-19	Label-B	2000
3	baseline	worker-cs-19	Label-C	2000
3	baseline	worker-cs-19	Label-B	2000
3	baseline	worker-cs-19	Label-C	2000
3	baseline	worker-cs-19	Label-B	2000
3	baseline	worker-cs-19	Label-B	2000
3	baseline	worker-cs-19	Label-A	2000
3	baseline	worker-cs-19	Label-B	2000
3	baseline	worker-cs-19	Label-B	2000
3	baseline	worker-cs-19	Label-B	2000
3	baseline	worker-cs-19	Label-C	2000
3	baseline	worker-cs-19	Label-B	2000
3	baseline	worker-cs-19	Label-B	1999
3	baseline	worker-cs-19	Label-C	1999
3	baseline	worker-cs-19	Label-B	2001
3	baseline	worker-cs-19	Label-B	2000
3	baseline	worker-cs-19	Label-B	2000
3	baseline	worker-cs-19	Label-A	1999
3	baseline	worker-cs-19	Label-B	2000
3	baseline	worker-cs-19	Label-B	2000
3	baseline	worker-cs-19	Label-D	2000
3	baseline	worker-cs-19	Label-B	1999
3	baseline	worker-cs-19	Label-A	2000
3	baseline	worker-cs-19	Label-B	2000
3	baseline	worker-cs-19	Label-B	2000
3	baseline	worker-cs-19	Label-C	1999
3	baseline	worker-cs-19	Label-B	1999
3	baseline	worker-cs-19	Label-D	2000
3	baseline	worker-cs-19	Label-A	2000
3	baseline	worker-cs-19	Label-A	1999
3	baseline	worker-cs-19	Label-D	2000
3	baseline	worker-cs-19	Label-A	1999
3	baseline	worker-cs-19	Label-B	2000
3	baseline	worker-cs-19	Label-D	2000
3	baseline	worker-cs-19	Label-A	2000
3	baseline	worker-cs-19	Label-C	2000
3	baseline	worker-cs-19	Label-D	2000
3	baseline	worker-cs-19	Label-B	2000
3	baseline	worker-cs-19	Label-D	2000
3	baseline	worker-cs-19	Label-C	1999
3	baseline	worker-cs-19	Label-C	2000
3	baseline	worker-cs-19	Label-B	2000
3	baseline	worker-cs-19	Label-B	1999
3	baseline	worker-cs-19	Label-D	1999
3	baseline	worker-cs-19	Label-A	1999
3	baseline	worker-cs-19	Label-D	2000
3	baseline	worker-cs-19	Label-A	2000
3	baseline	worker-cs-19	Label-C	2000
3	baseline	worker-cs-19	Label-C	2000
3	baseline	worker-cs-19	Label-B	2000
3	baseline	worker-cs-19	Label-B	2000
3	baseline	worker-cs-19	Label-D	2000
3	baseline	worker-cs-19	Label-A	2000
3	baseline	worker-cs-19	Label-A	2000
3	baseline	worker-cs-19	Label-A	2001
3	baseline	worker-cs-19	Label-A	1999
3	baseline	worker-cs-19	Label-C	2001
3	baseline	worker-cs-19	Label-A	2000
3	baseline	worker-cs-19	Label-B	2000
3	baseline	worker-cs-19	Label-A	2000
3	baseline	worker-cs-19	Label-B	2000
3	baseline	worker-cs-19	Label-A	2000
3	baseline	worker-cs-19	Label-A	1999
3	baseline	worker-cs-19	Label-B	2001
3	baseline	worker-cs-19	Label-C	2000
3	baseline	worker-cs-19	Label-A	2000
3	baseline	worker-cs-19	Label-B	2000
3	baseline	worker-cs-19	Label-C	2000
3	baseline	worker-cs-19	Label-A	2000
3	baseline	worker-cs-19	Label-A	2000
3	baseline	worker-cs-19	Label-A	2000
3	baseline	worker-cs-19	Label-C	1999
3	baseline	worker-cs-19	Label-B	2000
3	baseline	worker-cs-19	Label-B	1999
3	baseline	worker-cs-19	Label-B	2000
3	baseline	worker-cs-19	Label-C	1999
3	baseline	worker-cs-19	Label-B	2000
3	baseline	worker-cs-19	Label-C	2000
3	baseline	worker-cs-19	Label-A	1999
3	baseline	worker-cs-19	Label-A	2001
3	baseline	worker-cs-19	Label-C	1999
3	baseline	worker-cs-19	Label-A	2000
3	baseline	worker-cs-19	Label-D	2000
3	baseline	worker-cs-19	Label-A	2000
3	baseline	worker-cs-19	Label-A	2000
3	baseline	worker-cs-19	Label-B	2000
3	baseline	worker-cs-19	Label-A	45000
3	baseline	worker-cs-19	Label-B	45000
3	baseline	worker-cs-19	Label-B	2000
3	baseline	worker-cs-19	Label-A	45000
3	baseline	worker-cs-19	Label-E	179999
3	baseline	worker-cs-19	Label-B	45000
3	baseline	worker-cs-19	Label-A	2000
3	baseline	worker-cs-19	Label-B	1999
3	baseline	worker-cs-19	Label-A	45000
3	baseline	worker-cs-19	Label-D	180000
3	baseline	worker-cs-19	Label-A	2000
3	baseline	worker-cs-19	Label-B	1999
3	baseline	worker-cs-1	Label-E	179999
3	baseline	worker-cs-1	Label-B	2000
3	baseline	worker-cs-1	Label-A	2000
3	baseline	worker-cs-1	Label-A	45000
3	baseline	worker-cs-1	Label-A	2000
3	baseline	worker-cs-1	Label-B	2000
3	baseline	worker-cs-1	Label-C	1999
3	baseline	worker-cs-1	Label-A	1999
3	baseline	worker-cs-1	Label-C	1999
3	baseline	worker-cs-1	Label-A	1999
3	baseline	worker-cs-1	Label-A	2000
3	baseline	worker-cs-1	Label-B	2000
3	baseline	worker-cs-1	Label-C	2000
3	baseline	worker-cs-1	Label-C	2000
3	baseline	worker-cs-1	Label-C	1999
3	baseline	worker-cs-1	Label-B	2000
3	baseline	worker-cs-1	Label-C	1999
3	baseline	worker-cs-1	Label-C	2000
3	baseline	worker-cs-1	Label-A	1999
3	baseline	worker-cs-1	Label-D	180000
3	baseline	worker-cs-1	Label-B	1999
3	baseline	worker-cs-1	Label-B	1999
3	baseline	worker-cs-1	Label-C	2000
3	baseline	worker-cs-1	Label-A	2000
3	baseline	worker-cs-1	Label-B	2000
3	baseline	worker-cs-1	Label-A	2000
3	baseline	worker-cs-1	Label-D	1999
3	baseline	worker-cs-1	Label-C	1999
3	baseline	worker-cs-1	Label-A	2000
3	baseline	worker-cs-1	Label-D	1999
3	baseline	worker-cs-1	Label-A	2000
3	baseline	worker-cs-1	Label-A	2000
3	baseline	worker-cs-1	Label-B	2000
3	baseline	worker-cs-1	Label-B	2000
3	baseline	worker-cs-1	Label-A	2000
3	baseline	worker-cs-1	Label-A	2000
3	baseline	worker-cs-1	Label-A	2000
3	baseline	worker-cs-1	Label-A	2000
3	baseline	worker-cs-1	Label-A	2000
3	baseline	worker-cs-1	Label-C	1999
3	baseline	worker-cs-1	Label-C	1999
3	baseline	worker-cs-1	Label-A	2000
3	baseline	worker-cs-1	Label-A	1999
3	baseline	worker-cs-1	Label-A	1999
3	baseline	worker-cs-1	Label-B	2000
3	baseline	worker-cs-1	Label-A	1999
3	baseline	worker-cs-1	Label-A	2000
3	baseline	worker-cs-1	Label-A	2000
3	baseline	worker-cs-1	Label-C	2000
3	baseline	worker-cs-1	Label-A	2000
3	baseline	worker-cs-1	Label-C	1999
3	baseline	worker-cs-1	Label-C	1999
3	baseline	worker-cs-1	Label-C	2000
3	baseline	worker-cs-1	Label-E	179999
3	baseline	worker-cs-1	Label-B	2000
3	baseline	worker-cs-1	Label-A	2000
3	baseline	worker-cs-1	Label-A	2001
3	baseline	worker-cs-1	Label-A	1999
3	baseline	worker-cs-1	Label-A	2001
3	baseline	worker-cs-1	Label-B	1999
3	baseline	worker-cs-1	Label-C	1999
3	baseline	worker-cs-1	Label-A	2000
3	baseline	worker-cs-1	Label-B	2000
3	baseline	worker-cs-1	Label-B	2000
3	baseline	worker-cs-1	Label-A	1999
3	baseline	worker-cs-1	Label-B	2000
3	baseline	worker-cs-1	Label-C	2000
3	baseline	worker-cs-1	Label-A	2000
3	baseline	worker-cs-1	Label-B	2000
3	baseline	worker-cs-1	Label-A	2000
3	baseline	worker-cs-1	Label-B	2000
3	baseline	worker-cs-1	Label-C	2000
3	baseline	worker-cs-1	Label-A	2000
3	baseline	worker-cs-1	Label-A	2000
3	baseline	worker-cs-1	Label-C	2000
3	baseline	worker-cs-1	Label-C	1999
3	baseline	worker-cs-1	Label-B	2000
3	baseline	worker-cs-1	Label-B	1999
3	baseline	worker-cs-1	Label-C	2000
3	baseline	worker-cs-1	Label-B	2000
3	baseline	worker-cs-1	Label-A	2001
3	baseline	worker-cs-1	Label-C	1999
3	baseline	worker-cs-1	Label-A	1998
3	baseline	worker-cs-1	Label-C	1999
3	baseline	worker-cs-1	Label-B	2000
3	baseline	worker-cs-1	Label-C	2000
3	baseline	worker-cs-1	Label-B	1999
3	baseline	worker-cs-1	Label-B	2000
3	baseline	worker-cs-1	Label-B	2000
3	baseline	worker-cs-1	Label-C	2000
3	baseline	worker-cs-1	Label-D	179999
3	baseline	worker-cs-1	Label-A	45000
3	baseline	worker-cs-1	Label-C	1999
3	baseline	worker-cs-1	Label-C	45000
3	baseline	worker-cs-1	Label-B	2000
3	baseline	worker-cs-1	Label-B	45000
3	baseline	worker-cs-1	Label-B	1999
3	baseline	worker-cs-1	Label-B	2000
3	baseline	worker-cs-1	Label-B	1999
3	baseline	worker-cs-1	Label-B	2000
3	baseline	worker-cs-1	Label-E	180000
3	baseline	worker-cs-20	Label-A	2000
3	baseline	worker-cs-20	Label-A	2000
3	baseline	worker-cs-20	Label-A	2000
3	baseline	worker-cs-20	Label-A	2000
3	baseline	worker-cs-20	Label-C	44999
3	baseline	worker-cs-20	Label-B	45000
3	baseline	worker-cs-20	Label-A	2000
3	baseline	worker-cs-20	Label-A	2000
3	baseline	worker-cs-20	Label-C	45000
3	baseline	worker-cs-20	Label-D	2000
3	baseline	worker-cs-20	Label-B	2000
3	baseline	worker-cs-20	Label-B	2000
3	baseline	worker-cs-20	Label-A	1999
3	baseline	worker-cs-20	Label-B	2001
3	baseline	worker-cs-20	Label-A	2000
3	baseline	worker-cs-20	Label-D	180000
3	baseline	worker-cs-20	Label-A	1999
3	baseline	worker-cs-20	Label-B	2000
3	baseline	worker-cs-20	Label-B	2000
3	baseline	worker-cs-20	Label-B	2001
3	baseline	worker-cs-20	Label-B	2000
3	baseline	worker-cs-20	Label-B	2000
3	baseline	worker-cs-20	Label-A	2000
3	baseline	worker-cs-20	Label-B	1999
3	baseline	worker-cs-20	Label-B	2000
3	baseline	worker-cs-20	Label-C	2000
3	baseline	worker-cs-20	Label-B	1999
3	baseline	worker-cs-20	Label-A	2000
3	baseline	worker-cs-20	Label-C	2000
3	baseline	worker-cs-20	Label-D	2000
3	baseline	worker-cs-20	Label-A	2000
3	baseline	worker-cs-20	Label-C	1999
3	baseline	worker-cs-20	Label-C	1999
3	baseline	worker-cs-20	Label-B	2000
3	baseline	worker-cs-20	Label-B	2001
3	baseline	worker-cs-20	Label-C	2000
3	baseline	worker-cs-20	Label-A	1999
3	baseline	worker-cs-20	Label-A	2000
3	baseline	worker-cs-20	Label-C	2000
3	baseline	worker-cs-20	Label-A	1999
3	baseline	worker-cs-20	Label-B	2000
3	baseline	worker-cs-20	Label-A	1999
3	baseline	worker-cs-20	Label-E	180000
3	baseline	worker-cs-20	Label-B	2000
3	baseline	worker-cs-20	Label-B	2000
3	baseline	worker-cs-20	Label-A	1999
3	baseline	worker-cs-20	Label-B	2000
3	baseline	worker-cs-20	Label-B	1999
3	baseline	worker-cs-20	Label-C	2000
3	baseline	worker-cs-20	Label-C	2000
3	baseline	worker-cs-20	Label-C	1999
3	baseline	worker-cs-20	Label-A	1999
3	baseline	worker-cs-20	Label-A	2000
3	baseline	worker-cs-20	Label-B	2000
3	baseline	worker-cs-20	Label-A	1999
3	baseline	worker-cs-20	Label-B	1999
3	baseline	worker-cs-20	Label-A	2000
3	baseline	worker-cs-20	Label-B	2000
3	baseline	worker-cs-20	Label-B	2001
3	baseline	worker-cs-20	Label-C	2000
3	baseline	worker-cs-20	Label-E	1999
3	baseline	worker-cs-20	Label-E	2000
3	baseline	worker-cs-20	Label-A	2000
3	baseline	worker-cs-20	Label-A	2000
3	baseline	worker-cs-20	Label-A	2000
3	baseline	worker-cs-20	Label-A	2000
3	baseline	worker-cs-20	Label-B	2000
3	baseline	worker-cs-20	Label-C	1999
3	baseline	worker-cs-20	Label-A	1999
3	baseline	worker-cs-20	Label-B	2000
3	baseline	worker-cs-20	Label-C	2000
3	baseline	worker-cs-20	Label-A	1999
3	baseline	worker-cs-20	Label-A	2000
3	baseline	worker-cs-20	Label-B	1999
3	baseline	worker-cs-20	Label-C	1999
3	baseline	worker-cs-20	Label-C	2000
3	baseline	worker-cs-20	Label-B	2000
3	baseline	worker-cs-20	Label-B	1999
3	baseline	worker-cs-20	Label-C	2000
3	baseline	worker-cs-20	Label-C	2000
3	baseline	worker-cs-20	Label-B	1999
3	baseline	worker-cs-20	Label-B	2000
3	baseline	worker-cs-20	Label-C	2000
3	baseline	worker-cs-20	Label-D	180000
3	baseline	worker-cs-20	Label-D	2000
3	baseline	worker-cs-20	Label-B	2001
3	baseline	worker-cs-20	Label-B	2000
3	baseline	worker-cs-20	Label-C	2000
3	baseline	worker-cs-20	Label-D	2000
3	baseline	worker-cs-20	Label-B	45000
3	baseline	worker-cs-20	Label-A	45000
3	baseline	worker-cs-20	Label-A	1998
3	baseline	worker-cs-20	Label-C	44999
3	baseline	worker-cs-20	Label-E	180000
3	baseline	worker-cs-20	Label-A	45000
3	baseline	worker-cs-20	Label-B	1999
3	baseline	worker-cs-20	Label-A	2000
3	baseline	worker-cs-20	Label-B	45000
3	baseline	worker-cs-20	Label-D	180000
3	baseline	worker-cs-21	Label-A	2000
3	baseline	worker-cs-21	Label-C	2000
3	baseline	worker-cs-21	Label-C	1999
3	baseline	worker-cs-21	Label-A	2000
3	baseline	worker-cs-21	Label-A	2000
3	baseline	worker-cs-21	Label-A	2000
3	baseline	worker-cs-21	Label-A	2000
3	baseline	worker-cs-21	Label-C	2000
3	baseline	worker-cs-21	Label-A	2000
3	baseline	worker-cs-21	Label-B	1999
3	baseline	worker-cs-21	Label-A	2000
3	baseline	worker-cs-21	Label-A	2000
3	baseline	worker-cs-21	Label-B	1999
3	baseline	worker-cs-21	Label-A	2002
3	baseline	worker-cs-21	Label-B	2000
3	baseline	worker-cs-21	Label-C	2000
3	baseline	worker-cs-21	Label-A	2000
3	baseline	worker-cs-21	Label-A	2000
3	baseline	worker-cs-21	Label-C	2000
3	baseline	worker-cs-21	Label-C	2000
3	baseline	worker-cs-21	Label-A	2000
3	baseline	worker-cs-21	Label-A	2000
3	baseline	worker-cs-21	Label-C	2000
3	baseline	worker-cs-21	Label-A	2000
3	baseline	worker-cs-21	Label-C	2000
3	baseline	worker-cs-21	Label-C	1999
3	baseline	worker-cs-21	Label-A	1999
3	baseline	worker-cs-21	Label-D	2000
3	baseline	worker-cs-21	Label-A	1999
3	baseline	worker-cs-21	Label-B	1999
3	baseline	worker-cs-21	Label-B	1998
3	baseline	worker-cs-21	Label-B	1999
3	baseline	worker-cs-21	Label-A	2000
3	baseline	worker-cs-21	Label-B	1999
3	baseline	worker-cs-21	Label-A	2000
3	baseline	worker-cs-21	Label-A	2000
3	baseline	worker-cs-21	Label-C	2000
3	baseline	worker-cs-21	Label-B	1999
3	baseline	worker-cs-21	Label-C	2000
3	baseline	worker-cs-21	Label-A	1999
3	baseline	worker-cs-21	Label-B	2000
3	baseline	worker-cs-21	Label-C	2000
3	baseline	worker-cs-21	Label-B	1999
3	baseline	worker-cs-21	Label-A	2000
3	baseline	worker-cs-21	Label-C	1999
3	baseline	worker-cs-21	Label-B	2000
3	baseline	worker-cs-21	Label-B	2000
3	baseline	worker-cs-21	Label-C	1999
3	baseline	worker-cs-21	Label-B	2000
3	baseline	worker-cs-21	Label-C	1999
3	baseline	worker-cs-21	Label-B	2000
3	baseline	worker-cs-21	Label-A	1999
3	baseline	worker-cs-21	Label-A	2000
3	baseline	worker-cs-21	Label-C	1999
3	baseline	worker-cs-21	Label-A	1999
3	baseline	worker-cs-21	Label-B	2000
3	baseline	worker-cs-21	Label-D	2000
3	baseline	worker-cs-21	Label-B	2000
3	baseline	worker-cs-21	Label-B	1999
3	baseline	worker-cs-21	Label-B	2000
3	baseline	worker-cs-21	Label-B	2000
3	baseline	worker-cs-21	Label-A	2000
3	baseline	worker-cs-21	Label-A	2000
3	baseline	worker-cs-21	Label-B	2000
3	baseline	worker-cs-21	Label-B	1999
3	baseline	worker-cs-21	Label-C	2000
3	baseline	worker-cs-21	Label-C	1999
3	baseline	worker-cs-21	Label-A	2000
3	baseline	worker-cs-21	Label-A	2000
3	baseline	worker-cs-21	Label-A	1999
3	baseline	worker-cs-21	Label-A	2000
3	baseline	worker-cs-21	Label-C	1999
3	baseline	worker-cs-21	Label-A	2000
3	baseline	worker-cs-21	Label-B	2000
3	baseline	worker-cs-21	Label-A	1999
3	baseline	worker-cs-21	Label-B	1999
3	baseline	worker-cs-21	Label-B	2000
3	baseline	worker-cs-21	Label-A	1999
3	baseline	worker-cs-21	Label-E	179999
3	baseline	worker-cs-21	Label-A	2000
3	baseline	worker-cs-21	Label-A	1999
3	baseline	worker-cs-21	Label-B	1999
3	baseline	worker-cs-21	Label-B	1999
3	baseline	worker-cs-21	Label-C	1999
3	baseline	worker-cs-21	Label-A	2000
3	baseline	worker-cs-21	Label-A	1999
3	baseline	worker-cs-21	Label-A	2000
3	baseline	worker-cs-21	Label-D	2001
3	baseline	worker-cs-21	Label-B	45000
3	baseline	worker-cs-21	Label-D	1999
3	baseline	worker-cs-21	Label-A	2000
3	baseline	worker-cs-21	Label-A	45000
3	baseline	worker-cs-21	Label-D	180000
3	baseline	worker-cs-21	Label-C	44999
3	baseline	worker-cs-21	Label-A	2000
3	baseline	worker-cs-21	Label-A	45000
3	baseline	worker-cs-21	Label-E	180000
3	baseline	worker-cs-21	Label-B	2000
3	baseline	worker-cs-21	Label-B	45000
3	baseline	worker-cs-21	Label-B	2000
3	baseline	worker-cs-22	Label-B	1999
3	baseline	worker-cs-22	Label-B	44999
3	baseline	worker-cs-22	Label-A	2000
3	baseline	worker-cs-22	Label-C	2000
3	baseline	worker-cs-22	Label-C	2000
3	baseline	worker-cs-22	Label-C	2000
3	baseline	worker-cs-22	Label-B	1999
3	baseline	worker-cs-22	Label-B	44999
3	baseline	worker-cs-22	Label-A	1999
3	baseline	worker-cs-22	Label-A	2000
3	baseline	worker-cs-22	Label-A	44999
3	baseline	worker-cs-22	Label-B	1999
3	baseline	worker-cs-22	Label-E	179999
3	baseline	worker-cs-22	Label-B	45000
3	baseline	worker-cs-22	Label-C	2000
3	baseline	worker-cs-22	Label-D	180000
3	baseline	worker-cs-22	Label-C	45000
3	baseline	worker-cs-22	Label-B	2000
3	baseline	worker-cs-22	Label-C	2000
3	baseline	worker-cs-22	Label-A	45000
3	baseline	worker-cs-22	Label-A	1999
3	baseline	worker-cs-22	Label-B	2000
3	baseline	worker-cs-22	Label-A	1999
3	baseline	worker-cs-22	Label-B	2000
3	baseline	worker-cs-22	Label-C	2000
3	baseline	worker-cs-22	Label-C	2000
3	baseline	worker-cs-22	Label-A	2001
3	baseline	worker-cs-22	Label-C	2000
3	baseline	worker-cs-22	Label-B	1999
3	baseline	worker-cs-22	Label-A	2000
3	baseline	worker-cs-22	Label-A	2000
3	baseline	worker-cs-22	Label-A	2000
3	baseline	worker-cs-22	Label-A	2000
3	baseline	worker-cs-22	Label-C	1999
3	baseline	worker-cs-22	Label-A	2000
3	baseline	worker-cs-22	Label-E	2000
3	baseline	worker-cs-22	Label-B	2000
3	baseline	worker-cs-22	Label-B	2000
3	baseline	worker-cs-22	Label-B	44999
3	baseline	worker-cs-22	Label-A	2000
3	baseline	worker-cs-22	Label-B	2000
3	baseline	worker-cs-22	Label-B	2000
3	baseline	worker-cs-22	Label-A	2000
3	baseline	worker-cs-22	Label-B	1999
3	baseline	worker-cs-22	Label-E	180000
3	baseline	worker-cs-22	Label-B	2000
3	baseline	worker-cs-22	Label-C	1999
3	baseline	worker-cs-22	Label-B	2000
3	baseline	worker-cs-22	Label-E	2000
3	baseline	worker-cs-22	Label-C	1999
3	baseline	worker-cs-22	Label-C	2000
3	baseline	worker-cs-22	Label-A	2000
3	baseline	worker-cs-22	Label-A	2000
3	baseline	worker-cs-22	Label-A	2000
3	baseline	worker-cs-22	Label-C	2001
3	baseline	worker-cs-22	Label-A	1999
3	baseline	worker-cs-22	Label-E	2000
3	baseline	worker-cs-22	Label-B	2000
3	baseline	worker-cs-22	Label-A	2000
3	baseline	worker-cs-22	Label-A	2000
3	baseline	worker-cs-22	Label-A	1999
3	baseline	worker-cs-22	Label-A	2000
3	baseline	worker-cs-22	Label-C	2001
3	baseline	worker-cs-22	Label-A	2000
3	baseline	worker-cs-22	Label-A	2000
3	baseline	worker-cs-22	Label-A	2000
3	baseline	worker-cs-22	Label-B	2000
3	baseline	worker-cs-22	Label-A	1999
3	baseline	worker-cs-22	Label-B	1999
3	baseline	worker-cs-22	Label-B	1999
3	baseline	worker-cs-22	Label-A	1999
3	baseline	worker-cs-22	Label-D	2000
3	baseline	worker-cs-22	Label-C	1999
3	baseline	worker-cs-22	Label-D	180001
3	baseline	worker-cs-22	Label-C	2000
3	baseline	worker-cs-22	Label-A	1999
3	baseline	worker-cs-22	Label-D	2000
3	baseline	worker-cs-22	Label-A	2000
3	baseline	worker-cs-22	Label-B	1999
3	baseline	worker-cs-22	Label-A	1999
3	baseline	worker-cs-22	Label-B	2000
3	baseline	worker-cs-22	Label-B	1999
3	baseline	worker-cs-22	Label-C	2000
3	baseline	worker-cs-22	Label-B	1999
3	baseline	worker-cs-22	Label-A	2000
3	baseline	worker-cs-22	Label-C	2000
3	baseline	worker-cs-22	Label-C	1999
3	baseline	worker-cs-22	Label-E	179999
3	baseline	worker-cs-22	Label-A	1999
3	baseline	worker-cs-22	Label-C	1999
3	baseline	worker-cs-22	Label-B	2000
3	baseline	worker-cs-22	Label-B	1999
3	baseline	worker-cs-22	Label-A	2000
3	baseline	worker-cs-22	Label-A	2000
3	baseline	worker-cs-22	Label-A	2000
3	baseline	worker-cs-22	Label-A	2000
3	baseline	worker-cs-22	Label-B	2000
3	baseline	worker-cs-22	Label-B	2000
3	baseline	worker-cs-22	Label-B	2000
3	baseline	worker-cs-22	Label-A	1999
3	baseline	worker-cs-23	Label-C	2000
3	baseline	worker-cs-23	Label-C	2000
3	baseline	worker-cs-23	Label-C	2000
3	baseline	worker-cs-23	Label-A	2000
3	baseline	worker-cs-23	Label-A	2000
3	baseline	worker-cs-23	Label-D	2000
3	baseline	worker-cs-23	Label-B	2001
3	baseline	worker-cs-23	Label-D	1999
3	baseline	worker-cs-23	Label-A	1999
3	baseline	worker-cs-23	Label-B	2000
3	baseline	worker-cs-23	Label-A	1999
3	baseline	worker-cs-23	Label-C	1999
3	baseline	worker-cs-23	Label-A	2000
3	baseline	worker-cs-23	Label-B	1999
3	baseline	worker-cs-23	Label-A	2000
3	baseline	worker-cs-23	Label-D	2000
3	baseline	worker-cs-23	Label-A	2000
3	baseline	worker-cs-23	Label-B	2000
3	baseline	worker-cs-23	Label-B	2000
3	baseline	worker-cs-23	Label-A	2000
3	baseline	worker-cs-23	Label-A	2000
3	baseline	worker-cs-23	Label-A	2000
3	baseline	worker-cs-23	Label-A	1999
3	baseline	worker-cs-23	Label-A	2000
3	baseline	worker-cs-23	Label-A	2000
3	baseline	worker-cs-23	Label-C	1999
3	baseline	worker-cs-23	Label-C	2000
3	baseline	worker-cs-23	Label-A	2000
3	baseline	worker-cs-23	Label-C	1999
3	baseline	worker-cs-23	Label-B	1999
3	baseline	worker-cs-23	Label-A	2000
3	baseline	worker-cs-23	Label-A	1999
3	baseline	worker-cs-23	Label-C	1999
3	baseline	worker-cs-23	Label-A	1999
3	baseline	worker-cs-23	Label-A	2000
3	baseline	worker-cs-23	Label-A	1999
3	baseline	worker-cs-23	Label-C	2000
3	baseline	worker-cs-23	Label-A	1998
3	baseline	worker-cs-23	Label-A	1999
3	baseline	worker-cs-23	Label-B	2000
3	baseline	worker-cs-23	Label-D	1999
3	baseline	worker-cs-23	Label-C	2000
3	baseline	worker-cs-23	Label-A	1999
3	baseline	worker-cs-23	Label-A	2000
3	baseline	worker-cs-23	Label-C	1999
3	baseline	worker-cs-23	Label-B	2000
3	baseline	worker-cs-23	Label-A	2000
3	baseline	worker-cs-23	Label-A	1999
3	baseline	worker-cs-23	Label-A	2000
3	baseline	worker-cs-23	Label-B	2000
3	baseline	worker-cs-23	Label-A	2000
3	baseline	worker-cs-23	Label-C	2000
3	baseline	worker-cs-23	Label-A	2000
3	baseline	worker-cs-23	Label-C	1999
3	baseline	worker-cs-23	Label-B	2000
3	baseline	worker-cs-23	Label-A	1999
3	baseline	worker-cs-23	Label-B	2000
3	baseline	worker-cs-23	Label-C	2000
3	baseline	worker-cs-23	Label-A	1999
3	baseline	worker-cs-23	Label-A	1999
3	baseline	worker-cs-23	Label-B	1999
3	baseline	worker-cs-23	Label-C	2000
3	baseline	worker-cs-23	Label-B	1999
3	baseline	worker-cs-23	Label-A	2000
3	baseline	worker-cs-23	Label-B	2000
3	baseline	worker-cs-23	Label-B	1999
3	baseline	worker-cs-23	Label-B	1999
3	baseline	worker-cs-23	Label-A	1999
3	baseline	worker-cs-23	Label-B	2001
3	baseline	worker-cs-23	Label-B	2000
3	baseline	worker-cs-23	Label-B	2000
3	baseline	worker-cs-23	Label-A	2000
3	baseline	worker-cs-23	Label-D	2000
3	baseline	worker-cs-23	Label-A	2001
3	baseline	worker-cs-23	Label-D	2000
3	baseline	worker-cs-23	Label-C	1999
3	baseline	worker-cs-23	Label-B	1999
3	baseline	worker-cs-23	Label-A	1999
3	baseline	worker-cs-23	Label-A	2000
3	baseline	worker-cs-23	Label-B	1999
3	baseline	worker-cs-23	Label-B	2000
3	baseline	worker-cs-23	Label-A	1999
3	baseline	worker-cs-23	Label-A	2000
3	baseline	worker-cs-23	Label-A	2001
3	baseline	worker-cs-23	Label-B	2000
3	baseline	worker-cs-23	Label-C	2000
3	baseline	worker-cs-23	Label-C	2000
3	baseline	worker-cs-23	Label-B	2000
3	baseline	worker-cs-23	Label-A	2000
3	baseline	worker-cs-23	Label-D	1999
3	baseline	worker-cs-23	Label-A	2000
3	baseline	worker-cs-23	Label-A	2000
3	baseline	worker-cs-23	Label-A	1999
3	baseline	worker-cs-23	Label-A	1999
3	baseline	worker-cs-23	Label-A	2001
3	baseline	worker-cs-23	Label-A	2000
3	baseline	worker-cs-24	Label-C	45000
3	baseline	worker-cs-24	Label-A	2000
3	baseline	worker-cs-24	Label-A	44999
3	baseline	worker-cs-24	Label-C	2000
3	baseline	worker-cs-24	Label-A	1999
3	baseline	worker-cs-24	Label-A	1999
3	baseline	worker-cs-24	Label-B	2000
3	baseline	worker-cs-24	Label-B	2000
3	baseline	worker-cs-24	Label-B	2000
3	baseline	worker-cs-24	Label-B	2000
3	baseline	worker-cs-24	Label-A	1999
3	baseline	worker-cs-24	Label-B	2000
3	baseline	worker-cs-24	Label-A	2000
3	baseline	worker-cs-24	Label-B	2004
3	baseline	worker-cs-24	Label-D	1999
3	baseline	worker-cs-24	Label-A	1999
3	baseline	worker-cs-24	Label-A	2000
3	baseline	worker-cs-24	Label-B	1999
3	baseline	worker-cs-24	Label-B	2000
3	baseline	worker-cs-24	Label-D	2000
3	baseline	worker-cs-24	Label-B	44999
3	baseline	worker-cs-24	Label-C	2000
3	baseline	worker-cs-24	Label-A	45000
3	baseline	worker-cs-24	Label-C	1999
3	baseline	worker-cs-24	Label-C	45000
3	baseline	worker-cs-24	Label-E	179999
3	baseline	worker-cs-24	Label-A	2000
3	baseline	worker-cs-24	Label-D	179999
3	baseline	worker-cs-24	Label-A	2000
3	baseline	worker-cs-24	Label-A	45000
3	baseline	worker-cs-24	Label-A	2000
3	baseline	worker-cs-24	Label-A	1999
3	baseline	worker-cs-24	Label-B	45000
3	baseline	worker-cs-24	Label-C	1999
3	baseline	worker-cs-24	Label-A	2000
3	baseline	worker-cs-24	Label-C	45001
3	baseline	worker-cs-24	Label-B	2000
3	baseline	worker-cs-24	Label-A	2001
3	baseline	worker-cs-24	Label-B	2000
3	baseline	worker-cs-24	Label-A	1999
3	baseline	worker-cs-24	Label-B	2000
3	baseline	worker-cs-24	Label-D	2000
3	baseline	worker-cs-24	Label-A	1999
3	baseline	worker-cs-24	Label-A	45000
3	baseline	worker-cs-24	Label-A	2000
3	baseline	worker-cs-24	Label-A	45000
3	baseline	worker-cs-24	Label-B	45000
3	baseline	worker-cs-24	Label-A	1999
3	baseline	worker-cs-24	Label-D	180001
3	baseline	worker-cs-24	Label-A	2000
3	baseline	worker-cs-24	Label-A	44999
3	baseline	worker-cs-24	Label-E	180000
3	baseline	worker-cs-24	Label-A	2000
3	baseline	worker-cs-24	Label-B	1999
3	baseline	worker-cs-24	Label-A	1999
3	baseline	worker-cs-24	Label-B	44999
3	baseline	worker-cs-24	Label-A	2000
3	baseline	worker-cs-24	Label-B	2000
3	baseline	worker-cs-24	Label-B	45000
3	baseline	worker-cs-24	Label-C	1999
3	baseline	worker-cs-24	Label-C	44999
3	baseline	worker-cs-24	Label-B	2000
3	baseline	worker-cs-24	Label-A	1999
3	baseline	worker-cs-24	Label-C	2000
3	baseline	worker-cs-24	Label-B	2000
3	baseline	worker-cs-24	Label-A	1999
3	baseline	worker-cs-24	Label-D	179999
3	baseline	worker-cs-24	Label-A	1999
3	baseline	worker-cs-24	Label-A	2000
3	baseline	worker-cs-24	Label-A	2000
3	baseline	worker-cs-24	Label-C	2000
3	baseline	worker-cs-24	Label-B	2000
3	baseline	worker-cs-24	Label-A	1999
3	baseline	worker-cs-24	Label-B	2000
3	baseline	worker-cs-24	Label-A	2000
3	baseline	worker-cs-24	Label-D	1999
3	baseline	worker-cs-24	Label-C	2000
3	baseline	worker-cs-24	Label-B	2001
3	baseline	worker-cs-24	Label-A	1999
3	baseline	worker-cs-24	Label-C	2000
3	baseline	worker-cs-24	Label-A	2000
3	baseline	worker-cs-24	Label-B	1999
3	baseline	worker-cs-24	Label-C	2000
3	baseline	worker-cs-24	Label-A	1999
3	baseline	worker-cs-24	Label-B	2000
3	baseline	worker-cs-24	Label-A	1999
3	baseline	worker-cs-24	Label-B	2000
3	baseline	worker-cs-24	Label-B	2000
3	baseline	worker-cs-24	Label-B	2000
3	baseline	worker-cs-24	Label-D	1999
3	baseline	worker-cs-24	Label-C	2000
3	baseline	worker-cs-24	Label-A	2000
3	baseline	worker-cs-24	Label-A	1999
3	baseline	worker-cs-24	Label-A	1999
3	baseline	worker-cs-24	Label-A	2000
3	baseline	worker-cs-24	Label-B	1999
3	baseline	worker-cs-24	Label-A	1999
3	baseline	worker-cs-24	Label-A	1999
3	baseline	worker-cs-24	Label-B	2000
3	baseline	worker-cs-24	Label-C	2000
3	baseline	worker-cs-24	Label-C	2000
3	baseline	worker-cs-25	Label-E	180000
3	baseline	worker-cs-25	Label-A	1999
3	baseline	worker-cs-25	Label-A	2000
3	baseline	worker-cs-25	Label-B	1999
3	baseline	worker-cs-25	Label-A	1999
3	baseline	worker-cs-25	Label-E	1999
3	baseline	worker-cs-25	Label-A	1999
3	baseline	worker-cs-25	Label-A	2000
3	baseline	worker-cs-25	Label-C	2000
3	baseline	worker-cs-25	Label-B	2000
3	baseline	worker-cs-25	Label-B	2000
3	baseline	worker-cs-25	Label-A	2000
3	baseline	worker-cs-25	Label-B	1999
3	baseline	worker-cs-25	Label-A	2000
3	baseline	worker-cs-25	Label-C	2000
3	baseline	worker-cs-25	Label-D	1999
3	baseline	worker-cs-25	Label-B	2000
3	baseline	worker-cs-25	Label-C	1999
3	baseline	worker-cs-25	Label-C	1999
3	baseline	worker-cs-25	Label-A	2000
3	baseline	worker-cs-25	Label-D	179999
3	baseline	worker-cs-25	Label-C	1999
3	baseline	worker-cs-25	Label-B	2000
3	baseline	worker-cs-25	Label-C	1999
3	baseline	worker-cs-25	Label-C	2000
3	baseline	worker-cs-25	Label-B	2000
3	baseline	worker-cs-25	Label-C	2000
3	baseline	worker-cs-25	Label-A	2000
3	baseline	worker-cs-25	Label-A	2000
3	baseline	worker-cs-25	Label-C	2000
3	baseline	worker-cs-25	Label-A	2000
3	baseline	worker-cs-25	Label-A	1999
3	baseline	worker-cs-25	Label-B	2000
3	baseline	worker-cs-25	Label-B	1999
3	baseline	worker-cs-25	Label-A	2000
3	baseline	worker-cs-25	Label-A	2001
3	baseline	worker-cs-25	Label-A	1999
3	baseline	worker-cs-25	Label-A	2000
3	baseline	worker-cs-25	Label-C	2000
3	baseline	worker-cs-25	Label-C	2000
3	baseline	worker-cs-25	Label-C	2000
3	baseline	worker-cs-25	Label-D	2000
3	baseline	worker-cs-25	Label-D	2001
3	baseline	worker-cs-25	Label-A	2000
3	baseline	worker-cs-25	Label-A	2000
3	baseline	worker-cs-25	Label-C	2000
3	baseline	worker-cs-25	Label-A	1999
3	baseline	worker-cs-25	Label-A	2000
3	baseline	worker-cs-25	Label-B	2001
3	baseline	worker-cs-25	Label-C	2000
3	baseline	worker-cs-25	Label-A	2000
3	baseline	worker-cs-25	Label-A	1999
3	baseline	worker-cs-25	Label-B	1999
3	baseline	worker-cs-25	Label-A	1999
3	baseline	worker-cs-25	Label-C	2000
3	baseline	worker-cs-25	Label-B	2002
3	baseline	worker-cs-25	Label-E	179999
3	baseline	worker-cs-25	Label-A	2000
3	baseline	worker-cs-25	Label-A	1999
3	baseline	worker-cs-25	Label-A	44999
3	baseline	worker-cs-25	Label-B	2000
3	baseline	worker-cs-25	Label-A	2000
3	baseline	worker-cs-25	Label-B	45000
3	baseline	worker-cs-25	Label-B	2000
3	baseline	worker-cs-25	Label-A	1999
3	baseline	worker-cs-25	Label-A	2000
3	baseline	worker-cs-25	Label-D	180000
3	baseline	worker-cs-25	Label-A	2000
3	baseline	worker-cs-25	Label-A	1999
3	baseline	worker-cs-25	Label-B	2001
3	baseline	worker-cs-25	Label-A	2000
3	baseline	worker-cs-25	Label-A	2000
3	baseline	worker-cs-25	Label-B	2001
3	baseline	worker-cs-25	Label-B	2001
3	baseline	worker-cs-25	Label-A	2000
3	baseline	worker-cs-25	Label-B	2000
3	baseline	worker-cs-25	Label-A	1999
3	baseline	worker-cs-25	Label-B	1999
3	baseline	worker-cs-25	Label-B	1999
3	baseline	worker-cs-25	Label-A	2000
3	baseline	worker-cs-25	Label-C	2000
3	baseline	worker-cs-25	Label-A	2000
3	baseline	worker-cs-25	Label-C	45000
3	baseline	worker-cs-25	Label-B	2000
3	baseline	worker-cs-25	Label-C	2000
3	baseline	worker-cs-25	Label-B	1999
3	baseline	worker-cs-25	Label-B	2000
3	baseline	worker-cs-25	Label-B	1999
3	baseline	worker-cs-25	Label-C	2000
3	baseline	worker-cs-25	Label-B	2000
3	baseline	worker-cs-25	Label-A	2000
3	baseline	worker-cs-25	Label-A	45000
3	baseline	worker-cs-25	Label-B	2001
3	baseline	worker-cs-25	Label-B	2000
3	baseline	worker-cs-25	Label-B	45000
3	baseline	worker-cs-25	Label-D	2000
3	baseline	worker-cs-25	Label-A	45000
3	baseline	worker-cs-25	Label-D	179999
3	baseline	worker-cs-25	Label-B	2000
3	baseline	worker-cs-26	Label-A	2000
3	baseline	worker-cs-26	Label-B	2000
3	baseline	worker-cs-26	Label-A	2000
3	baseline	worker-cs-26	Label-B	2000
3	baseline	worker-cs-26	Label-A	1999
3	baseline	worker-cs-26	Label-B	2000
3	baseline	worker-cs-26	Label-A	2000
3	baseline	worker-cs-26	Label-B	1999
3	baseline	worker-cs-26	Label-C	2000
3	baseline	worker-cs-26	Label-A	2000
3	baseline	worker-cs-26	Label-C	1999
3	baseline	worker-cs-26	Label-B	1999
3	baseline	worker-cs-26	Label-A	2000
3	baseline	worker-cs-26	Label-C	2000
3	baseline	worker-cs-26	Label-A	2000
3	baseline	worker-cs-26	Label-D	1999
3	baseline	worker-cs-26	Label-A	1999
3	baseline	worker-cs-26	Label-B	2000
3	baseline	worker-cs-26	Label-B	1999
3	baseline	worker-cs-26	Label-B	2000
3	baseline	worker-cs-26	Label-A	2000
3	baseline	worker-cs-26	Label-A	2000
3	baseline	worker-cs-26	Label-B	2000
3	baseline	worker-cs-26	Label-A	1999
3	baseline	worker-cs-26	Label-A	1999
3	baseline	worker-cs-26	Label-C	1998
3	baseline	worker-cs-26	Label-B	2000
3	baseline	worker-cs-26	Label-B	2000
3	baseline	worker-cs-26	Label-A	1999
3	baseline	worker-cs-26	Label-A	1999
3	baseline	worker-cs-26	Label-B	2000
3	baseline	worker-cs-26	Label-A	1999
3	baseline	worker-cs-26	Label-B	1999
3	baseline	worker-cs-26	Label-B	2000
3	baseline	worker-cs-26	Label-B	2000
3	baseline	worker-cs-26	Label-A	1999
3	baseline	worker-cs-26	Label-C	2000
3	baseline	worker-cs-26	Label-A	2000
3	baseline	worker-cs-26	Label-C	1999
3	baseline	worker-cs-26	Label-A	2000
3	baseline	worker-cs-26	Label-A	2000
3	baseline	worker-cs-26	Label-A	1999
3	baseline	worker-cs-26	Label-A	2000
3	baseline	worker-cs-26	Label-C	2000
3	baseline	worker-cs-26	Label-A	2000
3	baseline	worker-cs-26	Label-B	45000
3	baseline	worker-cs-26	Label-A	45000
3	baseline	worker-cs-26	Label-A	1999
3	baseline	worker-cs-26	Label-B	45000
3	baseline	worker-cs-26	Label-A	45000
3	baseline	worker-cs-26	Label-E	180000
3	baseline	worker-cs-26	Label-B	1999
3	baseline	worker-cs-26	Label-C	45000
3	baseline	worker-cs-26	Label-D	180000
3	baseline	worker-cs-26	Label-C	1999
3	baseline	worker-cs-26	Label-B	44999
3	baseline	worker-cs-26	Label-C	2000
3	baseline	worker-cs-26	Label-C	2000
3	baseline	worker-cs-26	Label-A	2000
3	baseline	worker-cs-26	Label-C	2000
3	baseline	worker-cs-26	Label-A	45001
3	baseline	worker-cs-26	Label-B	2000
3	baseline	worker-cs-26	Label-A	2000
3	baseline	worker-cs-26	Label-A	2000
3	baseline	worker-cs-26	Label-A	2000
3	baseline	worker-cs-26	Label-E	179999
3	baseline	worker-cs-26	Label-C	2000
3	baseline	worker-cs-26	Label-B	1999
3	baseline	worker-cs-26	Label-A	2000
3	baseline	worker-cs-26	Label-A	2000
3	baseline	worker-cs-26	Label-A	1999
3	baseline	worker-cs-26	Label-B	2000
3	baseline	worker-cs-26	Label-B	2000
3	baseline	worker-cs-26	Label-A	2000
3	baseline	worker-cs-26	Label-C	2000
3	baseline	worker-cs-26	Label-D	2000
3	baseline	worker-cs-26	Label-A	2000
3	baseline	worker-cs-26	Label-A	1999
3	baseline	worker-cs-26	Label-A	2000
3	baseline	worker-cs-26	Label-A	2000
3	baseline	worker-cs-26	Label-A	2000
3	baseline	worker-cs-26	Label-D	180000
3	baseline	worker-cs-26	Label-B	2000
3	baseline	worker-cs-26	Label-A	1999
3	baseline	worker-cs-26	Label-B	1999
3	baseline	worker-cs-26	Label-C	2000
3	baseline	worker-cs-26	Label-A	2000
3	baseline	worker-cs-26	Label-B	2000
3	baseline	worker-cs-26	Label-A	2000
3	baseline	worker-cs-26	Label-C	1999
3	baseline	worker-cs-26	Label-C	2000
3	baseline	worker-cs-26	Label-C	2000
3	baseline	worker-cs-26	Label-A	1999
3	baseline	worker-cs-26	Label-A	2000
3	baseline	worker-cs-26	Label-E	180000
3	baseline	worker-cs-26	Label-A	45000
3	baseline	worker-cs-26	Label-A	2000
3	baseline	worker-cs-27	Label-B	2001
3	baseline	worker-cs-27	Label-B	2000
3	baseline	worker-cs-27	Label-D	2000
3	baseline	worker-cs-27	Label-C	2000
3	baseline	worker-cs-27	Label-A	2000
3	baseline	worker-cs-27	Label-A	2000
3	baseline	worker-cs-27	Label-B	2000
3	baseline	worker-cs-27	Label-B	1999
3	baseline	worker-cs-27	Label-B	2001
3	baseline	worker-cs-27	Label-A	2000
3	baseline	worker-cs-27	Label-A	1999
3	baseline	worker-cs-27	Label-B	2000
3	baseline	worker-cs-27	Label-B	2000
3	baseline	worker-cs-27	Label-C	1999
3	baseline	worker-cs-27	Label-E	1999
3	baseline	worker-cs-27	Label-E	179999
3	baseline	worker-cs-27	Label-C	2000
3	baseline	worker-cs-27	Label-A	2001
3	baseline	worker-cs-27	Label-A	2000
3	baseline	worker-cs-27	Label-A	2000
3	baseline	worker-cs-27	Label-A	1999
3	baseline	worker-cs-27	Label-A	1999
3	baseline	worker-cs-27	Label-B	2000
3	baseline	worker-cs-27	Label-A	2000
3	baseline	worker-cs-27	Label-C	2000
3	baseline	worker-cs-27	Label-C	2000
3	baseline	worker-cs-27	Label-B	1999
3	baseline	worker-cs-27	Label-C	1999
3	baseline	worker-cs-27	Label-D	180000
3	baseline	worker-cs-27	Label-C	2000
3	baseline	worker-cs-27	Label-C	2000
3	baseline	worker-cs-27	Label-B	1999
3	baseline	worker-cs-27	Label-C	1999
3	baseline	worker-cs-27	Label-C	1999
3	baseline	worker-cs-27	Label-A	2000
3	baseline	worker-cs-27	Label-B	2000
3	baseline	worker-cs-27	Label-B	1999
3	baseline	worker-cs-27	Label-A	1999
3	baseline	worker-cs-27	Label-B	2000
3	baseline	worker-cs-27	Label-A	2000
3	baseline	worker-cs-27	Label-C	2000
3	baseline	worker-cs-27	Label-B	2000
3	baseline	worker-cs-27	Label-E	180000
3	baseline	worker-cs-27	Label-B	2000
3	baseline	worker-cs-27	Label-B	1999
3	baseline	worker-cs-27	Label-A	2000
3	baseline	worker-cs-27	Label-C	2000
3	baseline	worker-cs-27	Label-B	45000
3	baseline	worker-cs-27	Label-A	2000
3	baseline	worker-cs-27	Label-C	45000
3	baseline	worker-cs-27	Label-A	2000
3	baseline	worker-cs-27	Label-A	44999
3	baseline	worker-cs-27	Label-D	180001
3	baseline	worker-cs-27	Label-A	44999
3	baseline	worker-cs-27	Label-A	1999
3	baseline	worker-cs-27	Label-C	45000
3	baseline	worker-cs-27	Label-E	180000
3	baseline	worker-cs-27	Label-A	2000
3	baseline	worker-cs-27	Label-B	45000
3	baseline	worker-cs-27	Label-B	2000
3	baseline	worker-cs-27	Label-B	2000
3	baseline	worker-cs-27	Label-B	2000
3	baseline	worker-cs-27	Label-A	2000
3	baseline	worker-cs-27	Label-C	1999
3	baseline	worker-cs-27	Label-A	1999
3	baseline	worker-cs-27	Label-B	2000
3	baseline	worker-cs-27	Label-A	2000
3	baseline	worker-cs-27	Label-B	1999
3	baseline	worker-cs-27	Label-D	179999
3	baseline	worker-cs-27	Label-A	2000
3	baseline	worker-cs-27	Label-B	2000
3	baseline	worker-cs-27	Label-A	1999
3	baseline	worker-cs-27	Label-C	2000
3	baseline	worker-cs-27	Label-A	2000
3	baseline	worker-cs-27	Label-A	2000
3	baseline	worker-cs-27	Label-B	2000
3	baseline	worker-cs-27	Label-C	2000
3	baseline	worker-cs-27	Label-B	1999
3	baseline	worker-cs-27	Label-C	2000
3	baseline	worker-cs-27	Label-C	2000
3	baseline	worker-cs-27	Label-A	1999
3	baseline	worker-cs-27	Label-B	2000
3	baseline	worker-cs-27	Label-A	2000
3	baseline	worker-cs-27	Label-E	180000
3	baseline	worker-cs-27	Label-B	1999
3	baseline	worker-cs-27	Label-E	2000
3	baseline	worker-cs-27	Label-A	1999
3	baseline	worker-cs-27	Label-B	1999
3	baseline	worker-cs-27	Label-A	2000
3	baseline	worker-cs-27	Label-A	2000
3	baseline	worker-cs-27	Label-A	1999
3	baseline	worker-cs-27	Label-C	2000
3	baseline	worker-cs-27	Label-C	2001
3	baseline	worker-cs-27	Label-B	2000
3	baseline	worker-cs-27	Label-B	2000
3	baseline	worker-cs-27	Label-C	2000
3	baseline	worker-cs-27	Label-C	2001
3	baseline	worker-cs-27	Label-B	2000
3	baseline	worker-cs-27	Label-E	2000
3	baseline	worker-cs-28	Label-B	2000
3	baseline	worker-cs-28	Label-A	2000
3	baseline	worker-cs-28	Label-B	2000
3	baseline	worker-cs-28	Label-B	2000
3	baseline	worker-cs-28	Label-C	1999
3	baseline	worker-cs-28	Label-C	2000
3	baseline	worker-cs-28	Label-A	1999
3	baseline	worker-cs-28	Label-A	2000
3	baseline	worker-cs-28	Label-C	2000
3	baseline	worker-cs-28	Label-B	1999
3	baseline	worker-cs-28	Label-A	2000
3	baseline	worker-cs-28	Label-D	2000
3	baseline	worker-cs-28	Label-B	2000
3	baseline	worker-cs-28	Label-B	1999
3	baseline	worker-cs-28	Label-D	1999
3	baseline	worker-cs-28	Label-A	1999
3	baseline	worker-cs-28	Label-A	2000
3	baseline	worker-cs-28	Label-A	2000
3	baseline	worker-cs-28	Label-A	2000
3	baseline	worker-cs-28	Label-A	1999
3	baseline	worker-cs-28	Label-B	2000
3	baseline	worker-cs-28	Label-C	2000
3	baseline	worker-cs-28	Label-A	2001
3	baseline	worker-cs-28	Label-B	1999
3	baseline	worker-cs-28	Label-C	1999
3	baseline	worker-cs-28	Label-C	2000
3	baseline	worker-cs-28	Label-B	1999
3	baseline	worker-cs-28	Label-A	2000
3	baseline	worker-cs-28	Label-B	2000
3	baseline	worker-cs-28	Label-B	2000
3	baseline	worker-cs-28	Label-B	2000
3	baseline	worker-cs-28	Label-B	2001
3	baseline	worker-cs-28	Label-D	1999
3	baseline	worker-cs-28	Label-A	2000
3	baseline	worker-cs-28	Label-C	2000
3	baseline	worker-cs-28	Label-C	2000
3	baseline	worker-cs-28	Label-B	2000
3	baseline	worker-cs-28	Label-B	2000
3	baseline	worker-cs-28	Label-A	2000
3	baseline	worker-cs-28	Label-B	1999
3	baseline	worker-cs-28	Label-B	2000
3	baseline	worker-cs-28	Label-A	2000
3	baseline	worker-cs-28	Label-A	1999
3	baseline	worker-cs-28	Label-B	2000
3	baseline	worker-cs-28	Label-C	2000
3	baseline	worker-cs-28	Label-A	2000
3	baseline	worker-cs-28	Label-C	2000
3	baseline	worker-cs-28	Label-B	1999
3	baseline	worker-cs-28	Label-B	1999
3	baseline	worker-cs-28	Label-C	1999
3	baseline	worker-cs-28	Label-A	2000
3	baseline	worker-cs-28	Label-A	1999
3	baseline	worker-cs-28	Label-A	1998
3	baseline	worker-cs-28	Label-C	2000
3	baseline	worker-cs-28	Label-A	2000
3	baseline	worker-cs-28	Label-A	2000
3	baseline	worker-cs-28	Label-A	2000
3	baseline	worker-cs-28	Label-C	1999
3	baseline	worker-cs-28	Label-A	1999
3	baseline	worker-cs-28	Label-B	2000
3	baseline	worker-cs-28	Label-C	2000
3	baseline	worker-cs-28	Label-D	2000
3	baseline	worker-cs-28	Label-D	2000
3	baseline	worker-cs-28	Label-D	2001
3	baseline	worker-cs-28	Label-B	2000
3	baseline	worker-cs-28	Label-C	1998
3	baseline	worker-cs-28	Label-A	1999
3	baseline	worker-cs-28	Label-B	1999
3	baseline	worker-cs-28	Label-A	2000
3	baseline	worker-cs-28	Label-C	1999
3	baseline	worker-cs-28	Label-B	2000
3	baseline	worker-cs-28	Label-A	1999
3	baseline	worker-cs-28	Label-B	1999
3	baseline	worker-cs-28	Label-A	2000
3	baseline	worker-cs-28	Label-D	2000
3	baseline	worker-cs-28	Label-E	180000
3	baseline	worker-cs-28	Label-C	1999
3	baseline	worker-cs-28	Label-C	44999
3	baseline	worker-cs-28	Label-A	2000
3	baseline	worker-cs-28	Label-A	45000
3	baseline	worker-cs-28	Label-A	2000
3	baseline	worker-cs-28	Label-C	1999
3	baseline	worker-cs-28	Label-B	2000
3	baseline	worker-cs-28	Label-D	180001
3	baseline	worker-cs-28	Label-A	2000
3	baseline	worker-cs-28	Label-B	44999
3	baseline	worker-cs-28	Label-A	2000
3	baseline	worker-cs-28	Label-B	1999
3	baseline	worker-cs-28	Label-A	2000
3	baseline	worker-cs-28	Label-A	2000
3	baseline	worker-cs-28	Label-D	1999
3	baseline	worker-cs-28	Label-D	2000
3	baseline	worker-cs-28	Label-C	2000
3	baseline	worker-cs-28	Label-A	2000
3	baseline	worker-cs-28	Label-D	2000
3	baseline	worker-cs-28	Label-C	1999
3	baseline	worker-cs-28	Label-A	1999
3	baseline	worker-cs-28	Label-A	2000
3	baseline	worker-cs-28	Label-B	1999
3	baseline	worker-cs-28	Label-A	1999
3	baseline	worker-cs-29	Label-C	2000
3	baseline	worker-cs-29	Label-B	2000
3	baseline	worker-cs-29	Label-C	2001
3	baseline	worker-cs-29	Label-B	2001
3	baseline	worker-cs-29	Label-B	1999
3	baseline	worker-cs-29	Label-B	2000
3	baseline	worker-cs-29	Label-B	1999
3	baseline	worker-cs-29	Label-C	45000
3	baseline	worker-cs-29	Label-E	180000
3	baseline	worker-cs-29	Label-B	45000
3	baseline	worker-cs-29	Label-B	2000
3	baseline	worker-cs-29	Label-A	2000
3	baseline	worker-cs-29	Label-A	45000
3	baseline	worker-cs-29	Label-B	1999
3	baseline	worker-cs-29	Label-A	2000
3	baseline	worker-cs-29	Label-C	44999
3	baseline	worker-cs-29	Label-D	180000
3	baseline	worker-cs-29	Label-A	2000
3	baseline	worker-cs-29	Label-A	2000
3	baseline	worker-cs-29	Label-A	2000
3	baseline	worker-cs-29	Label-A	2000
3	baseline	worker-cs-29	Label-A	1998
3	baseline	worker-cs-29	Label-B	2000
3	baseline	worker-cs-29	Label-A	2000
3	baseline	worker-cs-29	Label-A	2000
3	baseline	worker-cs-29	Label-A	2000
3	baseline	worker-cs-29	Label-A	2000
3	baseline	worker-cs-29	Label-C	2000
3	baseline	worker-cs-29	Label-B	2000
3	baseline	worker-cs-29	Label-C	1999
3	baseline	worker-cs-29	Label-A	2000
3	baseline	worker-cs-29	Label-C	1999
3	baseline	worker-cs-29	Label-A	1999
3	baseline	worker-cs-29	Label-A	1999
3	baseline	worker-cs-29	Label-A	2000
3	baseline	worker-cs-29	Label-C	2000
3	baseline	worker-cs-29	Label-A	2000
3	baseline	worker-cs-29	Label-A	1999
3	baseline	worker-cs-29	Label-A	1999
3	baseline	worker-cs-29	Label-C	2000
3	baseline	worker-cs-29	Label-A	2000
3	baseline	worker-cs-29	Label-C	1999
3	baseline	worker-cs-29	Label-A	2000
3	baseline	worker-cs-29	Label-A	1999
3	baseline	worker-cs-29	Label-D	2000
3	baseline	worker-cs-29	Label-A	2000
3	baseline	worker-cs-29	Label-B	2000
3	baseline	worker-cs-29	Label-B	2000
3	baseline	worker-cs-29	Label-B	2000
3	baseline	worker-cs-29	Label-B	2000
3	baseline	worker-cs-29	Label-C	2000
3	baseline	worker-cs-29	Label-B	2000
3	baseline	worker-cs-29	Label-C	2001
3	baseline	worker-cs-29	Label-B	2000
3	baseline	worker-cs-29	Label-A	2000
3	baseline	worker-cs-29	Label-A	2000
3	baseline	worker-cs-29	Label-A	2000
3	baseline	worker-cs-29	Label-D	2000
3	baseline	worker-cs-29	Label-B	2000
3	baseline	worker-cs-29	Label-B	45000
3	baseline	worker-cs-29	Label-E	180000
3	baseline	worker-cs-29	Label-A	45000
3	baseline	worker-cs-29	Label-A	2000
3	baseline	worker-cs-29	Label-C	45000
3	baseline	worker-cs-29	Label-C	2000
3	baseline	worker-cs-29	Label-B	45000
3	baseline	worker-cs-29	Label-A	2000
3	baseline	worker-cs-29	Label-D	179999
3	baseline	worker-cs-29	Label-B	2000
3	baseline	worker-cs-29	Label-C	1999
3	baseline	worker-cs-29	Label-B	1999
3	baseline	worker-cs-29	Label-A	1999
3	baseline	worker-cs-29	Label-C	1999
3	baseline	worker-cs-29	Label-B	1999
3	baseline	worker-cs-29	Label-A	2000
3	baseline	worker-cs-29	Label-A	2000
3	baseline	worker-cs-29	Label-C	1999
3	baseline	worker-cs-29	Label-C	1999
3	baseline	worker-cs-29	Label-B	2000
3	baseline	worker-cs-29	Label-B	2000
3	baseline	worker-cs-29	Label-B	2000
3	baseline	worker-cs-29	Label-A	2000
3	baseline	worker-cs-29	Label-A	2000
3	baseline	worker-cs-29	Label-B	1999
3	baseline	worker-cs-29	Label-A	1999
3	baseline	worker-cs-29	Label-D	2000
3	baseline	worker-cs-29	Label-B	1999
3	baseline	worker-cs-29	Label-A	2000
3	baseline	worker-cs-29	Label-D	1999
3	baseline	worker-cs-29	Label-D	1999
3	baseline	worker-cs-29	Label-D	1999
3	baseline	worker-cs-29	Label-A	2000
3	baseline	worker-cs-29	Label-A	2000
3	baseline	worker-cs-29	Label-E	2000
3	baseline	worker-cs-29	Label-B	2001
3	baseline	worker-cs-29	Label-C	45000
3	baseline	worker-cs-29	Label-A	2000
3	baseline	worker-cs-29	Label-A	2000
3	baseline	worker-cs-29	Label-B	2000
3	baseline	worker-cs-2	Label-A	1999
3	baseline	worker-cs-2	Label-C	2000
3	baseline	worker-cs-2	Label-B	45000
3	baseline	worker-cs-2	Label-C	2000
3	baseline	worker-cs-2	Label-C	45000
3	baseline	worker-cs-2	Label-E	180000
3	baseline	worker-cs-2	Label-A	2000
3	baseline	worker-cs-2	Label-A	45000
3	baseline	worker-cs-2	Label-A	2000
3	baseline	worker-cs-2	Label-A	2001
3	baseline	worker-cs-2	Label-C	45000
3	baseline	worker-cs-2	Label-D	180000
3	baseline	worker-cs-2	Label-A	2000
3	baseline	worker-cs-2	Label-A	2000
3	baseline	worker-cs-2	Label-A	2000
3	baseline	worker-cs-2	Label-A	1999
3	baseline	worker-cs-2	Label-B	45000
3	baseline	worker-cs-2	Label-A	2001
3	baseline	worker-cs-2	Label-A	1999
3	baseline	worker-cs-2	Label-B	2000
3	baseline	worker-cs-2	Label-A	2000
3	baseline	worker-cs-2	Label-D	2000
3	baseline	worker-cs-2	Label-B	2000
3	baseline	worker-cs-2	Label-B	2000
3	baseline	worker-cs-2	Label-B	2000
3	baseline	worker-cs-2	Label-D	180001
3	baseline	worker-cs-2	Label-B	1999
3	baseline	worker-cs-2	Label-D	2000
3	baseline	worker-cs-2	Label-D	1999
3	baseline	worker-cs-2	Label-B	2002
3	baseline	worker-cs-2	Label-A	2000
3	baseline	worker-cs-2	Label-A	1999
3	baseline	worker-cs-2	Label-A	2001
3	baseline	worker-cs-2	Label-C	2000
3	baseline	worker-cs-2	Label-B	2000
3	baseline	worker-cs-2	Label-C	44999
3	baseline	worker-cs-2	Label-A	1999
3	baseline	worker-cs-2	Label-A	2000
3	baseline	worker-cs-2	Label-C	2001
3	baseline	worker-cs-2	Label-B	2000
3	baseline	worker-cs-2	Label-C	1999
3	baseline	worker-cs-2	Label-C	1999
3	baseline	worker-cs-2	Label-C	2001
3	baseline	worker-cs-2	Label-B	2000
3	baseline	worker-cs-2	Label-B	1999
3	baseline	worker-cs-2	Label-A	2000
3	baseline	worker-cs-2	Label-B	45000
3	baseline	worker-cs-2	Label-B	2000
3	baseline	worker-cs-2	Label-A	2000
3	baseline	worker-cs-2	Label-A	2000
3	baseline	worker-cs-2	Label-D	1999
3	baseline	worker-cs-2	Label-A	2000
3	baseline	worker-cs-2	Label-D	180000
3	baseline	worker-cs-2	Label-A	2000
3	baseline	worker-cs-2	Label-C	44999
3	baseline	worker-cs-2	Label-C	1999
3	baseline	worker-cs-2	Label-A	1999
3	baseline	worker-cs-2	Label-C	1999
3	baseline	worker-cs-2	Label-C	2000
3	baseline	worker-cs-2	Label-B	45000
3	baseline	worker-cs-2	Label-C	2000
3	baseline	worker-cs-2	Label-B	2000
3	baseline	worker-cs-2	Label-B	45000
3	baseline	worker-cs-2	Label-C	44999
3	baseline	worker-cs-2	Label-E	2002
3	baseline	worker-cs-2	Label-A	2000
3	baseline	worker-cs-2	Label-A	44999
3	baseline	worker-cs-2	Label-D	180000
3	baseline	worker-cs-2	Label-B	45000
3	baseline	worker-cs-2	Label-A	2000
3	baseline	worker-cs-2	Label-A	45001
3	baseline	worker-cs-2	Label-A	2000
3	baseline	worker-cs-2	Label-C	45000
3	baseline	worker-cs-2	Label-B	2000
3	baseline	worker-cs-2	Label-E	179999
3	baseline	worker-cs-2	Label-A	1999
3	baseline	worker-cs-2	Label-A	2000
3	baseline	worker-cs-2	Label-B	2000
3	baseline	worker-cs-2	Label-C	2000
3	baseline	worker-cs-2	Label-C	2000
3	baseline	worker-cs-2	Label-A	1999
3	baseline	worker-cs-2	Label-A	2000
3	baseline	worker-cs-2	Label-A	2001
3	baseline	worker-cs-2	Label-B	2000
3	baseline	worker-cs-2	Label-B	1999
3	baseline	worker-cs-2	Label-A	2000
3	baseline	worker-cs-2	Label-C	2000
3	baseline	worker-cs-2	Label-A	2000
3	baseline	worker-cs-2	Label-A	1999
3	baseline	worker-cs-2	Label-D	2000
3	baseline	worker-cs-2	Label-A	1999
3	baseline	worker-cs-2	Label-C	1999
3	baseline	worker-cs-2	Label-B	1999
3	baseline	worker-cs-2	Label-D	179999
3	baseline	worker-cs-2	Label-A	2000
3	baseline	worker-cs-2	Label-B	1999
3	baseline	worker-cs-2	Label-D	2000
3	baseline	worker-cs-2	Label-C	2001
3	baseline	worker-cs-2	Label-B	1999
3	baseline	worker-cs-2	Label-B	2000
3	baseline	worker-cs-2	Label-B	2000
3	baseline	worker-cs-3	Label-A	1999
3	baseline	worker-cs-3	Label-A	2000
3	baseline	worker-cs-3	Label-C	2000
3	baseline	worker-cs-3	Label-A	2000
3	baseline	worker-cs-3	Label-A	44999
3	baseline	worker-cs-3	Label-B	1999
3	baseline	worker-cs-3	Label-B	1999
3	baseline	worker-cs-3	Label-B	45000
3	baseline	worker-cs-3	Label-D	180000
3	baseline	worker-cs-3	Label-A	2000
3	baseline	worker-cs-3	Label-B	45000
3	baseline	worker-cs-3	Label-A	2001
3	baseline	worker-cs-3	Label-A	44999
3	baseline	worker-cs-3	Label-E	180000
3	baseline	worker-cs-3	Label-A	2000
3	baseline	worker-cs-3	Label-A	2000
3	baseline	worker-cs-3	Label-A	2000
3	baseline	worker-cs-3	Label-B	1999
3	baseline	worker-cs-3	Label-C	45000
3	baseline	worker-cs-3	Label-C	44999
3	baseline	worker-cs-3	Label-B	1999
3	baseline	worker-cs-3	Label-B	45000
3	baseline	worker-cs-3	Label-A	45000
3	baseline	worker-cs-3	Label-C	2000
3	baseline	worker-cs-3	Label-C	45000
3	baseline	worker-cs-3	Label-A	2000
3	baseline	worker-cs-3	Label-D	180000
3	baseline	worker-cs-3	Label-B	45000
3	baseline	worker-cs-3	Label-E	180000
3	baseline	worker-cs-3	Label-A	2000
3	baseline	worker-cs-3	Label-A	45000
3	baseline	worker-cs-3	Label-B	2000
3	baseline	worker-cs-3	Label-D	1999
3	baseline	worker-cs-3	Label-A	2000
3	baseline	worker-cs-3	Label-A	2001
3	baseline	worker-cs-3	Label-C	44999
3	baseline	worker-cs-3	Label-A	2000
3	baseline	worker-cs-3	Label-A	45000
3	baseline	worker-cs-3	Label-A	2000
3	baseline	worker-cs-3	Label-D	179999
3	baseline	worker-cs-3	Label-D	1999
3	baseline	worker-cs-3	Label-B	2000
3	baseline	worker-cs-3	Label-A	45000
3	baseline	worker-cs-3	Label-E	180000
3	baseline	worker-cs-3	Label-B	2000
3	baseline	worker-cs-3	Label-B	45003
3	baseline	worker-cs-3	Label-B	1999
3	baseline	worker-cs-3	Label-A	2000
3	baseline	worker-cs-3	Label-A	2000
3	baseline	worker-cs-3	Label-A	2000
3	baseline	worker-cs-3	Label-C	45000
3	baseline	worker-cs-3	Label-B	2000
3	baseline	worker-cs-3	Label-B	2001
3	baseline	worker-cs-3	Label-B	2000
3	baseline	worker-cs-3	Label-A	2000
3	baseline	worker-cs-3	Label-A	2000
3	baseline	worker-cs-3	Label-C	2000
3	baseline	worker-cs-3	Label-B	2000
3	baseline	worker-cs-3	Label-C	1999
3	baseline	worker-cs-3	Label-B	2000
3	baseline	worker-cs-3	Label-B	2000
3	baseline	worker-cs-3	Label-C	2000
3	baseline	worker-cs-3	Label-B	2001
3	baseline	worker-cs-3	Label-C	2000
3	baseline	worker-cs-3	Label-A	1999
3	baseline	worker-cs-3	Label-A	1999
3	baseline	worker-cs-3	Label-A	2000
3	baseline	worker-cs-3	Label-C	45000
3	baseline	worker-cs-3	Label-A	2000
3	baseline	worker-cs-3	Label-A	45000
3	baseline	worker-cs-3	Label-B	2000
3	baseline	worker-cs-3	Label-D	1999
3	baseline	worker-cs-3	Label-C	2000
3	baseline	worker-cs-3	Label-B	2000
3	baseline	worker-cs-3	Label-D	179999
3	baseline	worker-cs-3	Label-B	1999
3	baseline	worker-cs-3	Label-B	45000
3	baseline	worker-cs-3	Label-B	2000
3	baseline	worker-cs-3	Label-B	2000
3	baseline	worker-cs-3	Label-B	1999
3	baseline	worker-cs-3	Label-C	45001
3	baseline	worker-cs-3	Label-B	2000
3	baseline	worker-cs-3	Label-A	45000
3	baseline	worker-cs-3	Label-B	2000
3	baseline	worker-cs-3	Label-E	180000
3	baseline	worker-cs-3	Label-A	2000
3	baseline	worker-cs-3	Label-A	1999
3	baseline	worker-cs-3	Label-E	1999
3	baseline	worker-cs-3	Label-A	1999
3	baseline	worker-cs-3	Label-A	2000
3	baseline	worker-cs-3	Label-A	1999
3	baseline	worker-cs-3	Label-A	1999
3	baseline	worker-cs-3	Label-B	2000
3	baseline	worker-cs-3	Label-A	2000
3	baseline	worker-cs-3	Label-A	2000
3	baseline	worker-cs-3	Label-C	45000
3	baseline	worker-cs-3	Label-D	2000
3	baseline	worker-cs-3	Label-B	2000
3	baseline	worker-cs-3	Label-B	2000
3	baseline	worker-cs-4	Label-C	2000
3	baseline	worker-cs-4	Label-B	2000
3	baseline	worker-cs-4	Label-D	2000
3	baseline	worker-cs-4	Label-A	2000
3	baseline	worker-cs-4	Label-A	2000
3	baseline	worker-cs-4	Label-C	2000
3	baseline	worker-cs-4	Label-C	2000
3	baseline	worker-cs-4	Label-A	2000
3	baseline	worker-cs-4	Label-A	1999
3	baseline	worker-cs-4	Label-A	2000
3	baseline	worker-cs-4	Label-B	1999
3	baseline	worker-cs-4	Label-A	1999
3	baseline	worker-cs-4	Label-A	2000
3	baseline	worker-cs-4	Label-A	2000
3	baseline	worker-cs-4	Label-A	2000
3	baseline	worker-cs-4	Label-A	1999
3	baseline	worker-cs-4	Label-A	1999
3	baseline	worker-cs-4	Label-D	2000
3	baseline	worker-cs-4	Label-C	2000
3	baseline	worker-cs-4	Label-C	2000
3	baseline	worker-cs-4	Label-B	2000
3	baseline	worker-cs-4	Label-A	2000
3	baseline	worker-cs-4	Label-D	1999
3	baseline	worker-cs-4	Label-B	2000
3	baseline	worker-cs-4	Label-B	1999
3	baseline	worker-cs-4	Label-C	2000
3	baseline	worker-cs-4	Label-D	1999
3	baseline	worker-cs-4	Label-B	1999
3	baseline	worker-cs-4	Label-A	2000
3	baseline	worker-cs-4	Label-A	2000
3	baseline	worker-cs-4	Label-C	2000
3	baseline	worker-cs-4	Label-B	2000
3	baseline	worker-cs-4	Label-A	2000
3	baseline	worker-cs-4	Label-C	2000
3	baseline	worker-cs-4	Label-C	2000
3	baseline	worker-cs-4	Label-A	2000
3	baseline	worker-cs-4	Label-C	1999
3	baseline	worker-cs-4	Label-B	1999
3	baseline	worker-cs-4	Label-D	1999
3	baseline	worker-cs-4	Label-C	2000
3	baseline	worker-cs-4	Label-B	2000
3	baseline	worker-cs-4	Label-B	1999
3	baseline	worker-cs-4	Label-B	2000
3	baseline	worker-cs-4	Label-C	1999
3	baseline	worker-cs-4	Label-A	1999
3	baseline	worker-cs-4	Label-A	2000
3	baseline	worker-cs-4	Label-A	1999
3	baseline	worker-cs-4	Label-A	2000
3	baseline	worker-cs-4	Label-A	2000
3	baseline	worker-cs-4	Label-A	2000
3	baseline	worker-cs-4	Label-A	2000
3	baseline	worker-cs-4	Label-E	180001
3	baseline	worker-cs-4	Label-C	45000
3	baseline	worker-cs-4	Label-B	45000
3	baseline	worker-cs-4	Label-C	44999
3	baseline	worker-cs-4	Label-A	2000
3	baseline	worker-cs-4	Label-A	45000
3	baseline	worker-cs-4	Label-B	1999
3	baseline	worker-cs-4	Label-B	45000
3	baseline	worker-cs-4	Label-D	180000
3	baseline	worker-cs-4	Label-A	2001
3	baseline	worker-cs-4	Label-C	45000
3	baseline	worker-cs-4	Label-E	179999
3	baseline	worker-cs-4	Label-A	2000
3	baseline	worker-cs-4	Label-A	45000
3	baseline	worker-cs-4	Label-A	1999
3	baseline	worker-cs-4	Label-C	2000
3	baseline	worker-cs-4	Label-B	45000
3	baseline	worker-cs-4	Label-A	2000
3	baseline	worker-cs-4	Label-A	2000
3	baseline	worker-cs-4	Label-A	2000
3	baseline	worker-cs-4	Label-C	45000
3	baseline	worker-cs-4	Label-A	2000
3	baseline	worker-cs-4	Label-B	44999
3	baseline	worker-cs-4	Label-C	2000
3	baseline	worker-cs-4	Label-A	2000
3	baseline	worker-cs-4	Label-C	44999
3	baseline	worker-cs-4	Label-A	1999
3	baseline	worker-cs-4	Label-E	179999
3	baseline	worker-cs-4	Label-D	2000
3	baseline	worker-cs-4	Label-B	44999
3	baseline	worker-cs-4	Label-D	2000
3	baseline	worker-cs-4	Label-C	44999
3	baseline	worker-cs-4	Label-A	1999
3	baseline	worker-cs-4	Label-B	45000
3	baseline	worker-cs-4	Label-A	45000
3	baseline	worker-cs-4	Label-D	179999
3	baseline	worker-cs-4	Label-E	180001
3	baseline	worker-cs-4	Label-C	2000
3	baseline	worker-cs-4	Label-C	45000
3	baseline	worker-cs-4	Label-B	44999
3	baseline	worker-cs-4	Label-A	2000
3	baseline	worker-cs-4	Label-C	2000
3	baseline	worker-cs-4	Label-A	44999
3	baseline	worker-cs-4	Label-B	2000
3	baseline	worker-cs-4	Label-A	2000
3	baseline	worker-cs-4	Label-A	2000
3	baseline	worker-cs-4	Label-C	1999
3	baseline	worker-cs-4	Label-C	2000
3	baseline	worker-cs-4	Label-A	2000
3	baseline	worker-cs-5	Label-C	2002
3	baseline	worker-cs-5	Label-C	1999
3	baseline	worker-cs-5	Label-D	2000
3	baseline	worker-cs-5	Label-B	2000
3	baseline	worker-cs-5	Label-A	2000
3	baseline	worker-cs-5	Label-A	2000
3	baseline	worker-cs-5	Label-B	2000
3	baseline	worker-cs-5	Label-C	2000
3	baseline	worker-cs-5	Label-C	45000
3	baseline	worker-cs-5	Label-B	2000
3	baseline	worker-cs-5	Label-B	45000
3	baseline	worker-cs-5	Label-A	45000
3	baseline	worker-cs-5	Label-E	180000
3	baseline	worker-cs-5	Label-B	1999
3	baseline	worker-cs-5	Label-B	45000
3	baseline	worker-cs-5	Label-B	1999
3	baseline	worker-cs-5	Label-A	45000
3	baseline	worker-cs-5	Label-A	2000
3	baseline	worker-cs-5	Label-D	180000
3	baseline	worker-cs-5	Label-A	2000
3	baseline	worker-cs-5	Label-B	2001
3	baseline	worker-cs-5	Label-A	1999
3	baseline	worker-cs-5	Label-B	2000
3	baseline	worker-cs-5	Label-A	2000
3	baseline	worker-cs-5	Label-C	45000
3	baseline	worker-cs-5	Label-B	1999
3	baseline	worker-cs-5	Label-B	1999
3	baseline	worker-cs-5	Label-A	2000
3	baseline	worker-cs-5	Label-B	2000
3	baseline	worker-cs-5	Label-B	2000
3	baseline	worker-cs-5	Label-B	2000
3	baseline	worker-cs-5	Label-E	180004
3	baseline	worker-cs-5	Label-E	2000
3	baseline	worker-cs-5	Label-A	2000
3	baseline	worker-cs-5	Label-A	2000
3	baseline	worker-cs-5	Label-E	2000
3	baseline	worker-cs-5	Label-B	1999
3	baseline	worker-cs-5	Label-A	1999
3	baseline	worker-cs-5	Label-B	2000
3	baseline	worker-cs-5	Label-A	2002
3	baseline	worker-cs-5	Label-B	1999
3	baseline	worker-cs-5	Label-A	2000
3	baseline	worker-cs-5	Label-B	2000
3	baseline	worker-cs-5	Label-A	2001
3	baseline	worker-cs-5	Label-C	2000
3	baseline	worker-cs-5	Label-B	1999
3	baseline	worker-cs-5	Label-A	2000
3	baseline	worker-cs-5	Label-A	2000
3	baseline	worker-cs-5	Label-B	2000
3	baseline	worker-cs-5	Label-C	2000
3	baseline	worker-cs-5	Label-D	2000
3	baseline	worker-cs-5	Label-A	2000
3	baseline	worker-cs-5	Label-B	2000
3	baseline	worker-cs-5	Label-B	2000
3	baseline	worker-cs-5	Label-B	1999
3	baseline	worker-cs-5	Label-A	2000
3	baseline	worker-cs-5	Label-C	1999
3	baseline	worker-cs-5	Label-A	1998
3	baseline	worker-cs-5	Label-A	1999
3	baseline	worker-cs-5	Label-D	179999
3	baseline	worker-cs-5	Label-A	2000
3	baseline	worker-cs-5	Label-B	1999
3	baseline	worker-cs-5	Label-D	2000
3	baseline	worker-cs-5	Label-B	2000
3	baseline	worker-cs-5	Label-A	2000
3	baseline	worker-cs-5	Label-A	2000
3	baseline	worker-cs-5	Label-A	2000
3	baseline	worker-cs-5	Label-A	2001
3	baseline	worker-cs-5	Label-B	1999
3	baseline	worker-cs-5	Label-A	2000
3	baseline	worker-cs-5	Label-B	2000
3	baseline	worker-cs-5	Label-A	2000
3	baseline	worker-cs-5	Label-A	1999
3	baseline	worker-cs-5	Label-B	1999
3	baseline	worker-cs-5	Label-B	2000
3	baseline	worker-cs-5	Label-C	1999
3	baseline	worker-cs-5	Label-A	2000
3	baseline	worker-cs-5	Label-C	2000
3	baseline	worker-cs-5	Label-A	1999
3	baseline	worker-cs-5	Label-B	1999
3	baseline	worker-cs-5	Label-A	2001
3	baseline	worker-cs-5	Label-B	2000
3	baseline	worker-cs-5	Label-C	1999
3	baseline	worker-cs-5	Label-B	1999
3	baseline	worker-cs-5	Label-C	2000
3	baseline	worker-cs-5	Label-B	1999
3	baseline	worker-cs-5	Label-C	2000
3	baseline	worker-cs-5	Label-B	2001
3	baseline	worker-cs-5	Label-A	2000
3	baseline	worker-cs-5	Label-A	2000
3	baseline	worker-cs-5	Label-B	1999
3	baseline	worker-cs-5	Label-B	1999
3	baseline	worker-cs-5	Label-A	1999
3	baseline	worker-cs-5	Label-A	2000
3	baseline	worker-cs-5	Label-A	2000
3	baseline	worker-cs-5	Label-A	2000
3	baseline	worker-cs-5	Label-B	44999
3	baseline	worker-cs-6	Label-B	1999
3	baseline	worker-cs-6	Label-C	1999
3	baseline	worker-cs-6	Label-A	2000
3	baseline	worker-cs-6	Label-B	1999
3	baseline	worker-cs-6	Label-B	2000
3	baseline	worker-cs-6	Label-A	2000
3	baseline	worker-cs-6	Label-C	1999
3	baseline	worker-cs-6	Label-C	2000
3	baseline	worker-cs-6	Label-A	2000
3	baseline	worker-cs-6	Label-A	1999
3	baseline	worker-cs-6	Label-A	1999
3	baseline	worker-cs-6	Label-B	1999
3	baseline	worker-cs-6	Label-A	2000
3	baseline	worker-cs-6	Label-A	2001
3	baseline	worker-cs-6	Label-B	2000
3	baseline	worker-cs-6	Label-A	1999
3	baseline	worker-cs-6	Label-A	2000
3	baseline	worker-cs-6	Label-B	1999
3	baseline	worker-cs-6	Label-A	1999
3	baseline	worker-cs-6	Label-B	1999
3	baseline	worker-cs-6	Label-D	2000
3	baseline	worker-cs-6	Label-B	2000
3	baseline	worker-cs-6	Label-D	2000
3	baseline	worker-cs-6	Label-A	1999
3	baseline	worker-cs-6	Label-A	2000
3	baseline	worker-cs-6	Label-B	1999
3	baseline	worker-cs-6	Label-A	2000
3	baseline	worker-cs-6	Label-A	1999
3	baseline	worker-cs-6	Label-C	2000
3	baseline	worker-cs-6	Label-C	1999
3	baseline	worker-cs-6	Label-D	1999
3	baseline	worker-cs-6	Label-B	1999
3	baseline	worker-cs-6	Label-C	2000
3	baseline	worker-cs-6	Label-A	2000
3	baseline	worker-cs-6	Label-A	2000
3	baseline	worker-cs-6	Label-A	2000
3	baseline	worker-cs-6	Label-B	2000
3	baseline	worker-cs-6	Label-A	2000
3	baseline	worker-cs-6	Label-C	2000
3	baseline	worker-cs-6	Label-B	2000
3	baseline	worker-cs-6	Label-C	1999
3	baseline	worker-cs-6	Label-B	2000
3	baseline	worker-cs-6	Label-A	2000
3	baseline	worker-cs-6	Label-A	1999
3	baseline	worker-cs-6	Label-A	1999
3	baseline	worker-cs-6	Label-C	2000
3	baseline	worker-cs-6	Label-A	1999
3	baseline	worker-cs-6	Label-B	1999
3	baseline	worker-cs-6	Label-B	1999
3	baseline	worker-cs-6	Label-E	180000
3	baseline	worker-cs-6	Label-B	1999
3	baseline	worker-cs-6	Label-A	2000
3	baseline	worker-cs-6	Label-A	2000
3	baseline	worker-cs-6	Label-A	2000
3	baseline	worker-cs-6	Label-B	2000
3	baseline	worker-cs-6	Label-A	2000
3	baseline	worker-cs-6	Label-B	2000
3	baseline	worker-cs-6	Label-B	2000
3	baseline	worker-cs-6	Label-B	44999
3	baseline	worker-cs-6	Label-A	2001
3	baseline	worker-cs-6	Label-A	44999
3	baseline	worker-cs-6	Label-E	2000
3	baseline	worker-cs-6	Label-B	44999
3	baseline	worker-cs-6	Label-C	45000
3	baseline	worker-cs-6	Label-D	179999
3	baseline	worker-cs-6	Label-E	180001
3	baseline	worker-cs-6	Label-A	2000
3	baseline	worker-cs-6	Label-A	45000
3	baseline	worker-cs-6	Label-C	44998
3	baseline	worker-cs-6	Label-D	2000
3	baseline	worker-cs-6	Label-B	45000
3	baseline	worker-cs-6	Label-A	1999
3	baseline	worker-cs-6	Label-A	2000
3	baseline	worker-cs-6	Label-B	1999
3	baseline	worker-cs-6	Label-A	2000
3	baseline	worker-cs-6	Label-A	1999
3	baseline	worker-cs-6	Label-A	1999
3	baseline	worker-cs-6	Label-C	45000
3	baseline	worker-cs-6	Label-B	2000
3	baseline	worker-cs-6	Label-D	180000
3	baseline	worker-cs-6	Label-B	2002
3	baseline	worker-cs-6	Label-B	2000
3	baseline	worker-cs-6	Label-A	2000
3	baseline	worker-cs-6	Label-A	2000
3	baseline	worker-cs-6	Label-B	1999
3	baseline	worker-cs-6	Label-A	2000
3	baseline	worker-cs-6	Label-A	2003
3	baseline	worker-cs-6	Label-A	2000
3	baseline	worker-cs-6	Label-A	2000
3	baseline	worker-cs-6	Label-A	2001
3	baseline	worker-cs-6	Label-B	2000
3	baseline	worker-cs-6	Label-A	1999
3	baseline	worker-cs-6	Label-B	2001
3	baseline	worker-cs-6	Label-B	2000
3	baseline	worker-cs-6	Label-A	2000
3	baseline	worker-cs-6	Label-B	2000
3	baseline	worker-cs-6	Label-B	1999
3	baseline	worker-cs-6	Label-A	1999
3	baseline	worker-cs-6	Label-A	2000
3	baseline	worker-cs-6	Label-A	1999
3	baseline	worker-cs-7	Label-B	1999
3	baseline	worker-cs-7	Label-A	1999
3	baseline	worker-cs-7	Label-B	2000
3	baseline	worker-cs-7	Label-A	2000
3	baseline	worker-cs-7	Label-E	2000
3	baseline	worker-cs-7	Label-C	45000
3	baseline	worker-cs-7	Label-D	2000
3	baseline	worker-cs-7	Label-E	179999
3	baseline	worker-cs-7	Label-A	2000
3	baseline	worker-cs-7	Label-A	1999
3	baseline	worker-cs-7	Label-A	44999
3	baseline	worker-cs-7	Label-A	1999
3	baseline	worker-cs-7	Label-C	45000
3	baseline	worker-cs-7	Label-C	1999
3	baseline	worker-cs-7	Label-B	45000
3	baseline	worker-cs-7	Label-D	2000
3	baseline	worker-cs-7	Label-D	179999
3	baseline	worker-cs-7	Label-A	2000
3	baseline	worker-cs-7	Label-A	2000
3	baseline	worker-cs-7	Label-B	1999
3	baseline	worker-cs-7	Label-A	1999
3	baseline	worker-cs-7	Label-A	2000
3	baseline	worker-cs-7	Label-B	1999
3	baseline	worker-cs-7	Label-B	2000
3	baseline	worker-cs-7	Label-C	1999
3	baseline	worker-cs-7	Label-B	2000
3	baseline	worker-cs-7	Label-C	1999
3	baseline	worker-cs-7	Label-A	2000
3	baseline	worker-cs-7	Label-C	2000
3	baseline	worker-cs-7	Label-A	1999
3	baseline	worker-cs-7	Label-C	2000
3	baseline	worker-cs-7	Label-C	2000
3	baseline	worker-cs-7	Label-B	2001
3	baseline	worker-cs-7	Label-C	2000
3	baseline	worker-cs-7	Label-A	2000
3	baseline	worker-cs-7	Label-A	2000
3	baseline	worker-cs-7	Label-A	1999
3	baseline	worker-cs-7	Label-B	2000
3	baseline	worker-cs-7	Label-A	2000
3	baseline	worker-cs-7	Label-B	2000
3	baseline	worker-cs-7	Label-A	2000
3	baseline	worker-cs-7	Label-A	1999
3	baseline	worker-cs-7	Label-A	2000
3	baseline	worker-cs-7	Label-B	2000
3	baseline	worker-cs-7	Label-C	1999
3	baseline	worker-cs-7	Label-A	2000
3	baseline	worker-cs-7	Label-C	1999
3	baseline	worker-cs-7	Label-C	2000
3	baseline	worker-cs-7	Label-B	1999
3	baseline	worker-cs-7	Label-B	2000
3	baseline	worker-cs-7	Label-C	2001
3	baseline	worker-cs-7	Label-A	2000
3	baseline	worker-cs-7	Label-B	2001
3	baseline	worker-cs-7	Label-B	2000
3	baseline	worker-cs-7	Label-B	2000
3	baseline	worker-cs-7	Label-A	2000
3	baseline	worker-cs-7	Label-A	2000
3	baseline	worker-cs-7	Label-D	1999
3	baseline	worker-cs-7	Label-A	1999
3	baseline	worker-cs-7	Label-B	2000
3	baseline	worker-cs-7	Label-B	1999
3	baseline	worker-cs-7	Label-B	2000
3	baseline	worker-cs-7	Label-C	2000
3	baseline	worker-cs-7	Label-A	1999
3	baseline	worker-cs-7	Label-A	2000
3	baseline	worker-cs-7	Label-C	2000
3	baseline	worker-cs-7	Label-A	2000
3	baseline	worker-cs-7	Label-B	2000
3	baseline	worker-cs-7	Label-A	1999
3	baseline	worker-cs-7	Label-C	2000
3	baseline	worker-cs-7	Label-C	2000
3	baseline	worker-cs-7	Label-C	2000
3	baseline	worker-cs-7	Label-C	2000
3	baseline	worker-cs-7	Label-B	2000
3	baseline	worker-cs-7	Label-A	1999
3	baseline	worker-cs-7	Label-C	2000
3	baseline	worker-cs-7	Label-C	1999
3	baseline	worker-cs-7	Label-A	2000
3	baseline	worker-cs-7	Label-A	1999
3	baseline	worker-cs-7	Label-A	2001
3	baseline	worker-cs-7	Label-A	1999
3	baseline	worker-cs-7	Label-D	2000
3	baseline	worker-cs-7	Label-B	2000
3	baseline	worker-cs-7	Label-A	2000
3	baseline	worker-cs-7	Label-B	2000
3	baseline	worker-cs-7	Label-D	1999
3	baseline	worker-cs-7	Label-A	2000
3	baseline	worker-cs-7	Label-B	2000
3	baseline	worker-cs-7	Label-C	2000
3	baseline	worker-cs-7	Label-B	1999
3	baseline	worker-cs-7	Label-B	2000
3	baseline	worker-cs-7	Label-C	2000
3	baseline	worker-cs-7	Label-A	2000
3	baseline	worker-cs-7	Label-A	2001
3	baseline	worker-cs-7	Label-C	2001
3	baseline	worker-cs-7	Label-B	2000
3	baseline	worker-cs-7	Label-A	2000
3	baseline	worker-cs-7	Label-B	2001
3	baseline	worker-cs-7	Label-D	2000
3	baseline	worker-cs-7	Label-B	1999
3	baseline	worker-cs-8	Label-C	44999
3	baseline	worker-cs-8	Label-A	2000
3	baseline	worker-cs-8	Label-B	45000
3	baseline	worker-cs-8	Label-A	45000
3	baseline	worker-cs-8	Label-D	180000
3	baseline	worker-cs-8	Label-A	2000
3	baseline	worker-cs-8	Label-B	45000
3	baseline	worker-cs-8	Label-A	2000
3	baseline	worker-cs-8	Label-A	45000
3	baseline	worker-cs-8	Label-E	179999
3	baseline	worker-cs-8	Label-B	2000
3	baseline	worker-cs-8	Label-B	2000
3	baseline	worker-cs-8	Label-A	1999
3	baseline	worker-cs-8	Label-A	1999
3	baseline	worker-cs-8	Label-C	1999
3	baseline	worker-cs-8	Label-A	2000
3	baseline	worker-cs-8	Label-C	45000
3	baseline	worker-cs-8	Label-C	2000
3	baseline	worker-cs-8	Label-A	2001
3	baseline	worker-cs-8	Label-B	2000
3	baseline	worker-cs-8	Label-D	179999
3	baseline	worker-cs-8	Label-A	1999
3	baseline	worker-cs-8	Label-B	2000
3	baseline	worker-cs-8	Label-B	2000
3	baseline	worker-cs-8	Label-A	2000
3	baseline	worker-cs-8	Label-A	2000
3	baseline	worker-cs-8	Label-B	1999
3	baseline	worker-cs-8	Label-B	2000
3	baseline	worker-cs-8	Label-A	1999
3	baseline	worker-cs-8	Label-C	2000
3	baseline	worker-cs-8	Label-E	2000
3	baseline	worker-cs-8	Label-A	2000
3	baseline	worker-cs-8	Label-C	1999
3	baseline	worker-cs-8	Label-B	1999
3	baseline	worker-cs-8	Label-A	1999
3	baseline	worker-cs-8	Label-C	2000
3	baseline	worker-cs-8	Label-E	180000
3	baseline	worker-cs-8	Label-A	1999
3	baseline	worker-cs-8	Label-B	2000
3	baseline	worker-cs-8	Label-E	2000
3	baseline	worker-cs-8	Label-A	2000
3	baseline	worker-cs-8	Label-C	1998
3	baseline	worker-cs-8	Label-A	2000
3	baseline	worker-cs-8	Label-A	1999
3	baseline	worker-cs-8	Label-B	2000
3	baseline	worker-cs-8	Label-C	1999
3	baseline	worker-cs-8	Label-B	1999
3	baseline	worker-cs-8	Label-C	1999
3	baseline	worker-cs-8	Label-A	1999
3	baseline	worker-cs-8	Label-B	2001
3	baseline	worker-cs-8	Label-C	1999
3	baseline	worker-cs-8	Label-A	1999
3	baseline	worker-cs-8	Label-B	2000
3	baseline	worker-cs-8	Label-B	2000
3	baseline	worker-cs-8	Label-D	180000
3	baseline	worker-cs-8	Label-A	2001
3	baseline	worker-cs-8	Label-A	1999
3	baseline	worker-cs-8	Label-A	2000
3	baseline	worker-cs-8	Label-B	2000
3	baseline	worker-cs-8	Label-C	2000
3	baseline	worker-cs-8	Label-C	2000
3	baseline	worker-cs-8	Label-B	2000
3	baseline	worker-cs-8	Label-C	2000
3	baseline	worker-cs-8	Label-D	2000
3	baseline	worker-cs-8	Label-A	45000
3	baseline	worker-cs-8	Label-C	45000
3	baseline	worker-cs-8	Label-A	1999
3	baseline	worker-cs-8	Label-B	44999
3	baseline	worker-cs-8	Label-E	180000
3	baseline	worker-cs-8	Label-A	1999
3	baseline	worker-cs-8	Label-A	45000
3	baseline	worker-cs-8	Label-A	1999
3	baseline	worker-cs-8	Label-A	2000
3	baseline	worker-cs-8	Label-D	180000
3	baseline	worker-cs-8	Label-A	1999
3	baseline	worker-cs-8	Label-A	1999
3	baseline	worker-cs-8	Label-C	45000
3	baseline	worker-cs-8	Label-A	2000
3	baseline	worker-cs-8	Label-C	2000
3	baseline	worker-cs-8	Label-B	45000
3	baseline	worker-cs-8	Label-A	2000
3	baseline	worker-cs-8	Label-C	2000
3	baseline	worker-cs-8	Label-B	2000
3	baseline	worker-cs-8	Label-A	1999
3	baseline	worker-cs-8	Label-B	1999
3	baseline	worker-cs-8	Label-A	2000
3	baseline	worker-cs-8	Label-B	44999
3	baseline	worker-cs-8	Label-B	2000
3	baseline	worker-cs-8	Label-C	44999
3	baseline	worker-cs-8	Label-C	2000
3	baseline	worker-cs-8	Label-C	2000
3	baseline	worker-cs-8	Label-A	2000
3	baseline	worker-cs-8	Label-B	2000
3	baseline	worker-cs-8	Label-C	1999
3	baseline	worker-cs-8	Label-D	179999
3	baseline	worker-cs-8	Label-A	2000
3	baseline	worker-cs-8	Label-B	2000
3	baseline	worker-cs-8	Label-A	1999
3	baseline	worker-cs-8	Label-A	2000
3	baseline	worker-cs-8	Label-C	2000
3	baseline	worker-cs-8	Label-A	1999
3	baseline	worker-cs-8	Label-A	2000
3	baseline	worker-cs-8	Label-A	2000
3	baseline	worker-cs-9	Label-A	1999
3	baseline	worker-cs-9	Label-C	1999
3	baseline	worker-cs-9	Label-A	2001
3	baseline	worker-cs-9	Label-A	1999
3	baseline	worker-cs-9	Label-A	1999
3	baseline	worker-cs-9	Label-C	2000
3	baseline	worker-cs-9	Label-D	2000
3	baseline	worker-cs-9	Label-C	2000
3	baseline	worker-cs-9	Label-B	2000
3	baseline	worker-cs-9	Label-C	2001
3	baseline	worker-cs-9	Label-A	2000
3	baseline	worker-cs-9	Label-A	2000
3	baseline	worker-cs-9	Label-B	2001
3	baseline	worker-cs-9	Label-B	1999
3	baseline	worker-cs-9	Label-C	1999
3	baseline	worker-cs-9	Label-B	1999
3	baseline	worker-cs-9	Label-B	2000
3	baseline	worker-cs-9	Label-A	1999
3	baseline	worker-cs-9	Label-A	2000
3	baseline	worker-cs-9	Label-B	2000
3	baseline	worker-cs-9	Label-D	1999
3	baseline	worker-cs-9	Label-A	2000
3	baseline	worker-cs-9	Label-A	2000
3	baseline	worker-cs-9	Label-C	2000
3	baseline	worker-cs-9	Label-C	2000
3	baseline	worker-cs-9	Label-B	2001
3	baseline	worker-cs-9	Label-C	2000
3	baseline	worker-cs-9	Label-B	1999
3	baseline	worker-cs-9	Label-C	2000
3	baseline	worker-cs-9	Label-A	1999
3	baseline	worker-cs-9	Label-A	2000
3	baseline	worker-cs-9	Label-B	1999
3	baseline	worker-cs-9	Label-A	1999
3	baseline	worker-cs-9	Label-A	2000
3	baseline	worker-cs-9	Label-A	2001
3	baseline	worker-cs-9	Label-A	45000
3	baseline	worker-cs-9	Label-C	1999
3	baseline	worker-cs-9	Label-C	45000
3	baseline	worker-cs-9	Label-A	2001
3	baseline	worker-cs-9	Label-B	44999
3	baseline	worker-cs-9	Label-E	180001
3	baseline	worker-cs-9	Label-A	45000
3	baseline	worker-cs-9	Label-A	2000
3	baseline	worker-cs-9	Label-D	180000
3	baseline	worker-cs-9	Label-B	1999
3	baseline	worker-cs-9	Label-B	45000
3	baseline	worker-cs-9	Label-D	1999
3	baseline	worker-cs-9	Label-A	2000
3	baseline	worker-cs-9	Label-C	1999
3	baseline	worker-cs-9	Label-C	44999
3	baseline	worker-cs-9	Label-C	1999
3	baseline	worker-cs-9	Label-C	2002
3	baseline	worker-cs-9	Label-A	44999
3	baseline	worker-cs-9	Label-C	45000
3	baseline	worker-cs-9	Label-E	180000
3	baseline	worker-cs-9	Label-A	1999
3	baseline	worker-cs-9	Label-A	44999
3	baseline	worker-cs-9	Label-A	2000
3	baseline	worker-cs-9	Label-B	2000
3	baseline	worker-cs-9	Label-B	45001
3	baseline	worker-cs-9	Label-D	179999
3	baseline	worker-cs-9	Label-A	1999
3	baseline	worker-cs-9	Label-C	44999
3	baseline	worker-cs-9	Label-B	1999
3	baseline	worker-cs-9	Label-B	44999
3	baseline	worker-cs-9	Label-B	1999
3	baseline	worker-cs-9	Label-B	2000
3	baseline	worker-cs-9	Label-A	2000
3	baseline	worker-cs-9	Label-A	2000
3	baseline	worker-cs-9	Label-A	2000
3	baseline	worker-cs-9	Label-B	2000
3	baseline	worker-cs-9	Label-B	45000
3	baseline	worker-cs-9	Label-A	2000
3	baseline	worker-cs-9	Label-A	2000
3	baseline	worker-cs-9	Label-A	2000
3	baseline	worker-cs-9	Label-D	180000
3	baseline	worker-cs-9	Label-C	2000
3	baseline	worker-cs-9	Label-C	45000
3	baseline	worker-cs-9	Label-B	2000
3	baseline	worker-cs-9	Label-B	44999
3	baseline	worker-cs-9	Label-B	1999
3	baseline	worker-cs-9	Label-B	1999
3	baseline	worker-cs-9	Label-C	2000
3	baseline	worker-cs-9	Label-B	1999
3	baseline	worker-cs-9	Label-B	1999
3	baseline	worker-cs-9	Label-B	2000
3	baseline	worker-cs-9	Label-A	1999
3	baseline	worker-cs-9	Label-B	2000
3	baseline	worker-cs-9	Label-A	1999
3	baseline	worker-cs-9	Label-A	2000
3	baseline	worker-cs-9	Label-C	2000
3	baseline	worker-cs-9	Label-C	1999
3	baseline	worker-cs-9	Label-A	2000
3	baseline	worker-cs-9	Label-B	2000
3	baseline	worker-cs-9	Label-B	1999
3	baseline	worker-cs-9	Label-B	2000
3	baseline	worker-cs-9	Label-A	2000
3	baseline	worker-cs-9	Label-A	1999
1	central	worker-cs-15	Label-B	2001
1	central	worker-cs-15	Label-B	2000
1	central	worker-cs-15	Label-B	2001
1	central	worker-cs-15	Label-B	2002
1	central	worker-cs-15	Label-B	2001
1	central	worker-cs-15	Label-B	2000
1	central	worker-cs-15	Label-B	2001
1	central	worker-cs-15	Label-B	2001
1	central	worker-cs-15	Label-B	2001
1	central	worker-cs-15	Label-B	2000
1	central	worker-cs-15	Label-B	2000
1	central	worker-cs-15	Label-B	2001
1	central	worker-cs-15	Label-B	2001
1	central	worker-cs-15	Label-B	2001
1	central	worker-cs-15	Label-B	2001
1	central	worker-cs-15	Label-B	2003
1	central	worker-cs-15	Label-B	2000
1	central	worker-cs-15	Label-B	2001
1	central	worker-cs-15	Label-B	2000
1	central	worker-cs-15	Label-B	2000
1	central	worker-cs-15	Label-B	2001
1	central	worker-cs-15	Label-B	2001
1	central	worker-cs-15	Label-B	2001
1	central	worker-cs-15	Label-B	2001
1	central	worker-cs-15	Label-B	2002
1	central	worker-cs-15	Label-B	2000
1	central	worker-cs-15	Label-B	2002
1	central	worker-cs-15	Label-B	2000
1	central	worker-cs-15	Label-B	2001
1	central	worker-cs-15	Label-B	2001
1	central	worker-cs-15	Label-B	2001
1	central	worker-cs-15	Label-B	2001
1	central	worker-cs-15	Label-B	2001
1	central	worker-cs-15	Label-B	2000
1	central	worker-cs-15	Label-B	2000
1	central	worker-cs-15	Label-B	2000
1	central	worker-cs-15	Label-B	2001
1	central	worker-cs-15	Label-B	2000
1	central	worker-cs-15	Label-B	2001
1	central	worker-cs-15	Label-B	2001
1	central	worker-cs-15	Label-B	2001
1	central	worker-cs-15	Label-B	2000
1	central	worker-cs-15	Label-B	2001
1	central	worker-cs-15	Label-B	2000
1	central	worker-cs-15	Label-B	2003
1	central	worker-cs-15	Label-B	2000
1	central	worker-cs-15	Label-B	2001
1	central	worker-cs-15	Label-B	2001
1	central	worker-cs-15	Label-B	2001
1	central	worker-cs-15	Label-B	2001
1	central	worker-cs-15	Label-B	2001
1	central	worker-cs-15	Label-B	2000
1	central	worker-cs-15	Label-B	2001
1	central	worker-cs-15	Label-B	2001
1	central	worker-cs-15	Label-B	2001
1	central	worker-cs-15	Label-B	2001
1	central	worker-cs-15	Label-B	2001
1	central	worker-cs-15	Label-B	2001
1	central	worker-cs-15	Label-B	2000
1	central	worker-cs-15	Label-B	2001
1	central	worker-cs-15	Label-B	2003
1	central	worker-cs-15	Label-B	2001
1	central	worker-cs-15	Label-B	2001
1	central	worker-cs-15	Label-B	2000
1	central	worker-cs-15	Label-B	2002
1	central	worker-cs-15	Label-B	2002
1	central	worker-cs-15	Label-B	2000
1	central	worker-cs-15	Label-B	2001
1	central	worker-cs-15	Label-B	2000
1	central	worker-cs-15	Label-B	2001
1	central	worker-cs-15	Label-B	2001
1	central	worker-cs-15	Label-B	2001
1	central	worker-cs-15	Label-B	2001
1	central	worker-cs-15	Label-B	2000
1	central	worker-cs-15	Label-B	2000
1	central	worker-cs-15	Label-B	2001
1	central	worker-cs-15	Label-B	2001
1	central	worker-cs-15	Label-B	2001
1	central	worker-cs-15	Label-B	2001
1	central	worker-cs-15	Label-B	2001
1	central	worker-cs-15	Label-B	2001
1	central	worker-cs-15	Label-B	2001
1	central	worker-cs-15	Label-B	2001
1	central	worker-cs-15	Label-B	2000
1	central	worker-cs-15	Label-B	2001
1	central	worker-cs-15	Label-B	2001
1	central	worker-cs-15	Label-B	2000
1	central	worker-cs-15	Label-B	2001
1	central	worker-cs-15	Label-B	2001
1	central	worker-cs-15	Label-B	2000
1	central	worker-cs-15	Label-B	2001
1	central	worker-cs-15	Label-B	2000
1	central	worker-cs-15	Label-B	2000
1	central	worker-cs-15	Label-B	2000
1	central	worker-cs-15	Label-B	2001
1	central	worker-cs-15	Label-B	2000
1	central	worker-cs-15	Label-B	2002
1	central	worker-cs-15	Label-B	2000
1	central	worker-cs-15	Label-B	2000
1	central	worker-cs-15	Label-B	2000
1	central	worker-cs-15	Label-B	2001
1	central	worker-cs-15	Label-B	2000
1	central	worker-cs-15	Label-B	2001
1	central	worker-cs-15	Label-B	2001
1	central	worker-cs-15	Label-B	2001
1	central	worker-cs-15	Label-B	2001
1	central	worker-cs-15	Label-B	2000
1	central	worker-cs-15	Label-B	2001
1	central	worker-cs-15	Label-B	2000
1	central	worker-cs-15	Label-B	2001
1	central	worker-cs-15	Label-B	2006
1	central	worker-cs-15	Label-B	2001
1	central	worker-cs-15	Label-B	2002
1	central	worker-cs-15	Label-B	2001
1	central	worker-cs-15	Label-B	2000
1	central	worker-cs-15	Label-B	2001
1	central	worker-cs-15	Label-B	2000
1	central	worker-cs-15	Label-B	2002
1	central	worker-cs-15	Label-B	2001
1	central	worker-cs-15	Label-B	2001
1	central	worker-cs-15	Label-B	2000
1	central	worker-cs-15	Label-B	2001
1	central	worker-cs-15	Label-B	2001
1	central	worker-cs-15	Label-B	2001
1	central	worker-cs-15	Label-B	2000
1	central	worker-cs-15	Label-B	2002
1	central	worker-cs-15	Label-B	2000
1	central	worker-cs-15	Label-B	2000
1	central	worker-cs-15	Label-B	2000
1	central	worker-cs-15	Label-B	2001
1	central	worker-cs-15	Label-B	2005
1	central	worker-cs-15	Label-B	2002
1	central	worker-cs-15	Label-B	2001
1	central	worker-cs-15	Label-B	2001
1	central	worker-cs-15	Label-B	2001
1	central	worker-cs-15	Label-B	2000
1	central	worker-cs-15	Label-B	2000
1	central	worker-cs-15	Label-B	2001
1	central	worker-cs-15	Label-B	2001
1	central	worker-cs-15	Label-B	2001
1	central	worker-cs-15	Label-B	2001
1	central	worker-cs-15	Label-B	2000
1	central	worker-cs-15	Label-B	2002
1	central	worker-cs-15	Label-B	2001
1	central	worker-cs-15	Label-B	2001
1	central	worker-cs-15	Label-B	2001
1	central	worker-cs-15	Label-B	2001
1	central	worker-cs-15	Label-B	2001
1	central	worker-cs-15	Label-B	2001
1	central	worker-cs-15	Label-B	2001
1	central	worker-cs-15	Label-B	2001
1	central	worker-cs-15	Label-B	2001
1	central	worker-cs-15	Label-B	2002
1	central	worker-cs-15	Label-B	2001
1	central	worker-cs-15	Label-B	2001
1	central	worker-cs-15	Label-B	2001
1	central	worker-cs-15	Label-B	2001
1	central	worker-cs-15	Label-B	2000
1	central	worker-cs-15	Label-B	2000
1	central	worker-cs-15	Label-B	2001
1	central	worker-cs-15	Label-B	2001
1	central	worker-cs-15	Label-B	2002
1	central	worker-cs-15	Label-B	2000
1	central	worker-cs-15	Label-B	2001
1	central	worker-cs-15	Label-B	2000
1	central	worker-cs-15	Label-B	2000
1	central	worker-cs-15	Label-B	2000
1	central	worker-cs-15	Label-B	2001
1	central	worker-cs-15	Label-B	2000
1	central	worker-cs-15	Label-B	2000
1	central	worker-cs-15	Label-B	2000
1	central	worker-cs-15	Label-B	2001
1	central	worker-cs-15	Label-B	2000
1	central	worker-cs-15	Label-B	2000
1	central	worker-cs-15	Label-B	2001
1	central	worker-cs-15	Label-B	2000
1	central	worker-cs-15	Label-B	2000
1	central	worker-cs-15	Label-B	2000
1	central	worker-cs-15	Label-B	2001
1	central	worker-cs-15	Label-B	2001
1	central	worker-cs-15	Label-B	2001
1	central	worker-cs-15	Label-B	2001
1	central	worker-cs-15	Label-B	2000
1	central	worker-cs-15	Label-B	2001
1	central	worker-cs-15	Label-B	2000
1	central	worker-cs-15	Label-B	2000
1	central	worker-cs-15	Label-B	2000
1	central	worker-cs-15	Label-B	2000
1	central	worker-cs-15	Label-B	2000
1	central	worker-cs-15	Label-B	2001
1	central	worker-cs-15	Label-B	2001
1	central	worker-cs-15	Label-B	2000
1	central	worker-cs-15	Label-B	2001
1	central	worker-cs-15	Label-B	2000
1	central	worker-cs-15	Label-B	2001
1	central	worker-cs-15	Label-B	2004
1	central	worker-cs-15	Label-B	2002
1	central	worker-cs-15	Label-B	2001
1	central	worker-cs-15	Label-B	2000
1	central	worker-cs-15	Label-B	2001
1	central	worker-cs-15	Label-B	2002
1	central	worker-cs-15	Label-B	2000
1	central	worker-cs-15	Label-B	2001
1	central	worker-cs-15	Label-B	2001
1	central	worker-cs-15	Label-B	2001
1	central	worker-cs-15	Label-B	2000
1	central	worker-cs-15	Label-B	2001
1	central	worker-cs-15	Label-B	2000
1	central	worker-cs-15	Label-B	2000
1	central	worker-cs-15	Label-B	2003
1	central	worker-cs-15	Label-B	2001
1	central	worker-cs-15	Label-B	2002
1	central	worker-cs-15	Label-B	2000
1	central	worker-cs-15	Label-B	2001
1	central	worker-cs-15	Label-B	2000
1	central	worker-cs-15	Label-B	2001
1	central	worker-cs-15	Label-B	2002
1	central	worker-cs-15	Label-B	2000
1	central	worker-cs-15	Label-B	2000
1	central	worker-cs-15	Label-B	2000
1	central	worker-cs-15	Label-B	2001
1	central	worker-cs-15	Label-B	2001
1	central	worker-cs-15	Label-B	2000
1	central	worker-cs-15	Label-B	2001
1	central	worker-cs-15	Label-B	2000
1	central	worker-cs-15	Label-B	2002
1	central	worker-cs-15	Label-B	2001
1	central	worker-cs-15	Label-B	2000
1	central	worker-cs-15	Label-B	2000
1	central	worker-cs-15	Label-B	2001
1	central	worker-cs-15	Label-B	2001
1	central	worker-cs-15	Label-B	2001
1	central	worker-cs-15	Label-B	2001
1	central	worker-cs-15	Label-B	2001
1	central	worker-cs-15	Label-B	2000
1	central	worker-cs-15	Label-B	2000
1	central	worker-cs-15	Label-B	2001
1	central	worker-cs-15	Label-B	2000
1	central	worker-cs-15	Label-B	2000
1	central	worker-cs-15	Label-B	2000
1	central	worker-cs-15	Label-B	1999
1	central	worker-cs-15	Label-B	2000
1	central	worker-cs-15	Label-B	2000
1	central	worker-cs-15	Label-B	2002
1	central	worker-cs-15	Label-B	2000
1	central	worker-cs-15	Label-B	2000
1	central	worker-cs-15	Label-B	2001
1	central	worker-cs-15	Label-B	2000
1	central	worker-cs-15	Label-B	2000
1	central	worker-cs-15	Label-B	2001
1	central	worker-cs-15	Label-B	2001
1	central	worker-cs-15	Label-B	2001
1	central	worker-cs-15	Label-B	2000
1	central	worker-cs-15	Label-B	2002
1	central	worker-cs-15	Label-B	2000
1	central	worker-cs-15	Label-B	2001
1	central	worker-cs-15	Label-B	2000
1	central	worker-cs-15	Label-B	2001
1	central	worker-cs-15	Label-B	2000
1	central	worker-cs-15	Label-B	2002
1	central	worker-cs-15	Label-B	2001
1	central	worker-cs-15	Label-B	2002
1	central	worker-cs-15	Label-B	2000
1	central	worker-cs-15	Label-B	2001
1	central	worker-cs-15	Label-B	2000
1	central	worker-cs-15	Label-B	2000
1	central	worker-cs-15	Label-B	2001
1	central	worker-cs-15	Label-B	2002
1	central	worker-cs-15	Label-B	2000
1	central	worker-cs-15	Label-B	2002
1	central	worker-cs-15	Label-B	2001
1	central	worker-cs-15	Label-B	2000
1	central	worker-cs-15	Label-B	2001
1	central	worker-cs-15	Label-B	2001
1	central	worker-cs-15	Label-B	2001
1	central	worker-cs-15	Label-B	2000
1	central	worker-cs-15	Label-B	2001
1	central	worker-cs-15	Label-B	2001
1	central	worker-cs-15	Label-B	2001
1	central	worker-cs-15	Label-B	2001
1	central	worker-cs-15	Label-B	2000
1	central	worker-cs-15	Label-B	2000
1	central	worker-cs-15	Label-B	2002
1	central	worker-cs-15	Label-B	2002
1	central	worker-cs-15	Label-B	2001
1	central	worker-cs-15	Label-B	2000
1	central	worker-cs-15	Label-B	2001
1	central	worker-cs-15	Label-B	2000
1	central	worker-cs-15	Label-B	2000
1	central	worker-cs-15	Label-B	2001
1	central	worker-cs-15	Label-B	2001
1	central	worker-cs-15	Label-B	2001
1	central	worker-cs-15	Label-B	2001
1	central	worker-cs-15	Label-B	2001
1	central	worker-cs-15	Label-B	2000
1	central	worker-cs-15	Label-B	2001
1	central	worker-cs-15	Label-B	2001
1	central	worker-cs-15	Label-B	2001
1	central	worker-cs-15	Label-B	2001
1	central	worker-cs-15	Label-B	2001
1	central	worker-cs-15	Label-B	2001
1	central	worker-cs-15	Label-B	2000
1	central	worker-cs-15	Label-B	2001
1	central	worker-cs-15	Label-B	2001
1	central	worker-cs-15	Label-B	2001
1	central	worker-cs-15	Label-B	2002
1	central	worker-cs-15	Label-B	2001
1	central	worker-cs-15	Label-B	2002
1	central	worker-cs-15	Label-B	2001
1	central	worker-cs-15	Label-B	2000
1	central	worker-cs-15	Label-B	2001
1	central	worker-cs-15	Label-B	2002
1	central	worker-cs-15	Label-B	2001
1	central	worker-cs-15	Label-B	2000
1	central	worker-cs-15	Label-B	2001
1	central	worker-cs-15	Label-B	2001
1	central	worker-cs-15	Label-B	2001
1	central	worker-cs-15	Label-B	2001
1	central	worker-cs-15	Label-B	2000
1	central	worker-cs-15	Label-B	2000
1	central	worker-cs-15	Label-B	2000
1	central	worker-cs-15	Label-B	2000
1	central	worker-cs-15	Label-B	2000
1	central	worker-cs-15	Label-B	2001
1	central	worker-cs-15	Label-B	2000
1	central	worker-cs-15	Label-B	2001
1	central	worker-cs-15	Label-B	2001
1	central	worker-cs-15	Label-B	2001
1	central	worker-cs-15	Label-B	2000
1	central	worker-cs-15	Label-B	2000
1	central	worker-cs-15	Label-B	2000
1	central	worker-cs-15	Label-B	2001
1	central	worker-cs-15	Label-B	2001
1	central	worker-cs-15	Label-B	2001
1	central	worker-cs-15	Label-B	2001
1	central	worker-cs-15	Label-B	2000
1	central	worker-cs-15	Label-B	2002
1	central	worker-cs-15	Label-B	2001
1	central	worker-cs-15	Label-B	2001
1	central	worker-cs-15	Label-B	2001
1	central	worker-cs-15	Label-B	2000
1	central	worker-cs-15	Label-B	2001
1	central	worker-cs-15	Label-B	2001
1	central	worker-cs-15	Label-B	2000
1	central	worker-cs-15	Label-B	2000
1	central	worker-cs-15	Label-B	2000
1	central	worker-cs-15	Label-B	2000
1	central	worker-cs-15	Label-B	2001
1	central	worker-cs-15	Label-B	2001
1	central	worker-cs-15	Label-B	2000
1	central	worker-cs-15	Label-B	2000
1	central	worker-cs-15	Label-B	2001
1	central	worker-cs-15	Label-B	2000
1	central	worker-cs-15	Label-B	2000
1	central	worker-cs-15	Label-B	2003
1	central	worker-cs-15	Label-B	2000
1	central	worker-cs-15	Label-B	2000
1	central	worker-cs-15	Label-B	2001
1	central	worker-cs-15	Label-B	2000
1	central	worker-cs-15	Label-B	2000
1	central	worker-cs-15	Label-B	2001
1	central	worker-cs-15	Label-B	2001
1	central	worker-cs-15	Label-B	2002
1	central	worker-cs-15	Label-B	2000
1	central	worker-cs-15	Label-B	2002
1	central	worker-cs-15	Label-B	2001
1	central	worker-cs-15	Label-B	2000
1	central	worker-cs-15	Label-B	2005
1	central	worker-cs-15	Label-B	2001
1	central	worker-cs-15	Label-B	2001
1	central	worker-cs-15	Label-B	2000
1	central	worker-cs-15	Label-B	2000
1	central	worker-cs-15	Label-B	2001
1	central	worker-cs-15	Label-B	2001
1	central	worker-cs-15	Label-B	2002
1	central	worker-cs-15	Label-B	2001
1	central	worker-cs-15	Label-B	2001
1	central	worker-cs-15	Label-B	2001
1	central	worker-cs-15	Label-B	2001
1	central	worker-cs-15	Label-B	2000
1	central	worker-cs-15	Label-B	2000
1	central	worker-cs-15	Label-B	2001
1	central	worker-cs-15	Label-B	2001
1	central	worker-cs-15	Label-B	2002
1	central	worker-cs-15	Label-B	2002
1	central	worker-cs-15	Label-B	2001
1	central	worker-cs-15	Label-B	2002
1	central	worker-cs-15	Label-B	2001
1	central	worker-cs-15	Label-B	2001
1	central	worker-cs-15	Label-B	2000
1	central	worker-cs-15	Label-B	2001
1	central	worker-cs-15	Label-B	2001
1	central	worker-cs-15	Label-B	2001
1	central	worker-cs-15	Label-B	2000
1	central	worker-cs-15	Label-B	2001
1	central	worker-cs-15	Label-B	2000
1	central	worker-cs-15	Label-B	2000
1	central	worker-cs-15	Label-B	2000
1	central	worker-cs-15	Label-B	2001
1	central	worker-cs-15	Label-B	2000
1	central	worker-cs-15	Label-B	2001
1	central	worker-cs-15	Label-B	2000
1	central	worker-cs-15	Label-B	2001
1	central	worker-cs-15	Label-B	2000
1	central	worker-cs-15	Label-B	2000
1	central	worker-cs-15	Label-B	2001
1	central	worker-cs-15	Label-B	2001
1	central	worker-cs-15	Label-B	2000
1	central	worker-cs-15	Label-B	2001
1	central	worker-cs-15	Label-B	2001
1	central	worker-cs-15	Label-B	2000
1	central	worker-cs-15	Label-B	2001
1	central	worker-cs-15	Label-B	2001
1	central	worker-cs-15	Label-B	2001
1	central	worker-cs-15	Label-B	2001
1	central	worker-cs-15	Label-B	2000
1	central	worker-cs-15	Label-B	2001
1	central	worker-cs-15	Label-B	2000
1	central	worker-cs-15	Label-B	2001
1	central	worker-cs-15	Label-B	2001
1	central	worker-cs-15	Label-B	2000
1	central	worker-cs-15	Label-B	2000
1	central	worker-cs-15	Label-B	2002
1	central	worker-cs-15	Label-B	2000
1	central	worker-cs-15	Label-B	2001
1	central	worker-cs-15	Label-B	2001
1	central	worker-cs-15	Label-B	2001
1	central	worker-cs-15	Label-B	2000
1	central	worker-cs-15	Label-B	2000
1	central	worker-cs-15	Label-B	2001
1	central	worker-cs-15	Label-B	2000
1	central	worker-cs-15	Label-B	2002
1	central	worker-cs-15	Label-B	2001
1	central	worker-cs-15	Label-B	2001
1	central	worker-cs-15	Label-B	2001
1	central	worker-cs-15	Label-B	2000
1	central	worker-cs-15	Label-B	2001
1	central	worker-cs-15	Label-B	2001
1	central	worker-cs-15	Label-B	2001
1	central	worker-cs-15	Label-B	2001
1	central	worker-cs-15	Label-B	2001
1	central	worker-cs-15	Label-B	2001
1	central	worker-cs-15	Label-B	2000
1	central	worker-cs-15	Label-B	2001
1	central	worker-cs-15	Label-B	2001
1	central	worker-cs-15	Label-B	2001
1	central	worker-cs-15	Label-B	2001
1	central	worker-cs-15	Label-B	2000
1	central	worker-cs-15	Label-B	2000
1	central	worker-cs-15	Label-B	2001
1	central	worker-cs-15	Label-B	2001
1	central	worker-cs-15	Label-B	2001
1	central	worker-cs-15	Label-B	2000
1	central	worker-cs-15	Label-B	2001
1	central	worker-cs-15	Label-B	2001
1	central	worker-cs-15	Label-B	2001
1	central	worker-cs-15	Label-B	2005
1	central	worker-cs-15	Label-B	2002
1	central	worker-cs-15	Label-B	2001
1	central	worker-cs-15	Label-B	2003
1	central	worker-cs-15	Label-B	2001
1	central	worker-cs-15	Label-B	2001
1	central	worker-cs-15	Label-B	2000
1	central	worker-cs-15	Label-B	2000
1	central	worker-cs-15	Label-B	2001
1	central	worker-cs-15	Label-B	2001
1	central	worker-cs-15	Label-B	2001
1	central	worker-cs-15	Label-B	2000
1	central	worker-cs-15	Label-B	2001
1	central	worker-cs-15	Label-B	2000
1	central	worker-cs-15	Label-B	2000
1	central	worker-cs-15	Label-B	2000
1	central	worker-cs-15	Label-B	2000
1	central	worker-cs-15	Label-B	2000
1	central	worker-cs-15	Label-B	2001
1	central	worker-cs-15	Label-B	2000
1	central	worker-cs-15	Label-B	2001
1	central	worker-cs-15	Label-B	2001
1	central	worker-cs-15	Label-B	2001
1	central	worker-cs-15	Label-B	2000
1	central	worker-cs-15	Label-B	2000
1	central	worker-cs-15	Label-B	1999
1	central	worker-cs-15	Label-B	2001
1	central	worker-cs-15	Label-B	2001
1	central	worker-cs-15	Label-B	2000
1	central	worker-cs-15	Label-B	2001
1	central	worker-cs-15	Label-B	2000
1	central	worker-cs-15	Label-B	2001
1	central	worker-cs-15	Label-B	2000
1	central	worker-cs-15	Label-B	2000
1	central	worker-cs-15	Label-B	2000
1	central	worker-cs-15	Label-B	2001
1	central	worker-cs-15	Label-B	2000
1	central	worker-cs-15	Label-B	2001
1	central	worker-cs-15	Label-B	2000
1	central	worker-cs-15	Label-B	2000
1	central	worker-cs-15	Label-B	2002
1	central	worker-cs-15	Label-B	2000
1	central	worker-cs-15	Label-B	2000
1	central	worker-cs-15	Label-B	2000
1	central	worker-cs-15	Label-B	2000
1	central	worker-cs-15	Label-B	2002
1	central	worker-cs-15	Label-B	2001
1	central	worker-cs-15	Label-B	2001
1	central	worker-cs-15	Label-B	2001
1	central	worker-cs-15	Label-B	2001
1	central	worker-cs-15	Label-B	2001
1	central	worker-cs-15	Label-B	2001
1	central	worker-cs-15	Label-B	2001
1	central	worker-cs-15	Label-B	2001
1	central	worker-cs-15	Label-B	2002
1	central	worker-cs-15	Label-B	2000
1	central	worker-cs-15	Label-B	2001
1	central	worker-cs-15	Label-B	2001
1	central	worker-cs-15	Label-B	2001
1	central	worker-cs-15	Label-B	2002
1	central	worker-cs-15	Label-B	2001
1	central	worker-cs-15	Label-B	2000
1	central	worker-cs-15	Label-B	2001
1	central	worker-cs-15	Label-B	2000
1	central	worker-cs-15	Label-B	2001
1	central	worker-cs-15	Label-B	2001
1	central	worker-cs-15	Label-B	2001
1	central	worker-cs-15	Label-B	2001
1	central	worker-cs-15	Label-B	2001
1	central	worker-cs-15	Label-B	2001
1	central	worker-cs-15	Label-B	2001
1	central	worker-cs-15	Label-B	2000
1	central	worker-cs-15	Label-B	2001
1	central	worker-cs-15	Label-B	2002
1	central	worker-cs-15	Label-B	2001
1	central	worker-cs-15	Label-B	2002
1	central	worker-cs-15	Label-B	2001
1	central	worker-cs-15	Label-B	2001
1	central	worker-cs-15	Label-B	2001
1	central	worker-cs-15	Label-B	2000
1	central	worker-cs-15	Label-B	2001
1	central	worker-cs-15	Label-B	2001
1	central	worker-cs-15	Label-B	2001
1	central	worker-cs-15	Label-B	2001
1	central	worker-cs-15	Label-B	2004
1	central	worker-cs-15	Label-B	2000
1	central	worker-cs-15	Label-B	2001
1	central	worker-cs-15	Label-B	2003
1	central	worker-cs-15	Label-B	2001
1	central	worker-cs-15	Label-B	2001
1	central	worker-cs-15	Label-B	2001
1	central	worker-cs-15	Label-B	2000
1	central	worker-cs-15	Label-B	2001
1	central	worker-cs-15	Label-B	2000
1	central	worker-cs-15	Label-B	2000
1	central	worker-cs-15	Label-B	2001
1	central	worker-cs-15	Label-B	2001
1	central	worker-cs-15	Label-B	2003
1	central	worker-cs-15	Label-B	2000
1	central	worker-cs-15	Label-B	2001
1	central	worker-cs-15	Label-B	2001
1	central	worker-cs-15	Label-B	2001
1	central	worker-cs-15	Label-B	2001
1	central	worker-cs-15	Label-B	2001
1	central	worker-cs-15	Label-B	2001
1	central	worker-cs-15	Label-B	2001
1	central	worker-cs-15	Label-B	2001
1	central	worker-cs-15	Label-B	2001
1	central	worker-cs-15	Label-B	2001
1	central	worker-cs-15	Label-B	2001
1	central	worker-cs-15	Label-B	2000
1	central	worker-cs-15	Label-B	2001
1	central	worker-cs-15	Label-B	2002
1	central	worker-cs-15	Label-B	2002
1	central	worker-cs-15	Label-B	2001
1	central	worker-cs-15	Label-B	2000
1	central	worker-cs-15	Label-B	2001
1	central	worker-cs-15	Label-B	2001
1	central	worker-cs-15	Label-B	2000
1	central	worker-cs-15	Label-B	2000
1	central	worker-cs-15	Label-B	2001
1	central	worker-cs-15	Label-B	2002
1	central	worker-cs-15	Label-B	2000
1	central	worker-cs-15	Label-B	2001
1	central	worker-cs-15	Label-B	2001
1	central	worker-cs-15	Label-B	2001
1	central	worker-cs-15	Label-B	2001
1	central	worker-cs-15	Label-B	2001
1	central	worker-cs-15	Label-B	2000
1	central	worker-cs-15	Label-B	2001
1	central	worker-cs-15	Label-B	2001
1	central	worker-cs-15	Label-B	2001
1	central	worker-cs-15	Label-B	2001
1	central	worker-cs-15	Label-B	2001
1	central	worker-cs-15	Label-B	2006
1	central	worker-cs-15	Label-B	2001
1	central	worker-cs-15	Label-B	2001
1	central	worker-cs-15	Label-B	2000
1	central	worker-cs-15	Label-B	2002
1	central	worker-cs-15	Label-B	2001
1	central	worker-cs-15	Label-B	2001
1	central	worker-cs-15	Label-B	2000
1	central	worker-cs-15	Label-B	2001
1	central	worker-cs-15	Label-B	2001
1	central	worker-cs-15	Label-B	2001
1	central	worker-cs-15	Label-B	2001
1	central	worker-cs-15	Label-B	2001
1	central	worker-cs-15	Label-B	2001
1	central	worker-cs-15	Label-B	2001
1	central	worker-cs-15	Label-B	2001
1	central	worker-cs-15	Label-B	2001
1	central	worker-cs-15	Label-B	2002
1	central	worker-cs-15	Label-B	2001
1	central	worker-cs-15	Label-B	2000
1	central	worker-cs-15	Label-B	2001
1	central	worker-cs-15	Label-B	2001
1	central	worker-cs-15	Label-B	2000
1	central	worker-cs-15	Label-B	2001
1	central	worker-cs-15	Label-B	2001
1	central	worker-cs-15	Label-B	2001
1	central	worker-cs-15	Label-B	2000
1	central	worker-cs-15	Label-B	2001
1	central	worker-cs-15	Label-B	2000
1	central	worker-cs-15	Label-B	2001
1	central	worker-cs-15	Label-B	2000
1	central	worker-cs-15	Label-B	2000
1	central	worker-cs-15	Label-B	2000
1	central	worker-cs-15	Label-B	2001
1	central	worker-cs-15	Label-B	2000
1	central	worker-cs-15	Label-B	2001
1	central	worker-cs-15	Label-B	2002
1	central	worker-cs-15	Label-B	2000
1	central	worker-cs-15	Label-B	2001
1	central	worker-cs-15	Label-B	2001
1	central	worker-cs-15	Label-B	2000
1	central	worker-cs-15	Label-B	2001
1	central	worker-cs-15	Label-B	2000
1	central	worker-cs-15	Label-B	2000
1	central	worker-cs-15	Label-B	2000
1	central	worker-cs-15	Label-B	2000
1	central	worker-cs-15	Label-B	2001
1	central	worker-cs-15	Label-B	2001
1	central	worker-cs-15	Label-B	2000
1	central	worker-cs-15	Label-B	2001
1	central	worker-cs-15	Label-B	2001
1	central	worker-cs-15	Label-B	2001
1	central	worker-cs-15	Label-B	2002
1	central	worker-cs-15	Label-B	2000
1	central	worker-cs-15	Label-B	2000
1	central	worker-cs-15	Label-B	2000
1	central	worker-cs-15	Label-B	2006
1	central	worker-cs-15	Label-B	2000
1	central	worker-cs-15	Label-B	2001
1	central	worker-cs-15	Label-B	2001
1	central	worker-cs-15	Label-B	2002
1	central	worker-cs-15	Label-B	2002
1	central	worker-cs-15	Label-B	2001
1	central	worker-cs-15	Label-B	2001
1	central	worker-cs-15	Label-B	2001
1	central	worker-cs-15	Label-B	2001
1	central	worker-cs-15	Label-B	2001
1	central	worker-cs-15	Label-B	2000
1	central	worker-cs-15	Label-B	2000
1	central	worker-cs-15	Label-B	2001
1	central	worker-cs-15	Label-B	2001
1	central	worker-cs-15	Label-B	2001
1	central	worker-cs-15	Label-B	2007
1	central	worker-cs-15	Label-B	2000
1	central	worker-cs-15	Label-B	2000
1	central	worker-cs-15	Label-B	2001
1	central	worker-cs-15	Label-B	2001
1	central	worker-cs-15	Label-B	2000
1	central	worker-cs-15	Label-B	2001
1	central	worker-cs-15	Label-B	2001
1	central	worker-cs-15	Label-B	2000
1	central	worker-cs-15	Label-B	2001
1	central	worker-cs-15	Label-B	2001
1	central	worker-cs-15	Label-B	2000
1	central	worker-cs-15	Label-B	2002
1	central	worker-cs-15	Label-B	2001
1	central	worker-cs-15	Label-B	2001
1	central	worker-cs-15	Label-B	2001
1	central	worker-cs-15	Label-B	2001
1	central	worker-cs-15	Label-B	2001
1	central	worker-cs-15	Label-B	2001
1	central	worker-cs-15	Label-B	2000
1	central	worker-cs-15	Label-B	2001
1	central	worker-cs-15	Label-B	2001
1	central	worker-cs-15	Label-B	2002
1	central	worker-cs-15	Label-B	2000
1	central	worker-cs-15	Label-B	2001
1	central	worker-cs-15	Label-B	2002
1	central	worker-cs-15	Label-B	2002
1	central	worker-cs-15	Label-B	2000
1	central	worker-cs-15	Label-B	2003
1	central	worker-cs-15	Label-B	2000
1	central	worker-cs-15	Label-B	2001
1	central	worker-cs-15	Label-B	2001
1	central	worker-cs-15	Label-B	2001
1	central	worker-cs-15	Label-B	2001
1	central	worker-cs-15	Label-B	2000
1	central	worker-cs-15	Label-B	2001
1	central	worker-cs-15	Label-B	2001
1	central	worker-cs-15	Label-B	2001
1	central	worker-cs-15	Label-B	2000
1	central	worker-cs-15	Label-B	2001
1	central	worker-cs-15	Label-B	2001
1	central	worker-cs-15	Label-B	2000
1	central	worker-cs-15	Label-B	2001
1	central	worker-cs-15	Label-B	2000
1	central	worker-cs-15	Label-B	2000
1	central	worker-cs-15	Label-B	2000
1	central	worker-cs-15	Label-B	2001
1	central	worker-cs-15	Label-B	2001
1	central	worker-cs-15	Label-B	2000
1	central	worker-cs-15	Label-B	2000
1	central	worker-cs-15	Label-B	2001
1	central	worker-cs-15	Label-B	2001
1	central	worker-cs-15	Label-B	2001
1	central	worker-cs-15	Label-B	2002
1	central	worker-cs-15	Label-B	2001
1	central	worker-cs-15	Label-B	2001
1	central	worker-cs-15	Label-B	2000
1	central	worker-cs-15	Label-B	2001
1	central	worker-cs-15	Label-B	2000
1	central	worker-cs-15	Label-B	2001
1	central	worker-cs-15	Label-B	2001
1	central	worker-cs-15	Label-B	2001
1	central	worker-cs-15	Label-B	2001
1	central	worker-cs-15	Label-B	2001
1	central	worker-cs-15	Label-B	2001
1	central	worker-cs-15	Label-B	2001
1	central	worker-cs-15	Label-B	2000
1	central	worker-cs-15	Label-B	2001
1	central	worker-cs-15	Label-B	2000
1	central	worker-cs-15	Label-B	2001
1	central	worker-cs-15	Label-B	2001
1	central	worker-cs-15	Label-B	2001
1	central	worker-cs-15	Label-B	2000
1	central	worker-cs-15	Label-B	2001
1	central	worker-cs-15	Label-B	2000
1	central	worker-cs-15	Label-B	2001
1	central	worker-cs-15	Label-B	2001
1	central	worker-cs-15	Label-B	2000
1	central	worker-cs-15	Label-B	2000
1	central	worker-cs-15	Label-B	2001
1	central	worker-cs-15	Label-B	2001
1	central	worker-cs-15	Label-B	2001
1	central	worker-cs-15	Label-B	2002
1	central	worker-cs-15	Label-B	2000
1	central	worker-cs-15	Label-B	2002
1	central	worker-cs-15	Label-B	2001
1	central	worker-cs-15	Label-B	2002
1	central	worker-cs-15	Label-B	2002
1	central	worker-cs-15	Label-B	2001
1	central	worker-cs-15	Label-B	2001
1	central	worker-cs-15	Label-B	2002
1	central	worker-cs-15	Label-B	2000
1	central	worker-cs-15	Label-B	2002
1	central	worker-cs-15	Label-B	2001
1	central	worker-cs-15	Label-B	2002
1	central	worker-cs-15	Label-B	2001
1	central	worker-cs-15	Label-B	2001
1	central	worker-cs-15	Label-B	2001
1	central	worker-cs-15	Label-B	1999
1	central	worker-cs-15	Label-B	2000
1	central	worker-cs-15	Label-B	2000
1	central	worker-cs-15	Label-B	2002
1	central	worker-cs-15	Label-B	2001
1	central	worker-cs-15	Label-B	2001
1	central	worker-cs-15	Label-B	2001
1	central	worker-cs-15	Label-B	2000
1	central	worker-cs-15	Label-B	2000
1	central	worker-cs-15	Label-B	2000
1	central	worker-cs-15	Label-B	2000
1	central	worker-cs-15	Label-B	2000
1	central	worker-cs-15	Label-B	2000
1	central	worker-cs-15	Label-B	2000
1	central	worker-cs-15	Label-B	2000
1	central	worker-cs-15	Label-B	2002
1	central	worker-cs-15	Label-B	2001
1	central	worker-cs-15	Label-B	2001
1	central	worker-cs-15	Label-B	2000
1	central	worker-cs-15	Label-B	2001
1	central	worker-cs-15	Label-B	2002
1	central	worker-cs-15	Label-B	2002
1	central	worker-cs-15	Label-B	2001
1	central	worker-cs-15	Label-B	2000
1	central	worker-cs-15	Label-B	2001
1	central	worker-cs-15	Label-B	2001
1	central	worker-cs-15	Label-B	2001
1	central	worker-cs-15	Label-B	2001
1	central	worker-cs-15	Label-B	2001
1	central	worker-cs-15	Label-B	2001
1	central	worker-cs-15	Label-B	2000
1	central	worker-cs-15	Label-B	2000
1	central	worker-cs-15	Label-B	2001
1	central	worker-cs-15	Label-B	2001
1	central	worker-cs-15	Label-B	2001
1	central	worker-cs-15	Label-B	2001
1	central	worker-cs-15	Label-B	2001
1	central	worker-cs-15	Label-B	2000
1	central	worker-cs-15	Label-B	2001
1	central	worker-cs-15	Label-B	2000
1	central	worker-cs-15	Label-B	2001
1	central	worker-cs-15	Label-B	2000
1	central	worker-cs-15	Label-B	2000
1	central	worker-cs-15	Label-B	2002
1	central	worker-cs-15	Label-B	2001
1	central	worker-cs-15	Label-B	2001
1	central	worker-cs-15	Label-B	2001
1	central	worker-cs-15	Label-B	2001
1	central	worker-cs-15	Label-B	2001
1	central	worker-cs-15	Label-B	2001
1	central	worker-cs-15	Label-B	2003
1	central	worker-cs-15	Label-B	2001
1	central	worker-cs-15	Label-B	2001
1	central	worker-cs-15	Label-B	2001
1	central	worker-cs-15	Label-B	2000
1	central	worker-cs-15	Label-B	2001
1	central	worker-cs-15	Label-B	2000
1	central	worker-cs-15	Label-B	2001
1	central	worker-cs-15	Label-B	2002
1	central	worker-cs-15	Label-B	2001
1	central	worker-cs-15	Label-B	2001
1	central	worker-cs-15	Label-B	2001
1	central	worker-cs-15	Label-B	2000
1	central	worker-cs-15	Label-B	2000
1	central	worker-cs-15	Label-B	2000
1	central	worker-cs-15	Label-B	2000
1	central	worker-cs-15	Label-B	2000
1	central	worker-cs-15	Label-B	2001
1	central	worker-cs-15	Label-B	2000
1	central	worker-cs-15	Label-B	2000
1	central	worker-cs-15	Label-B	2000
1	central	worker-cs-15	Label-B	2000
1	central	worker-cs-15	Label-B	2000
1	central	worker-cs-15	Label-B	2002
1	central	worker-cs-15	Label-B	2000
1	central	worker-cs-15	Label-B	2001
1	central	worker-cs-15	Label-B	2001
1	central	worker-cs-15	Label-B	2000
1	central	worker-cs-15	Label-B	2002
1	central	worker-cs-15	Label-B	2000
1	central	worker-cs-15	Label-B	2000
1	central	worker-cs-15	Label-B	2001
1	central	worker-cs-15	Label-B	2001
1	central	worker-cs-15	Label-B	2001
1	central	worker-cs-15	Label-B	2001
1	central	worker-cs-15	Label-B	2000
1	central	worker-cs-15	Label-B	2001
1	central	worker-cs-15	Label-B	2001
1	central	worker-cs-15	Label-B	2000
1	central	worker-cs-15	Label-B	2001
1	central	worker-cs-15	Label-B	2001
1	central	worker-cs-15	Label-B	2000
1	central	worker-cs-15	Label-B	2001
1	central	worker-cs-15	Label-B	2000
1	central	worker-cs-15	Label-B	2000
1	central	worker-cs-15	Label-B	2000
1	central	worker-cs-15	Label-B	2000
1	central	worker-cs-15	Label-B	2001
1	central	worker-cs-15	Label-B	2001
1	central	worker-cs-15	Label-B	2001
1	central	worker-cs-15	Label-B	2001
1	central	worker-cs-15	Label-B	2001
1	central	worker-cs-15	Label-B	2001
1	central	worker-cs-15	Label-B	2001
1	central	worker-cs-15	Label-B	2001
1	central	worker-cs-15	Label-B	2001
1	central	worker-cs-15	Label-B	2004
1	central	worker-cs-15	Label-B	2001
1	central	worker-cs-15	Label-B	2001
1	central	worker-cs-15	Label-B	2000
1	central	worker-cs-15	Label-B	2001
1	central	worker-cs-15	Label-B	2001
1	central	worker-cs-15	Label-B	2001
1	central	worker-cs-15	Label-B	2003
1	central	worker-cs-15	Label-B	2001
1	central	worker-cs-15	Label-B	2002
1	central	worker-cs-15	Label-B	2000
1	central	worker-cs-15	Label-B	2002
1	central	worker-cs-15	Label-B	2001
1	central	worker-cs-15	Label-B	2000
1	central	worker-cs-15	Label-B	2001
1	central	worker-cs-15	Label-B	2001
1	central	worker-cs-15	Label-B	2001
1	central	worker-cs-15	Label-B	2001
1	central	worker-cs-15	Label-B	2000
1	central	worker-cs-15	Label-B	2000
1	central	worker-cs-15	Label-B	2000
1	central	worker-cs-15	Label-B	2002
1	central	worker-cs-15	Label-B	2000
1	central	worker-cs-15	Label-B	2001
1	central	worker-cs-15	Label-B	2000
1	central	worker-cs-15	Label-B	2000
1	central	worker-cs-15	Label-B	2000
1	central	worker-cs-15	Label-B	2001
1	central	worker-cs-15	Label-B	2001
1	central	worker-cs-15	Label-B	2004
1	central	worker-cs-15	Label-B	2001
1	central	worker-cs-15	Label-B	2000
1	central	worker-cs-15	Label-B	2000
1	central	worker-cs-15	Label-B	2001
1	central	worker-cs-15	Label-B	2000
1	central	worker-cs-15	Label-B	2001
1	central	worker-cs-15	Label-B	2000
1	central	worker-cs-15	Label-B	2000
1	central	worker-cs-15	Label-B	2007
1	central	worker-cs-15	Label-B	2000
1	central	worker-cs-15	Label-B	2000
1	central	worker-cs-15	Label-B	2000
1	central	worker-cs-15	Label-B	2011
1	central	worker-cs-15	Label-B	2000
1	central	worker-cs-15	Label-B	2001
1	central	worker-cs-15	Label-B	2000
1	central	worker-cs-15	Label-B	2000
1	central	worker-cs-15	Label-B	2000
1	central	worker-cs-15	Label-B	2002
1	central	worker-cs-15	Label-B	2000
1	central	worker-cs-15	Label-B	2001
1	central	worker-cs-15	Label-B	2001
1	central	worker-cs-15	Label-B	2000
1	central	worker-cs-15	Label-B	2001
1	central	worker-cs-15	Label-B	2001
1	central	worker-cs-15	Label-B	2000
1	central	worker-cs-15	Label-B	2001
1	central	worker-cs-15	Label-B	2000
1	central	worker-cs-15	Label-B	2000
1	central	worker-cs-15	Label-B	2002
1	central	worker-cs-15	Label-B	2004
1	central	worker-cs-15	Label-B	2001
1	central	worker-cs-15	Label-B	2001
1	central	worker-cs-25	Label-A	2002
1	central	worker-cs-25	Label-A	2001
1	central	worker-cs-25	Label-A	2001
1	central	worker-cs-25	Label-A	2002
1	central	worker-cs-25	Label-A	2003
1	central	worker-cs-25	Label-A	2002
1	central	worker-cs-25	Label-A	2001
1	central	worker-cs-25	Label-A	2001
1	central	worker-cs-25	Label-A	2003
1	central	worker-cs-25	Label-A	2001
1	central	worker-cs-25	Label-A	2000
1	central	worker-cs-25	Label-A	2002
1	central	worker-cs-25	Label-A	2000
1	central	worker-cs-25	Label-A	2001
1	central	worker-cs-25	Label-A	2002
1	central	worker-cs-25	Label-A	2001
1	central	worker-cs-25	Label-A	2002
1	central	worker-cs-25	Label-A	2001
1	central	worker-cs-25	Label-A	2001
1	central	worker-cs-25	Label-A	2004
1	central	worker-cs-25	Label-A	2002
1	central	worker-cs-25	Label-A	2002
1	central	worker-cs-25	Label-A	2002
1	central	worker-cs-25	Label-A	2002
1	central	worker-cs-25	Label-A	2002
1	central	worker-cs-25	Label-A	2002
1	central	worker-cs-25	Label-A	2002
1	central	worker-cs-25	Label-A	2002
1	central	worker-cs-25	Label-A	2001
1	central	worker-cs-25	Label-A	2002
1	central	worker-cs-25	Label-A	2002
1	central	worker-cs-25	Label-A	2002
1	central	worker-cs-25	Label-A	2001
1	central	worker-cs-25	Label-A	2003
1	central	worker-cs-25	Label-A	2002
1	central	worker-cs-25	Label-A	2001
1	central	worker-cs-25	Label-A	2002
1	central	worker-cs-25	Label-A	2002
1	central	worker-cs-25	Label-A	2001
1	central	worker-cs-25	Label-A	2002
1	central	worker-cs-25	Label-A	2002
1	central	worker-cs-25	Label-A	2001
1	central	worker-cs-25	Label-A	2002
1	central	worker-cs-25	Label-A	2002
1	central	worker-cs-25	Label-A	2002
1	central	worker-cs-25	Label-A	2002
1	central	worker-cs-25	Label-A	2002
1	central	worker-cs-25	Label-A	2002
1	central	worker-cs-25	Label-A	2001
1	central	worker-cs-25	Label-A	2003
1	central	worker-cs-25	Label-A	2001
1	central	worker-cs-25	Label-A	2001
1	central	worker-cs-25	Label-A	2001
1	central	worker-cs-25	Label-A	2002
1	central	worker-cs-25	Label-A	2002
1	central	worker-cs-25	Label-A	2002
1	central	worker-cs-25	Label-A	2002
1	central	worker-cs-25	Label-A	2002
1	central	worker-cs-25	Label-A	2002
1	central	worker-cs-25	Label-A	2003
1	central	worker-cs-25	Label-A	2001
1	central	worker-cs-25	Label-A	2001
1	central	worker-cs-25	Label-A	2002
1	central	worker-cs-25	Label-A	2001
1	central	worker-cs-25	Label-A	2002
1	central	worker-cs-25	Label-A	2002
1	central	worker-cs-25	Label-A	2001
1	central	worker-cs-25	Label-A	2001
1	central	worker-cs-25	Label-A	2002
1	central	worker-cs-25	Label-A	2002
1	central	worker-cs-25	Label-A	2002
1	central	worker-cs-25	Label-A	2006
1	central	worker-cs-25	Label-A	2003
1	central	worker-cs-25	Label-A	2001
1	central	worker-cs-25	Label-A	2002
1	central	worker-cs-25	Label-A	2002
1	central	worker-cs-25	Label-A	2003
1	central	worker-cs-25	Label-A	2002
1	central	worker-cs-25	Label-A	2001
1	central	worker-cs-25	Label-A	2003
1	central	worker-cs-25	Label-A	2002
1	central	worker-cs-25	Label-A	2002
1	central	worker-cs-25	Label-A	2002
1	central	worker-cs-25	Label-A	2001
1	central	worker-cs-25	Label-A	2001
1	central	worker-cs-25	Label-A	2001
1	central	worker-cs-25	Label-A	2003
1	central	worker-cs-25	Label-A	2002
1	central	worker-cs-25	Label-A	2002
1	central	worker-cs-25	Label-A	2003
1	central	worker-cs-25	Label-A	2002
1	central	worker-cs-25	Label-A	2001
1	central	worker-cs-25	Label-A	2002
1	central	worker-cs-25	Label-A	2001
1	central	worker-cs-25	Label-A	2002
1	central	worker-cs-25	Label-A	2000
1	central	worker-cs-25	Label-A	2002
1	central	worker-cs-25	Label-A	2002
1	central	worker-cs-25	Label-A	2002
1	central	worker-cs-25	Label-A	2001
1	central	worker-cs-25	Label-A	2002
1	central	worker-cs-25	Label-A	2001
1	central	worker-cs-25	Label-A	2002
1	central	worker-cs-25	Label-A	2003
1	central	worker-cs-25	Label-A	2002
1	central	worker-cs-25	Label-A	2001
1	central	worker-cs-25	Label-A	2002
1	central	worker-cs-25	Label-A	2002
1	central	worker-cs-25	Label-A	2002
1	central	worker-cs-25	Label-A	2001
1	central	worker-cs-25	Label-A	2003
1	central	worker-cs-25	Label-A	2002
1	central	worker-cs-25	Label-A	2003
1	central	worker-cs-25	Label-A	2001
1	central	worker-cs-25	Label-A	2002
1	central	worker-cs-25	Label-A	2002
1	central	worker-cs-25	Label-A	2003
1	central	worker-cs-25	Label-A	2001
1	central	worker-cs-25	Label-A	2001
1	central	worker-cs-25	Label-A	2002
1	central	worker-cs-25	Label-A	2002
1	central	worker-cs-25	Label-A	2002
1	central	worker-cs-25	Label-A	2002
1	central	worker-cs-25	Label-A	2002
1	central	worker-cs-25	Label-A	2002
1	central	worker-cs-25	Label-A	2003
1	central	worker-cs-25	Label-A	2001
1	central	worker-cs-25	Label-A	2005
1	central	worker-cs-25	Label-A	2001
1	central	worker-cs-25	Label-A	2003
1	central	worker-cs-25	Label-A	2001
1	central	worker-cs-25	Label-A	2001
1	central	worker-cs-25	Label-A	2002
1	central	worker-cs-25	Label-A	2001
1	central	worker-cs-25	Label-A	2002
1	central	worker-cs-25	Label-A	2003
1	central	worker-cs-25	Label-A	2002
1	central	worker-cs-25	Label-A	2002
1	central	worker-cs-25	Label-A	2002
1	central	worker-cs-25	Label-A	2002
1	central	worker-cs-25	Label-A	2005
1	central	worker-cs-25	Label-A	2001
1	central	worker-cs-25	Label-A	2002
1	central	worker-cs-25	Label-A	2002
1	central	worker-cs-25	Label-A	2001
1	central	worker-cs-25	Label-A	2002
1	central	worker-cs-25	Label-A	2002
1	central	worker-cs-25	Label-A	2002
1	central	worker-cs-25	Label-A	2001
1	central	worker-cs-25	Label-A	2001
1	central	worker-cs-25	Label-A	2003
1	central	worker-cs-25	Label-A	2001
1	central	worker-cs-25	Label-A	2004
1	central	worker-cs-25	Label-A	2001
1	central	worker-cs-25	Label-A	2001
1	central	worker-cs-25	Label-A	2001
1	central	worker-cs-25	Label-A	2002
1	central	worker-cs-25	Label-A	2001
1	central	worker-cs-25	Label-A	2001
1	central	worker-cs-25	Label-A	2001
1	central	worker-cs-25	Label-A	2002
1	central	worker-cs-25	Label-A	2002
1	central	worker-cs-25	Label-A	2002
1	central	worker-cs-25	Label-A	2000
1	central	worker-cs-25	Label-A	2002
1	central	worker-cs-25	Label-A	2001
1	central	worker-cs-25	Label-A	2001
1	central	worker-cs-25	Label-A	2001
1	central	worker-cs-25	Label-A	2002
1	central	worker-cs-25	Label-A	2001
1	central	worker-cs-25	Label-A	2002
1	central	worker-cs-25	Label-A	2002
1	central	worker-cs-25	Label-A	2002
1	central	worker-cs-25	Label-A	2002
1	central	worker-cs-25	Label-A	2002
1	central	worker-cs-25	Label-A	2004
1	central	worker-cs-25	Label-A	2002
1	central	worker-cs-25	Label-A	2002
1	central	worker-cs-25	Label-A	2001
1	central	worker-cs-25	Label-A	2002
1	central	worker-cs-25	Label-A	2003
1	central	worker-cs-25	Label-A	2002
1	central	worker-cs-25	Label-A	2001
1	central	worker-cs-25	Label-A	2002
1	central	worker-cs-25	Label-A	2001
1	central	worker-cs-25	Label-A	2002
1	central	worker-cs-25	Label-A	2002
1	central	worker-cs-25	Label-A	2001
1	central	worker-cs-25	Label-A	2002
1	central	worker-cs-25	Label-A	2002
1	central	worker-cs-25	Label-A	2002
1	central	worker-cs-25	Label-A	2001
1	central	worker-cs-25	Label-A	2001
1	central	worker-cs-25	Label-A	2001
1	central	worker-cs-25	Label-A	2001
1	central	worker-cs-25	Label-A	2002
1	central	worker-cs-25	Label-A	2002
1	central	worker-cs-25	Label-A	2001
1	central	worker-cs-25	Label-A	2002
1	central	worker-cs-25	Label-A	2001
1	central	worker-cs-25	Label-A	2002
1	central	worker-cs-25	Label-A	2002
1	central	worker-cs-25	Label-A	2001
1	central	worker-cs-25	Label-A	2002
1	central	worker-cs-25	Label-A	2001
1	central	worker-cs-25	Label-A	2004
1	central	worker-cs-25	Label-A	2001
1	central	worker-cs-25	Label-A	2001
1	central	worker-cs-25	Label-A	2002
1	central	worker-cs-25	Label-A	2002
1	central	worker-cs-25	Label-A	2002
1	central	worker-cs-25	Label-A	2002
1	central	worker-cs-25	Label-A	2002
1	central	worker-cs-25	Label-A	2001
1	central	worker-cs-25	Label-A	2002
1	central	worker-cs-25	Label-A	2002
1	central	worker-cs-25	Label-A	2002
1	central	worker-cs-25	Label-A	2001
1	central	worker-cs-25	Label-A	2002
1	central	worker-cs-25	Label-A	2002
1	central	worker-cs-25	Label-A	2001
1	central	worker-cs-25	Label-A	2001
1	central	worker-cs-25	Label-A	2003
1	central	worker-cs-25	Label-A	2001
1	central	worker-cs-25	Label-A	2002
1	central	worker-cs-25	Label-A	2001
1	central	worker-cs-25	Label-A	2002
1	central	worker-cs-25	Label-A	2002
1	central	worker-cs-25	Label-A	2002
1	central	worker-cs-25	Label-A	2001
1	central	worker-cs-25	Label-A	2005
1	central	worker-cs-25	Label-A	2002
1	central	worker-cs-25	Label-A	2003
1	central	worker-cs-25	Label-A	2009
1	central	worker-cs-25	Label-A	2002
1	central	worker-cs-25	Label-A	2002
1	central	worker-cs-25	Label-A	2001
1	central	worker-cs-25	Label-A	2001
1	central	worker-cs-25	Label-A	2002
1	central	worker-cs-25	Label-A	2001
1	central	worker-cs-25	Label-A	2000
1	central	worker-cs-25	Label-A	2001
1	central	worker-cs-25	Label-A	2001
1	central	worker-cs-25	Label-A	2002
1	central	worker-cs-25	Label-A	2002
1	central	worker-cs-25	Label-A	2001
1	central	worker-cs-25	Label-A	2002
1	central	worker-cs-25	Label-A	2002
1	central	worker-cs-25	Label-A	2001
1	central	worker-cs-25	Label-A	2002
1	central	worker-cs-25	Label-A	2002
1	central	worker-cs-25	Label-A	2002
1	central	worker-cs-25	Label-A	2001
1	central	worker-cs-25	Label-A	2002
1	central	worker-cs-25	Label-A	2001
1	central	worker-cs-25	Label-A	2002
1	central	worker-cs-25	Label-A	2001
1	central	worker-cs-25	Label-A	2001
1	central	worker-cs-25	Label-A	2001
1	central	worker-cs-25	Label-A	2001
1	central	worker-cs-25	Label-A	2002
1	central	worker-cs-25	Label-A	2002
1	central	worker-cs-25	Label-A	2001
1	central	worker-cs-25	Label-A	2002
1	central	worker-cs-25	Label-A	2001
1	central	worker-cs-25	Label-A	2001
1	central	worker-cs-25	Label-A	2002
1	central	worker-cs-25	Label-A	2001
1	central	worker-cs-25	Label-A	2002
1	central	worker-cs-25	Label-A	2002
1	central	worker-cs-25	Label-A	2002
1	central	worker-cs-25	Label-A	2002
1	central	worker-cs-25	Label-A	2001
1	central	worker-cs-25	Label-A	2002
1	central	worker-cs-25	Label-A	2001
1	central	worker-cs-25	Label-A	2002
1	central	worker-cs-25	Label-A	2001
1	central	worker-cs-25	Label-A	2002
1	central	worker-cs-25	Label-A	2001
1	central	worker-cs-25	Label-A	2002
1	central	worker-cs-25	Label-A	2002
1	central	worker-cs-25	Label-A	2001
1	central	worker-cs-25	Label-A	2003
1	central	worker-cs-25	Label-A	2001
1	central	worker-cs-25	Label-A	2001
1	central	worker-cs-25	Label-A	2002
1	central	worker-cs-25	Label-A	2002
1	central	worker-cs-25	Label-A	2001
1	central	worker-cs-25	Label-A	2003
1	central	worker-cs-25	Label-A	2002
1	central	worker-cs-25	Label-A	2002
1	central	worker-cs-25	Label-A	2001
1	central	worker-cs-25	Label-A	2001
1	central	worker-cs-25	Label-A	2001
1	central	worker-cs-25	Label-A	2002
1	central	worker-cs-25	Label-A	2002
1	central	worker-cs-25	Label-A	2001
1	central	worker-cs-25	Label-A	2003
1	central	worker-cs-25	Label-A	2001
1	central	worker-cs-25	Label-A	2001
1	central	worker-cs-25	Label-A	2002
1	central	worker-cs-25	Label-A	2002
1	central	worker-cs-25	Label-A	2002
1	central	worker-cs-25	Label-A	2001
1	central	worker-cs-25	Label-A	2002
1	central	worker-cs-25	Label-A	2002
1	central	worker-cs-25	Label-A	2002
1	central	worker-cs-25	Label-A	2001
1	central	worker-cs-25	Label-A	2002
1	central	worker-cs-25	Label-A	2002
1	central	worker-cs-25	Label-A	2001
1	central	worker-cs-25	Label-A	2001
1	central	worker-cs-25	Label-A	2002
1	central	worker-cs-25	Label-A	2001
1	central	worker-cs-25	Label-A	2001
1	central	worker-cs-25	Label-A	2001
1	central	worker-cs-25	Label-A	2002
1	central	worker-cs-25	Label-A	2001
1	central	worker-cs-25	Label-A	2002
1	central	worker-cs-25	Label-A	2002
1	central	worker-cs-25	Label-A	2001
1	central	worker-cs-25	Label-A	2001
1	central	worker-cs-25	Label-A	2002
1	central	worker-cs-25	Label-A	2002
1	central	worker-cs-25	Label-A	2002
1	central	worker-cs-25	Label-A	2001
1	central	worker-cs-25	Label-A	2002
1	central	worker-cs-25	Label-A	2001
1	central	worker-cs-25	Label-A	2002
1	central	worker-cs-25	Label-A	2001
1	central	worker-cs-25	Label-A	2002
1	central	worker-cs-25	Label-A	2002
1	central	worker-cs-25	Label-A	2001
1	central	worker-cs-25	Label-A	2003
1	central	worker-cs-25	Label-A	2001
1	central	worker-cs-25	Label-A	2002
1	central	worker-cs-25	Label-A	2001
1	central	worker-cs-25	Label-A	2002
1	central	worker-cs-25	Label-A	2002
1	central	worker-cs-25	Label-A	2001
1	central	worker-cs-25	Label-A	2003
1	central	worker-cs-25	Label-A	2002
1	central	worker-cs-25	Label-A	2003
1	central	worker-cs-25	Label-A	2001
1	central	worker-cs-25	Label-A	2001
1	central	worker-cs-25	Label-A	2001
1	central	worker-cs-25	Label-A	2001
1	central	worker-cs-25	Label-A	2002
1	central	worker-cs-25	Label-A	2002
1	central	worker-cs-25	Label-A	2001
1	central	worker-cs-25	Label-A	2003
1	central	worker-cs-25	Label-A	2000
1	central	worker-cs-25	Label-A	2001
1	central	worker-cs-25	Label-A	2001
1	central	worker-cs-25	Label-A	2001
1	central	worker-cs-25	Label-A	2002
1	central	worker-cs-25	Label-A	2001
1	central	worker-cs-25	Label-A	2002
1	central	worker-cs-25	Label-A	2001
1	central	worker-cs-25	Label-A	2002
1	central	worker-cs-25	Label-A	2001
1	central	worker-cs-25	Label-A	2001
1	central	worker-cs-25	Label-A	2002
1	central	worker-cs-25	Label-A	2001
1	central	worker-cs-25	Label-A	2002
1	central	worker-cs-25	Label-A	2002
1	central	worker-cs-25	Label-A	2001
1	central	worker-cs-25	Label-A	2002
1	central	worker-cs-25	Label-A	2002
1	central	worker-cs-25	Label-A	2002
1	central	worker-cs-25	Label-A	2003
1	central	worker-cs-25	Label-A	2002
1	central	worker-cs-25	Label-A	2002
1	central	worker-cs-25	Label-A	2001
1	central	worker-cs-25	Label-A	2002
1	central	worker-cs-25	Label-A	2002
1	central	worker-cs-25	Label-A	2003
1	central	worker-cs-25	Label-A	2001
1	central	worker-cs-25	Label-A	2001
1	central	worker-cs-25	Label-A	2003
1	central	worker-cs-25	Label-A	2002
1	central	worker-cs-25	Label-A	2002
1	central	worker-cs-25	Label-A	2002
1	central	worker-cs-25	Label-A	2002
1	central	worker-cs-25	Label-A	2002
1	central	worker-cs-25	Label-A	2002
1	central	worker-cs-25	Label-A	2001
1	central	worker-cs-25	Label-A	2003
1	central	worker-cs-25	Label-A	2001
1	central	worker-cs-25	Label-A	2001
1	central	worker-cs-25	Label-A	2001
1	central	worker-cs-25	Label-A	2001
1	central	worker-cs-25	Label-A	2002
1	central	worker-cs-25	Label-A	2003
1	central	worker-cs-25	Label-A	2002
1	central	worker-cs-25	Label-A	2000
1	central	worker-cs-25	Label-A	2002
1	central	worker-cs-25	Label-A	2002
1	central	worker-cs-25	Label-A	2004
1	central	worker-cs-25	Label-A	2001
1	central	worker-cs-25	Label-A	2003
1	central	worker-cs-25	Label-A	2002
1	central	worker-cs-25	Label-A	2001
1	central	worker-cs-25	Label-A	2002
1	central	worker-cs-25	Label-A	2002
1	central	worker-cs-25	Label-A	2002
1	central	worker-cs-25	Label-A	2002
1	central	worker-cs-25	Label-A	2002
1	central	worker-cs-25	Label-A	2002
1	central	worker-cs-25	Label-A	2001
1	central	worker-cs-25	Label-A	2002
1	central	worker-cs-25	Label-A	2001
1	central	worker-cs-25	Label-A	2002
1	central	worker-cs-25	Label-A	2001
1	central	worker-cs-25	Label-A	2001
1	central	worker-cs-25	Label-A	2002
1	central	worker-cs-25	Label-A	2002
1	central	worker-cs-25	Label-A	2001
1	central	worker-cs-25	Label-A	2001
1	central	worker-cs-25	Label-A	2002
1	central	worker-cs-25	Label-A	2002
1	central	worker-cs-25	Label-A	2001
1	central	worker-cs-25	Label-A	2001
1	central	worker-cs-25	Label-A	2005
1	central	worker-cs-25	Label-A	2003
1	central	worker-cs-25	Label-A	2001
1	central	worker-cs-25	Label-A	2001
1	central	worker-cs-25	Label-A	2002
1	central	worker-cs-25	Label-A	2001
1	central	worker-cs-25	Label-A	2001
1	central	worker-cs-25	Label-A	2003
1	central	worker-cs-25	Label-A	2002
1	central	worker-cs-25	Label-A	2002
1	central	worker-cs-25	Label-A	2002
1	central	worker-cs-25	Label-A	2002
1	central	worker-cs-25	Label-A	2002
1	central	worker-cs-25	Label-A	2003
1	central	worker-cs-25	Label-A	2002
1	central	worker-cs-25	Label-A	2002
1	central	worker-cs-25	Label-A	2002
1	central	worker-cs-25	Label-A	2001
1	central	worker-cs-25	Label-A	2001
1	central	worker-cs-25	Label-A	2001
1	central	worker-cs-25	Label-A	2002
1	central	worker-cs-25	Label-A	2001
1	central	worker-cs-25	Label-A	2001
1	central	worker-cs-25	Label-A	2002
1	central	worker-cs-25	Label-A	2001
1	central	worker-cs-25	Label-A	2002
1	central	worker-cs-25	Label-A	2002
1	central	worker-cs-25	Label-A	2002
1	central	worker-cs-25	Label-A	2002
1	central	worker-cs-25	Label-A	2002
1	central	worker-cs-25	Label-A	2002
1	central	worker-cs-25	Label-A	2001
1	central	worker-cs-25	Label-A	2002
1	central	worker-cs-25	Label-A	2001
1	central	worker-cs-25	Label-A	2002
1	central	worker-cs-25	Label-A	2001
1	central	worker-cs-25	Label-A	2002
1	central	worker-cs-25	Label-A	2002
1	central	worker-cs-25	Label-A	2001
1	central	worker-cs-25	Label-A	2002
1	central	worker-cs-25	Label-A	2003
1	central	worker-cs-25	Label-A	2011
1	central	worker-cs-25	Label-A	2002
1	central	worker-cs-25	Label-A	2001
1	central	worker-cs-25	Label-A	2001
1	central	worker-cs-25	Label-A	2002
1	central	worker-cs-25	Label-A	2000
1	central	worker-cs-25	Label-A	2001
1	central	worker-cs-25	Label-A	2001
1	central	worker-cs-25	Label-A	2001
1	central	worker-cs-25	Label-A	2002
1	central	worker-cs-25	Label-A	2002
1	central	worker-cs-25	Label-A	2002
1	central	worker-cs-25	Label-A	2001
1	central	worker-cs-25	Label-A	2001
1	central	worker-cs-25	Label-A	2001
1	central	worker-cs-25	Label-A	2002
1	central	worker-cs-25	Label-A	2001
1	central	worker-cs-25	Label-A	2001
1	central	worker-cs-25	Label-A	2002
1	central	worker-cs-25	Label-A	2001
1	central	worker-cs-25	Label-A	2003
1	central	worker-cs-25	Label-A	2003
1	central	worker-cs-25	Label-A	2002
1	central	worker-cs-25	Label-A	2002
1	central	worker-cs-25	Label-A	2001
1	central	worker-cs-25	Label-A	2002
1	central	worker-cs-25	Label-A	2001
1	central	worker-cs-25	Label-A	2002
1	central	worker-cs-25	Label-A	2002
1	central	worker-cs-25	Label-A	2002
1	central	worker-cs-25	Label-A	2002
1	central	worker-cs-25	Label-A	2001
1	central	worker-cs-25	Label-A	2002
1	central	worker-cs-25	Label-A	2002
1	central	worker-cs-25	Label-A	2003
1	central	worker-cs-25	Label-A	2001
1	central	worker-cs-25	Label-A	2002
1	central	worker-cs-25	Label-A	2001
1	central	worker-cs-25	Label-A	2000
1	central	worker-cs-25	Label-A	2001
1	central	worker-cs-25	Label-A	2002
1	central	worker-cs-25	Label-A	2002
1	central	worker-cs-25	Label-A	2001
1	central	worker-cs-25	Label-A	2002
1	central	worker-cs-25	Label-A	2001
1	central	worker-cs-25	Label-A	2002
1	central	worker-cs-25	Label-A	2002
1	central	worker-cs-25	Label-A	2001
1	central	worker-cs-25	Label-A	2002
1	central	worker-cs-25	Label-A	2002
1	central	worker-cs-25	Label-A	2001
1	central	worker-cs-25	Label-A	2002
1	central	worker-cs-25	Label-A	2002
1	central	worker-cs-25	Label-A	2002
1	central	worker-cs-25	Label-A	2001
1	central	worker-cs-25	Label-A	2002
1	central	worker-cs-25	Label-A	2002
1	central	worker-cs-25	Label-A	2001
1	central	worker-cs-25	Label-A	2003
1	central	worker-cs-25	Label-A	2002
1	central	worker-cs-25	Label-A	2002
1	central	worker-cs-25	Label-A	2002
1	central	worker-cs-25	Label-A	2002
1	central	worker-cs-25	Label-A	2002
1	central	worker-cs-25	Label-A	2002
1	central	worker-cs-25	Label-A	2002
1	central	worker-cs-25	Label-A	2001
1	central	worker-cs-25	Label-A	2002
1	central	worker-cs-25	Label-A	2004
1	central	worker-cs-25	Label-A	2002
1	central	worker-cs-25	Label-A	2002
1	central	worker-cs-25	Label-A	2005
1	central	worker-cs-25	Label-A	2002
1	central	worker-cs-25	Label-A	2002
1	central	worker-cs-25	Label-A	2002
1	central	worker-cs-25	Label-A	2001
1	central	worker-cs-25	Label-A	2002
1	central	worker-cs-25	Label-A	2003
1	central	worker-cs-25	Label-A	2002
1	central	worker-cs-25	Label-A	2002
1	central	worker-cs-25	Label-A	2001
1	central	worker-cs-25	Label-A	2001
1	central	worker-cs-25	Label-A	2002
1	central	worker-cs-25	Label-A	2002
1	central	worker-cs-25	Label-A	2002
1	central	worker-cs-25	Label-A	2001
1	central	worker-cs-25	Label-A	2001
1	central	worker-cs-25	Label-A	2001
1	central	worker-cs-25	Label-A	2002
1	central	worker-cs-25	Label-A	2001
1	central	worker-cs-25	Label-A	2002
1	central	worker-cs-25	Label-A	2001
1	central	worker-cs-25	Label-A	2001
1	central	worker-cs-25	Label-A	2002
1	central	worker-cs-25	Label-A	2002
1	central	worker-cs-25	Label-A	2001
1	central	worker-cs-25	Label-A	2002
1	central	worker-cs-25	Label-A	2001
1	central	worker-cs-25	Label-A	2001
1	central	worker-cs-25	Label-A	2002
1	central	worker-cs-25	Label-A	2002
1	central	worker-cs-25	Label-A	2001
1	central	worker-cs-25	Label-A	2003
1	central	worker-cs-25	Label-A	2002
1	central	worker-cs-25	Label-A	2002
1	central	worker-cs-25	Label-A	2002
1	central	worker-cs-25	Label-A	2001
1	central	worker-cs-25	Label-A	2002
1	central	worker-cs-25	Label-A	2002
1	central	worker-cs-25	Label-A	2002
1	central	worker-cs-25	Label-A	2001
1	central	worker-cs-25	Label-A	2001
1	central	worker-cs-25	Label-A	2001
1	central	worker-cs-25	Label-A	2002
1	central	worker-cs-25	Label-A	2001
1	central	worker-cs-25	Label-A	2001
1	central	worker-cs-25	Label-A	2001
1	central	worker-cs-25	Label-A	2001
1	central	worker-cs-25	Label-A	2002
1	central	worker-cs-25	Label-A	2002
1	central	worker-cs-25	Label-A	2001
1	central	worker-cs-25	Label-A	2002
1	central	worker-cs-25	Label-A	2001
1	central	worker-cs-25	Label-A	2001
1	central	worker-cs-25	Label-A	2001
1	central	worker-cs-25	Label-A	2001
1	central	worker-cs-25	Label-A	2001
1	central	worker-cs-25	Label-A	2002
1	central	worker-cs-25	Label-A	2002
1	central	worker-cs-25	Label-A	2001
1	central	worker-cs-25	Label-A	2002
1	central	worker-cs-25	Label-A	2002
1	central	worker-cs-25	Label-A	2004
1	central	worker-cs-25	Label-A	2001
1	central	worker-cs-25	Label-A	2001
1	central	worker-cs-25	Label-A	2002
1	central	worker-cs-25	Label-A	2001
1	central	worker-cs-25	Label-A	2001
1	central	worker-cs-25	Label-A	2001
1	central	worker-cs-25	Label-A	2001
1	central	worker-cs-25	Label-A	2002
1	central	worker-cs-25	Label-A	2002
1	central	worker-cs-25	Label-A	2001
1	central	worker-cs-25	Label-A	2001
1	central	worker-cs-25	Label-A	2001
1	central	worker-cs-25	Label-A	2001
1	central	worker-cs-25	Label-A	2001
1	central	worker-cs-25	Label-A	2005
1	central	worker-cs-25	Label-A	2002
1	central	worker-cs-25	Label-A	2003
1	central	worker-cs-25	Label-A	2001
1	central	worker-cs-25	Label-A	2002
1	central	worker-cs-25	Label-A	2001
1	central	worker-cs-25	Label-A	2000
1	central	worker-cs-25	Label-A	2001
1	central	worker-cs-25	Label-A	2000
1	central	worker-cs-25	Label-A	2001
1	central	worker-cs-25	Label-A	2001
1	central	worker-cs-25	Label-A	2001
1	central	worker-cs-25	Label-A	2002
1	central	worker-cs-25	Label-A	2002
1	central	worker-cs-25	Label-A	2002
1	central	worker-cs-25	Label-A	2002
1	central	worker-cs-25	Label-A	2001
1	central	worker-cs-25	Label-A	2002
1	central	worker-cs-25	Label-A	2001
1	central	worker-cs-25	Label-A	2002
1	central	worker-cs-25	Label-A	2002
1	central	worker-cs-25	Label-A	2002
1	central	worker-cs-25	Label-A	2002
1	central	worker-cs-25	Label-A	2001
1	central	worker-cs-25	Label-A	2001
1	central	worker-cs-25	Label-A	2001
1	central	worker-cs-25	Label-A	2002
1	central	worker-cs-25	Label-A	2002
1	central	worker-cs-25	Label-A	2002
1	central	worker-cs-25	Label-A	2002
1	central	worker-cs-25	Label-A	2002
1	central	worker-cs-25	Label-A	2001
1	central	worker-cs-25	Label-A	2002
1	central	worker-cs-25	Label-A	2002
1	central	worker-cs-25	Label-A	2002
1	central	worker-cs-25	Label-A	2002
1	central	worker-cs-25	Label-A	2002
1	central	worker-cs-25	Label-A	2002
1	central	worker-cs-25	Label-A	2001
1	central	worker-cs-25	Label-A	2001
1	central	worker-cs-25	Label-A	2002
1	central	worker-cs-25	Label-A	2000
1	central	worker-cs-25	Label-A	2001
1	central	worker-cs-25	Label-A	2002
1	central	worker-cs-25	Label-A	2002
1	central	worker-cs-25	Label-A	2001
1	central	worker-cs-25	Label-A	2002
1	central	worker-cs-25	Label-A	2001
1	central	worker-cs-25	Label-A	2002
1	central	worker-cs-25	Label-A	2002
1	central	worker-cs-25	Label-A	2003
1	central	worker-cs-25	Label-A	2002
1	central	worker-cs-25	Label-A	2001
1	central	worker-cs-25	Label-A	2002
1	central	worker-cs-25	Label-A	2002
1	central	worker-cs-25	Label-A	2003
1	central	worker-cs-25	Label-A	2002
1	central	worker-cs-25	Label-A	2001
1	central	worker-cs-25	Label-A	2001
1	central	worker-cs-25	Label-A	2001
1	central	worker-cs-25	Label-A	2002
1	central	worker-cs-25	Label-A	2002
1	central	worker-cs-25	Label-A	2002
1	central	worker-cs-25	Label-A	2001
1	central	worker-cs-25	Label-A	2003
1	central	worker-cs-25	Label-A	2002
1	central	worker-cs-25	Label-A	2003
1	central	worker-cs-25	Label-A	2001
1	central	worker-cs-25	Label-A	2002
1	central	worker-cs-25	Label-A	2001
1	central	worker-cs-25	Label-A	2002
1	central	worker-cs-25	Label-A	2002
1	central	worker-cs-25	Label-A	2001
1	central	worker-cs-25	Label-A	2001
1	central	worker-cs-25	Label-A	2001
1	central	worker-cs-25	Label-A	2002
1	central	worker-cs-25	Label-A	2001
1	central	worker-cs-25	Label-A	2004
1	central	worker-cs-25	Label-A	2002
1	central	worker-cs-25	Label-A	2001
1	central	worker-cs-25	Label-A	2003
1	central	worker-cs-25	Label-A	2001
1	central	worker-cs-25	Label-A	2003
1	central	worker-cs-25	Label-A	2002
1	central	worker-cs-25	Label-A	2001
1	central	worker-cs-25	Label-A	2001
1	central	worker-cs-25	Label-A	2005
1	central	worker-cs-25	Label-A	2001
1	central	worker-cs-25	Label-A	2001
1	central	worker-cs-25	Label-A	2004
1	central	worker-cs-25	Label-A	2002
1	central	worker-cs-25	Label-A	2003
1	central	worker-cs-25	Label-A	2002
1	central	worker-cs-25	Label-A	2002
1	central	worker-cs-25	Label-A	2001
1	central	worker-cs-25	Label-A	2002
1	central	worker-cs-25	Label-A	2001
1	central	worker-cs-25	Label-A	2001
1	central	worker-cs-25	Label-A	2002
1	central	worker-cs-25	Label-A	2001
1	central	worker-cs-25	Label-A	2001
1	central	worker-cs-25	Label-A	2002
1	central	worker-cs-25	Label-A	2002
1	central	worker-cs-25	Label-A	2001
1	central	worker-cs-25	Label-A	2002
1	central	worker-cs-25	Label-A	2002
1	central	worker-cs-25	Label-A	2002
1	central	worker-cs-25	Label-A	2002
1	central	worker-cs-25	Label-A	2002
1	central	worker-cs-25	Label-A	2002
1	central	worker-cs-25	Label-A	2001
1	central	worker-cs-25	Label-A	2002
1	central	worker-cs-25	Label-A	2002
1	central	worker-cs-25	Label-A	2006
1	central	worker-cs-25	Label-A	2002
1	central	worker-cs-25	Label-A	2004
1	central	worker-cs-25	Label-A	2002
1	central	worker-cs-25	Label-A	2002
1	central	worker-cs-25	Label-A	2002
1	central	worker-cs-25	Label-A	2001
1	central	worker-cs-25	Label-A	2001
1	central	worker-cs-25	Label-A	2002
1	central	worker-cs-25	Label-A	2002
1	central	worker-cs-25	Label-A	2002
1	central	worker-cs-25	Label-A	2002
1	central	worker-cs-25	Label-A	2001
1	central	worker-cs-25	Label-A	2001
1	central	worker-cs-25	Label-A	2001
1	central	worker-cs-25	Label-A	2003
1	central	worker-cs-25	Label-A	2002
1	central	worker-cs-25	Label-A	2001
1	central	worker-cs-25	Label-A	2001
1	central	worker-cs-25	Label-A	2001
1	central	worker-cs-25	Label-A	2001
1	central	worker-cs-25	Label-A	2001
1	central	worker-cs-25	Label-A	2002
1	central	worker-cs-25	Label-A	2001
1	central	worker-cs-25	Label-A	2002
1	central	worker-cs-25	Label-A	2002
1	central	worker-cs-25	Label-A	2002
1	central	worker-cs-25	Label-A	2002
1	central	worker-cs-25	Label-A	2002
1	central	worker-cs-25	Label-A	2002
1	central	worker-cs-25	Label-A	2002
1	central	worker-cs-25	Label-A	2001
1	central	worker-cs-25	Label-A	2002
1	central	worker-cs-25	Label-A	2001
1	central	worker-cs-25	Label-A	2002
1	central	worker-cs-25	Label-A	2002
1	central	worker-cs-25	Label-A	2002
1	central	worker-cs-25	Label-A	2002
1	central	worker-cs-25	Label-A	2002
1	central	worker-cs-25	Label-A	2009
1	central	worker-cs-25	Label-A	2002
1	central	worker-cs-25	Label-A	2001
1	central	worker-cs-25	Label-A	2001
1	central	worker-cs-25	Label-A	2001
1	central	worker-cs-25	Label-A	2001
1	central	worker-cs-25	Label-A	2001
1	central	worker-cs-25	Label-A	2002
1	central	worker-cs-25	Label-A	2001
1	central	worker-cs-25	Label-A	2001
1	central	worker-cs-25	Label-A	2001
1	central	worker-cs-25	Label-A	2002
1	central	worker-cs-25	Label-A	2002
1	central	worker-cs-25	Label-A	2002
1	central	worker-cs-25	Label-A	2004
1	central	worker-cs-25	Label-A	2002
1	central	worker-cs-25	Label-A	2002
1	central	worker-cs-25	Label-A	2001
1	central	worker-cs-25	Label-A	2002
1	central	worker-cs-25	Label-A	2003
1	central	worker-cs-25	Label-A	2002
1	central	worker-cs-25	Label-A	2001
1	central	worker-cs-25	Label-A	2001
1	central	worker-cs-25	Label-A	2003
1	central	worker-cs-25	Label-A	2001
1	central	worker-cs-25	Label-A	2002
1	central	worker-cs-25	Label-A	2002
1	central	worker-cs-25	Label-A	2001
1	central	worker-cs-25	Label-A	2002
1	central	worker-cs-25	Label-A	2002
1	central	worker-cs-25	Label-A	2002
1	central	worker-cs-25	Label-A	2001
1	central	worker-cs-25	Label-A	2001
1	central	worker-cs-25	Label-A	2001
1	central	worker-cs-25	Label-A	2001
1	central	worker-cs-25	Label-A	2000
1	central	worker-cs-25	Label-A	2001
1	central	worker-cs-25	Label-A	2003
1	central	worker-cs-25	Label-A	2000
1	central	worker-cs-25	Label-A	2001
1	central	worker-cs-25	Label-A	2001
1	central	worker-cs-25	Label-A	2002
1	central	worker-cs-25	Label-A	2001
1	central	worker-cs-25	Label-A	2002
1	central	worker-cs-25	Label-A	2001
1	central	worker-cs-25	Label-A	2000
1	central	worker-cs-25	Label-A	2001
1	central	worker-cs-25	Label-A	2002
1	central	worker-cs-25	Label-A	2003
1	central	worker-cs-25	Label-A	2002
1	central	worker-cs-25	Label-A	2001
1	central	worker-cs-25	Label-A	2002
1	central	worker-cs-25	Label-A	2001
1	central	worker-cs-25	Label-A	2002
1	central	worker-cs-25	Label-A	2004
1	central	worker-cs-25	Label-A	2002
1	central	worker-cs-25	Label-A	2002
1	central	worker-cs-25	Label-A	2002
1	central	worker-cs-25	Label-A	2002
1	central	worker-cs-25	Label-A	2002
1	central	worker-cs-25	Label-A	2001
1	central	worker-cs-25	Label-A	2001
1	central	worker-cs-25	Label-A	2001
1	central	worker-cs-25	Label-A	2002
1	central	worker-cs-25	Label-A	2008
1	central	worker-cs-25	Label-A	2001
1	central	worker-cs-25	Label-A	2001
1	central	worker-cs-25	Label-A	2005
1	central	worker-cs-25	Label-A	2001
1	central	worker-cs-25	Label-A	2002
1	central	worker-cs-25	Label-A	2002
1	central	worker-cs-25	Label-A	2002
1	central	worker-cs-25	Label-A	2001
1	central	worker-cs-25	Label-A	2001
1	central	worker-cs-25	Label-A	2001
1	central	worker-cs-25	Label-A	2002
1	central	worker-cs-25	Label-A	2002
1	central	worker-cs-25	Label-A	2002
1	central	worker-cs-25	Label-A	2001
1	central	worker-cs-25	Label-A	2001
1	central	worker-cs-25	Label-A	2002
1	central	worker-cs-25	Label-A	2001
1	central	worker-cs-25	Label-A	2001
1	central	worker-cs-25	Label-A	2002
1	central	worker-cs-25	Label-A	2002
1	central	worker-cs-25	Label-A	2002
1	central	worker-cs-25	Label-A	2001
1	central	worker-cs-25	Label-A	2002
1	central	worker-cs-25	Label-A	2002
1	central	worker-cs-25	Label-A	2001
1	central	worker-cs-25	Label-A	2002
1	central	worker-cs-25	Label-A	2002
1	central	worker-cs-25	Label-A	2002
1	central	worker-cs-25	Label-A	2001
1	central	worker-cs-25	Label-A	2001
1	central	worker-cs-25	Label-A	2002
1	central	worker-cs-25	Label-A	2002
1	central	worker-cs-25	Label-A	2001
1	central	worker-cs-25	Label-A	2002
1	central	worker-cs-25	Label-A	2002
1	central	worker-cs-25	Label-A	2001
1	central	worker-cs-25	Label-A	2001
1	central	worker-cs-25	Label-A	2002
1	central	worker-cs-25	Label-A	2002
1	central	worker-cs-25	Label-A	2004
1	central	worker-cs-25	Label-A	2001
1	central	worker-cs-25	Label-A	2001
1	central	worker-cs-25	Label-A	2001
1	central	worker-cs-25	Label-A	2002
1	central	worker-cs-25	Label-A	2001
1	central	worker-cs-25	Label-A	2002
1	central	worker-cs-25	Label-A	2001
1	central	worker-cs-25	Label-A	2001
1	central	worker-cs-25	Label-A	2002
1	central	worker-cs-25	Label-A	2002
1	central	worker-cs-25	Label-A	2002
1	central	worker-cs-25	Label-A	2002
1	central	worker-cs-25	Label-A	2001
1	central	worker-cs-25	Label-A	2001
1	central	worker-cs-25	Label-A	2002
1	central	worker-cs-25	Label-A	2003
1	central	worker-cs-25	Label-A	2001
1	central	worker-cs-25	Label-A	2002
1	central	worker-cs-25	Label-A	2002
1	central	worker-cs-25	Label-A	2001
1	central	worker-cs-25	Label-A	2001
1	central	worker-cs-25	Label-A	2003
1	central	worker-cs-25	Label-A	2001
1	central	worker-cs-25	Label-A	2002
1	central	worker-cs-25	Label-A	2002
1	central	worker-cs-25	Label-A	2002
1	central	worker-cs-25	Label-A	2004
1	central	worker-cs-25	Label-A	2000
1	central	worker-cs-25	Label-A	2002
1	central	worker-cs-25	Label-A	2002
1	central	worker-cs-25	Label-A	2001
1	central	worker-cs-25	Label-A	2001
1	central	worker-cs-25	Label-A	2002
1	central	worker-cs-25	Label-A	2001
1	central	worker-cs-25	Label-A	2002
1	central	worker-cs-25	Label-A	2001
1	central	worker-cs-25	Label-A	2002
1	central	worker-cs-25	Label-A	2001
1	central	worker-cs-25	Label-A	2001
1	central	worker-cs-25	Label-A	2002
1	central	worker-cs-25	Label-A	2002
1	central	worker-cs-25	Label-A	2002
1	central	worker-cs-25	Label-A	2002
1	central	worker-cs-25	Label-A	2002
1	central	worker-cs-25	Label-A	2002
1	central	worker-cs-25	Label-A	2000
1	central	worker-cs-25	Label-A	2001
1	central	worker-cs-25	Label-A	2001
1	central	worker-cs-25	Label-A	2001
1	central	worker-cs-25	Label-A	2002
1	central	worker-cs-25	Label-A	2000
1	central	worker-cs-25	Label-A	2001
1	central	worker-cs-25	Label-A	2002
1	central	worker-cs-25	Label-A	2002
1	central	worker-cs-25	Label-A	2001
1	central	worker-cs-25	Label-A	2004
1	central	worker-cs-25	Label-A	2001
1	central	worker-cs-25	Label-A	2002
1	central	worker-cs-25	Label-A	2002
1	central	worker-cs-25	Label-A	2002
1	central	worker-cs-25	Label-A	2002
1	central	worker-cs-25	Label-A	2002
1	central	worker-cs-25	Label-A	2002
1	central	worker-cs-25	Label-A	2002
1	central	worker-cs-25	Label-A	2002
1	central	worker-cs-25	Label-A	2004
1	central	worker-cs-25	Label-A	2001
1	central	worker-cs-25	Label-A	2002
1	central	worker-cs-25	Label-A	2001
1	central	worker-cs-25	Label-A	2001
1	central	worker-cs-25	Label-A	2002
1	central	worker-cs-25	Label-A	2007
1	central	worker-cs-25	Label-A	2011
1	central	worker-cs-25	Label-A	2002
1	central	worker-cs-25	Label-A	2002
1	central	worker-cs-25	Label-A	2002
1	central	worker-cs-25	Label-A	2003
1	central	worker-cs-25	Label-A	2002
1	central	worker-cs-25	Label-A	2002
1	central	worker-cs-25	Label-A	2001
1	central	worker-cs-25	Label-A	2002
1	central	worker-cs-25	Label-A	2002
1	central	worker-cs-25	Label-A	2002
1	central	worker-cs-25	Label-A	2002
1	central	worker-cs-25	Label-A	2002
1	central	worker-cs-25	Label-A	2003
1	central	worker-cs-25	Label-A	2002
1	central	worker-cs-25	Label-A	2004
1	central	worker-cs-25	Label-A	2003
1	central	worker-cs-25	Label-A	2000
1	central	worker-cs-25	Label-A	2002
1	central	worker-cs-25	Label-A	2001
1	central	worker-cs-25	Label-A	2002
1	central	worker-cs-25	Label-A	2000
1	central	worker-cs-25	Label-A	2002
1	central	worker-cs-25	Label-A	2004
1	central	worker-cs-25	Label-A	2001
1	central	worker-cs-25	Label-A	2002
1	central	worker-cs-25	Label-A	2002
1	central	worker-cs-25	Label-A	2001
1	central	worker-cs-25	Label-A	2001
1	central	worker-cs-25	Label-A	2002
1	central	worker-cs-25	Label-A	2002
1	central	worker-cs-25	Label-A	2004
1	central	worker-cs-25	Label-A	2002
1	central	worker-cs-25	Label-A	2002
1	central	worker-cs-25	Label-A	2001
1	central	worker-cs-25	Label-A	2002
1	central	worker-cs-25	Label-A	2001
1	central	worker-cs-25	Label-A	2001
1	central	worker-cs-25	Label-A	2002
1	central	worker-cs-25	Label-A	2002
1	central	worker-cs-25	Label-A	2002
1	central	worker-cs-25	Label-A	2002
1	central	worker-cs-25	Label-A	2001
1	central	worker-cs-25	Label-A	2001
1	central	worker-cs-25	Label-A	2001
1	central	worker-cs-25	Label-A	2002
1	central	worker-cs-25	Label-A	2001
1	central	worker-cs-25	Label-A	2001
1	central	worker-cs-25	Label-A	2002
1	central	worker-cs-25	Label-A	2002
1	central	worker-cs-25	Label-A	2001
1	central	worker-cs-25	Label-A	2001
1	central	worker-cs-25	Label-A	2003
1	central	worker-cs-25	Label-A	2004
1	central	worker-cs-25	Label-A	2001
1	central	worker-cs-25	Label-A	2002
1	central	worker-cs-25	Label-A	2000
1	central	worker-cs-25	Label-A	2001
1	central	worker-cs-25	Label-A	2001
1	central	worker-cs-25	Label-A	2001
1	central	worker-cs-25	Label-A	2009
1	central	worker-cs-25	Label-A	2002
1	central	worker-cs-25	Label-A	2001
1	central	worker-cs-25	Label-A	2002
1	central	worker-cs-25	Label-A	2001
1	central	worker-cs-25	Label-A	2002
1	central	worker-cs-25	Label-A	2001
1	central	worker-cs-25	Label-A	2001
1	central	worker-cs-25	Label-A	2002
1	central	worker-cs-25	Label-A	2002
1	central	worker-cs-25	Label-A	2002
1	central	worker-cs-25	Label-A	2001
1	central	worker-cs-25	Label-A	2002
1	central	worker-cs-25	Label-A	2002
1	central	worker-cs-25	Label-A	2002
1	central	worker-cs-25	Label-A	2002
1	central	worker-cs-25	Label-A	2001
1	central	worker-cs-25	Label-A	2001
1	central	worker-cs-25	Label-A	2001
1	central	worker-cs-25	Label-A	2001
1	central	worker-cs-25	Label-A	2001
1	central	worker-cs-25	Label-A	2002
1	central	worker-cs-25	Label-A	2002
1	central	worker-cs-25	Label-A	2001
1	central	worker-cs-25	Label-A	2001
1	central	worker-cs-25	Label-A	2002
1	central	worker-cs-25	Label-A	2001
1	central	worker-cs-25	Label-A	2001
1	central	worker-cs-25	Label-A	2002
1	central	worker-cs-25	Label-A	2002
1	central	worker-cs-25	Label-A	2001
1	central	worker-cs-25	Label-A	2001
1	central	worker-cs-25	Label-A	2002
1	central	worker-cs-25	Label-A	2001
1	central	worker-cs-25	Label-A	2002
1	central	worker-cs-25	Label-A	2001
1	central	worker-cs-25	Label-A	2003
1	central	worker-cs-25	Label-A	2001
1	central	worker-cs-25	Label-A	2004
1	central	worker-cs-25	Label-A	2001
1	central	worker-cs-25	Label-A	2001
1	central	worker-cs-25	Label-A	2001
1	central	worker-cs-25	Label-A	2007
1	central	worker-cs-25	Label-A	2001
1	central	worker-cs-25	Label-A	2001
1	central	worker-cs-25	Label-A	2001
1	central	worker-cs-25	Label-A	2002
1	central	worker-cs-25	Label-A	2001
1	central	worker-cs-25	Label-A	2002
1	central	worker-cs-25	Label-A	2001
1	central	worker-cs-25	Label-A	2002
1	central	worker-cs-25	Label-A	2001
1	central	worker-cs-25	Label-A	2002
1	central	worker-cs-25	Label-A	2002
1	central	worker-cs-25	Label-A	2001
1	central	worker-cs-25	Label-A	2003
1	central	worker-cs-25	Label-A	2002
1	central	worker-cs-25	Label-A	2001
1	central	worker-cs-25	Label-A	2002
1	central	worker-cs-25	Label-A	2002
1	central	worker-cs-25	Label-A	2001
1	central	worker-cs-25	Label-A	2001
1	central	worker-cs-25	Label-A	2002
1	central	worker-cs-25	Label-A	2001
1	central	worker-cs-25	Label-A	2002
1	central	worker-cs-25	Label-A	2002
1	central	worker-cs-25	Label-A	2001
1	central	worker-cs-25	Label-A	2001
1	central	worker-cs-25	Label-A	2002
1	central	worker-cs-25	Label-A	2001
1	central	worker-cs-25	Label-A	2008
1	central	worker-cs-25	Label-A	2002
1	central	worker-cs-25	Label-A	2006
1	central	worker-cs-25	Label-A	2001
1	central	worker-cs-25	Label-A	2002
1	central	worker-cs-25	Label-A	2001
1	central	worker-cs-25	Label-A	2002
1	central	worker-cs-25	Label-A	2003
1	central	worker-cs-25	Label-A	2002
1	central	worker-cs-25	Label-A	2000
1	central	worker-cs-25	Label-A	2002
1	central	worker-cs-25	Label-A	2001
1	central	worker-cs-25	Label-A	2001
1	central	worker-cs-25	Label-A	2001
1	central	worker-cs-25	Label-A	2002
1	central	worker-cs-25	Label-A	2001
1	central	worker-cs-25	Label-A	2002
1	central	worker-cs-25	Label-A	2002
1	central	worker-cs-25	Label-A	2002
1	central	worker-cs-25	Label-A	2001
1	central	worker-cs-25	Label-A	2001
1	central	worker-cs-25	Label-A	2002
1	central	worker-cs-25	Label-A	2001
1	central	worker-cs-25	Label-A	2002
1	central	worker-cs-25	Label-A	2001
1	central	worker-cs-25	Label-A	2001
1	central	worker-cs-25	Label-A	2002
1	central	worker-cs-25	Label-A	2001
1	central	worker-cs-25	Label-A	2002
1	central	worker-cs-25	Label-A	2001
1	central	worker-cs-25	Label-A	2001
1	central	worker-cs-25	Label-A	2003
1	central	worker-cs-25	Label-A	2001
1	central	worker-cs-25	Label-A	2001
1	central	worker-cs-25	Label-A	2001
1	central	worker-cs-25	Label-A	2002
1	central	worker-cs-25	Label-A	2005
1	central	worker-cs-25	Label-A	2002
1	central	worker-cs-25	Label-A	2001
1	central	worker-cs-25	Label-A	2001
1	central	worker-cs-25	Label-A	2004
1	central	worker-cs-25	Label-A	2006
1	central	worker-cs-25	Label-A	2002
1	central	worker-cs-25	Label-A	2001
1	central	worker-cs-25	Label-A	2002
1	central	worker-cs-25	Label-A	2001
1	central	worker-cs-25	Label-A	2001
1	central	worker-cs-25	Label-A	2002
1	central	worker-cs-25	Label-A	2001
1	central	worker-cs-25	Label-A	2008
1	central	worker-cs-25	Label-A	2001
1	central	worker-cs-25	Label-A	2001
1	central	worker-cs-25	Label-A	2001
1	central	worker-cs-25	Label-A	2001
1	central	worker-cs-25	Label-A	2001
1	central	worker-cs-25	Label-A	2002
1	central	worker-cs-25	Label-A	2002
1	central	worker-cs-25	Label-A	2006
1	central	worker-cs-25	Label-A	2002
1	central	worker-cs-25	Label-A	2001
1	central	worker-cs-25	Label-A	2001
1	central	worker-cs-25	Label-A	2002
1	central	worker-cs-25	Label-A	2001
1	central	worker-cs-25	Label-A	2001
1	central	worker-cs-25	Label-A	2001
1	central	worker-cs-25	Label-A	2002
1	central	worker-cs-25	Label-A	2002
1	central	worker-cs-25	Label-A	2002
1	central	worker-cs-25	Label-A	2002
1	central	worker-cs-25	Label-A	2004
1	central	worker-cs-25	Label-A	2002
1	central	worker-cs-25	Label-A	2001
1	central	worker-cs-25	Label-A	2002
1	central	worker-cs-25	Label-A	2002
1	central	worker-cs-25	Label-A	2003
1	central	worker-cs-25	Label-A	2001
1	central	worker-cs-25	Label-A	2002
1	central	worker-cs-25	Label-A	2001
1	central	worker-cs-25	Label-A	2002
1	central	worker-cs-25	Label-A	2001
1	central	worker-cs-25	Label-A	2001
1	central	worker-cs-25	Label-A	2002
1	central	worker-cs-25	Label-A	2003
1	central	worker-cs-25	Label-A	2002
1	central	worker-cs-25	Label-A	2001
1	central	worker-cs-25	Label-A	2002
1	central	worker-cs-25	Label-A	2003
1	central	worker-cs-25	Label-A	2002
1	central	worker-cs-25	Label-A	2002
1	central	worker-cs-25	Label-A	2004
1	central	worker-cs-25	Label-A	2002
1	central	worker-cs-25	Label-A	2001
1	central	worker-cs-25	Label-A	2002
1	central	worker-cs-25	Label-A	2001
1	central	worker-cs-25	Label-A	2002
1	central	worker-cs-25	Label-A	2002
1	central	worker-cs-25	Label-A	2002
1	central	worker-cs-25	Label-A	2002
1	central	worker-cs-25	Label-A	2002
1	central	worker-cs-25	Label-A	2002
1	central	worker-cs-25	Label-A	2002
1	central	worker-cs-25	Label-A	2002
1	central	worker-cs-25	Label-A	2002
1	central	worker-cs-25	Label-A	2001
1	central	worker-cs-25	Label-A	2002
1	central	worker-cs-25	Label-A	2001
1	central	worker-cs-25	Label-A	2001
1	central	worker-cs-25	Label-A	2001
1	central	worker-cs-25	Label-A	2005
1	central	worker-cs-25	Label-A	2001
1	central	worker-cs-25	Label-A	2003
1	central	worker-cs-25	Label-A	2002
1	central	worker-cs-25	Label-A	2002
1	central	worker-cs-29	Label-E	2002
1	central	worker-cs-29	Label-E	180002
1	central	worker-cs-29	Label-E	2002
1	central	worker-cs-29	Label-E	2001
1	central	worker-cs-29	Label-E	2003
1	central	worker-cs-29	Label-E	2006
1	central	worker-cs-29	Label-E	2001
1	central	worker-cs-29	Label-E	2001
1	central	worker-cs-29	Label-E	2002
1	central	worker-cs-29	Label-E	2002
1	central	worker-cs-29	Label-E	2001
1	central	worker-cs-29	Label-E	2002
1	central	worker-cs-29	Label-E	2001
1	central	worker-cs-29	Label-E	2001
1	central	worker-cs-29	Label-E	2002
1	central	worker-cs-29	Label-E	2001
1	central	worker-cs-29	Label-E	2002
1	central	worker-cs-29	Label-E	2002
1	central	worker-cs-29	Label-E	2002
1	central	worker-cs-29	Label-E	2001
1	central	worker-cs-29	Label-E	2004
1	central	worker-cs-29	Label-E	2001
1	central	worker-cs-29	Label-E	2007
1	central	worker-cs-29	Label-E	2003
1	central	worker-cs-29	Label-E	2002
1	central	worker-cs-29	Label-E	2001
1	central	worker-cs-29	Label-E	2002
1	central	worker-cs-29	Label-E	2001
1	central	worker-cs-29	Label-E	2002
1	central	worker-cs-29	Label-E	2001
1	central	worker-cs-29	Label-E	2000
1	central	worker-cs-29	Label-E	2001
1	central	worker-cs-29	Label-E	2001
1	central	worker-cs-29	Label-E	2002
1	central	worker-cs-29	Label-E	2001
1	central	worker-cs-29	Label-E	2002
1	central	worker-cs-29	Label-E	2002
1	central	worker-cs-29	Label-E	2002
1	central	worker-cs-29	Label-E	2002
1	central	worker-cs-29	Label-E	2002
1	central	worker-cs-29	Label-E	2002
1	central	worker-cs-29	Label-E	2002
1	central	worker-cs-29	Label-E	2001
1	central	worker-cs-29	Label-E	2003
1	central	worker-cs-29	Label-E	2001
1	central	worker-cs-29	Label-E	2001
1	central	worker-cs-29	Label-E	2002
1	central	worker-cs-29	Label-E	2003
1	central	worker-cs-29	Label-E	2001
1	central	worker-cs-29	Label-E	2001
1	central	worker-cs-29	Label-E	2001
1	central	worker-cs-29	Label-E	2003
1	central	worker-cs-29	Label-E	2001
1	central	worker-cs-29	Label-E	2002
1	central	worker-cs-29	Label-E	2002
1	central	worker-cs-29	Label-E	2002
1	central	worker-cs-29	Label-E	2002
1	central	worker-cs-29	Label-E	2002
1	central	worker-cs-29	Label-E	2003
1	central	worker-cs-29	Label-E	2003
1	central	worker-cs-29	Label-E	2002
1	central	worker-cs-29	Label-E	2002
1	central	worker-cs-29	Label-E	2002
1	central	worker-cs-29	Label-E	2001
1	central	worker-cs-29	Label-E	2002
1	central	worker-cs-29	Label-E	2002
1	central	worker-cs-29	Label-E	2002
1	central	worker-cs-29	Label-E	2001
1	central	worker-cs-29	Label-E	2002
1	central	worker-cs-29	Label-E	2002
1	central	worker-cs-7	Label-C	2001
1	central	worker-cs-7	Label-C	2001
1	central	worker-cs-7	Label-C	2002
1	central	worker-cs-7	Label-C	2001
1	central	worker-cs-7	Label-C	2001
1	central	worker-cs-7	Label-C	2001
1	central	worker-cs-7	Label-C	2001
1	central	worker-cs-7	Label-C	2001
1	central	worker-cs-7	Label-C	2002
1	central	worker-cs-7	Label-C	2002
1	central	worker-cs-7	Label-C	2001
1	central	worker-cs-7	Label-C	2003
1	central	worker-cs-7	Label-C	2002
1	central	worker-cs-7	Label-C	2001
1	central	worker-cs-7	Label-C	2002
1	central	worker-cs-7	Label-C	2002
1	central	worker-cs-7	Label-C	2001
1	central	worker-cs-7	Label-C	2002
1	central	worker-cs-7	Label-C	2003
1	central	worker-cs-7	Label-C	2002
1	central	worker-cs-7	Label-C	2002
1	central	worker-cs-7	Label-C	2002
1	central	worker-cs-7	Label-C	2002
1	central	worker-cs-7	Label-C	2002
1	central	worker-cs-7	Label-C	2001
1	central	worker-cs-7	Label-C	2002
1	central	worker-cs-7	Label-C	2002
1	central	worker-cs-7	Label-C	2002
1	central	worker-cs-7	Label-C	2003
1	central	worker-cs-7	Label-C	2002
1	central	worker-cs-7	Label-C	2002
1	central	worker-cs-7	Label-C	2001
1	central	worker-cs-7	Label-C	2002
1	central	worker-cs-7	Label-C	2004
1	central	worker-cs-7	Label-C	2001
1	central	worker-cs-7	Label-C	2001
1	central	worker-cs-7	Label-C	2001
1	central	worker-cs-7	Label-C	2002
1	central	worker-cs-7	Label-C	2002
1	central	worker-cs-7	Label-C	2001
1	central	worker-cs-7	Label-C	2002
1	central	worker-cs-7	Label-C	2001
1	central	worker-cs-7	Label-C	2001
1	central	worker-cs-7	Label-C	2001
1	central	worker-cs-7	Label-C	2000
1	central	worker-cs-7	Label-C	2002
1	central	worker-cs-7	Label-C	2002
1	central	worker-cs-7	Label-C	2001
1	central	worker-cs-7	Label-C	2009
1	central	worker-cs-7	Label-C	2001
1	central	worker-cs-7	Label-C	2002
1	central	worker-cs-7	Label-C	2002
1	central	worker-cs-7	Label-C	2001
1	central	worker-cs-7	Label-C	2001
1	central	worker-cs-7	Label-C	2002
1	central	worker-cs-7	Label-C	2001
1	central	worker-cs-7	Label-C	2002
1	central	worker-cs-7	Label-C	2002
1	central	worker-cs-7	Label-C	2001
1	central	worker-cs-7	Label-C	2002
1	central	worker-cs-7	Label-C	2002
1	central	worker-cs-7	Label-C	2003
1	central	worker-cs-7	Label-C	2001
1	central	worker-cs-7	Label-C	2001
1	central	worker-cs-7	Label-C	2001
1	central	worker-cs-7	Label-C	2002
1	central	worker-cs-7	Label-C	2001
1	central	worker-cs-7	Label-C	2001
1	central	worker-cs-7	Label-C	2002
1	central	worker-cs-7	Label-C	2001
1	central	worker-cs-7	Label-C	2002
1	central	worker-cs-7	Label-C	2001
1	central	worker-cs-7	Label-C	2002
1	central	worker-cs-7	Label-C	2001
1	central	worker-cs-7	Label-C	2001
1	central	worker-cs-7	Label-C	2001
1	central	worker-cs-7	Label-C	2002
1	central	worker-cs-7	Label-C	2002
1	central	worker-cs-7	Label-C	2002
1	central	worker-cs-7	Label-C	2002
1	central	worker-cs-7	Label-C	2005
1	central	worker-cs-7	Label-C	2002
1	central	worker-cs-7	Label-C	2003
1	central	worker-cs-7	Label-C	2003
1	central	worker-cs-7	Label-C	2001
1	central	worker-cs-7	Label-C	2003
1	central	worker-cs-7	Label-C	2002
1	central	worker-cs-7	Label-C	2002
1	central	worker-cs-7	Label-C	2002
1	central	worker-cs-7	Label-C	2003
1	central	worker-cs-7	Label-C	2002
1	central	worker-cs-7	Label-C	2001
1	central	worker-cs-7	Label-C	2001
1	central	worker-cs-7	Label-C	2002
1	central	worker-cs-7	Label-C	2002
1	central	worker-cs-7	Label-C	2002
1	central	worker-cs-7	Label-C	2002
1	central	worker-cs-7	Label-C	2001
1	central	worker-cs-7	Label-C	2001
1	central	worker-cs-7	Label-C	2002
1	central	worker-cs-7	Label-C	2002
1	central	worker-cs-7	Label-C	2002
1	central	worker-cs-7	Label-C	2002
1	central	worker-cs-7	Label-C	2000
1	central	worker-cs-7	Label-C	2002
1	central	worker-cs-7	Label-C	2002
1	central	worker-cs-7	Label-C	2001
1	central	worker-cs-7	Label-C	2001
1	central	worker-cs-7	Label-C	2002
1	central	worker-cs-7	Label-C	2002
1	central	worker-cs-7	Label-C	2001
1	central	worker-cs-7	Label-C	2012
1	central	worker-cs-7	Label-C	2002
1	central	worker-cs-7	Label-C	2000
1	central	worker-cs-7	Label-C	2001
1	central	worker-cs-7	Label-C	2002
1	central	worker-cs-7	Label-C	2001
1	central	worker-cs-7	Label-C	2001
1	central	worker-cs-7	Label-C	2003
1	central	worker-cs-7	Label-C	2002
1	central	worker-cs-7	Label-C	2002
1	central	worker-cs-7	Label-C	2002
1	central	worker-cs-7	Label-C	2003
1	central	worker-cs-7	Label-C	2005
1	central	worker-cs-7	Label-C	2007
1	central	worker-cs-7	Label-C	2004
1	central	worker-cs-7	Label-C	2001
1	central	worker-cs-7	Label-C	2002
1	central	worker-cs-7	Label-C	2001
1	central	worker-cs-7	Label-C	2002
1	central	worker-cs-7	Label-C	2001
1	central	worker-cs-7	Label-C	2002
1	central	worker-cs-7	Label-C	2002
1	central	worker-cs-7	Label-C	2002
1	central	worker-cs-7	Label-C	2001
1	central	worker-cs-7	Label-C	2002
1	central	worker-cs-7	Label-C	2002
1	central	worker-cs-7	Label-C	2001
1	central	worker-cs-7	Label-C	2002
1	central	worker-cs-7	Label-C	2002
1	central	worker-cs-7	Label-C	2001
1	central	worker-cs-7	Label-C	2001
1	central	worker-cs-7	Label-C	2002
1	central	worker-cs-7	Label-C	2002
1	central	worker-cs-7	Label-C	2004
1	central	worker-cs-7	Label-C	2001
1	central	worker-cs-7	Label-C	2001
1	central	worker-cs-7	Label-C	2002
1	central	worker-cs-7	Label-C	2001
1	central	worker-cs-7	Label-C	2001
1	central	worker-cs-7	Label-C	2002
1	central	worker-cs-7	Label-C	2002
1	central	worker-cs-7	Label-C	2002
1	central	worker-cs-7	Label-C	2001
1	central	worker-cs-7	Label-C	2001
1	central	worker-cs-7	Label-C	2002
1	central	worker-cs-7	Label-C	2002
1	central	worker-cs-7	Label-C	2002
1	central	worker-cs-7	Label-C	2002
1	central	worker-cs-7	Label-C	2002
1	central	worker-cs-7	Label-C	2001
1	central	worker-cs-7	Label-C	2002
1	central	worker-cs-7	Label-C	2002
1	central	worker-cs-7	Label-C	2002
1	central	worker-cs-7	Label-C	2002
1	central	worker-cs-7	Label-C	2002
1	central	worker-cs-7	Label-C	2002
1	central	worker-cs-7	Label-C	2004
1	central	worker-cs-7	Label-C	2003
1	central	worker-cs-7	Label-C	2001
1	central	worker-cs-7	Label-C	2001
1	central	worker-cs-7	Label-C	2001
1	central	worker-cs-7	Label-C	2002
1	central	worker-cs-7	Label-C	2001
1	central	worker-cs-7	Label-C	2001
1	central	worker-cs-7	Label-C	2003
1	central	worker-cs-7	Label-C	2001
1	central	worker-cs-7	Label-C	2000
1	central	worker-cs-7	Label-C	2002
1	central	worker-cs-7	Label-C	2002
1	central	worker-cs-7	Label-C	2000
1	central	worker-cs-7	Label-C	2001
1	central	worker-cs-7	Label-C	2001
1	central	worker-cs-7	Label-C	2002
1	central	worker-cs-7	Label-C	2003
1	central	worker-cs-7	Label-C	2002
1	central	worker-cs-7	Label-C	2002
1	central	worker-cs-7	Label-C	2002
1	central	worker-cs-7	Label-C	2001
1	central	worker-cs-7	Label-C	2002
1	central	worker-cs-7	Label-C	2002
1	central	worker-cs-7	Label-C	2001
1	central	worker-cs-7	Label-C	2001
1	central	worker-cs-7	Label-C	2001
1	central	worker-cs-7	Label-C	2002
1	central	worker-cs-7	Label-C	2005
1	central	worker-cs-7	Label-C	2002
1	central	worker-cs-7	Label-C	2006
1	central	worker-cs-7	Label-C	2002
1	central	worker-cs-7	Label-C	2002
1	central	worker-cs-7	Label-C	2001
1	central	worker-cs-7	Label-C	2006
1	central	worker-cs-7	Label-C	2002
1	central	worker-cs-7	Label-C	2002
1	central	worker-cs-7	Label-C	2002
1	central	worker-cs-7	Label-C	2002
1	central	worker-cs-7	Label-C	2001
1	central	worker-cs-7	Label-C	2002
1	central	worker-cs-7	Label-C	2002
1	central	worker-cs-7	Label-C	2002
1	central	worker-cs-7	Label-C	2001
1	central	worker-cs-7	Label-C	2002
1	central	worker-cs-7	Label-C	2001
1	central	worker-cs-7	Label-C	2001
1	central	worker-cs-7	Label-C	2003
1	central	worker-cs-7	Label-C	2002
1	central	worker-cs-7	Label-C	2002
1	central	worker-cs-7	Label-C	2002
1	central	worker-cs-7	Label-C	2002
1	central	worker-cs-7	Label-C	2002
1	central	worker-cs-7	Label-C	2002
1	central	worker-cs-7	Label-C	2002
1	central	worker-cs-7	Label-C	2001
1	central	worker-cs-7	Label-C	2003
1	central	worker-cs-7	Label-C	2001
1	central	worker-cs-7	Label-C	2002
1	central	worker-cs-7	Label-C	2001
1	central	worker-cs-7	Label-C	2002
1	central	worker-cs-7	Label-C	2002
1	central	worker-cs-7	Label-C	2001
1	central	worker-cs-7	Label-C	2001
1	central	worker-cs-7	Label-C	2001
1	central	worker-cs-7	Label-C	2002
1	central	worker-cs-7	Label-C	2002
1	central	worker-cs-7	Label-C	2005
1	central	worker-cs-7	Label-C	2002
1	central	worker-cs-7	Label-C	2002
1	central	worker-cs-7	Label-C	2001
1	central	worker-cs-7	Label-C	2002
1	central	worker-cs-7	Label-C	2002
1	central	worker-cs-7	Label-C	2002
1	central	worker-cs-7	Label-C	2001
1	central	worker-cs-7	Label-C	2002
1	central	worker-cs-7	Label-C	2001
1	central	worker-cs-7	Label-C	2000
1	central	worker-cs-7	Label-C	2002
1	central	worker-cs-7	Label-C	2002
1	central	worker-cs-7	Label-C	2002
1	central	worker-cs-7	Label-C	2002
1	central	worker-cs-7	Label-C	2001
1	central	worker-cs-7	Label-C	2001
1	central	worker-cs-7	Label-C	2002
1	central	worker-cs-7	Label-C	2001
1	central	worker-cs-7	Label-C	2001
1	central	worker-cs-7	Label-C	2002
1	central	worker-cs-7	Label-C	2001
1	central	worker-cs-7	Label-C	2001
1	central	worker-cs-7	Label-C	2002
1	central	worker-cs-7	Label-C	2001
1	central	worker-cs-7	Label-C	2003
1	central	worker-cs-7	Label-C	2001
1	central	worker-cs-7	Label-C	2002
1	central	worker-cs-7	Label-C	2001
1	central	worker-cs-7	Label-C	2001
1	central	worker-cs-7	Label-C	2002
1	central	worker-cs-7	Label-C	2002
1	central	worker-cs-7	Label-C	2001
1	central	worker-cs-7	Label-C	2003
1	central	worker-cs-7	Label-C	2001
1	central	worker-cs-7	Label-C	2001
1	central	worker-cs-7	Label-C	2001
1	central	worker-cs-7	Label-C	2002
1	central	worker-cs-7	Label-C	2002
1	central	worker-cs-7	Label-C	2001
1	central	worker-cs-7	Label-C	2001
1	central	worker-cs-7	Label-C	2002
1	central	worker-cs-7	Label-C	2001
1	central	worker-cs-7	Label-C	2001
1	central	worker-cs-7	Label-C	2002
1	central	worker-cs-7	Label-C	2001
1	central	worker-cs-7	Label-C	2004
1	central	worker-cs-7	Label-C	2001
1	central	worker-cs-7	Label-C	2001
1	central	worker-cs-7	Label-C	2002
1	central	worker-cs-7	Label-C	2002
1	central	worker-cs-7	Label-C	2002
1	central	worker-cs-7	Label-C	2002
1	central	worker-cs-7	Label-C	2001
1	central	worker-cs-7	Label-C	2002
1	central	worker-cs-7	Label-C	2001
1	central	worker-cs-7	Label-C	2002
1	central	worker-cs-7	Label-C	2002
1	central	worker-cs-7	Label-C	2002
1	central	worker-cs-7	Label-C	2001
1	central	worker-cs-7	Label-C	2001
1	central	worker-cs-7	Label-C	2002
1	central	worker-cs-7	Label-C	2002
1	central	worker-cs-7	Label-C	2002
1	central	worker-cs-7	Label-C	2001
1	central	worker-cs-7	Label-C	2001
1	central	worker-cs-7	Label-C	2002
1	central	worker-cs-7	Label-C	2001
1	central	worker-cs-7	Label-C	2002
1	central	worker-cs-7	Label-C	2001
1	central	worker-cs-7	Label-C	2002
1	central	worker-cs-7	Label-C	2001
1	central	worker-cs-7	Label-C	2002
1	central	worker-cs-7	Label-C	2001
1	central	worker-cs-7	Label-C	2001
1	central	worker-cs-7	Label-C	2001
1	central	worker-cs-7	Label-C	2001
1	central	worker-cs-7	Label-C	2001
1	central	worker-cs-7	Label-C	2002
1	central	worker-cs-7	Label-C	2001
1	central	worker-cs-7	Label-C	2001
1	central	worker-cs-7	Label-C	2002
1	central	worker-cs-7	Label-C	2001
1	central	worker-cs-7	Label-C	2002
1	central	worker-cs-7	Label-C	2002
1	central	worker-cs-7	Label-C	2002
1	central	worker-cs-7	Label-C	2002
1	central	worker-cs-7	Label-C	2002
1	central	worker-cs-7	Label-C	2002
1	central	worker-cs-7	Label-C	2001
1	central	worker-cs-7	Label-C	2001
1	central	worker-cs-7	Label-C	2002
1	central	worker-cs-7	Label-C	2002
1	central	worker-cs-7	Label-C	2002
1	central	worker-cs-7	Label-C	2002
1	central	worker-cs-7	Label-C	2002
1	central	worker-cs-7	Label-C	2001
1	central	worker-cs-7	Label-C	2001
1	central	worker-cs-7	Label-C	2001
1	central	worker-cs-7	Label-C	2001
1	central	worker-cs-7	Label-C	2001
1	central	worker-cs-7	Label-C	2002
1	central	worker-cs-7	Label-C	2001
1	central	worker-cs-7	Label-C	2001
1	central	worker-cs-7	Label-C	2001
1	central	worker-cs-7	Label-C	2002
1	central	worker-cs-7	Label-C	2001
1	central	worker-cs-7	Label-C	2002
1	central	worker-cs-7	Label-C	2002
1	central	worker-cs-7	Label-C	2002
1	central	worker-cs-7	Label-C	2008
1	central	worker-cs-7	Label-C	2002
1	central	worker-cs-7	Label-C	2002
1	central	worker-cs-7	Label-C	2003
1	central	worker-cs-7	Label-C	2001
1	central	worker-cs-7	Label-C	2001
1	central	worker-cs-7	Label-C	2003
1	central	worker-cs-7	Label-C	2003
1	central	worker-cs-7	Label-C	2001
1	central	worker-cs-7	Label-C	2002
1	central	worker-cs-7	Label-C	2002
1	central	worker-cs-7	Label-C	2002
1	central	worker-cs-7	Label-C	2001
1	central	worker-cs-7	Label-C	2001
1	central	worker-cs-7	Label-C	2002
1	central	worker-cs-7	Label-C	2002
1	central	worker-cs-7	Label-C	2002
1	central	worker-cs-7	Label-C	2000
1	central	worker-cs-7	Label-C	2002
1	central	worker-cs-7	Label-C	2001
1	central	worker-cs-7	Label-C	2002
1	central	worker-cs-7	Label-C	2001
1	central	worker-cs-7	Label-C	2003
1	central	worker-cs-7	Label-C	2002
1	central	worker-cs-7	Label-C	2001
1	central	worker-cs-7	Label-C	2002
1	central	worker-cs-7	Label-C	2002
1	central	worker-cs-7	Label-C	2001
1	central	worker-cs-7	Label-C	2001
1	central	worker-cs-7	Label-C	2001
1	central	worker-cs-7	Label-C	2002
1	central	worker-cs-7	Label-C	2002
1	central	worker-cs-7	Label-C	2003
1	central	worker-cs-7	Label-C	2001
1	central	worker-cs-7	Label-C	2001
1	central	worker-cs-7	Label-C	2002
1	central	worker-cs-7	Label-C	2002
1	central	worker-cs-7	Label-C	2001
1	central	worker-cs-7	Label-C	2002
1	central	worker-cs-7	Label-C	2001
1	central	worker-cs-7	Label-C	2002
1	central	worker-cs-7	Label-C	2002
1	central	worker-cs-7	Label-C	2001
1	central	worker-cs-7	Label-C	2001
1	central	worker-cs-7	Label-C	2001
1	central	worker-cs-7	Label-C	2003
1	central	worker-cs-7	Label-C	2002
1	central	worker-cs-7	Label-C	2001
1	central	worker-cs-7	Label-C	2000
1	central	worker-cs-7	Label-C	2001
1	central	worker-cs-7	Label-C	2001
1	central	worker-cs-7	Label-C	2002
1	central	worker-cs-7	Label-C	2001
1	central	worker-cs-7	Label-C	2002
1	central	worker-cs-7	Label-C	2000
1	central	worker-cs-7	Label-C	2001
1	central	worker-cs-7	Label-C	2001
1	central	worker-cs-7	Label-C	2002
1	central	worker-cs-7	Label-C	2002
1	central	worker-cs-7	Label-C	2002
1	central	worker-cs-7	Label-C	2001
1	central	worker-cs-7	Label-C	2001
1	central	worker-cs-7	Label-C	2001
1	central	worker-cs-7	Label-C	2001
1	central	worker-cs-7	Label-C	2001
1	central	worker-cs-7	Label-C	2001
1	central	worker-cs-7	Label-C	2001
1	central	worker-cs-7	Label-C	2001
1	central	worker-cs-7	Label-C	2001
1	central	worker-cs-7	Label-C	2001
1	central	worker-cs-7	Label-C	2001
1	central	worker-cs-7	Label-C	2002
1	central	worker-cs-7	Label-C	2002
1	central	worker-cs-7	Label-C	2001
1	central	worker-cs-7	Label-C	2002
1	central	worker-cs-7	Label-C	2002
1	central	worker-cs-7	Label-C	2005
1	central	worker-cs-7	Label-C	2001
1	central	worker-cs-7	Label-C	2002
1	central	worker-cs-7	Label-C	2000
1	central	worker-cs-7	Label-C	2001
1	central	worker-cs-7	Label-C	2001
1	central	worker-cs-7	Label-C	2001
1	central	worker-cs-7	Label-C	2002
1	central	worker-cs-7	Label-C	2002
1	central	worker-cs-7	Label-C	2002
1	central	worker-cs-7	Label-C	2001
1	central	worker-cs-7	Label-C	2001
1	central	worker-cs-7	Label-C	2001
1	central	worker-cs-7	Label-C	2002
1	central	worker-cs-7	Label-C	2001
1	central	worker-cs-7	Label-C	2002
1	central	worker-cs-7	Label-C	2001
1	central	worker-cs-7	Label-C	2003
1	central	worker-cs-7	Label-C	2001
1	central	worker-cs-7	Label-C	2002
1	central	worker-cs-7	Label-C	2001
1	central	worker-cs-7	Label-C	2001
1	central	worker-cs-7	Label-C	2002
1	central	worker-cs-7	Label-C	2002
1	central	worker-cs-7	Label-C	2002
1	central	worker-cs-7	Label-C	2001
1	central	worker-cs-7	Label-C	2001
1	central	worker-cs-7	Label-C	2002
1	central	worker-cs-7	Label-C	2002
1	central	worker-cs-7	Label-C	2002
1	central	worker-cs-7	Label-C	2002
1	central	worker-cs-7	Label-C	2002
1	central	worker-cs-7	Label-C	2001
1	central	worker-cs-7	Label-C	2002
1	central	worker-cs-7	Label-C	2001
1	central	worker-cs-7	Label-C	2002
1	central	worker-cs-7	Label-C	2002
1	central	worker-cs-7	Label-C	2003
1	central	worker-cs-7	Label-C	2003
1	central	worker-cs-7	Label-C	2003
1	central	worker-cs-7	Label-C	2002
1	central	worker-cs-7	Label-C	2002
1	central	worker-cs-7	Label-C	2002
1	central	worker-cs-7	Label-C	2001
1	central	worker-cs-7	Label-C	2002
1	central	worker-cs-7	Label-C	2001
1	central	worker-cs-7	Label-C	2001
1	central	worker-cs-7	Label-C	2002
1	central	worker-cs-7	Label-C	2002
1	central	worker-cs-7	Label-C	2002
1	central	worker-cs-7	Label-C	2002
1	central	worker-cs-7	Label-C	2001
1	central	worker-cs-7	Label-C	2002
1	central	worker-cs-7	Label-C	2002
1	central	worker-cs-7	Label-C	2002
1	central	worker-cs-7	Label-C	2002
1	central	worker-cs-7	Label-C	2002
1	central	worker-cs-7	Label-C	2002
1	central	worker-cs-7	Label-C	2002
1	central	worker-cs-7	Label-C	2002
1	central	worker-cs-7	Label-C	2003
1	central	worker-cs-7	Label-C	2001
1	central	worker-cs-7	Label-C	2003
1	central	worker-cs-7	Label-C	2002
1	central	worker-cs-7	Label-C	2000
1	central	worker-cs-7	Label-C	2001
1	central	worker-cs-7	Label-C	2005
1	central	worker-cs-7	Label-C	2002
1	central	worker-cs-7	Label-C	2002
1	central	worker-cs-7	Label-C	2001
1	central	worker-cs-7	Label-C	2002
1	central	worker-cs-7	Label-C	2002
1	central	worker-cs-7	Label-C	2002
1	central	worker-cs-7	Label-C	2001
1	central	worker-cs-7	Label-C	2001
1	central	worker-cs-7	Label-C	2001
1	central	worker-cs-7	Label-C	2002
1	central	worker-cs-7	Label-C	2001
1	central	worker-cs-7	Label-C	2003
1	central	worker-cs-7	Label-C	2001
1	central	worker-cs-7	Label-C	2001
1	central	worker-cs-7	Label-C	2002
1	central	worker-cs-7	Label-C	2002
1	central	worker-cs-7	Label-C	2001
1	central	worker-cs-7	Label-C	2001
1	central	worker-cs-7	Label-C	2001
1	central	worker-cs-7	Label-C	2001
1	central	worker-cs-7	Label-C	2001
1	central	worker-cs-7	Label-C	2007
1	central	worker-cs-7	Label-C	2001
1	central	worker-cs-7	Label-C	2002
1	central	worker-cs-7	Label-C	2002
1	central	worker-cs-7	Label-C	2005
1	central	worker-cs-7	Label-C	2001
1	central	worker-cs-7	Label-C	2002
1	central	worker-cs-7	Label-C	2001
1	central	worker-cs-7	Label-C	2001
1	central	worker-cs-7	Label-C	2002
1	central	worker-cs-7	Label-C	2002
1	central	worker-cs-7	Label-C	2002
1	central	worker-cs-7	Label-C	2002
1	central	worker-cs-7	Label-C	2001
1	central	worker-cs-7	Label-C	2001
1	central	worker-cs-7	Label-C	2002
1	central	worker-cs-7	Label-C	2002
1	central	worker-cs-7	Label-C	2001
1	central	worker-cs-7	Label-C	2002
1	central	worker-cs-7	Label-C	2002
1	central	worker-cs-7	Label-C	2001
1	central	worker-cs-7	Label-C	2003
1	central	worker-cs-7	Label-C	2001
1	central	worker-cs-7	Label-C	2003
1	central	worker-cs-7	Label-C	2004
1	central	worker-cs-7	Label-C	2002
1	central	worker-cs-7	Label-C	2002
1	central	worker-cs-7	Label-C	2000
1	central	worker-cs-7	Label-C	2002
1	central	worker-cs-7	Label-C	2002
1	central	worker-cs-7	Label-C	2001
1	central	worker-cs-7	Label-C	2002
1	central	worker-cs-7	Label-C	2001
1	central	worker-cs-7	Label-C	2002
1	central	worker-cs-7	Label-C	2003
1	central	worker-cs-7	Label-C	2001
1	central	worker-cs-7	Label-C	2001
1	central	worker-cs-7	Label-C	2002
1	central	worker-cs-7	Label-C	2001
1	central	worker-cs-7	Label-C	2001
1	central	worker-cs-7	Label-C	2002
1	central	worker-cs-7	Label-C	2002
1	central	worker-cs-7	Label-C	2001
1	central	worker-cs-7	Label-C	2001
1	central	worker-cs-7	Label-C	2002
1	central	worker-cs-7	Label-C	2002
1	central	worker-cs-7	Label-C	2002
1	central	worker-cs-7	Label-C	2001
1	central	worker-cs-7	Label-C	2001
1	central	worker-cs-7	Label-C	2001
1	central	worker-cs-7	Label-C	2002
1	central	worker-cs-7	Label-C	2002
1	central	worker-cs-7	Label-C	2002
1	central	worker-cs-7	Label-C	2002
1	central	worker-cs-7	Label-C	2002
1	central	worker-cs-7	Label-C	2002
1	central	worker-cs-7	Label-C	2002
1	central	worker-cs-7	Label-C	2002
1	central	worker-cs-7	Label-C	2002
1	central	worker-cs-7	Label-C	2002
1	central	worker-cs-7	Label-C	2002
1	central	worker-cs-7	Label-C	2001
1	central	worker-cs-7	Label-C	2001
1	central	worker-cs-7	Label-C	2000
1	central	worker-cs-7	Label-C	2001
1	central	worker-cs-7	Label-C	2002
1	central	worker-cs-7	Label-C	2002
1	central	worker-cs-7	Label-C	2004
1	central	worker-cs-7	Label-C	2002
1	central	worker-cs-7	Label-C	2001
1	central	worker-cs-7	Label-C	2002
1	central	worker-cs-7	Label-C	2001
1	central	worker-cs-7	Label-C	2002
1	central	worker-cs-7	Label-C	2000
1	central	worker-cs-7	Label-C	2002
1	central	worker-cs-7	Label-C	2002
1	central	worker-cs-7	Label-C	2001
1	central	worker-cs-7	Label-C	2001
1	central	worker-cs-7	Label-C	2001
1	central	worker-cs-7	Label-C	2003
1	central	worker-cs-7	Label-C	2002
1	central	worker-cs-7	Label-C	2002
1	central	worker-cs-7	Label-C	2002
1	central	worker-cs-7	Label-C	2002
1	central	worker-cs-7	Label-C	2002
1	central	worker-cs-7	Label-C	2001
1	central	worker-cs-7	Label-C	2001
1	central	worker-cs-7	Label-C	2002
1	central	worker-cs-7	Label-C	2002
1	central	worker-cs-7	Label-C	2000
1	central	worker-cs-7	Label-C	2001
1	central	worker-cs-7	Label-C	2001
1	central	worker-cs-7	Label-C	2001
1	central	worker-cs-7	Label-C	2001
1	central	worker-cs-7	Label-C	2002
1	central	worker-cs-7	Label-C	2001
1	central	worker-cs-7	Label-C	2002
1	central	worker-cs-7	Label-C	2002
1	central	worker-cs-7	Label-C	2002
1	central	worker-cs-7	Label-C	2001
1	central	worker-cs-7	Label-C	2004
1	central	worker-cs-7	Label-C	2001
1	central	worker-cs-7	Label-C	2002
1	central	worker-cs-7	Label-C	2003
1	central	worker-cs-7	Label-C	2001
1	central	worker-cs-7	Label-C	2002
1	central	worker-cs-8	Label-D	2002
1	central	worker-cs-8	Label-D	2008
1	central	worker-cs-8	Label-D	2003
1	central	worker-cs-8	Label-D	2003
1	central	worker-cs-8	Label-D	2002
1	central	worker-cs-8	Label-D	2003
1	central	worker-cs-8	Label-D	180003
1	central	worker-cs-8	Label-D	2003
1	central	worker-cs-8	Label-D	2002
1	central	worker-cs-8	Label-D	2003
1	central	worker-cs-8	Label-D	2003
1	central	worker-cs-8	Label-D	2004
1	central	worker-cs-8	Label-D	2003
1	central	worker-cs-8	Label-D	2003
1	central	worker-cs-8	Label-D	2001
1	central	worker-cs-8	Label-D	2002
1	central	worker-cs-8	Label-D	2003
1	central	worker-cs-8	Label-D	2002
1	central	worker-cs-8	Label-D	2001
1	central	worker-cs-8	Label-D	2003
1	central	worker-cs-8	Label-D	2002
1	central	worker-cs-8	Label-D	2003
1	central	worker-cs-8	Label-D	2003
1	central	worker-cs-8	Label-D	2003
1	central	worker-cs-8	Label-D	2002
1	central	worker-cs-8	Label-D	2002
1	central	worker-cs-8	Label-D	2003
1	central	worker-cs-8	Label-D	2003
1	central	worker-cs-8	Label-D	2004
1	central	worker-cs-8	Label-D	2003
1	central	worker-cs-8	Label-D	2003
1	central	worker-cs-8	Label-D	2003
1	central	worker-cs-8	Label-D	2002
1	central	worker-cs-8	Label-D	2002
1	central	worker-cs-8	Label-D	2003
1	central	worker-cs-8	Label-D	2002
1	central	worker-cs-8	Label-D	2002
1	central	worker-cs-8	Label-D	2007
1	central	worker-cs-8	Label-D	2002
1	central	worker-cs-8	Label-D	2002
1	central	worker-cs-8	Label-D	2003
1	central	worker-cs-8	Label-D	2002
1	central	worker-cs-8	Label-D	2003
1	central	worker-cs-8	Label-D	2004
1	central	worker-cs-8	Label-D	2005
1	central	worker-cs-8	Label-D	2003
1	central	worker-cs-8	Label-D	2002
1	central	worker-cs-8	Label-D	2002
1	central	worker-cs-8	Label-D	2002
1	central	worker-cs-8	Label-D	2002
1	central	worker-cs-8	Label-D	2003
1	central	worker-cs-8	Label-D	2001
1	central	worker-cs-8	Label-D	2003
1	central	worker-cs-8	Label-D	2001
1	central	worker-cs-8	Label-D	2002
1	central	worker-cs-8	Label-D	2003
1	central	worker-cs-8	Label-D	2005
1	central	worker-cs-8	Label-D	2002
1	central	worker-cs-8	Label-D	2002
1	central	worker-cs-8	Label-D	2002
1	central	worker-cs-8	Label-D	2002
1	central	worker-cs-8	Label-D	2002
1	central	worker-cs-8	Label-D	2003
1	central	worker-cs-8	Label-D	2002
1	central	worker-cs-8	Label-D	2002
1	central	worker-cs-8	Label-D	2002
1	central	worker-cs-8	Label-D	2003
1	central	worker-cs-8	Label-D	2003
1	central	worker-cs-8	Label-D	2002
1	central	worker-cs-8	Label-D	2002
1	central	worker-cs-8	Label-D	2003
1	central	worker-cs-8	Label-D	2002
1	central	worker-cs-8	Label-D	2001
1	central	worker-cs-8	Label-D	2004
1	central	worker-cs-8	Label-D	2002
1	central	worker-cs-8	Label-D	2004
1	central	worker-cs-8	Label-D	2011
1	central	worker-cs-8	Label-D	2003
1	central	worker-cs-8	Label-D	2003
1	central	worker-cs-8	Label-D	2003
1	central	worker-cs-8	Label-D	2003
1	central	worker-cs-8	Label-D	2002
1	central	worker-cs-8	Label-D	2002
1	central	worker-cs-8	Label-D	2003
1	central	worker-cs-8	Label-D	2002
1	central	worker-cs-8	Label-D	2003
1	central	worker-cs-8	Label-D	2004
1	central	worker-cs-8	Label-D	2003
1	central	worker-cs-8	Label-D	2010
1	central	worker-cs-8	Label-D	2002
1	central	worker-cs-8	Label-D	2002
1	central	worker-cs-8	Label-D	2005
1	central	worker-cs-8	Label-D	2003
1	central	worker-cs-8	Label-D	2002
1	central	worker-cs-8	Label-D	2003
1	central	worker-cs-8	Label-D	2002
1	central	worker-cs-8	Label-D	2007
1	central	worker-cs-8	Label-D	2002
1	central	worker-cs-8	Label-D	2003
1	central	worker-cs-8	Label-D	2003
1	central	worker-cs-8	Label-D	2002
1	central	worker-cs-8	Label-D	2002
1	central	worker-cs-8	Label-D	2003
1	central	worker-cs-8	Label-D	2002
1	central	worker-cs-8	Label-D	2003
1	central	worker-cs-8	Label-D	2002
1	central	worker-cs-8	Label-D	2003
1	central	worker-cs-8	Label-D	2002
1	central	worker-cs-8	Label-D	2003
1	central	worker-cs-8	Label-D	2003
1	central	worker-cs-8	Label-D	2003
1	central	worker-cs-8	Label-D	2003
1	central	worker-cs-8	Label-D	2001
1	central	worker-cs-8	Label-D	2002
1	central	worker-cs-8	Label-D	2001
1	central	worker-cs-8	Label-D	2002
1	central	worker-cs-8	Label-D	2002
1	central	worker-cs-8	Label-D	2002
1	central	worker-cs-8	Label-D	2001
1	central	worker-cs-8	Label-D	2002
1	central	worker-cs-8	Label-D	2005
1	central	worker-cs-8	Label-D	2002
1	central	worker-cs-8	Label-D	2003
1	central	worker-cs-8	Label-D	2002
1	central	worker-cs-8	Label-D	2001
1	central	worker-cs-8	Label-D	2002
1	central	worker-cs-8	Label-D	2002
1	central	worker-cs-8	Label-D	2002
1	central	worker-cs-8	Label-D	2002
1	central	worker-cs-8	Label-D	2003
1	central	worker-cs-8	Label-D	2003
1	central	worker-cs-8	Label-D	2002
1	central	worker-cs-8	Label-D	2002
1	central	worker-cs-8	Label-D	2002
1	central	worker-cs-8	Label-D	2005
1	central	worker-cs-8	Label-D	2002
1	central	worker-cs-8	Label-D	2001
1	central	worker-cs-8	Label-D	2002
1	central	worker-cs-8	Label-D	2002
1	central	worker-cs-8	Label-D	2002
1	central	worker-cs-8	Label-D	2002
1	central	worker-cs-8	Label-D	2002
1	central	worker-cs-8	Label-D	2002
1	central	worker-cs-8	Label-D	2002
1	central	worker-cs-8	Label-D	2003
1	central	worker-cs-8	Label-D	2003
1	central	worker-cs-8	Label-D	2004
1	central	worker-cs-8	Label-D	2002
1	central	worker-cs-8	Label-D	2003
1	central	worker-cs-8	Label-D	2002
1	central	worker-cs-8	Label-D	2001
1	central	worker-cs-8	Label-D	2002
1	central	worker-cs-8	Label-D	2003
1	central	worker-cs-8	Label-D	2001
1	central	worker-cs-8	Label-D	2002
1	central	worker-cs-8	Label-D	2003
1	central	worker-cs-8	Label-D	2002
1	central	worker-cs-8	Label-D	2002
1	central	worker-cs-8	Label-D	2002
1	central	worker-cs-8	Label-D	2003
1	central	worker-cs-8	Label-D	2003
1	central	worker-cs-8	Label-D	2002
1	central	worker-cs-8	Label-D	2003
1	central	worker-cs-8	Label-D	2002
1	central	worker-cs-8	Label-D	2002
1	central	worker-cs-8	Label-D	2003
1	central	worker-cs-8	Label-D	2004
1	central	worker-cs-8	Label-D	2002
1	central	worker-cs-8	Label-D	2003
1	central	worker-cs-8	Label-D	2002
1	central	worker-cs-8	Label-D	2002
1	central	worker-cs-8	Label-D	2002
1	central	worker-cs-8	Label-D	2003
1	central	worker-cs-8	Label-D	2002
1	central	worker-cs-8	Label-D	2002
1	central	worker-cs-8	Label-D	2003
1	central	worker-cs-8	Label-D	2002
1	central	worker-cs-8	Label-D	2002
1	central	worker-cs-8	Label-D	2003
1	central	worker-cs-8	Label-D	2002
1	central	worker-cs-8	Label-D	2001
1	central	worker-cs-8	Label-D	2002
1	central	worker-cs-8	Label-D	2003
1	central	worker-cs-8	Label-D	2005
1	central	worker-cs-8	Label-D	2002
1	central	worker-cs-8	Label-D	2003
1	central	worker-cs-8	Label-D	2002
1	central	worker-cs-8	Label-D	2003
1	central	worker-cs-8	Label-D	2004
1	central	worker-cs-8	Label-D	2005
1	central	worker-cs-8	Label-D	2002
1	central	worker-cs-8	Label-D	2001
1	central	worker-cs-8	Label-D	2002
1	central	worker-cs-8	Label-D	2003
1	central	worker-cs-8	Label-D	2001
1	central	worker-cs-8	Label-D	2002
1	central	worker-cs-8	Label-D	2002
1	central	worker-cs-8	Label-D	2003
1	central	worker-cs-8	Label-D	2008
1	central	worker-cs-8	Label-D	2003
1	central	worker-cs-8	Label-D	2001
1	central	worker-cs-8	Label-D	2004
1	central	worker-cs-8	Label-D	2003
1	central	worker-cs-8	Label-D	2004
1	central	worker-cs-8	Label-D	2001
1	central	worker-cs-8	Label-D	2002
1	central	worker-cs-8	Label-D	2001
1	central	worker-cs-8	Label-D	2002
1	central	worker-cs-8	Label-D	2002
1	central	worker-cs-8	Label-D	2003
2	central	worker-cs-15	Label-B	2001
2	central	worker-cs-15	Label-B	2002
2	central	worker-cs-15	Label-B	2001
2	central	worker-cs-15	Label-B	2001
2	central	worker-cs-15	Label-B	2001
2	central	worker-cs-15	Label-B	2001
2	central	worker-cs-15	Label-B	2000
2	central	worker-cs-15	Label-B	2002
2	central	worker-cs-15	Label-B	2000
2	central	worker-cs-15	Label-B	2000
2	central	worker-cs-15	Label-B	2001
2	central	worker-cs-15	Label-B	2001
2	central	worker-cs-15	Label-B	2001
2	central	worker-cs-15	Label-B	2000
2	central	worker-cs-15	Label-B	2000
2	central	worker-cs-15	Label-B	2001
2	central	worker-cs-15	Label-B	2001
2	central	worker-cs-15	Label-B	2001
2	central	worker-cs-15	Label-B	2001
2	central	worker-cs-15	Label-B	2001
2	central	worker-cs-15	Label-B	2000
2	central	worker-cs-15	Label-B	2001
2	central	worker-cs-15	Label-B	2001
2	central	worker-cs-15	Label-B	2001
2	central	worker-cs-15	Label-B	2000
2	central	worker-cs-15	Label-B	2001
2	central	worker-cs-15	Label-B	2001
2	central	worker-cs-15	Label-B	2001
2	central	worker-cs-15	Label-B	2001
2	central	worker-cs-15	Label-B	2001
2	central	worker-cs-15	Label-B	2001
2	central	worker-cs-15	Label-B	2004
2	central	worker-cs-15	Label-B	2000
2	central	worker-cs-15	Label-B	2004
2	central	worker-cs-15	Label-B	2001
2	central	worker-cs-15	Label-B	2000
2	central	worker-cs-15	Label-B	2000
2	central	worker-cs-15	Label-B	2001
2	central	worker-cs-15	Label-B	2000
2	central	worker-cs-15	Label-B	2001
2	central	worker-cs-15	Label-B	2000
2	central	worker-cs-15	Label-B	2001
2	central	worker-cs-15	Label-B	2001
2	central	worker-cs-15	Label-B	2001
2	central	worker-cs-15	Label-B	2000
2	central	worker-cs-15	Label-B	2001
2	central	worker-cs-15	Label-B	2000
2	central	worker-cs-15	Label-B	2001
2	central	worker-cs-15	Label-B	2000
2	central	worker-cs-15	Label-B	2000
2	central	worker-cs-15	Label-B	2001
2	central	worker-cs-15	Label-B	2000
2	central	worker-cs-15	Label-B	2001
2	central	worker-cs-15	Label-B	2000
2	central	worker-cs-15	Label-B	2000
2	central	worker-cs-15	Label-B	2001
2	central	worker-cs-15	Label-B	2001
2	central	worker-cs-15	Label-B	2005
2	central	worker-cs-15	Label-B	2001
2	central	worker-cs-15	Label-B	2001
2	central	worker-cs-15	Label-B	2000
2	central	worker-cs-15	Label-B	2002
2	central	worker-cs-15	Label-B	2003
2	central	worker-cs-15	Label-B	2001
2	central	worker-cs-15	Label-B	2000
2	central	worker-cs-15	Label-B	2001
2	central	worker-cs-15	Label-B	2002
2	central	worker-cs-15	Label-B	2001
2	central	worker-cs-15	Label-B	2000
2	central	worker-cs-15	Label-B	2002
2	central	worker-cs-15	Label-B	2000
2	central	worker-cs-15	Label-B	2000
2	central	worker-cs-15	Label-B	2001
2	central	worker-cs-15	Label-B	2001
2	central	worker-cs-15	Label-B	2001
2	central	worker-cs-15	Label-B	2001
2	central	worker-cs-15	Label-B	2001
2	central	worker-cs-15	Label-B	2001
2	central	worker-cs-15	Label-B	2001
2	central	worker-cs-15	Label-B	2000
2	central	worker-cs-15	Label-B	2000
2	central	worker-cs-15	Label-B	2001
2	central	worker-cs-15	Label-B	2001
2	central	worker-cs-15	Label-B	2001
2	central	worker-cs-15	Label-B	2001
2	central	worker-cs-15	Label-B	2001
2	central	worker-cs-15	Label-B	2000
2	central	worker-cs-15	Label-B	2001
2	central	worker-cs-15	Label-B	2000
2	central	worker-cs-15	Label-B	2001
2	central	worker-cs-15	Label-B	2002
2	central	worker-cs-15	Label-B	2000
2	central	worker-cs-15	Label-B	2002
2	central	worker-cs-15	Label-B	2001
2	central	worker-cs-15	Label-B	2004
2	central	worker-cs-15	Label-B	2001
2	central	worker-cs-15	Label-B	2000
2	central	worker-cs-15	Label-B	1999
2	central	worker-cs-15	Label-B	2000
2	central	worker-cs-15	Label-B	2000
2	central	worker-cs-15	Label-B	1999
2	central	worker-cs-15	Label-B	2000
2	central	worker-cs-15	Label-B	2000
2	central	worker-cs-15	Label-B	2000
2	central	worker-cs-15	Label-B	1999
2	central	worker-cs-15	Label-B	2003
2	central	worker-cs-15	Label-B	2001
2	central	worker-cs-15	Label-B	2001
2	central	worker-cs-15	Label-B	2000
2	central	worker-cs-15	Label-B	2001
2	central	worker-cs-15	Label-B	2001
2	central	worker-cs-15	Label-B	2000
2	central	worker-cs-15	Label-B	2000
2	central	worker-cs-15	Label-B	2001
2	central	worker-cs-15	Label-B	2001
2	central	worker-cs-15	Label-B	2000
2	central	worker-cs-15	Label-B	2003
2	central	worker-cs-15	Label-B	2001
2	central	worker-cs-15	Label-B	2000
2	central	worker-cs-15	Label-B	2001
2	central	worker-cs-15	Label-B	2000
2	central	worker-cs-15	Label-B	2001
2	central	worker-cs-15	Label-B	2001
2	central	worker-cs-15	Label-B	2001
2	central	worker-cs-15	Label-B	2001
2	central	worker-cs-15	Label-B	2001
2	central	worker-cs-15	Label-B	2001
2	central	worker-cs-15	Label-B	2001
2	central	worker-cs-15	Label-B	2001
2	central	worker-cs-15	Label-B	2001
2	central	worker-cs-15	Label-B	2001
2	central	worker-cs-15	Label-B	2004
2	central	worker-cs-15	Label-B	2001
2	central	worker-cs-15	Label-B	2001
2	central	worker-cs-15	Label-B	2000
2	central	worker-cs-15	Label-B	2002
2	central	worker-cs-15	Label-B	2001
2	central	worker-cs-15	Label-B	2001
2	central	worker-cs-15	Label-B	2000
2	central	worker-cs-15	Label-B	2001
2	central	worker-cs-15	Label-B	2001
2	central	worker-cs-15	Label-B	2002
2	central	worker-cs-15	Label-B	2001
2	central	worker-cs-15	Label-B	2001
2	central	worker-cs-15	Label-B	2000
2	central	worker-cs-15	Label-B	2002
2	central	worker-cs-15	Label-B	2000
2	central	worker-cs-15	Label-B	2008
2	central	worker-cs-15	Label-B	2001
2	central	worker-cs-15	Label-B	2001
2	central	worker-cs-15	Label-B	2001
2	central	worker-cs-15	Label-B	2001
2	central	worker-cs-15	Label-B	2002
2	central	worker-cs-15	Label-B	2001
2	central	worker-cs-15	Label-B	2001
2	central	worker-cs-15	Label-B	2001
2	central	worker-cs-15	Label-B	2001
2	central	worker-cs-15	Label-B	2001
2	central	worker-cs-15	Label-B	2001
2	central	worker-cs-15	Label-B	2000
2	central	worker-cs-15	Label-B	2003
2	central	worker-cs-15	Label-B	2002
2	central	worker-cs-15	Label-B	2001
2	central	worker-cs-15	Label-B	2001
2	central	worker-cs-15	Label-B	2000
2	central	worker-cs-15	Label-B	2000
2	central	worker-cs-15	Label-B	2001
2	central	worker-cs-15	Label-B	2001
2	central	worker-cs-15	Label-B	1999
2	central	worker-cs-15	Label-B	2000
2	central	worker-cs-15	Label-B	1999
2	central	worker-cs-15	Label-B	2001
2	central	worker-cs-15	Label-B	2000
2	central	worker-cs-15	Label-B	2001
2	central	worker-cs-15	Label-B	2000
2	central	worker-cs-15	Label-B	2000
2	central	worker-cs-15	Label-B	2001
2	central	worker-cs-15	Label-B	2000
2	central	worker-cs-15	Label-B	2000
2	central	worker-cs-15	Label-B	2001
2	central	worker-cs-15	Label-B	2001
2	central	worker-cs-15	Label-B	2001
2	central	worker-cs-15	Label-B	2001
2	central	worker-cs-15	Label-B	2001
2	central	worker-cs-15	Label-B	2000
2	central	worker-cs-15	Label-B	2001
2	central	worker-cs-15	Label-B	2001
2	central	worker-cs-15	Label-B	2000
2	central	worker-cs-15	Label-B	2001
2	central	worker-cs-15	Label-B	2002
2	central	worker-cs-15	Label-B	2000
2	central	worker-cs-15	Label-B	2002
2	central	worker-cs-15	Label-B	2001
2	central	worker-cs-15	Label-B	2001
2	central	worker-cs-15	Label-B	2001
2	central	worker-cs-15	Label-B	2000
2	central	worker-cs-15	Label-B	2002
2	central	worker-cs-15	Label-B	2002
2	central	worker-cs-15	Label-B	2001
2	central	worker-cs-15	Label-B	2001
2	central	worker-cs-15	Label-B	2000
2	central	worker-cs-15	Label-B	2000
2	central	worker-cs-15	Label-B	2001
2	central	worker-cs-15	Label-B	2000
2	central	worker-cs-15	Label-B	2001
2	central	worker-cs-15	Label-B	2001
2	central	worker-cs-15	Label-B	2001
2	central	worker-cs-15	Label-B	2001
2	central	worker-cs-15	Label-B	2001
2	central	worker-cs-15	Label-B	2001
2	central	worker-cs-15	Label-B	2004
2	central	worker-cs-15	Label-B	2001
2	central	worker-cs-15	Label-B	2001
2	central	worker-cs-15	Label-B	2001
2	central	worker-cs-15	Label-B	2000
2	central	worker-cs-15	Label-B	2000
2	central	worker-cs-15	Label-B	2001
2	central	worker-cs-15	Label-B	2008
2	central	worker-cs-15	Label-B	2000
2	central	worker-cs-15	Label-B	2001
2	central	worker-cs-15	Label-B	2001
2	central	worker-cs-15	Label-B	2001
2	central	worker-cs-15	Label-B	2001
2	central	worker-cs-15	Label-B	2006
2	central	worker-cs-15	Label-B	2001
2	central	worker-cs-15	Label-B	2000
2	central	worker-cs-15	Label-B	2002
2	central	worker-cs-15	Label-B	2000
2	central	worker-cs-15	Label-B	2001
2	central	worker-cs-15	Label-B	2000
2	central	worker-cs-15	Label-B	2000
2	central	worker-cs-15	Label-B	2001
2	central	worker-cs-15	Label-B	2001
2	central	worker-cs-15	Label-B	2002
2	central	worker-cs-15	Label-B	2001
2	central	worker-cs-15	Label-B	2000
2	central	worker-cs-15	Label-B	2001
2	central	worker-cs-15	Label-B	2001
2	central	worker-cs-15	Label-B	2000
2	central	worker-cs-15	Label-B	2001
2	central	worker-cs-15	Label-B	2000
2	central	worker-cs-15	Label-B	2001
2	central	worker-cs-15	Label-B	2001
2	central	worker-cs-15	Label-B	2001
2	central	worker-cs-15	Label-B	2000
2	central	worker-cs-15	Label-B	2001
2	central	worker-cs-15	Label-B	2001
2	central	worker-cs-15	Label-B	1999
2	central	worker-cs-15	Label-B	2000
2	central	worker-cs-15	Label-B	2000
2	central	worker-cs-15	Label-B	2001
2	central	worker-cs-15	Label-B	2001
2	central	worker-cs-15	Label-B	2001
2	central	worker-cs-15	Label-B	2001
2	central	worker-cs-15	Label-B	2000
2	central	worker-cs-15	Label-B	2000
2	central	worker-cs-15	Label-B	2001
2	central	worker-cs-15	Label-B	2001
2	central	worker-cs-15	Label-B	2001
2	central	worker-cs-15	Label-B	2000
2	central	worker-cs-15	Label-B	2001
2	central	worker-cs-15	Label-B	2000
2	central	worker-cs-15	Label-B	2000
2	central	worker-cs-15	Label-B	2000
2	central	worker-cs-15	Label-B	2001
2	central	worker-cs-15	Label-B	2000
2	central	worker-cs-15	Label-B	2001
2	central	worker-cs-15	Label-B	2001
2	central	worker-cs-15	Label-B	2000
2	central	worker-cs-15	Label-B	2004
2	central	worker-cs-15	Label-B	2001
2	central	worker-cs-15	Label-B	2000
2	central	worker-cs-15	Label-B	2001
2	central	worker-cs-15	Label-B	2001
2	central	worker-cs-15	Label-B	2000
2	central	worker-cs-15	Label-B	2000
2	central	worker-cs-15	Label-B	2000
2	central	worker-cs-15	Label-B	2001
2	central	worker-cs-15	Label-B	2000
2	central	worker-cs-15	Label-B	2001
2	central	worker-cs-15	Label-B	2001
2	central	worker-cs-15	Label-B	2001
2	central	worker-cs-15	Label-B	2000
2	central	worker-cs-15	Label-B	2002
2	central	worker-cs-15	Label-B	2000
2	central	worker-cs-15	Label-B	2001
2	central	worker-cs-15	Label-B	2001
2	central	worker-cs-15	Label-B	2000
2	central	worker-cs-15	Label-B	2001
2	central	worker-cs-15	Label-B	2001
2	central	worker-cs-15	Label-B	2002
2	central	worker-cs-15	Label-B	2000
2	central	worker-cs-15	Label-B	2001
2	central	worker-cs-15	Label-B	2001
2	central	worker-cs-15	Label-B	2000
2	central	worker-cs-15	Label-B	2001
2	central	worker-cs-15	Label-B	2001
2	central	worker-cs-15	Label-B	2001
2	central	worker-cs-15	Label-B	2001
2	central	worker-cs-15	Label-B	2001
2	central	worker-cs-15	Label-B	2001
2	central	worker-cs-15	Label-B	2001
2	central	worker-cs-15	Label-B	2000
2	central	worker-cs-15	Label-B	2001
2	central	worker-cs-15	Label-B	2002
2	central	worker-cs-15	Label-B	2002
2	central	worker-cs-15	Label-B	2001
2	central	worker-cs-15	Label-B	2000
2	central	worker-cs-15	Label-B	2000
2	central	worker-cs-15	Label-B	2001
2	central	worker-cs-15	Label-B	2002
2	central	worker-cs-15	Label-B	2000
2	central	worker-cs-15	Label-B	2001
2	central	worker-cs-15	Label-B	2001
2	central	worker-cs-15	Label-B	2001
2	central	worker-cs-15	Label-B	2000
2	central	worker-cs-15	Label-B	2001
2	central	worker-cs-15	Label-B	2000
2	central	worker-cs-15	Label-B	2002
2	central	worker-cs-15	Label-B	2001
2	central	worker-cs-15	Label-B	2002
2	central	worker-cs-15	Label-B	2001
2	central	worker-cs-15	Label-B	2001
2	central	worker-cs-15	Label-B	2000
2	central	worker-cs-15	Label-B	2001
2	central	worker-cs-15	Label-B	2001
2	central	worker-cs-15	Label-B	2000
2	central	worker-cs-15	Label-B	2001
2	central	worker-cs-15	Label-B	2000
2	central	worker-cs-15	Label-B	2000
2	central	worker-cs-15	Label-B	2000
2	central	worker-cs-15	Label-B	2000
2	central	worker-cs-15	Label-B	2000
2	central	worker-cs-15	Label-B	2000
2	central	worker-cs-15	Label-B	2000
2	central	worker-cs-15	Label-B	2000
2	central	worker-cs-15	Label-B	2000
2	central	worker-cs-15	Label-B	2000
2	central	worker-cs-15	Label-B	2001
2	central	worker-cs-15	Label-B	2000
2	central	worker-cs-15	Label-B	2002
2	central	worker-cs-15	Label-B	2000
2	central	worker-cs-15	Label-B	2001
2	central	worker-cs-15	Label-B	2001
2	central	worker-cs-15	Label-B	2001
2	central	worker-cs-15	Label-B	2001
2	central	worker-cs-15	Label-B	2001
2	central	worker-cs-15	Label-B	2001
2	central	worker-cs-15	Label-B	2000
2	central	worker-cs-15	Label-B	2001
2	central	worker-cs-15	Label-B	2000
2	central	worker-cs-15	Label-B	2001
2	central	worker-cs-15	Label-B	2001
2	central	worker-cs-15	Label-B	2000
2	central	worker-cs-15	Label-B	2003
2	central	worker-cs-15	Label-B	2001
2	central	worker-cs-15	Label-B	2003
2	central	worker-cs-15	Label-B	2000
2	central	worker-cs-15	Label-B	2000
2	central	worker-cs-15	Label-B	2003
2	central	worker-cs-15	Label-B	2002
2	central	worker-cs-15	Label-B	2000
2	central	worker-cs-15	Label-B	2000
2	central	worker-cs-15	Label-B	2001
2	central	worker-cs-15	Label-B	2001
2	central	worker-cs-15	Label-B	2000
2	central	worker-cs-15	Label-B	2000
2	central	worker-cs-15	Label-B	2000
2	central	worker-cs-15	Label-B	2001
2	central	worker-cs-15	Label-B	2000
2	central	worker-cs-15	Label-B	2001
2	central	worker-cs-15	Label-B	2000
2	central	worker-cs-15	Label-B	2001
2	central	worker-cs-15	Label-B	2001
2	central	worker-cs-15	Label-B	2001
2	central	worker-cs-15	Label-B	2001
2	central	worker-cs-15	Label-B	2000
2	central	worker-cs-15	Label-B	2001
2	central	worker-cs-15	Label-B	2001
2	central	worker-cs-15	Label-B	2001
2	central	worker-cs-15	Label-B	2001
2	central	worker-cs-15	Label-B	2000
2	central	worker-cs-15	Label-B	2004
2	central	worker-cs-15	Label-B	2000
2	central	worker-cs-15	Label-B	2003
2	central	worker-cs-15	Label-B	2001
2	central	worker-cs-15	Label-B	2001
2	central	worker-cs-15	Label-B	2000
2	central	worker-cs-15	Label-B	2008
2	central	worker-cs-15	Label-B	2001
2	central	worker-cs-15	Label-B	2000
2	central	worker-cs-15	Label-B	2001
2	central	worker-cs-15	Label-B	2001
2	central	worker-cs-15	Label-B	2000
2	central	worker-cs-15	Label-B	2000
2	central	worker-cs-15	Label-B	2008
2	central	worker-cs-15	Label-B	2000
2	central	worker-cs-15	Label-B	2001
2	central	worker-cs-15	Label-B	2002
2	central	worker-cs-15	Label-B	2001
2	central	worker-cs-15	Label-B	2006
2	central	worker-cs-15	Label-B	2001
2	central	worker-cs-15	Label-B	2001
2	central	worker-cs-15	Label-B	2000
2	central	worker-cs-15	Label-B	2000
2	central	worker-cs-15	Label-B	2000
2	central	worker-cs-15	Label-B	2000
2	central	worker-cs-15	Label-B	2001
2	central	worker-cs-15	Label-B	2001
2	central	worker-cs-15	Label-B	2001
2	central	worker-cs-15	Label-B	2000
2	central	worker-cs-15	Label-B	2002
2	central	worker-cs-15	Label-B	2001
2	central	worker-cs-15	Label-B	2001
2	central	worker-cs-15	Label-B	2001
2	central	worker-cs-15	Label-B	2001
2	central	worker-cs-15	Label-B	2000
2	central	worker-cs-15	Label-B	2000
2	central	worker-cs-15	Label-B	2001
2	central	worker-cs-15	Label-B	2000
2	central	worker-cs-15	Label-B	2001
2	central	worker-cs-15	Label-B	2001
2	central	worker-cs-15	Label-B	2000
2	central	worker-cs-15	Label-B	2001
2	central	worker-cs-15	Label-B	2001
2	central	worker-cs-15	Label-B	2000
2	central	worker-cs-15	Label-B	2001
2	central	worker-cs-15	Label-B	2000
2	central	worker-cs-15	Label-B	2000
2	central	worker-cs-15	Label-B	2001
2	central	worker-cs-15	Label-B	2001
2	central	worker-cs-15	Label-B	2001
2	central	worker-cs-15	Label-B	2000
2	central	worker-cs-15	Label-B	2001
2	central	worker-cs-15	Label-B	2001
2	central	worker-cs-15	Label-B	2001
2	central	worker-cs-15	Label-B	2001
2	central	worker-cs-15	Label-B	2004
2	central	worker-cs-15	Label-B	2000
2	central	worker-cs-15	Label-B	2001
2	central	worker-cs-15	Label-B	2001
2	central	worker-cs-15	Label-B	2001
2	central	worker-cs-15	Label-B	2000
2	central	worker-cs-15	Label-B	2001
2	central	worker-cs-15	Label-B	2001
2	central	worker-cs-15	Label-B	2001
2	central	worker-cs-15	Label-B	2001
2	central	worker-cs-15	Label-B	2001
2	central	worker-cs-15	Label-B	2001
2	central	worker-cs-15	Label-B	2004
2	central	worker-cs-15	Label-B	2001
2	central	worker-cs-15	Label-B	2000
2	central	worker-cs-15	Label-B	2000
2	central	worker-cs-15	Label-B	2001
2	central	worker-cs-15	Label-B	2000
2	central	worker-cs-15	Label-B	2007
2	central	worker-cs-15	Label-B	2004
2	central	worker-cs-15	Label-B	2001
2	central	worker-cs-15	Label-B	2001
2	central	worker-cs-15	Label-B	2002
2	central	worker-cs-15	Label-B	2002
2	central	worker-cs-15	Label-B	2002
2	central	worker-cs-15	Label-B	2000
2	central	worker-cs-15	Label-B	2001
2	central	worker-cs-15	Label-B	2000
2	central	worker-cs-15	Label-B	2000
2	central	worker-cs-15	Label-B	2001
2	central	worker-cs-15	Label-B	2000
2	central	worker-cs-15	Label-B	2000
2	central	worker-cs-15	Label-B	2001
2	central	worker-cs-15	Label-B	2000
2	central	worker-cs-15	Label-B	2001
2	central	worker-cs-15	Label-B	2001
2	central	worker-cs-15	Label-B	2000
2	central	worker-cs-15	Label-B	2002
2	central	worker-cs-15	Label-B	2000
2	central	worker-cs-15	Label-B	2001
2	central	worker-cs-15	Label-B	2001
2	central	worker-cs-15	Label-B	1999
2	central	worker-cs-15	Label-B	2001
2	central	worker-cs-15	Label-B	2001
2	central	worker-cs-15	Label-B	2000
2	central	worker-cs-15	Label-B	2001
2	central	worker-cs-15	Label-B	2001
2	central	worker-cs-15	Label-B	2001
2	central	worker-cs-15	Label-B	2001
2	central	worker-cs-15	Label-B	2001
2	central	worker-cs-15	Label-B	2000
2	central	worker-cs-15	Label-B	2006
2	central	worker-cs-15	Label-B	2000
2	central	worker-cs-15	Label-B	2000
2	central	worker-cs-15	Label-B	2000
2	central	worker-cs-15	Label-B	2001
2	central	worker-cs-15	Label-B	2000
2	central	worker-cs-15	Label-B	2001
2	central	worker-cs-15	Label-B	2000
2	central	worker-cs-15	Label-B	2000
2	central	worker-cs-15	Label-B	2002
2	central	worker-cs-15	Label-B	2000
2	central	worker-cs-15	Label-B	2005
2	central	worker-cs-15	Label-B	2001
2	central	worker-cs-15	Label-B	2000
2	central	worker-cs-15	Label-B	2000
2	central	worker-cs-15	Label-B	2000
2	central	worker-cs-15	Label-B	2001
2	central	worker-cs-15	Label-B	2001
2	central	worker-cs-15	Label-B	2001
2	central	worker-cs-15	Label-B	2000
2	central	worker-cs-15	Label-B	2001
2	central	worker-cs-15	Label-B	2000
2	central	worker-cs-15	Label-B	2001
2	central	worker-cs-15	Label-B	2000
2	central	worker-cs-15	Label-B	2001
2	central	worker-cs-15	Label-B	2000
2	central	worker-cs-15	Label-B	2000
2	central	worker-cs-15	Label-B	2001
2	central	worker-cs-15	Label-B	2000
2	central	worker-cs-15	Label-B	2000
2	central	worker-cs-15	Label-B	2000
2	central	worker-cs-15	Label-B	2000
2	central	worker-cs-15	Label-B	2000
2	central	worker-cs-15	Label-B	2001
2	central	worker-cs-15	Label-B	2001
2	central	worker-cs-15	Label-B	2001
2	central	worker-cs-15	Label-B	2001
2	central	worker-cs-15	Label-B	2000
2	central	worker-cs-15	Label-B	2001
2	central	worker-cs-15	Label-B	2001
2	central	worker-cs-15	Label-B	2001
2	central	worker-cs-15	Label-B	2001
2	central	worker-cs-15	Label-B	2000
2	central	worker-cs-15	Label-B	2002
2	central	worker-cs-15	Label-B	2001
2	central	worker-cs-15	Label-B	2001
2	central	worker-cs-15	Label-B	2000
2	central	worker-cs-15	Label-B	2001
2	central	worker-cs-15	Label-B	2001
2	central	worker-cs-15	Label-B	2001
2	central	worker-cs-15	Label-B	2001
2	central	worker-cs-15	Label-B	2000
2	central	worker-cs-15	Label-B	2001
2	central	worker-cs-15	Label-B	2000
2	central	worker-cs-15	Label-B	2000
2	central	worker-cs-15	Label-B	1999
2	central	worker-cs-15	Label-B	2000
2	central	worker-cs-15	Label-B	2000
2	central	worker-cs-15	Label-B	2001
2	central	worker-cs-15	Label-B	2000
2	central	worker-cs-15	Label-B	2000
2	central	worker-cs-15	Label-B	2001
2	central	worker-cs-15	Label-B	2000
2	central	worker-cs-15	Label-B	2002
2	central	worker-cs-15	Label-B	2000
2	central	worker-cs-15	Label-B	2000
2	central	worker-cs-15	Label-B	2000
2	central	worker-cs-15	Label-B	2000
2	central	worker-cs-15	Label-B	2000
2	central	worker-cs-15	Label-B	2000
2	central	worker-cs-15	Label-B	2001
2	central	worker-cs-15	Label-B	2000
2	central	worker-cs-15	Label-B	2000
2	central	worker-cs-15	Label-B	2002
2	central	worker-cs-15	Label-B	2001
2	central	worker-cs-15	Label-B	2001
2	central	worker-cs-15	Label-B	2004
2	central	worker-cs-15	Label-B	2001
2	central	worker-cs-15	Label-B	2000
2	central	worker-cs-15	Label-B	2000
2	central	worker-cs-15	Label-B	2001
2	central	worker-cs-15	Label-B	2000
2	central	worker-cs-15	Label-B	2001
2	central	worker-cs-15	Label-B	2001
2	central	worker-cs-15	Label-B	2000
2	central	worker-cs-15	Label-B	2001
2	central	worker-cs-15	Label-B	2001
2	central	worker-cs-15	Label-B	2001
2	central	worker-cs-15	Label-B	2001
2	central	worker-cs-15	Label-B	2000
2	central	worker-cs-15	Label-B	2001
2	central	worker-cs-15	Label-B	2001
2	central	worker-cs-15	Label-B	2001
2	central	worker-cs-15	Label-B	2001
2	central	worker-cs-15	Label-B	2001
2	central	worker-cs-15	Label-B	2002
2	central	worker-cs-15	Label-B	2001
2	central	worker-cs-15	Label-B	2001
2	central	worker-cs-15	Label-B	2002
2	central	worker-cs-15	Label-B	2001
2	central	worker-cs-15	Label-B	2005
2	central	worker-cs-15	Label-B	2002
2	central	worker-cs-15	Label-B	2001
2	central	worker-cs-15	Label-B	2000
2	central	worker-cs-15	Label-B	2000
2	central	worker-cs-15	Label-B	2001
2	central	worker-cs-15	Label-B	2001
2	central	worker-cs-15	Label-B	2007
2	central	worker-cs-15	Label-B	2002
2	central	worker-cs-15	Label-B	2000
2	central	worker-cs-15	Label-B	2001
2	central	worker-cs-15	Label-B	2005
2	central	worker-cs-15	Label-B	2000
2	central	worker-cs-15	Label-B	2000
2	central	worker-cs-15	Label-B	2000
2	central	worker-cs-15	Label-B	2001
2	central	worker-cs-15	Label-B	2000
2	central	worker-cs-15	Label-B	2001
2	central	worker-cs-15	Label-B	2000
2	central	worker-cs-15	Label-B	2001
2	central	worker-cs-15	Label-B	2001
2	central	worker-cs-15	Label-B	2000
2	central	worker-cs-15	Label-B	2000
2	central	worker-cs-15	Label-B	2001
2	central	worker-cs-15	Label-B	2001
2	central	worker-cs-15	Label-B	2001
2	central	worker-cs-15	Label-B	2001
2	central	worker-cs-15	Label-B	2000
2	central	worker-cs-15	Label-B	2001
2	central	worker-cs-15	Label-B	2000
2	central	worker-cs-15	Label-B	2001
2	central	worker-cs-15	Label-B	2001
2	central	worker-cs-15	Label-B	2000
2	central	worker-cs-15	Label-B	2000
2	central	worker-cs-15	Label-B	2002
2	central	worker-cs-15	Label-B	2001
2	central	worker-cs-15	Label-B	2001
2	central	worker-cs-15	Label-B	2002
2	central	worker-cs-15	Label-B	2002
2	central	worker-cs-15	Label-B	2001
2	central	worker-cs-15	Label-B	1999
2	central	worker-cs-15	Label-B	2000
2	central	worker-cs-15	Label-B	2000
2	central	worker-cs-15	Label-B	2001
2	central	worker-cs-15	Label-B	2001
2	central	worker-cs-15	Label-B	2001
2	central	worker-cs-15	Label-B	2001
2	central	worker-cs-15	Label-B	2001
2	central	worker-cs-15	Label-B	2000
2	central	worker-cs-15	Label-B	2000
2	central	worker-cs-15	Label-B	2000
2	central	worker-cs-15	Label-B	2001
2	central	worker-cs-15	Label-B	2001
2	central	worker-cs-15	Label-B	2000
2	central	worker-cs-15	Label-B	2001
2	central	worker-cs-15	Label-B	2001
2	central	worker-cs-15	Label-B	2002
2	central	worker-cs-15	Label-B	2001
2	central	worker-cs-15	Label-B	2001
2	central	worker-cs-15	Label-B	2001
2	central	worker-cs-15	Label-B	2001
2	central	worker-cs-15	Label-B	2002
2	central	worker-cs-15	Label-B	2000
2	central	worker-cs-15	Label-B	2001
2	central	worker-cs-15	Label-B	2000
2	central	worker-cs-15	Label-B	2001
2	central	worker-cs-15	Label-B	2001
2	central	worker-cs-15	Label-B	2001
2	central	worker-cs-15	Label-B	2004
2	central	worker-cs-15	Label-B	2001
2	central	worker-cs-15	Label-B	2001
2	central	worker-cs-15	Label-B	2001
2	central	worker-cs-15	Label-B	2001
2	central	worker-cs-15	Label-B	2001
2	central	worker-cs-15	Label-B	2001
2	central	worker-cs-15	Label-B	2000
2	central	worker-cs-15	Label-B	2001
2	central	worker-cs-15	Label-B	2001
2	central	worker-cs-15	Label-B	2001
2	central	worker-cs-15	Label-B	2001
2	central	worker-cs-15	Label-B	2001
2	central	worker-cs-15	Label-B	2001
2	central	worker-cs-15	Label-B	2001
2	central	worker-cs-15	Label-B	2001
2	central	worker-cs-15	Label-B	2000
2	central	worker-cs-15	Label-B	2001
2	central	worker-cs-15	Label-B	2001
2	central	worker-cs-15	Label-B	2001
2	central	worker-cs-15	Label-B	2001
2	central	worker-cs-15	Label-B	2001
2	central	worker-cs-15	Label-B	2002
2	central	worker-cs-15	Label-B	1999
2	central	worker-cs-15	Label-B	2001
2	central	worker-cs-15	Label-B	2001
2	central	worker-cs-15	Label-B	2001
2	central	worker-cs-15	Label-B	2000
2	central	worker-cs-15	Label-B	2002
2	central	worker-cs-15	Label-B	2001
2	central	worker-cs-15	Label-B	2001
2	central	worker-cs-15	Label-B	2001
2	central	worker-cs-15	Label-B	2000
2	central	worker-cs-15	Label-B	2001
2	central	worker-cs-15	Label-B	2000
2	central	worker-cs-15	Label-B	2001
2	central	worker-cs-15	Label-B	2001
2	central	worker-cs-15	Label-B	2001
2	central	worker-cs-15	Label-B	2001
2	central	worker-cs-15	Label-B	2001
2	central	worker-cs-15	Label-B	2000
2	central	worker-cs-15	Label-B	2000
2	central	worker-cs-15	Label-B	2001
2	central	worker-cs-15	Label-B	2001
2	central	worker-cs-15	Label-B	2001
2	central	worker-cs-15	Label-B	2006
2	central	worker-cs-15	Label-B	2001
2	central	worker-cs-15	Label-B	2000
2	central	worker-cs-15	Label-B	2001
2	central	worker-cs-15	Label-B	2001
2	central	worker-cs-15	Label-B	2001
2	central	worker-cs-15	Label-B	2001
2	central	worker-cs-15	Label-B	2001
2	central	worker-cs-15	Label-B	2001
2	central	worker-cs-15	Label-B	2001
2	central	worker-cs-15	Label-B	2001
2	central	worker-cs-15	Label-B	2001
2	central	worker-cs-15	Label-B	2000
2	central	worker-cs-15	Label-B	2000
2	central	worker-cs-15	Label-B	2001
2	central	worker-cs-15	Label-B	2000
2	central	worker-cs-15	Label-B	2001
2	central	worker-cs-15	Label-B	2001
2	central	worker-cs-15	Label-B	2001
2	central	worker-cs-15	Label-B	2000
2	central	worker-cs-15	Label-B	2001
2	central	worker-cs-15	Label-B	2001
2	central	worker-cs-15	Label-B	2001
2	central	worker-cs-15	Label-B	2001
2	central	worker-cs-15	Label-B	2015
2	central	worker-cs-15	Label-B	2003
2	central	worker-cs-15	Label-B	2002
2	central	worker-cs-15	Label-B	2000
2	central	worker-cs-15	Label-B	2001
2	central	worker-cs-15	Label-B	2000
2	central	worker-cs-15	Label-B	2001
2	central	worker-cs-15	Label-B	2001
2	central	worker-cs-15	Label-B	2000
2	central	worker-cs-15	Label-B	2001
2	central	worker-cs-15	Label-B	2001
2	central	worker-cs-15	Label-B	2001
2	central	worker-cs-15	Label-B	2001
2	central	worker-cs-15	Label-B	2001
2	central	worker-cs-15	Label-B	2001
2	central	worker-cs-15	Label-B	2001
2	central	worker-cs-15	Label-B	2001
2	central	worker-cs-15	Label-B	2001
2	central	worker-cs-15	Label-B	2000
2	central	worker-cs-15	Label-B	2004
2	central	worker-cs-15	Label-B	2000
2	central	worker-cs-15	Label-B	2000
2	central	worker-cs-15	Label-B	2001
2	central	worker-cs-15	Label-B	2001
2	central	worker-cs-15	Label-B	2000
2	central	worker-cs-15	Label-B	2001
2	central	worker-cs-15	Label-B	2001
2	central	worker-cs-15	Label-B	2001
2	central	worker-cs-15	Label-B	2000
2	central	worker-cs-15	Label-B	2001
2	central	worker-cs-15	Label-B	2000
2	central	worker-cs-15	Label-B	2001
2	central	worker-cs-15	Label-B	2000
2	central	worker-cs-15	Label-B	2001
2	central	worker-cs-15	Label-B	2001
2	central	worker-cs-15	Label-B	2000
2	central	worker-cs-15	Label-B	2000
2	central	worker-cs-15	Label-B	2000
2	central	worker-cs-15	Label-B	2000
2	central	worker-cs-15	Label-B	2000
2	central	worker-cs-15	Label-B	2000
2	central	worker-cs-15	Label-B	2000
2	central	worker-cs-15	Label-B	2001
2	central	worker-cs-15	Label-B	2001
2	central	worker-cs-15	Label-B	2000
2	central	worker-cs-15	Label-B	2000
2	central	worker-cs-15	Label-B	2000
2	central	worker-cs-15	Label-B	2001
2	central	worker-cs-15	Label-B	2000
2	central	worker-cs-15	Label-B	2001
2	central	worker-cs-15	Label-B	2000
2	central	worker-cs-15	Label-B	2000
2	central	worker-cs-15	Label-B	2000
2	central	worker-cs-15	Label-B	2000
2	central	worker-cs-15	Label-B	2002
2	central	worker-cs-15	Label-B	2001
2	central	worker-cs-15	Label-B	2001
2	central	worker-cs-15	Label-B	2000
2	central	worker-cs-15	Label-B	2000
2	central	worker-cs-15	Label-B	2001
2	central	worker-cs-15	Label-B	2001
2	central	worker-cs-15	Label-B	2001
2	central	worker-cs-15	Label-B	2003
2	central	worker-cs-15	Label-B	2001
2	central	worker-cs-15	Label-B	2002
2	central	worker-cs-15	Label-B	2000
2	central	worker-cs-15	Label-B	2001
2	central	worker-cs-15	Label-B	2004
2	central	worker-cs-15	Label-B	2000
2	central	worker-cs-15	Label-B	2000
2	central	worker-cs-15	Label-B	2001
2	central	worker-cs-15	Label-B	2001
2	central	worker-cs-15	Label-B	2001
2	central	worker-cs-15	Label-B	2001
2	central	worker-cs-15	Label-B	2001
2	central	worker-cs-15	Label-B	2001
2	central	worker-cs-15	Label-B	2001
2	central	worker-cs-15	Label-B	2001
2	central	worker-cs-15	Label-B	2001
2	central	worker-cs-15	Label-B	2000
2	central	worker-cs-15	Label-B	2001
2	central	worker-cs-15	Label-B	2001
2	central	worker-cs-15	Label-B	2001
2	central	worker-cs-15	Label-B	2001
2	central	worker-cs-15	Label-B	2000
2	central	worker-cs-15	Label-B	2001
2	central	worker-cs-15	Label-B	2000
2	central	worker-cs-15	Label-B	2002
2	central	worker-cs-15	Label-B	2001
2	central	worker-cs-15	Label-B	2001
2	central	worker-cs-15	Label-B	2001
2	central	worker-cs-15	Label-B	2000
2	central	worker-cs-15	Label-B	2000
2	central	worker-cs-15	Label-B	2002
2	central	worker-cs-15	Label-B	2000
2	central	worker-cs-15	Label-B	2000
2	central	worker-cs-15	Label-B	2001
2	central	worker-cs-15	Label-B	2001
2	central	worker-cs-15	Label-B	2000
2	central	worker-cs-15	Label-B	2001
2	central	worker-cs-15	Label-B	2001
2	central	worker-cs-15	Label-B	2000
2	central	worker-cs-15	Label-B	2001
2	central	worker-cs-15	Label-B	2001
2	central	worker-cs-15	Label-B	2001
2	central	worker-cs-15	Label-B	2001
2	central	worker-cs-15	Label-B	2001
2	central	worker-cs-15	Label-B	2001
2	central	worker-cs-15	Label-B	2001
2	central	worker-cs-15	Label-B	2001
2	central	worker-cs-15	Label-B	2000
2	central	worker-cs-15	Label-B	2000
2	central	worker-cs-15	Label-B	2005
2	central	worker-cs-15	Label-B	2001
2	central	worker-cs-15	Label-B	2001
2	central	worker-cs-15	Label-B	2001
2	central	worker-cs-15	Label-B	2001
2	central	worker-cs-15	Label-B	2001
2	central	worker-cs-15	Label-B	2001
2	central	worker-cs-15	Label-B	2000
2	central	worker-cs-15	Label-B	2000
2	central	worker-cs-15	Label-B	2000
2	central	worker-cs-15	Label-B	2001
2	central	worker-cs-15	Label-B	2000
2	central	worker-cs-15	Label-B	2003
2	central	worker-cs-15	Label-B	2001
2	central	worker-cs-15	Label-B	2001
2	central	worker-cs-15	Label-B	2002
2	central	worker-cs-15	Label-B	2001
2	central	worker-cs-15	Label-B	2000
2	central	worker-cs-15	Label-B	2000
2	central	worker-cs-15	Label-B	2000
2	central	worker-cs-15	Label-B	2002
2	central	worker-cs-15	Label-B	2000
2	central	worker-cs-15	Label-B	2001
2	central	worker-cs-15	Label-B	2000
2	central	worker-cs-15	Label-B	2001
2	central	worker-cs-15	Label-B	2001
2	central	worker-cs-15	Label-B	2000
2	central	worker-cs-15	Label-B	2000
2	central	worker-cs-15	Label-B	2000
2	central	worker-cs-15	Label-B	2000
2	central	worker-cs-15	Label-B	2000
2	central	worker-cs-15	Label-B	2001
2	central	worker-cs-15	Label-B	2000
2	central	worker-cs-15	Label-B	2003
2	central	worker-cs-15	Label-B	2001
2	central	worker-cs-15	Label-B	2001
2	central	worker-cs-15	Label-B	2001
2	central	worker-cs-15	Label-B	2001
2	central	worker-cs-15	Label-B	2000
2	central	worker-cs-15	Label-B	2002
2	central	worker-cs-15	Label-B	2000
2	central	worker-cs-15	Label-B	2002
2	central	worker-cs-15	Label-B	2001
2	central	worker-cs-15	Label-B	2001
2	central	worker-cs-15	Label-B	2005
2	central	worker-cs-15	Label-B	2001
2	central	worker-cs-15	Label-B	2000
2	central	worker-cs-15	Label-B	2001
2	central	worker-cs-15	Label-B	2001
2	central	worker-cs-15	Label-B	2001
2	central	worker-cs-15	Label-B	2001
2	central	worker-cs-15	Label-B	2001
2	central	worker-cs-15	Label-B	2001
2	central	worker-cs-15	Label-B	2001
2	central	worker-cs-15	Label-B	2002
2	central	worker-cs-15	Label-B	2001
2	central	worker-cs-15	Label-B	2001
2	central	worker-cs-15	Label-B	2002
2	central	worker-cs-15	Label-B	2001
2	central	worker-cs-15	Label-B	2001
2	central	worker-cs-15	Label-B	2001
2	central	worker-cs-15	Label-B	2001
2	central	worker-cs-15	Label-B	2002
2	central	worker-cs-15	Label-B	2001
2	central	worker-cs-15	Label-B	2001
2	central	worker-cs-15	Label-B	2000
2	central	worker-cs-15	Label-B	2001
2	central	worker-cs-15	Label-B	2000
2	central	worker-cs-15	Label-B	2000
2	central	worker-cs-15	Label-B	2001
2	central	worker-cs-25	Label-A	2001
2	central	worker-cs-25	Label-A	2002
2	central	worker-cs-25	Label-A	2005
2	central	worker-cs-25	Label-A	2002
2	central	worker-cs-25	Label-A	2001
2	central	worker-cs-25	Label-A	2002
2	central	worker-cs-25	Label-A	2003
2	central	worker-cs-25	Label-A	2003
2	central	worker-cs-25	Label-A	2002
2	central	worker-cs-25	Label-A	2002
2	central	worker-cs-25	Label-A	2002
2	central	worker-cs-25	Label-A	2002
2	central	worker-cs-25	Label-A	2002
2	central	worker-cs-25	Label-A	2004
2	central	worker-cs-25	Label-A	2002
2	central	worker-cs-25	Label-A	2002
2	central	worker-cs-25	Label-A	2001
2	central	worker-cs-25	Label-A	2002
2	central	worker-cs-25	Label-A	2001
2	central	worker-cs-25	Label-A	2002
2	central	worker-cs-25	Label-A	2002
2	central	worker-cs-25	Label-A	2001
2	central	worker-cs-25	Label-A	2001
2	central	worker-cs-25	Label-A	2001
2	central	worker-cs-25	Label-A	2001
2	central	worker-cs-25	Label-A	2001
2	central	worker-cs-25	Label-A	2001
2	central	worker-cs-25	Label-A	2002
2	central	worker-cs-25	Label-A	2002
2	central	worker-cs-25	Label-A	2002
2	central	worker-cs-25	Label-A	2001
2	central	worker-cs-25	Label-A	2003
2	central	worker-cs-25	Label-A	2001
2	central	worker-cs-25	Label-A	2001
2	central	worker-cs-25	Label-A	2001
2	central	worker-cs-25	Label-A	2001
2	central	worker-cs-25	Label-A	2002
2	central	worker-cs-25	Label-A	2001
2	central	worker-cs-25	Label-A	2002
2	central	worker-cs-25	Label-A	2002
2	central	worker-cs-25	Label-A	2002
2	central	worker-cs-25	Label-A	2002
2	central	worker-cs-25	Label-A	2001
2	central	worker-cs-25	Label-A	2001
2	central	worker-cs-25	Label-A	2002
2	central	worker-cs-25	Label-A	2001
2	central	worker-cs-25	Label-A	2002
2	central	worker-cs-25	Label-A	2002
2	central	worker-cs-25	Label-A	2003
2	central	worker-cs-25	Label-A	2001
2	central	worker-cs-25	Label-A	2002
2	central	worker-cs-25	Label-A	2002
2	central	worker-cs-25	Label-A	2002
2	central	worker-cs-25	Label-A	2001
2	central	worker-cs-25	Label-A	2001
2	central	worker-cs-25	Label-A	2002
2	central	worker-cs-25	Label-A	2001
2	central	worker-cs-25	Label-A	2003
2	central	worker-cs-25	Label-A	2003
2	central	worker-cs-25	Label-A	2002
2	central	worker-cs-25	Label-A	2001
2	central	worker-cs-25	Label-A	2003
2	central	worker-cs-25	Label-A	2002
2	central	worker-cs-25	Label-A	2001
2	central	worker-cs-25	Label-A	2002
2	central	worker-cs-25	Label-A	2001
2	central	worker-cs-25	Label-A	2001
2	central	worker-cs-25	Label-A	2001
2	central	worker-cs-25	Label-A	2002
2	central	worker-cs-25	Label-A	2002
2	central	worker-cs-25	Label-A	2001
2	central	worker-cs-25	Label-A	2001
2	central	worker-cs-25	Label-A	2002
2	central	worker-cs-25	Label-A	2001
2	central	worker-cs-25	Label-A	2000
2	central	worker-cs-25	Label-A	2002
2	central	worker-cs-25	Label-A	2002
2	central	worker-cs-25	Label-A	2001
2	central	worker-cs-25	Label-A	2001
2	central	worker-cs-25	Label-A	2002
2	central	worker-cs-25	Label-A	2005
2	central	worker-cs-25	Label-A	2001
2	central	worker-cs-25	Label-A	2001
2	central	worker-cs-25	Label-A	2001
2	central	worker-cs-25	Label-A	2001
2	central	worker-cs-25	Label-A	2001
2	central	worker-cs-25	Label-A	2002
2	central	worker-cs-25	Label-A	2002
2	central	worker-cs-25	Label-A	2002
2	central	worker-cs-25	Label-A	2001
2	central	worker-cs-25	Label-A	2002
2	central	worker-cs-25	Label-A	2001
2	central	worker-cs-25	Label-A	2002
2	central	worker-cs-25	Label-A	2002
2	central	worker-cs-25	Label-A	2002
2	central	worker-cs-25	Label-A	2002
2	central	worker-cs-25	Label-A	2002
2	central	worker-cs-25	Label-A	2003
2	central	worker-cs-25	Label-A	2003
2	central	worker-cs-25	Label-A	2002
2	central	worker-cs-25	Label-A	2002
2	central	worker-cs-25	Label-A	2001
2	central	worker-cs-25	Label-A	2002
2	central	worker-cs-25	Label-A	2002
2	central	worker-cs-25	Label-A	2002
2	central	worker-cs-25	Label-A	2002
2	central	worker-cs-25	Label-A	2002
2	central	worker-cs-25	Label-A	2002
2	central	worker-cs-25	Label-A	2001
2	central	worker-cs-25	Label-A	2001
2	central	worker-cs-25	Label-A	2002
2	central	worker-cs-25	Label-A	2002
2	central	worker-cs-25	Label-A	2002
2	central	worker-cs-25	Label-A	2003
2	central	worker-cs-25	Label-A	2002
2	central	worker-cs-25	Label-A	2003
2	central	worker-cs-25	Label-A	2001
2	central	worker-cs-25	Label-A	2001
2	central	worker-cs-25	Label-A	2002
2	central	worker-cs-25	Label-A	2002
2	central	worker-cs-25	Label-A	2003
2	central	worker-cs-25	Label-A	2002
2	central	worker-cs-25	Label-A	2003
2	central	worker-cs-25	Label-A	2002
2	central	worker-cs-25	Label-A	2002
2	central	worker-cs-25	Label-A	2002
2	central	worker-cs-25	Label-A	2002
2	central	worker-cs-25	Label-A	2003
2	central	worker-cs-25	Label-A	2001
2	central	worker-cs-25	Label-A	2002
2	central	worker-cs-25	Label-A	2001
2	central	worker-cs-25	Label-A	2002
2	central	worker-cs-25	Label-A	2001
2	central	worker-cs-25	Label-A	2001
2	central	worker-cs-25	Label-A	2002
2	central	worker-cs-25	Label-A	2002
2	central	worker-cs-25	Label-A	2002
2	central	worker-cs-25	Label-A	2002
2	central	worker-cs-25	Label-A	2001
2	central	worker-cs-25	Label-A	2001
2	central	worker-cs-25	Label-A	2001
2	central	worker-cs-25	Label-A	2001
2	central	worker-cs-25	Label-A	2001
2	central	worker-cs-25	Label-A	2002
2	central	worker-cs-25	Label-A	2001
2	central	worker-cs-25	Label-A	2002
2	central	worker-cs-25	Label-A	2001
2	central	worker-cs-25	Label-A	2002
2	central	worker-cs-25	Label-A	2001
2	central	worker-cs-25	Label-A	2002
2	central	worker-cs-25	Label-A	2004
2	central	worker-cs-25	Label-A	2002
2	central	worker-cs-25	Label-A	2002
2	central	worker-cs-25	Label-A	2002
2	central	worker-cs-25	Label-A	2001
2	central	worker-cs-25	Label-A	2001
2	central	worker-cs-25	Label-A	2002
2	central	worker-cs-25	Label-A	2003
2	central	worker-cs-25	Label-A	2002
2	central	worker-cs-25	Label-A	2002
2	central	worker-cs-25	Label-A	2001
2	central	worker-cs-25	Label-A	2001
2	central	worker-cs-25	Label-A	2002
2	central	worker-cs-25	Label-A	2001
2	central	worker-cs-25	Label-A	2002
2	central	worker-cs-25	Label-A	2002
2	central	worker-cs-25	Label-A	2002
2	central	worker-cs-25	Label-A	2001
2	central	worker-cs-25	Label-A	2003
2	central	worker-cs-25	Label-A	2001
2	central	worker-cs-25	Label-A	2001
2	central	worker-cs-25	Label-A	2002
2	central	worker-cs-25	Label-A	2002
2	central	worker-cs-25	Label-A	2002
2	central	worker-cs-25	Label-A	2002
2	central	worker-cs-25	Label-A	2002
2	central	worker-cs-25	Label-A	2002
2	central	worker-cs-25	Label-A	2002
2	central	worker-cs-25	Label-A	2002
2	central	worker-cs-25	Label-A	2002
2	central	worker-cs-25	Label-A	2001
2	central	worker-cs-25	Label-A	2002
2	central	worker-cs-25	Label-A	2002
2	central	worker-cs-25	Label-A	2002
2	central	worker-cs-25	Label-A	2001
2	central	worker-cs-25	Label-A	2001
2	central	worker-cs-25	Label-A	2002
2	central	worker-cs-25	Label-A	2001
2	central	worker-cs-25	Label-A	2002
2	central	worker-cs-25	Label-A	2001
2	central	worker-cs-25	Label-A	2002
2	central	worker-cs-25	Label-A	2002
2	central	worker-cs-25	Label-A	2001
2	central	worker-cs-25	Label-A	2002
2	central	worker-cs-25	Label-A	2003
2	central	worker-cs-25	Label-A	2001
2	central	worker-cs-25	Label-A	2003
2	central	worker-cs-25	Label-A	2002
2	central	worker-cs-25	Label-A	2002
2	central	worker-cs-25	Label-A	2002
2	central	worker-cs-25	Label-A	2002
2	central	worker-cs-25	Label-A	2002
2	central	worker-cs-25	Label-A	2002
2	central	worker-cs-25	Label-A	2002
2	central	worker-cs-25	Label-A	2002
2	central	worker-cs-25	Label-A	2001
2	central	worker-cs-25	Label-A	2002
2	central	worker-cs-25	Label-A	2002
2	central	worker-cs-25	Label-A	2005
2	central	worker-cs-25	Label-A	2002
2	central	worker-cs-25	Label-A	2002
2	central	worker-cs-25	Label-A	2002
2	central	worker-cs-25	Label-A	2002
2	central	worker-cs-25	Label-A	2002
2	central	worker-cs-25	Label-A	2002
2	central	worker-cs-25	Label-A	2001
2	central	worker-cs-25	Label-A	2003
2	central	worker-cs-25	Label-A	2002
2	central	worker-cs-25	Label-A	2003
2	central	worker-cs-25	Label-A	2001
2	central	worker-cs-25	Label-A	2001
2	central	worker-cs-25	Label-A	2001
2	central	worker-cs-25	Label-A	2001
2	central	worker-cs-25	Label-A	2002
2	central	worker-cs-25	Label-A	2002
2	central	worker-cs-25	Label-A	2001
2	central	worker-cs-25	Label-A	2002
2	central	worker-cs-25	Label-A	2002
2	central	worker-cs-25	Label-A	2002
2	central	worker-cs-25	Label-A	2001
2	central	worker-cs-25	Label-A	2002
2	central	worker-cs-25	Label-A	2004
2	central	worker-cs-25	Label-A	2002
2	central	worker-cs-25	Label-A	2002
2	central	worker-cs-25	Label-A	2003
2	central	worker-cs-25	Label-A	2002
2	central	worker-cs-25	Label-A	2001
2	central	worker-cs-25	Label-A	2001
2	central	worker-cs-25	Label-A	2002
2	central	worker-cs-25	Label-A	2002
2	central	worker-cs-25	Label-A	2001
2	central	worker-cs-25	Label-A	2002
2	central	worker-cs-25	Label-A	2003
2	central	worker-cs-25	Label-A	2003
2	central	worker-cs-25	Label-A	2002
2	central	worker-cs-25	Label-A	2002
2	central	worker-cs-25	Label-A	2005
2	central	worker-cs-25	Label-A	2002
2	central	worker-cs-25	Label-A	2002
2	central	worker-cs-25	Label-A	2002
2	central	worker-cs-25	Label-A	2002
2	central	worker-cs-25	Label-A	2002
2	central	worker-cs-25	Label-A	2003
2	central	worker-cs-25	Label-A	2003
2	central	worker-cs-25	Label-A	2002
2	central	worker-cs-25	Label-A	2001
2	central	worker-cs-25	Label-A	2002
2	central	worker-cs-25	Label-A	2005
2	central	worker-cs-25	Label-A	2001
2	central	worker-cs-25	Label-A	2002
2	central	worker-cs-25	Label-A	2002
2	central	worker-cs-25	Label-A	2002
2	central	worker-cs-25	Label-A	2002
2	central	worker-cs-25	Label-A	2001
2	central	worker-cs-25	Label-A	2002
2	central	worker-cs-25	Label-A	2002
2	central	worker-cs-25	Label-A	2002
2	central	worker-cs-25	Label-A	2003
2	central	worker-cs-25	Label-A	2001
2	central	worker-cs-25	Label-A	2001
2	central	worker-cs-25	Label-A	2001
2	central	worker-cs-25	Label-A	2002
2	central	worker-cs-25	Label-A	2001
2	central	worker-cs-25	Label-A	2002
2	central	worker-cs-25	Label-A	2003
2	central	worker-cs-25	Label-A	2002
2	central	worker-cs-25	Label-A	2001
2	central	worker-cs-25	Label-A	2001
2	central	worker-cs-25	Label-A	2002
2	central	worker-cs-25	Label-A	2000
2	central	worker-cs-25	Label-A	2002
2	central	worker-cs-25	Label-A	2001
2	central	worker-cs-25	Label-A	2001
2	central	worker-cs-25	Label-A	2001
2	central	worker-cs-25	Label-A	2002
2	central	worker-cs-25	Label-A	2002
2	central	worker-cs-25	Label-A	2001
2	central	worker-cs-25	Label-A	2002
2	central	worker-cs-25	Label-A	2001
2	central	worker-cs-25	Label-A	2002
2	central	worker-cs-25	Label-A	2001
2	central	worker-cs-25	Label-A	2001
2	central	worker-cs-25	Label-A	2014
2	central	worker-cs-25	Label-A	2001
2	central	worker-cs-25	Label-A	2002
2	central	worker-cs-25	Label-A	2002
2	central	worker-cs-25	Label-A	2002
2	central	worker-cs-25	Label-A	2003
2	central	worker-cs-25	Label-A	2001
2	central	worker-cs-25	Label-A	2002
2	central	worker-cs-25	Label-A	2002
2	central	worker-cs-25	Label-A	2002
2	central	worker-cs-25	Label-A	2000
2	central	worker-cs-25	Label-A	2000
2	central	worker-cs-25	Label-A	2001
2	central	worker-cs-25	Label-A	2003
2	central	worker-cs-25	Label-A	2002
2	central	worker-cs-25	Label-A	2001
2	central	worker-cs-25	Label-A	2001
2	central	worker-cs-25	Label-A	2002
2	central	worker-cs-25	Label-A	2001
2	central	worker-cs-25	Label-A	2001
2	central	worker-cs-25	Label-A	2002
2	central	worker-cs-25	Label-A	2002
2	central	worker-cs-25	Label-A	2001
2	central	worker-cs-25	Label-A	2003
2	central	worker-cs-25	Label-A	2002
2	central	worker-cs-25	Label-A	2002
2	central	worker-cs-25	Label-A	2002
2	central	worker-cs-25	Label-A	2003
2	central	worker-cs-25	Label-A	2002
2	central	worker-cs-25	Label-A	2002
2	central	worker-cs-25	Label-A	2007
2	central	worker-cs-25	Label-A	2002
2	central	worker-cs-25	Label-A	2001
2	central	worker-cs-25	Label-A	2002
2	central	worker-cs-25	Label-A	2001
2	central	worker-cs-25	Label-A	2002
2	central	worker-cs-25	Label-A	2002
2	central	worker-cs-25	Label-A	2002
2	central	worker-cs-25	Label-A	2002
2	central	worker-cs-25	Label-A	2001
2	central	worker-cs-25	Label-A	2002
2	central	worker-cs-25	Label-A	2003
2	central	worker-cs-25	Label-A	2002
2	central	worker-cs-25	Label-A	2001
2	central	worker-cs-25	Label-A	2002
2	central	worker-cs-25	Label-A	2001
2	central	worker-cs-25	Label-A	2002
2	central	worker-cs-25	Label-A	2001
2	central	worker-cs-25	Label-A	2002
2	central	worker-cs-25	Label-A	2001
2	central	worker-cs-25	Label-A	2000
2	central	worker-cs-25	Label-A	2002
2	central	worker-cs-25	Label-A	2002
2	central	worker-cs-25	Label-A	2001
2	central	worker-cs-25	Label-A	2002
2	central	worker-cs-25	Label-A	2001
2	central	worker-cs-25	Label-A	2002
2	central	worker-cs-25	Label-A	2001
2	central	worker-cs-25	Label-A	2004
2	central	worker-cs-25	Label-A	2001
2	central	worker-cs-25	Label-A	2001
2	central	worker-cs-25	Label-A	2002
2	central	worker-cs-25	Label-A	2002
2	central	worker-cs-25	Label-A	2001
2	central	worker-cs-25	Label-A	2001
2	central	worker-cs-25	Label-A	2002
2	central	worker-cs-25	Label-A	2003
2	central	worker-cs-25	Label-A	2002
2	central	worker-cs-25	Label-A	2005
2	central	worker-cs-25	Label-A	2002
2	central	worker-cs-25	Label-A	2002
2	central	worker-cs-25	Label-A	2003
2	central	worker-cs-25	Label-A	2002
2	central	worker-cs-25	Label-A	2002
2	central	worker-cs-25	Label-A	2001
2	central	worker-cs-25	Label-A	2002
2	central	worker-cs-25	Label-A	2002
2	central	worker-cs-25	Label-A	2001
2	central	worker-cs-25	Label-A	2001
2	central	worker-cs-25	Label-A	2002
2	central	worker-cs-25	Label-A	2003
2	central	worker-cs-25	Label-A	2001
2	central	worker-cs-25	Label-A	2002
2	central	worker-cs-25	Label-A	2001
2	central	worker-cs-25	Label-A	2002
2	central	worker-cs-25	Label-A	2001
2	central	worker-cs-25	Label-A	2002
2	central	worker-cs-25	Label-A	2001
2	central	worker-cs-25	Label-A	2002
2	central	worker-cs-25	Label-A	2001
2	central	worker-cs-25	Label-A	2003
2	central	worker-cs-25	Label-A	2002
2	central	worker-cs-25	Label-A	2000
2	central	worker-cs-25	Label-A	2002
2	central	worker-cs-25	Label-A	2001
2	central	worker-cs-25	Label-A	2001
2	central	worker-cs-25	Label-A	2002
2	central	worker-cs-25	Label-A	2001
2	central	worker-cs-25	Label-A	2001
2	central	worker-cs-25	Label-A	2002
2	central	worker-cs-25	Label-A	2000
2	central	worker-cs-25	Label-A	2000
2	central	worker-cs-25	Label-A	2002
2	central	worker-cs-25	Label-A	2002
2	central	worker-cs-25	Label-A	2001
2	central	worker-cs-25	Label-A	2002
2	central	worker-cs-25	Label-A	2002
2	central	worker-cs-25	Label-A	2001
2	central	worker-cs-25	Label-A	2004
2	central	worker-cs-25	Label-A	2001
2	central	worker-cs-25	Label-A	2002
2	central	worker-cs-25	Label-A	2001
2	central	worker-cs-25	Label-A	2001
2	central	worker-cs-25	Label-A	2001
2	central	worker-cs-25	Label-A	2001
2	central	worker-cs-25	Label-A	2002
2	central	worker-cs-25	Label-A	2002
2	central	worker-cs-25	Label-A	2002
2	central	worker-cs-25	Label-A	2004
2	central	worker-cs-25	Label-A	2002
2	central	worker-cs-25	Label-A	2001
2	central	worker-cs-25	Label-A	2002
2	central	worker-cs-25	Label-A	2002
2	central	worker-cs-25	Label-A	2002
2	central	worker-cs-25	Label-A	2002
2	central	worker-cs-25	Label-A	2001
2	central	worker-cs-25	Label-A	2002
2	central	worker-cs-25	Label-A	2002
2	central	worker-cs-25	Label-A	2002
2	central	worker-cs-25	Label-A	2002
2	central	worker-cs-25	Label-A	2001
2	central	worker-cs-25	Label-A	2001
2	central	worker-cs-25	Label-A	2000
2	central	worker-cs-25	Label-A	2001
2	central	worker-cs-25	Label-A	2004
2	central	worker-cs-25	Label-A	2001
2	central	worker-cs-25	Label-A	2002
2	central	worker-cs-25	Label-A	2001
2	central	worker-cs-25	Label-A	2001
2	central	worker-cs-25	Label-A	2004
2	central	worker-cs-25	Label-A	2001
2	central	worker-cs-25	Label-A	2001
2	central	worker-cs-25	Label-A	2001
2	central	worker-cs-25	Label-A	2001
2	central	worker-cs-25	Label-A	2002
2	central	worker-cs-25	Label-A	2002
2	central	worker-cs-25	Label-A	2001
2	central	worker-cs-25	Label-A	2002
2	central	worker-cs-25	Label-A	2002
2	central	worker-cs-25	Label-A	2002
2	central	worker-cs-25	Label-A	2003
2	central	worker-cs-25	Label-A	2002
2	central	worker-cs-25	Label-A	2001
2	central	worker-cs-25	Label-A	2003
2	central	worker-cs-25	Label-A	2002
2	central	worker-cs-25	Label-A	2002
2	central	worker-cs-25	Label-A	2002
2	central	worker-cs-25	Label-A	2001
2	central	worker-cs-25	Label-A	2001
2	central	worker-cs-25	Label-A	2001
2	central	worker-cs-25	Label-A	2001
2	central	worker-cs-25	Label-A	2001
2	central	worker-cs-25	Label-A	2001
2	central	worker-cs-25	Label-A	2002
2	central	worker-cs-25	Label-A	2001
2	central	worker-cs-25	Label-A	2002
2	central	worker-cs-25	Label-A	2002
2	central	worker-cs-25	Label-A	2001
2	central	worker-cs-25	Label-A	2001
2	central	worker-cs-25	Label-A	2008
2	central	worker-cs-25	Label-A	2002
2	central	worker-cs-25	Label-A	2002
2	central	worker-cs-25	Label-A	2001
2	central	worker-cs-25	Label-A	2002
2	central	worker-cs-25	Label-A	2002
2	central	worker-cs-25	Label-A	2001
2	central	worker-cs-25	Label-A	2002
2	central	worker-cs-25	Label-A	2001
2	central	worker-cs-25	Label-A	2001
2	central	worker-cs-25	Label-A	2002
2	central	worker-cs-25	Label-A	2002
2	central	worker-cs-25	Label-A	2002
2	central	worker-cs-25	Label-A	2002
2	central	worker-cs-25	Label-A	2001
2	central	worker-cs-25	Label-A	2002
2	central	worker-cs-25	Label-A	2002
2	central	worker-cs-25	Label-A	2001
2	central	worker-cs-25	Label-A	2002
2	central	worker-cs-25	Label-A	2002
2	central	worker-cs-25	Label-A	2001
2	central	worker-cs-25	Label-A	2001
2	central	worker-cs-25	Label-A	2002
2	central	worker-cs-25	Label-A	2002
2	central	worker-cs-25	Label-A	2001
2	central	worker-cs-25	Label-A	2002
2	central	worker-cs-25	Label-A	2002
2	central	worker-cs-25	Label-A	2001
2	central	worker-cs-25	Label-A	2002
2	central	worker-cs-25	Label-A	2001
2	central	worker-cs-25	Label-A	2003
2	central	worker-cs-25	Label-A	2001
2	central	worker-cs-25	Label-A	2001
2	central	worker-cs-25	Label-A	2002
2	central	worker-cs-25	Label-A	2002
2	central	worker-cs-25	Label-A	2000
2	central	worker-cs-25	Label-A	2002
2	central	worker-cs-25	Label-A	2002
2	central	worker-cs-25	Label-A	2002
2	central	worker-cs-25	Label-A	2001
2	central	worker-cs-25	Label-A	2001
2	central	worker-cs-25	Label-A	2002
2	central	worker-cs-25	Label-A	2002
2	central	worker-cs-25	Label-A	2002
2	central	worker-cs-25	Label-A	2002
2	central	worker-cs-25	Label-A	2001
2	central	worker-cs-25	Label-A	2002
2	central	worker-cs-25	Label-A	2002
2	central	worker-cs-25	Label-A	2002
2	central	worker-cs-25	Label-A	2001
2	central	worker-cs-25	Label-A	2001
2	central	worker-cs-25	Label-A	2001
2	central	worker-cs-25	Label-A	2001
2	central	worker-cs-25	Label-A	2001
2	central	worker-cs-25	Label-A	2002
2	central	worker-cs-25	Label-A	2001
2	central	worker-cs-25	Label-A	2002
2	central	worker-cs-25	Label-A	2001
2	central	worker-cs-25	Label-A	2002
2	central	worker-cs-25	Label-A	2001
2	central	worker-cs-25	Label-A	2001
2	central	worker-cs-25	Label-A	2001
2	central	worker-cs-25	Label-A	2002
2	central	worker-cs-25	Label-A	2002
2	central	worker-cs-25	Label-A	2002
2	central	worker-cs-25	Label-A	2002
2	central	worker-cs-25	Label-A	2001
2	central	worker-cs-25	Label-A	2002
2	central	worker-cs-25	Label-A	2003
2	central	worker-cs-25	Label-A	2001
2	central	worker-cs-25	Label-A	2002
2	central	worker-cs-25	Label-A	2002
2	central	worker-cs-25	Label-A	2002
2	central	worker-cs-25	Label-A	2001
2	central	worker-cs-25	Label-A	2001
2	central	worker-cs-25	Label-A	2001
2	central	worker-cs-25	Label-A	2002
2	central	worker-cs-25	Label-A	2001
2	central	worker-cs-25	Label-A	2002
2	central	worker-cs-25	Label-A	2002
2	central	worker-cs-25	Label-A	2002
2	central	worker-cs-25	Label-A	2002
2	central	worker-cs-25	Label-A	2003
2	central	worker-cs-25	Label-A	2003
2	central	worker-cs-25	Label-A	2001
2	central	worker-cs-25	Label-A	2002
2	central	worker-cs-25	Label-A	2002
2	central	worker-cs-25	Label-A	2002
2	central	worker-cs-25	Label-A	2002
2	central	worker-cs-25	Label-A	2001
2	central	worker-cs-25	Label-A	2001
2	central	worker-cs-25	Label-A	2002
2	central	worker-cs-25	Label-A	2001
2	central	worker-cs-25	Label-A	2002
2	central	worker-cs-25	Label-A	2001
2	central	worker-cs-25	Label-A	2002
2	central	worker-cs-25	Label-A	2001
2	central	worker-cs-25	Label-A	2001
2	central	worker-cs-25	Label-A	2002
2	central	worker-cs-25	Label-A	2001
2	central	worker-cs-25	Label-A	2002
2	central	worker-cs-25	Label-A	2002
2	central	worker-cs-25	Label-A	2001
2	central	worker-cs-25	Label-A	2002
2	central	worker-cs-25	Label-A	2002
2	central	worker-cs-25	Label-A	2001
2	central	worker-cs-25	Label-A	2001
2	central	worker-cs-25	Label-A	2001
2	central	worker-cs-25	Label-A	2001
2	central	worker-cs-25	Label-A	2002
2	central	worker-cs-25	Label-A	2001
2	central	worker-cs-25	Label-A	2002
2	central	worker-cs-25	Label-A	2002
2	central	worker-cs-25	Label-A	2002
2	central	worker-cs-25	Label-A	2002
2	central	worker-cs-25	Label-A	2003
2	central	worker-cs-25	Label-A	2002
2	central	worker-cs-25	Label-A	2006
2	central	worker-cs-25	Label-A	2004
2	central	worker-cs-25	Label-A	2001
2	central	worker-cs-25	Label-A	2003
2	central	worker-cs-25	Label-A	2002
2	central	worker-cs-25	Label-A	2002
2	central	worker-cs-25	Label-A	2002
2	central	worker-cs-25	Label-A	2001
2	central	worker-cs-25	Label-A	2001
2	central	worker-cs-25	Label-A	2002
2	central	worker-cs-25	Label-A	2001
2	central	worker-cs-25	Label-A	2003
2	central	worker-cs-25	Label-A	2002
2	central	worker-cs-25	Label-A	2002
2	central	worker-cs-25	Label-A	2002
2	central	worker-cs-25	Label-A	2002
2	central	worker-cs-25	Label-A	2001
2	central	worker-cs-25	Label-A	2002
2	central	worker-cs-25	Label-A	2001
2	central	worker-cs-25	Label-A	2001
2	central	worker-cs-25	Label-A	2002
2	central	worker-cs-25	Label-A	2002
2	central	worker-cs-25	Label-A	2002
2	central	worker-cs-25	Label-A	2001
2	central	worker-cs-25	Label-A	2003
2	central	worker-cs-25	Label-A	2002
2	central	worker-cs-25	Label-A	2001
2	central	worker-cs-25	Label-A	2002
2	central	worker-cs-25	Label-A	2002
2	central	worker-cs-25	Label-A	2001
2	central	worker-cs-25	Label-A	2002
2	central	worker-cs-25	Label-A	2001
2	central	worker-cs-25	Label-A	2002
2	central	worker-cs-25	Label-A	2002
2	central	worker-cs-25	Label-A	2002
2	central	worker-cs-25	Label-A	2002
2	central	worker-cs-25	Label-A	2002
2	central	worker-cs-25	Label-A	2002
2	central	worker-cs-25	Label-A	2002
2	central	worker-cs-25	Label-A	2001
2	central	worker-cs-25	Label-A	2001
2	central	worker-cs-25	Label-A	2001
2	central	worker-cs-25	Label-A	2001
2	central	worker-cs-25	Label-A	2001
2	central	worker-cs-25	Label-A	2003
2	central	worker-cs-25	Label-A	2001
2	central	worker-cs-25	Label-A	2003
2	central	worker-cs-25	Label-A	2001
2	central	worker-cs-25	Label-A	2002
2	central	worker-cs-25	Label-A	2002
2	central	worker-cs-25	Label-A	2004
2	central	worker-cs-25	Label-A	2003
2	central	worker-cs-25	Label-A	2002
2	central	worker-cs-25	Label-A	2002
2	central	worker-cs-25	Label-A	2002
2	central	worker-cs-25	Label-A	2005
2	central	worker-cs-25	Label-A	2001
2	central	worker-cs-25	Label-A	2001
2	central	worker-cs-25	Label-A	2001
2	central	worker-cs-25	Label-A	2002
2	central	worker-cs-25	Label-A	2001
2	central	worker-cs-25	Label-A	2002
2	central	worker-cs-25	Label-A	2001
2	central	worker-cs-25	Label-A	2002
2	central	worker-cs-25	Label-A	2001
2	central	worker-cs-25	Label-A	2007
2	central	worker-cs-25	Label-A	2001
2	central	worker-cs-25	Label-A	2001
2	central	worker-cs-25	Label-A	2002
2	central	worker-cs-25	Label-A	2002
2	central	worker-cs-25	Label-A	2001
2	central	worker-cs-25	Label-A	2001
2	central	worker-cs-25	Label-A	2002
2	central	worker-cs-25	Label-A	2002
2	central	worker-cs-25	Label-A	2001
2	central	worker-cs-25	Label-A	2001
2	central	worker-cs-25	Label-A	2002
2	central	worker-cs-25	Label-A	2002
2	central	worker-cs-25	Label-A	2002
2	central	worker-cs-25	Label-A	2001
2	central	worker-cs-25	Label-A	2002
2	central	worker-cs-25	Label-A	2001
2	central	worker-cs-25	Label-A	2001
2	central	worker-cs-25	Label-A	2010
2	central	worker-cs-25	Label-A	2001
2	central	worker-cs-25	Label-A	2002
2	central	worker-cs-25	Label-A	2002
2	central	worker-cs-25	Label-A	2001
2	central	worker-cs-25	Label-A	2002
2	central	worker-cs-25	Label-A	2004
2	central	worker-cs-25	Label-A	2002
2	central	worker-cs-25	Label-A	2002
2	central	worker-cs-25	Label-A	2001
2	central	worker-cs-25	Label-A	2003
2	central	worker-cs-25	Label-A	2001
2	central	worker-cs-25	Label-A	2002
2	central	worker-cs-25	Label-A	2001
2	central	worker-cs-25	Label-A	2001
2	central	worker-cs-25	Label-A	2002
2	central	worker-cs-25	Label-A	2002
2	central	worker-cs-25	Label-A	2001
2	central	worker-cs-25	Label-A	2002
2	central	worker-cs-25	Label-A	2001
2	central	worker-cs-25	Label-A	2001
2	central	worker-cs-25	Label-A	2002
2	central	worker-cs-25	Label-A	2001
2	central	worker-cs-25	Label-A	2002
2	central	worker-cs-25	Label-A	2002
2	central	worker-cs-25	Label-A	2001
2	central	worker-cs-25	Label-A	2001
2	central	worker-cs-25	Label-A	2001
2	central	worker-cs-25	Label-A	2007
2	central	worker-cs-25	Label-A	2002
2	central	worker-cs-25	Label-A	2003
2	central	worker-cs-25	Label-A	2001
2	central	worker-cs-25	Label-A	2002
2	central	worker-cs-25	Label-A	2001
2	central	worker-cs-25	Label-A	2002
2	central	worker-cs-25	Label-A	2001
2	central	worker-cs-25	Label-A	2002
2	central	worker-cs-25	Label-A	2001
2	central	worker-cs-25	Label-A	2001
2	central	worker-cs-25	Label-A	2002
2	central	worker-cs-25	Label-A	2001
2	central	worker-cs-25	Label-A	2002
2	central	worker-cs-25	Label-A	2001
2	central	worker-cs-25	Label-A	2002
2	central	worker-cs-25	Label-A	2001
2	central	worker-cs-25	Label-A	2003
2	central	worker-cs-25	Label-A	2002
2	central	worker-cs-25	Label-A	2002
2	central	worker-cs-25	Label-A	2002
2	central	worker-cs-25	Label-A	2002
2	central	worker-cs-25	Label-A	2002
2	central	worker-cs-25	Label-A	2001
2	central	worker-cs-25	Label-A	2001
2	central	worker-cs-25	Label-A	2002
2	central	worker-cs-25	Label-A	2002
2	central	worker-cs-25	Label-A	2001
2	central	worker-cs-25	Label-A	2001
2	central	worker-cs-25	Label-A	2002
2	central	worker-cs-25	Label-A	2002
2	central	worker-cs-25	Label-A	2002
2	central	worker-cs-25	Label-A	2001
2	central	worker-cs-25	Label-A	2004
2	central	worker-cs-25	Label-A	2001
2	central	worker-cs-25	Label-A	2002
2	central	worker-cs-25	Label-A	2002
2	central	worker-cs-25	Label-A	2002
2	central	worker-cs-25	Label-A	2008
2	central	worker-cs-25	Label-A	2001
2	central	worker-cs-25	Label-A	2002
2	central	worker-cs-25	Label-A	2002
2	central	worker-cs-25	Label-A	2001
2	central	worker-cs-25	Label-A	2001
2	central	worker-cs-25	Label-A	2002
2	central	worker-cs-25	Label-A	2002
2	central	worker-cs-25	Label-A	2001
2	central	worker-cs-25	Label-A	2002
2	central	worker-cs-25	Label-A	2002
2	central	worker-cs-25	Label-A	2001
2	central	worker-cs-25	Label-A	2001
2	central	worker-cs-25	Label-A	2002
2	central	worker-cs-25	Label-A	2001
2	central	worker-cs-25	Label-A	2001
2	central	worker-cs-25	Label-A	2001
2	central	worker-cs-25	Label-A	2005
2	central	worker-cs-25	Label-A	2001
2	central	worker-cs-25	Label-A	2001
2	central	worker-cs-25	Label-A	2001
2	central	worker-cs-25	Label-A	2003
2	central	worker-cs-25	Label-A	2001
2	central	worker-cs-25	Label-A	2001
2	central	worker-cs-25	Label-A	2005
2	central	worker-cs-25	Label-A	2001
2	central	worker-cs-25	Label-A	2003
2	central	worker-cs-25	Label-A	2007
2	central	worker-cs-25	Label-A	2001
2	central	worker-cs-25	Label-A	2002
2	central	worker-cs-25	Label-A	2002
2	central	worker-cs-25	Label-A	2001
2	central	worker-cs-25	Label-A	2002
2	central	worker-cs-25	Label-A	2002
2	central	worker-cs-25	Label-A	2001
2	central	worker-cs-25	Label-A	2002
2	central	worker-cs-25	Label-A	2002
2	central	worker-cs-25	Label-A	2002
2	central	worker-cs-25	Label-A	2001
2	central	worker-cs-25	Label-A	2003
2	central	worker-cs-25	Label-A	2002
2	central	worker-cs-25	Label-A	2002
2	central	worker-cs-25	Label-A	2002
2	central	worker-cs-25	Label-A	2002
2	central	worker-cs-25	Label-A	2002
2	central	worker-cs-25	Label-A	2001
2	central	worker-cs-25	Label-A	2001
2	central	worker-cs-25	Label-A	2001
2	central	worker-cs-25	Label-A	2004
2	central	worker-cs-25	Label-A	2001
2	central	worker-cs-25	Label-A	2001
2	central	worker-cs-25	Label-A	2000
2	central	worker-cs-25	Label-A	2001
2	central	worker-cs-25	Label-A	2001
2	central	worker-cs-25	Label-A	2001
2	central	worker-cs-25	Label-A	2001
2	central	worker-cs-25	Label-A	2001
2	central	worker-cs-25	Label-A	2001
2	central	worker-cs-25	Label-A	2001
2	central	worker-cs-25	Label-A	2002
2	central	worker-cs-25	Label-A	2001
2	central	worker-cs-25	Label-A	2002
2	central	worker-cs-25	Label-A	2002
2	central	worker-cs-25	Label-A	2001
2	central	worker-cs-25	Label-A	2002
2	central	worker-cs-25	Label-A	2002
2	central	worker-cs-25	Label-A	2001
2	central	worker-cs-25	Label-A	2002
2	central	worker-cs-25	Label-A	2002
2	central	worker-cs-25	Label-A	2002
2	central	worker-cs-25	Label-A	2001
2	central	worker-cs-25	Label-A	2002
2	central	worker-cs-25	Label-A	2002
2	central	worker-cs-25	Label-A	2001
2	central	worker-cs-25	Label-A	2001
2	central	worker-cs-25	Label-A	2001
2	central	worker-cs-25	Label-A	2007
2	central	worker-cs-25	Label-A	2001
2	central	worker-cs-25	Label-A	2004
2	central	worker-cs-25	Label-A	2002
2	central	worker-cs-25	Label-A	2001
2	central	worker-cs-25	Label-A	2002
2	central	worker-cs-25	Label-A	2002
2	central	worker-cs-25	Label-A	2002
2	central	worker-cs-25	Label-A	2006
2	central	worker-cs-25	Label-A	2002
2	central	worker-cs-25	Label-A	2002
2	central	worker-cs-25	Label-A	2002
2	central	worker-cs-25	Label-A	2002
2	central	worker-cs-25	Label-A	2003
2	central	worker-cs-25	Label-A	2001
2	central	worker-cs-25	Label-A	2002
2	central	worker-cs-25	Label-A	2001
2	central	worker-cs-25	Label-A	2001
2	central	worker-cs-25	Label-A	2001
2	central	worker-cs-25	Label-A	2002
2	central	worker-cs-25	Label-A	2001
2	central	worker-cs-25	Label-A	2002
2	central	worker-cs-25	Label-A	2002
2	central	worker-cs-25	Label-A	2002
2	central	worker-cs-25	Label-A	2001
2	central	worker-cs-25	Label-A	2002
2	central	worker-cs-25	Label-A	2001
2	central	worker-cs-25	Label-A	2002
2	central	worker-cs-25	Label-A	2006
2	central	worker-cs-25	Label-A	2002
2	central	worker-cs-25	Label-A	2002
2	central	worker-cs-25	Label-A	2002
2	central	worker-cs-25	Label-A	2001
2	central	worker-cs-25	Label-A	2002
2	central	worker-cs-25	Label-A	2001
2	central	worker-cs-25	Label-A	2001
2	central	worker-cs-25	Label-A	2002
2	central	worker-cs-25	Label-A	2002
2	central	worker-cs-25	Label-A	2002
2	central	worker-cs-25	Label-A	2002
2	central	worker-cs-25	Label-A	2002
2	central	worker-cs-25	Label-A	2002
2	central	worker-cs-25	Label-A	2001
2	central	worker-cs-25	Label-A	2001
2	central	worker-cs-25	Label-A	2002
2	central	worker-cs-25	Label-A	2002
2	central	worker-cs-25	Label-A	2002
2	central	worker-cs-25	Label-A	2001
2	central	worker-cs-25	Label-A	2002
2	central	worker-cs-25	Label-A	2002
2	central	worker-cs-25	Label-A	2002
2	central	worker-cs-25	Label-A	2005
2	central	worker-cs-25	Label-A	2002
2	central	worker-cs-25	Label-A	2002
2	central	worker-cs-25	Label-A	2001
2	central	worker-cs-25	Label-A	2002
2	central	worker-cs-25	Label-A	2002
2	central	worker-cs-25	Label-A	2002
2	central	worker-cs-25	Label-A	2001
2	central	worker-cs-25	Label-A	2002
2	central	worker-cs-25	Label-A	2001
2	central	worker-cs-25	Label-A	2002
2	central	worker-cs-25	Label-A	2003
2	central	worker-cs-25	Label-A	2001
2	central	worker-cs-25	Label-A	2002
2	central	worker-cs-25	Label-A	2001
2	central	worker-cs-25	Label-A	2002
2	central	worker-cs-25	Label-A	2002
2	central	worker-cs-25	Label-A	2002
2	central	worker-cs-25	Label-A	2002
2	central	worker-cs-25	Label-A	2001
2	central	worker-cs-25	Label-A	2002
2	central	worker-cs-25	Label-A	2002
2	central	worker-cs-25	Label-A	2001
2	central	worker-cs-25	Label-A	2002
2	central	worker-cs-25	Label-A	2001
2	central	worker-cs-25	Label-A	2002
2	central	worker-cs-25	Label-A	2002
2	central	worker-cs-25	Label-A	2002
2	central	worker-cs-25	Label-A	2001
2	central	worker-cs-25	Label-A	2002
2	central	worker-cs-25	Label-A	2002
2	central	worker-cs-25	Label-A	2003
2	central	worker-cs-25	Label-A	2008
2	central	worker-cs-25	Label-A	2002
2	central	worker-cs-25	Label-A	2003
2	central	worker-cs-25	Label-A	2001
2	central	worker-cs-25	Label-A	2001
2	central	worker-cs-25	Label-A	2002
2	central	worker-cs-25	Label-A	2001
2	central	worker-cs-25	Label-A	2001
2	central	worker-cs-25	Label-A	2002
2	central	worker-cs-25	Label-A	2004
2	central	worker-cs-25	Label-A	2002
2	central	worker-cs-25	Label-A	2002
2	central	worker-cs-25	Label-A	2002
2	central	worker-cs-25	Label-A	2001
2	central	worker-cs-25	Label-A	2001
2	central	worker-cs-25	Label-A	2002
2	central	worker-cs-25	Label-A	2001
2	central	worker-cs-25	Label-A	2002
2	central	worker-cs-25	Label-A	2002
2	central	worker-cs-25	Label-A	2002
2	central	worker-cs-25	Label-A	2002
2	central	worker-cs-25	Label-A	2001
2	central	worker-cs-25	Label-A	2001
2	central	worker-cs-25	Label-A	2000
2	central	worker-cs-25	Label-A	2002
2	central	worker-cs-25	Label-A	2001
2	central	worker-cs-25	Label-A	2002
2	central	worker-cs-25	Label-A	2003
2	central	worker-cs-25	Label-A	2002
2	central	worker-cs-25	Label-A	2002
2	central	worker-cs-25	Label-A	2002
2	central	worker-cs-25	Label-A	2001
2	central	worker-cs-25	Label-A	2002
2	central	worker-cs-25	Label-A	2001
2	central	worker-cs-25	Label-A	2005
2	central	worker-cs-25	Label-A	2003
2	central	worker-cs-25	Label-A	2004
2	central	worker-cs-25	Label-A	2004
2	central	worker-cs-25	Label-A	2002
2	central	worker-cs-25	Label-A	2002
2	central	worker-cs-25	Label-A	2001
2	central	worker-cs-25	Label-A	2002
2	central	worker-cs-25	Label-A	2002
2	central	worker-cs-25	Label-A	2002
2	central	worker-cs-25	Label-A	2002
2	central	worker-cs-25	Label-A	2002
2	central	worker-cs-25	Label-A	2002
2	central	worker-cs-25	Label-A	2002
2	central	worker-cs-25	Label-A	2002
2	central	worker-cs-25	Label-A	2002
2	central	worker-cs-25	Label-A	2002
2	central	worker-cs-25	Label-A	2002
2	central	worker-cs-25	Label-A	2002
2	central	worker-cs-25	Label-A	2001
2	central	worker-cs-25	Label-A	2001
2	central	worker-cs-25	Label-A	2001
2	central	worker-cs-25	Label-A	2002
2	central	worker-cs-25	Label-A	2001
2	central	worker-cs-25	Label-A	2001
2	central	worker-cs-25	Label-A	2002
2	central	worker-cs-25	Label-A	2001
2	central	worker-cs-25	Label-A	2001
2	central	worker-cs-25	Label-A	2002
2	central	worker-cs-25	Label-A	2002
2	central	worker-cs-25	Label-A	2001
2	central	worker-cs-25	Label-A	2002
2	central	worker-cs-25	Label-A	2001
2	central	worker-cs-25	Label-A	2002
2	central	worker-cs-25	Label-A	2002
2	central	worker-cs-25	Label-A	2001
2	central	worker-cs-25	Label-A	2001
2	central	worker-cs-25	Label-A	2001
2	central	worker-cs-25	Label-A	2002
2	central	worker-cs-25	Label-A	2002
2	central	worker-cs-25	Label-A	2002
2	central	worker-cs-25	Label-A	2001
2	central	worker-cs-25	Label-A	2002
2	central	worker-cs-25	Label-A	2001
2	central	worker-cs-25	Label-A	2002
2	central	worker-cs-25	Label-A	2002
2	central	worker-cs-25	Label-A	2002
2	central	worker-cs-25	Label-A	2001
2	central	worker-cs-25	Label-A	2001
2	central	worker-cs-25	Label-A	2002
2	central	worker-cs-25	Label-A	2001
2	central	worker-cs-25	Label-A	2001
2	central	worker-cs-25	Label-A	2001
2	central	worker-cs-25	Label-A	2001
2	central	worker-cs-25	Label-A	2002
2	central	worker-cs-25	Label-A	2000
2	central	worker-cs-25	Label-A	2002
2	central	worker-cs-25	Label-A	2002
2	central	worker-cs-25	Label-A	2001
2	central	worker-cs-25	Label-A	2001
2	central	worker-cs-25	Label-A	2001
2	central	worker-cs-25	Label-A	2002
2	central	worker-cs-25	Label-A	2001
2	central	worker-cs-25	Label-A	2002
2	central	worker-cs-25	Label-A	2001
2	central	worker-cs-25	Label-A	2002
2	central	worker-cs-25	Label-A	2001
2	central	worker-cs-25	Label-A	2001
2	central	worker-cs-25	Label-A	2002
2	central	worker-cs-25	Label-A	2001
2	central	worker-cs-25	Label-A	2001
2	central	worker-cs-25	Label-A	2001
2	central	worker-cs-25	Label-A	2001
2	central	worker-cs-25	Label-A	2002
2	central	worker-cs-25	Label-A	2003
2	central	worker-cs-25	Label-A	2002
2	central	worker-cs-25	Label-A	2002
2	central	worker-cs-25	Label-A	2002
2	central	worker-cs-25	Label-A	2001
2	central	worker-cs-25	Label-A	2001
2	central	worker-cs-25	Label-A	2002
2	central	worker-cs-25	Label-A	2002
2	central	worker-cs-25	Label-A	2004
2	central	worker-cs-25	Label-A	2001
2	central	worker-cs-25	Label-A	2003
2	central	worker-cs-25	Label-A	2001
2	central	worker-cs-25	Label-A	2002
2	central	worker-cs-25	Label-A	2002
2	central	worker-cs-25	Label-A	2001
2	central	worker-cs-25	Label-A	2002
2	central	worker-cs-25	Label-A	2002
2	central	worker-cs-25	Label-A	2001
2	central	worker-cs-25	Label-A	2002
2	central	worker-cs-25	Label-A	2002
2	central	worker-cs-25	Label-A	2002
2	central	worker-cs-25	Label-A	2001
2	central	worker-cs-25	Label-A	2001
2	central	worker-cs-25	Label-A	2002
2	central	worker-cs-25	Label-A	2003
2	central	worker-cs-25	Label-A	2002
2	central	worker-cs-25	Label-A	2001
2	central	worker-cs-25	Label-A	2002
2	central	worker-cs-25	Label-A	2002
2	central	worker-cs-25	Label-A	2001
2	central	worker-cs-25	Label-A	2001
2	central	worker-cs-25	Label-A	2005
2	central	worker-cs-25	Label-A	2002
2	central	worker-cs-25	Label-A	2001
2	central	worker-cs-25	Label-A	2002
2	central	worker-cs-25	Label-A	2001
2	central	worker-cs-25	Label-A	2002
2	central	worker-cs-25	Label-A	2002
2	central	worker-cs-25	Label-A	2001
2	central	worker-cs-25	Label-A	2002
2	central	worker-cs-25	Label-A	2002
2	central	worker-cs-25	Label-A	2001
2	central	worker-cs-25	Label-A	2001
2	central	worker-cs-25	Label-A	2002
2	central	worker-cs-25	Label-A	2002
2	central	worker-cs-25	Label-A	2001
2	central	worker-cs-25	Label-A	2001
2	central	worker-cs-25	Label-A	2001
2	central	worker-cs-25	Label-A	2001
2	central	worker-cs-25	Label-A	2002
2	central	worker-cs-25	Label-A	2003
2	central	worker-cs-25	Label-A	2002
2	central	worker-cs-25	Label-A	2001
2	central	worker-cs-25	Label-A	2001
2	central	worker-cs-25	Label-A	2002
2	central	worker-cs-25	Label-A	2002
2	central	worker-cs-25	Label-A	2002
2	central	worker-cs-25	Label-A	2002
2	central	worker-cs-25	Label-A	2002
2	central	worker-cs-25	Label-A	2002
2	central	worker-cs-25	Label-A	2002
2	central	worker-cs-25	Label-A	2002
2	central	worker-cs-25	Label-A	2002
2	central	worker-cs-25	Label-A	2001
2	central	worker-cs-25	Label-A	2001
2	central	worker-cs-25	Label-A	2001
2	central	worker-cs-25	Label-A	2002
2	central	worker-cs-25	Label-A	2002
2	central	worker-cs-25	Label-A	2002
2	central	worker-cs-25	Label-A	2001
2	central	worker-cs-25	Label-A	2001
2	central	worker-cs-25	Label-A	2001
2	central	worker-cs-25	Label-A	2002
2	central	worker-cs-25	Label-A	2001
2	central	worker-cs-25	Label-A	2001
2	central	worker-cs-25	Label-A	2000
2	central	worker-cs-25	Label-A	2003
2	central	worker-cs-25	Label-A	2002
2	central	worker-cs-25	Label-A	2000
2	central	worker-cs-25	Label-A	2002
2	central	worker-cs-25	Label-A	2002
2	central	worker-cs-25	Label-A	2002
2	central	worker-cs-25	Label-A	2002
2	central	worker-cs-25	Label-A	2002
2	central	worker-cs-25	Label-A	2006
2	central	worker-cs-25	Label-A	2002
2	central	worker-cs-25	Label-A	2001
2	central	worker-cs-25	Label-A	2002
2	central	worker-cs-25	Label-A	2002
2	central	worker-cs-25	Label-A	2002
2	central	worker-cs-25	Label-A	2001
2	central	worker-cs-25	Label-A	2000
2	central	worker-cs-25	Label-A	2001
2	central	worker-cs-25	Label-A	2002
2	central	worker-cs-25	Label-A	2001
2	central	worker-cs-25	Label-A	2002
2	central	worker-cs-25	Label-A	2002
2	central	worker-cs-25	Label-A	2002
2	central	worker-cs-25	Label-A	2004
2	central	worker-cs-25	Label-A	2002
2	central	worker-cs-25	Label-A	2002
2	central	worker-cs-25	Label-A	2001
2	central	worker-cs-25	Label-A	2001
2	central	worker-cs-25	Label-A	2001
2	central	worker-cs-25	Label-A	2002
2	central	worker-cs-25	Label-A	2002
2	central	worker-cs-25	Label-A	2002
2	central	worker-cs-25	Label-A	2001
2	central	worker-cs-25	Label-A	2000
2	central	worker-cs-25	Label-A	2002
2	central	worker-cs-25	Label-A	2001
2	central	worker-cs-25	Label-A	2001
2	central	worker-cs-25	Label-A	2001
2	central	worker-cs-25	Label-A	2002
2	central	worker-cs-25	Label-A	2002
2	central	worker-cs-25	Label-A	2001
2	central	worker-cs-25	Label-A	2001
2	central	worker-cs-25	Label-A	2001
2	central	worker-cs-25	Label-A	2001
2	central	worker-cs-25	Label-A	2002
2	central	worker-cs-25	Label-A	2001
2	central	worker-cs-25	Label-A	2001
2	central	worker-cs-25	Label-A	2002
2	central	worker-cs-25	Label-A	2002
2	central	worker-cs-25	Label-A	2002
2	central	worker-cs-25	Label-A	2001
2	central	worker-cs-25	Label-A	2001
2	central	worker-cs-25	Label-A	2001
2	central	worker-cs-25	Label-A	2001
2	central	worker-cs-25	Label-A	2002
2	central	worker-cs-25	Label-A	2001
2	central	worker-cs-25	Label-A	2002
2	central	worker-cs-25	Label-A	2001
2	central	worker-cs-25	Label-A	2002
2	central	worker-cs-25	Label-A	2004
2	central	worker-cs-25	Label-A	2001
2	central	worker-cs-25	Label-A	2001
2	central	worker-cs-25	Label-A	2001
2	central	worker-cs-25	Label-A	2001
2	central	worker-cs-25	Label-A	2002
2	central	worker-cs-25	Label-A	2008
2	central	worker-cs-25	Label-A	2004
2	central	worker-cs-25	Label-A	2002
2	central	worker-cs-25	Label-A	2002
2	central	worker-cs-25	Label-A	2002
2	central	worker-cs-25	Label-A	2001
2	central	worker-cs-25	Label-A	2002
2	central	worker-cs-25	Label-A	2002
2	central	worker-cs-25	Label-A	2001
2	central	worker-cs-25	Label-A	2001
2	central	worker-cs-25	Label-A	2002
2	central	worker-cs-25	Label-A	2001
2	central	worker-cs-25	Label-A	2002
2	central	worker-cs-25	Label-A	2002
2	central	worker-cs-25	Label-A	2002
2	central	worker-cs-25	Label-A	2001
2	central	worker-cs-25	Label-A	2002
2	central	worker-cs-25	Label-A	2002
2	central	worker-cs-25	Label-A	2001
2	central	worker-cs-25	Label-A	2003
2	central	worker-cs-25	Label-A	2002
2	central	worker-cs-25	Label-A	2002
2	central	worker-cs-25	Label-A	2001
2	central	worker-cs-25	Label-A	2001
2	central	worker-cs-25	Label-A	2002
2	central	worker-cs-25	Label-A	2001
2	central	worker-cs-25	Label-A	2002
2	central	worker-cs-25	Label-A	2002
2	central	worker-cs-25	Label-A	2002
2	central	worker-cs-25	Label-A	2002
2	central	worker-cs-25	Label-A	2001
2	central	worker-cs-25	Label-A	2002
2	central	worker-cs-25	Label-A	2001
2	central	worker-cs-25	Label-A	2002
2	central	worker-cs-25	Label-A	2001
2	central	worker-cs-25	Label-A	2002
2	central	worker-cs-25	Label-A	2002
2	central	worker-cs-25	Label-A	2002
2	central	worker-cs-25	Label-A	2002
2	central	worker-cs-25	Label-A	2002
2	central	worker-cs-25	Label-A	2002
2	central	worker-cs-25	Label-A	2002
2	central	worker-cs-25	Label-A	2002
2	central	worker-cs-25	Label-A	2002
2	central	worker-cs-25	Label-A	2002
2	central	worker-cs-25	Label-A	2002
2	central	worker-cs-25	Label-A	2001
2	central	worker-cs-25	Label-A	2001
2	central	worker-cs-25	Label-A	2009
2	central	worker-cs-25	Label-A	2002
2	central	worker-cs-25	Label-A	2002
2	central	worker-cs-25	Label-A	2002
2	central	worker-cs-25	Label-A	2001
2	central	worker-cs-25	Label-A	2001
2	central	worker-cs-25	Label-A	2003
2	central	worker-cs-25	Label-A	2001
2	central	worker-cs-25	Label-A	2002
2	central	worker-cs-25	Label-A	2001
2	central	worker-cs-25	Label-A	2001
2	central	worker-cs-25	Label-A	2001
2	central	worker-cs-25	Label-A	2001
2	central	worker-cs-25	Label-A	2002
2	central	worker-cs-25	Label-A	2002
2	central	worker-cs-25	Label-A	2002
2	central	worker-cs-25	Label-A	2002
2	central	worker-cs-25	Label-A	2001
2	central	worker-cs-25	Label-A	2005
2	central	worker-cs-25	Label-A	2002
2	central	worker-cs-25	Label-A	2004
2	central	worker-cs-25	Label-A	2002
2	central	worker-cs-25	Label-A	2002
2	central	worker-cs-25	Label-A	2001
2	central	worker-cs-29	Label-E	2002
2	central	worker-cs-29	Label-E	2001
2	central	worker-cs-29	Label-E	2002
2	central	worker-cs-29	Label-E	2002
2	central	worker-cs-29	Label-E	2001
2	central	worker-cs-29	Label-E	2001
2	central	worker-cs-29	Label-E	2001
2	central	worker-cs-29	Label-E	2002
2	central	worker-cs-29	Label-E	2002
2	central	worker-cs-29	Label-E	2006
2	central	worker-cs-29	Label-E	2004
2	central	worker-cs-29	Label-E	2001
2	central	worker-cs-29	Label-E	2001
2	central	worker-cs-29	Label-E	2003
2	central	worker-cs-29	Label-E	2001
2	central	worker-cs-29	Label-E	2001
2	central	worker-cs-29	Label-E	2002
2	central	worker-cs-29	Label-E	2002
2	central	worker-cs-29	Label-E	2002
2	central	worker-cs-29	Label-E	2002
2	central	worker-cs-29	Label-E	2002
2	central	worker-cs-29	Label-E	2002
2	central	worker-cs-29	Label-E	2002
2	central	worker-cs-29	Label-E	2003
2	central	worker-cs-29	Label-E	2001
2	central	worker-cs-29	Label-E	2001
2	central	worker-cs-29	Label-E	2002
2	central	worker-cs-29	Label-E	2002
2	central	worker-cs-29	Label-E	2003
2	central	worker-cs-29	Label-E	2001
2	central	worker-cs-29	Label-E	2001
2	central	worker-cs-29	Label-E	2001
2	central	worker-cs-29	Label-E	2001
2	central	worker-cs-29	Label-E	2001
2	central	worker-cs-29	Label-E	2002
2	central	worker-cs-29	Label-E	2002
2	central	worker-cs-29	Label-E	2002
2	central	worker-cs-29	Label-E	2002
2	central	worker-cs-29	Label-E	2002
2	central	worker-cs-29	Label-E	2002
2	central	worker-cs-29	Label-E	2002
2	central	worker-cs-29	Label-E	2001
2	central	worker-cs-29	Label-E	2002
2	central	worker-cs-29	Label-E	2002
2	central	worker-cs-29	Label-E	2000
2	central	worker-cs-29	Label-E	2002
2	central	worker-cs-29	Label-E	2002
2	central	worker-cs-29	Label-E	2002
2	central	worker-cs-29	Label-E	2001
2	central	worker-cs-29	Label-E	2002
2	central	worker-cs-29	Label-E	2001
2	central	worker-cs-29	Label-E	2002
2	central	worker-cs-29	Label-E	2002
2	central	worker-cs-29	Label-E	2003
2	central	worker-cs-29	Label-E	2002
2	central	worker-cs-29	Label-E	2001
2	central	worker-cs-29	Label-E	2002
2	central	worker-cs-29	Label-E	2006
2	central	worker-cs-29	Label-E	2002
2	central	worker-cs-29	Label-E	2002
2	central	worker-cs-29	Label-E	2007
2	central	worker-cs-29	Label-E	2002
2	central	worker-cs-29	Label-E	2002
2	central	worker-cs-29	Label-E	2001
2	central	worker-cs-29	Label-E	2001
2	central	worker-cs-29	Label-E	2001
2	central	worker-cs-29	Label-E	2002
2	central	worker-cs-29	Label-E	2003
2	central	worker-cs-29	Label-E	2001
2	central	worker-cs-29	Label-E	2001
2	central	worker-cs-29	Label-E	2002
2	central	worker-cs-29	Label-E	2001
2	central	worker-cs-29	Label-E	2002
2	central	worker-cs-29	Label-E	2003
2	central	worker-cs-29	Label-E	2001
2	central	worker-cs-29	Label-E	2002
2	central	worker-cs-29	Label-E	2001
2	central	worker-cs-29	Label-E	2003
2	central	worker-cs-29	Label-E	2002
2	central	worker-cs-29	Label-E	2001
2	central	worker-cs-29	Label-E	2002
2	central	worker-cs-29	Label-E	2002
2	central	worker-cs-29	Label-E	2001
2	central	worker-cs-29	Label-E	2002
2	central	worker-cs-29	Label-E	2002
2	central	worker-cs-29	Label-E	2001
2	central	worker-cs-29	Label-E	2001
2	central	worker-cs-29	Label-E	2001
2	central	worker-cs-29	Label-E	2001
2	central	worker-cs-29	Label-E	2002
2	central	worker-cs-29	Label-E	2001
2	central	worker-cs-29	Label-E	2001
2	central	worker-cs-29	Label-E	2001
2	central	worker-cs-29	Label-E	2001
2	central	worker-cs-29	Label-E	2001
2	central	worker-cs-29	Label-E	2000
2	central	worker-cs-29	Label-E	2002
2	central	worker-cs-29	Label-E	2002
2	central	worker-cs-29	Label-E	2002
2	central	worker-cs-29	Label-E	2002
2	central	worker-cs-29	Label-E	2003
2	central	worker-cs-29	Label-E	2001
2	central	worker-cs-29	Label-E	2001
2	central	worker-cs-29	Label-E	2001
2	central	worker-cs-29	Label-E	2002
2	central	worker-cs-7	Label-C	2002
2	central	worker-cs-7	Label-C	2002
2	central	worker-cs-7	Label-C	2002
2	central	worker-cs-7	Label-C	2002
2	central	worker-cs-7	Label-C	2002
2	central	worker-cs-7	Label-C	2001
2	central	worker-cs-7	Label-C	2002
2	central	worker-cs-7	Label-C	2001
2	central	worker-cs-7	Label-C	2001
2	central	worker-cs-7	Label-C	2002
2	central	worker-cs-7	Label-C	2002
2	central	worker-cs-7	Label-C	2001
2	central	worker-cs-7	Label-C	2001
2	central	worker-cs-7	Label-C	2001
2	central	worker-cs-7	Label-C	2001
2	central	worker-cs-7	Label-C	2002
2	central	worker-cs-7	Label-C	2002
2	central	worker-cs-7	Label-C	2002
2	central	worker-cs-7	Label-C	2002
2	central	worker-cs-7	Label-C	2003
2	central	worker-cs-7	Label-C	2001
2	central	worker-cs-7	Label-C	2001
2	central	worker-cs-7	Label-C	2001
2	central	worker-cs-7	Label-C	2002
2	central	worker-cs-7	Label-C	2002
2	central	worker-cs-7	Label-C	2004
2	central	worker-cs-7	Label-C	2002
2	central	worker-cs-7	Label-C	2002
2	central	worker-cs-7	Label-C	2001
2	central	worker-cs-7	Label-C	2001
2	central	worker-cs-7	Label-C	2002
2	central	worker-cs-7	Label-C	2002
2	central	worker-cs-7	Label-C	2002
2	central	worker-cs-7	Label-C	2002
2	central	worker-cs-7	Label-C	2001
2	central	worker-cs-7	Label-C	2001
2	central	worker-cs-7	Label-C	2001
2	central	worker-cs-7	Label-C	2002
2	central	worker-cs-7	Label-C	2002
2	central	worker-cs-7	Label-C	2001
2	central	worker-cs-7	Label-C	2002
2	central	worker-cs-7	Label-C	2002
2	central	worker-cs-7	Label-C	2001
2	central	worker-cs-7	Label-C	2001
2	central	worker-cs-7	Label-C	2003
2	central	worker-cs-7	Label-C	2001
2	central	worker-cs-7	Label-C	2002
2	central	worker-cs-7	Label-C	2002
2	central	worker-cs-7	Label-C	2003
2	central	worker-cs-7	Label-C	2001
2	central	worker-cs-7	Label-C	2002
2	central	worker-cs-7	Label-C	2002
2	central	worker-cs-7	Label-C	2001
2	central	worker-cs-7	Label-C	2001
2	central	worker-cs-7	Label-C	2001
2	central	worker-cs-7	Label-C	2001
2	central	worker-cs-7	Label-C	2001
2	central	worker-cs-7	Label-C	2002
2	central	worker-cs-7	Label-C	2001
2	central	worker-cs-7	Label-C	2002
2	central	worker-cs-7	Label-C	2002
2	central	worker-cs-7	Label-C	2001
2	central	worker-cs-7	Label-C	2001
2	central	worker-cs-7	Label-C	2002
2	central	worker-cs-7	Label-C	2002
2	central	worker-cs-7	Label-C	2001
2	central	worker-cs-7	Label-C	2002
2	central	worker-cs-7	Label-C	2002
2	central	worker-cs-7	Label-C	2004
2	central	worker-cs-7	Label-C	2001
2	central	worker-cs-7	Label-C	2001
2	central	worker-cs-7	Label-C	2002
2	central	worker-cs-7	Label-C	2001
2	central	worker-cs-7	Label-C	2001
2	central	worker-cs-7	Label-C	2001
2	central	worker-cs-7	Label-C	2001
2	central	worker-cs-7	Label-C	2002
2	central	worker-cs-7	Label-C	2001
2	central	worker-cs-7	Label-C	2001
2	central	worker-cs-7	Label-C	2001
2	central	worker-cs-7	Label-C	2001
2	central	worker-cs-7	Label-C	2002
2	central	worker-cs-7	Label-C	2002
2	central	worker-cs-7	Label-C	2002
2	central	worker-cs-7	Label-C	2002
2	central	worker-cs-7	Label-C	2002
2	central	worker-cs-7	Label-C	2002
2	central	worker-cs-7	Label-C	2002
2	central	worker-cs-7	Label-C	2002
2	central	worker-cs-7	Label-C	2001
2	central	worker-cs-7	Label-C	2002
2	central	worker-cs-7	Label-C	2001
2	central	worker-cs-7	Label-C	2002
2	central	worker-cs-7	Label-C	2001
2	central	worker-cs-7	Label-C	2001
2	central	worker-cs-7	Label-C	2002
2	central	worker-cs-7	Label-C	2001
2	central	worker-cs-7	Label-C	2002
2	central	worker-cs-7	Label-C	2002
2	central	worker-cs-7	Label-C	2000
2	central	worker-cs-7	Label-C	2001
2	central	worker-cs-7	Label-C	2001
2	central	worker-cs-7	Label-C	2002
2	central	worker-cs-7	Label-C	2001
2	central	worker-cs-7	Label-C	2001
2	central	worker-cs-7	Label-C	2002
2	central	worker-cs-7	Label-C	2003
2	central	worker-cs-7	Label-C	2001
2	central	worker-cs-7	Label-C	2001
2	central	worker-cs-7	Label-C	2002
2	central	worker-cs-7	Label-C	2001
2	central	worker-cs-7	Label-C	2003
2	central	worker-cs-7	Label-C	2003
2	central	worker-cs-7	Label-C	2002
2	central	worker-cs-7	Label-C	2002
2	central	worker-cs-7	Label-C	2002
2	central	worker-cs-7	Label-C	2004
2	central	worker-cs-7	Label-C	2002
2	central	worker-cs-7	Label-C	2003
2	central	worker-cs-7	Label-C	2002
2	central	worker-cs-7	Label-C	2003
2	central	worker-cs-7	Label-C	2002
2	central	worker-cs-7	Label-C	2002
2	central	worker-cs-7	Label-C	2001
2	central	worker-cs-7	Label-C	2002
2	central	worker-cs-7	Label-C	2002
2	central	worker-cs-7	Label-C	2000
2	central	worker-cs-7	Label-C	2002
2	central	worker-cs-7	Label-C	2001
2	central	worker-cs-7	Label-C	2001
2	central	worker-cs-7	Label-C	2002
2	central	worker-cs-7	Label-C	2002
2	central	worker-cs-7	Label-C	2001
2	central	worker-cs-7	Label-C	2003
2	central	worker-cs-7	Label-C	2000
2	central	worker-cs-7	Label-C	2002
2	central	worker-cs-7	Label-C	2001
2	central	worker-cs-7	Label-C	2002
2	central	worker-cs-7	Label-C	2001
2	central	worker-cs-7	Label-C	2002
2	central	worker-cs-7	Label-C	2001
2	central	worker-cs-7	Label-C	2001
2	central	worker-cs-7	Label-C	2002
2	central	worker-cs-7	Label-C	2002
2	central	worker-cs-7	Label-C	2001
2	central	worker-cs-7	Label-C	2001
2	central	worker-cs-7	Label-C	2002
2	central	worker-cs-7	Label-C	2002
2	central	worker-cs-7	Label-C	2002
2	central	worker-cs-7	Label-C	2002
2	central	worker-cs-7	Label-C	2002
2	central	worker-cs-7	Label-C	2001
2	central	worker-cs-7	Label-C	2002
2	central	worker-cs-7	Label-C	2002
2	central	worker-cs-7	Label-C	2001
2	central	worker-cs-7	Label-C	2001
2	central	worker-cs-7	Label-C	2000
2	central	worker-cs-7	Label-C	2001
2	central	worker-cs-7	Label-C	2002
2	central	worker-cs-7	Label-C	2002
2	central	worker-cs-7	Label-C	2002
2	central	worker-cs-7	Label-C	2001
2	central	worker-cs-7	Label-C	2002
2	central	worker-cs-7	Label-C	2001
2	central	worker-cs-7	Label-C	2002
2	central	worker-cs-7	Label-C	2001
2	central	worker-cs-7	Label-C	2001
2	central	worker-cs-7	Label-C	2002
2	central	worker-cs-7	Label-C	2002
2	central	worker-cs-7	Label-C	2001
2	central	worker-cs-7	Label-C	2001
2	central	worker-cs-7	Label-C	2002
2	central	worker-cs-7	Label-C	2001
2	central	worker-cs-7	Label-C	2002
2	central	worker-cs-7	Label-C	2002
2	central	worker-cs-7	Label-C	2002
2	central	worker-cs-7	Label-C	2002
2	central	worker-cs-7	Label-C	2002
2	central	worker-cs-7	Label-C	2002
2	central	worker-cs-7	Label-C	2002
2	central	worker-cs-7	Label-C	2001
2	central	worker-cs-7	Label-C	2001
2	central	worker-cs-7	Label-C	2002
2	central	worker-cs-7	Label-C	2001
2	central	worker-cs-7	Label-C	2001
2	central	worker-cs-7	Label-C	2001
2	central	worker-cs-7	Label-C	2001
2	central	worker-cs-7	Label-C	2002
2	central	worker-cs-7	Label-C	2001
2	central	worker-cs-7	Label-C	2002
2	central	worker-cs-7	Label-C	2002
2	central	worker-cs-7	Label-C	2002
2	central	worker-cs-7	Label-C	2001
2	central	worker-cs-7	Label-C	2002
2	central	worker-cs-7	Label-C	2002
2	central	worker-cs-7	Label-C	2004
2	central	worker-cs-7	Label-C	2002
2	central	worker-cs-7	Label-C	2002
2	central	worker-cs-7	Label-C	2002
2	central	worker-cs-7	Label-C	2001
2	central	worker-cs-7	Label-C	2002
2	central	worker-cs-7	Label-C	2001
2	central	worker-cs-7	Label-C	2002
2	central	worker-cs-7	Label-C	2000
2	central	worker-cs-7	Label-C	2001
2	central	worker-cs-7	Label-C	2001
2	central	worker-cs-7	Label-C	2001
2	central	worker-cs-7	Label-C	2001
2	central	worker-cs-7	Label-C	2002
2	central	worker-cs-7	Label-C	2002
2	central	worker-cs-7	Label-C	2002
2	central	worker-cs-7	Label-C	2002
2	central	worker-cs-7	Label-C	2002
2	central	worker-cs-7	Label-C	2002
2	central	worker-cs-7	Label-C	2001
2	central	worker-cs-7	Label-C	2003
2	central	worker-cs-7	Label-C	2002
2	central	worker-cs-7	Label-C	2003
2	central	worker-cs-7	Label-C	2002
2	central	worker-cs-7	Label-C	2002
2	central	worker-cs-7	Label-C	2003
2	central	worker-cs-7	Label-C	2001
2	central	worker-cs-7	Label-C	2001
2	central	worker-cs-7	Label-C	2002
2	central	worker-cs-7	Label-C	2001
2	central	worker-cs-7	Label-C	2001
2	central	worker-cs-7	Label-C	2002
2	central	worker-cs-7	Label-C	2001
2	central	worker-cs-7	Label-C	2002
2	central	worker-cs-7	Label-C	2000
2	central	worker-cs-7	Label-C	2001
2	central	worker-cs-7	Label-C	2004
2	central	worker-cs-7	Label-C	2002
2	central	worker-cs-7	Label-C	2002
2	central	worker-cs-7	Label-C	2002
2	central	worker-cs-7	Label-C	2002
2	central	worker-cs-7	Label-C	2002
2	central	worker-cs-7	Label-C	2001
2	central	worker-cs-7	Label-C	2001
2	central	worker-cs-7	Label-C	2002
2	central	worker-cs-7	Label-C	2001
2	central	worker-cs-7	Label-C	2001
2	central	worker-cs-7	Label-C	2001
2	central	worker-cs-7	Label-C	2001
2	central	worker-cs-7	Label-C	2002
2	central	worker-cs-7	Label-C	2001
2	central	worker-cs-7	Label-C	2002
2	central	worker-cs-7	Label-C	2001
2	central	worker-cs-7	Label-C	2001
2	central	worker-cs-7	Label-C	2001
2	central	worker-cs-7	Label-C	2003
2	central	worker-cs-7	Label-C	2003
2	central	worker-cs-7	Label-C	2002
2	central	worker-cs-7	Label-C	2002
2	central	worker-cs-7	Label-C	2001
2	central	worker-cs-7	Label-C	2001
2	central	worker-cs-7	Label-C	2001
2	central	worker-cs-7	Label-C	2002
2	central	worker-cs-7	Label-C	2001
2	central	worker-cs-7	Label-C	2002
2	central	worker-cs-7	Label-C	2003
2	central	worker-cs-7	Label-C	2001
2	central	worker-cs-7	Label-C	2001
2	central	worker-cs-7	Label-C	2002
2	central	worker-cs-7	Label-C	2001
2	central	worker-cs-7	Label-C	2002
2	central	worker-cs-7	Label-C	2002
2	central	worker-cs-7	Label-C	2003
2	central	worker-cs-7	Label-C	2003
2	central	worker-cs-7	Label-C	2001
2	central	worker-cs-7	Label-C	2003
2	central	worker-cs-7	Label-C	2002
2	central	worker-cs-7	Label-C	2002
2	central	worker-cs-7	Label-C	2003
2	central	worker-cs-7	Label-C	2002
2	central	worker-cs-7	Label-C	2002
2	central	worker-cs-7	Label-C	2001
2	central	worker-cs-7	Label-C	2003
2	central	worker-cs-7	Label-C	2002
2	central	worker-cs-7	Label-C	2002
2	central	worker-cs-7	Label-C	2002
2	central	worker-cs-7	Label-C	2002
2	central	worker-cs-7	Label-C	2001
2	central	worker-cs-7	Label-C	2014
2	central	worker-cs-7	Label-C	2001
2	central	worker-cs-7	Label-C	2002
2	central	worker-cs-7	Label-C	2002
2	central	worker-cs-7	Label-C	2002
2	central	worker-cs-7	Label-C	2002
2	central	worker-cs-7	Label-C	2002
2	central	worker-cs-7	Label-C	2002
2	central	worker-cs-7	Label-C	2001
2	central	worker-cs-7	Label-C	2000
2	central	worker-cs-7	Label-C	2001
2	central	worker-cs-7	Label-C	2001
2	central	worker-cs-7	Label-C	2002
2	central	worker-cs-7	Label-C	2001
2	central	worker-cs-7	Label-C	2002
2	central	worker-cs-7	Label-C	2001
2	central	worker-cs-7	Label-C	2005
2	central	worker-cs-7	Label-C	2001
2	central	worker-cs-7	Label-C	2002
2	central	worker-cs-7	Label-C	2002
2	central	worker-cs-7	Label-C	2001
2	central	worker-cs-7	Label-C	2002
2	central	worker-cs-7	Label-C	2002
2	central	worker-cs-7	Label-C	2002
2	central	worker-cs-7	Label-C	2001
2	central	worker-cs-7	Label-C	2002
2	central	worker-cs-7	Label-C	2002
2	central	worker-cs-7	Label-C	2001
2	central	worker-cs-7	Label-C	2001
2	central	worker-cs-7	Label-C	2001
2	central	worker-cs-7	Label-C	2001
2	central	worker-cs-7	Label-C	2001
2	central	worker-cs-7	Label-C	2001
2	central	worker-cs-7	Label-C	2002
2	central	worker-cs-7	Label-C	2001
2	central	worker-cs-7	Label-C	2003
2	central	worker-cs-7	Label-C	2002
2	central	worker-cs-7	Label-C	2002
2	central	worker-cs-7	Label-C	2002
2	central	worker-cs-7	Label-C	2001
2	central	worker-cs-7	Label-C	2002
2	central	worker-cs-7	Label-C	2001
2	central	worker-cs-7	Label-C	2001
2	central	worker-cs-7	Label-C	2000
2	central	worker-cs-7	Label-C	2001
2	central	worker-cs-7	Label-C	2001
2	central	worker-cs-7	Label-C	2001
2	central	worker-cs-7	Label-C	2002
2	central	worker-cs-7	Label-C	2001
2	central	worker-cs-7	Label-C	2001
2	central	worker-cs-7	Label-C	2002
2	central	worker-cs-7	Label-C	2002
2	central	worker-cs-7	Label-C	2001
2	central	worker-cs-7	Label-C	2001
2	central	worker-cs-7	Label-C	2001
2	central	worker-cs-7	Label-C	2002
2	central	worker-cs-7	Label-C	2002
2	central	worker-cs-7	Label-C	2002
2	central	worker-cs-7	Label-C	2002
2	central	worker-cs-7	Label-C	2002
2	central	worker-cs-7	Label-C	2003
2	central	worker-cs-7	Label-C	2002
2	central	worker-cs-7	Label-C	2002
2	central	worker-cs-7	Label-C	2002
2	central	worker-cs-7	Label-C	2002
2	central	worker-cs-7	Label-C	2002
2	central	worker-cs-7	Label-C	2002
2	central	worker-cs-7	Label-C	2002
2	central	worker-cs-7	Label-C	2002
2	central	worker-cs-7	Label-C	2001
2	central	worker-cs-7	Label-C	2001
2	central	worker-cs-7	Label-C	2002
2	central	worker-cs-7	Label-C	2001
2	central	worker-cs-7	Label-C	2001
2	central	worker-cs-7	Label-C	2001
2	central	worker-cs-7	Label-C	2001
2	central	worker-cs-7	Label-C	2002
2	central	worker-cs-7	Label-C	2001
2	central	worker-cs-7	Label-C	2002
2	central	worker-cs-7	Label-C	2002
2	central	worker-cs-7	Label-C	2002
2	central	worker-cs-7	Label-C	2002
2	central	worker-cs-7	Label-C	2001
2	central	worker-cs-7	Label-C	2002
2	central	worker-cs-7	Label-C	2001
2	central	worker-cs-7	Label-C	2001
2	central	worker-cs-7	Label-C	2001
2	central	worker-cs-7	Label-C	2001
2	central	worker-cs-7	Label-C	2002
2	central	worker-cs-7	Label-C	2002
2	central	worker-cs-7	Label-C	2001
2	central	worker-cs-7	Label-C	2001
2	central	worker-cs-7	Label-C	2001
2	central	worker-cs-7	Label-C	2001
2	central	worker-cs-7	Label-C	2001
2	central	worker-cs-7	Label-C	2002
2	central	worker-cs-7	Label-C	2002
2	central	worker-cs-7	Label-C	2001
2	central	worker-cs-7	Label-C	2003
2	central	worker-cs-7	Label-C	2004
2	central	worker-cs-7	Label-C	2002
2	central	worker-cs-7	Label-C	2001
2	central	worker-cs-7	Label-C	2002
2	central	worker-cs-7	Label-C	2001
2	central	worker-cs-7	Label-C	2001
2	central	worker-cs-7	Label-C	2001
2	central	worker-cs-7	Label-C	2001
2	central	worker-cs-7	Label-C	2002
2	central	worker-cs-7	Label-C	2002
2	central	worker-cs-7	Label-C	2002
2	central	worker-cs-7	Label-C	2002
2	central	worker-cs-7	Label-C	2002
2	central	worker-cs-7	Label-C	2002
2	central	worker-cs-7	Label-C	2002
2	central	worker-cs-7	Label-C	2001
2	central	worker-cs-7	Label-C	2002
2	central	worker-cs-7	Label-C	2002
2	central	worker-cs-7	Label-C	2002
2	central	worker-cs-7	Label-C	2001
2	central	worker-cs-7	Label-C	2001
2	central	worker-cs-7	Label-C	2001
2	central	worker-cs-7	Label-C	2002
2	central	worker-cs-7	Label-C	2002
2	central	worker-cs-7	Label-C	2002
2	central	worker-cs-7	Label-C	2001
2	central	worker-cs-7	Label-C	2001
2	central	worker-cs-7	Label-C	2002
2	central	worker-cs-7	Label-C	2002
2	central	worker-cs-7	Label-C	2002
2	central	worker-cs-7	Label-C	2001
2	central	worker-cs-7	Label-C	2002
2	central	worker-cs-7	Label-C	2001
2	central	worker-cs-7	Label-C	2001
2	central	worker-cs-7	Label-C	2002
2	central	worker-cs-7	Label-C	2001
2	central	worker-cs-7	Label-C	2003
2	central	worker-cs-7	Label-C	2002
2	central	worker-cs-7	Label-C	2001
2	central	worker-cs-7	Label-C	2002
2	central	worker-cs-7	Label-C	2001
2	central	worker-cs-7	Label-C	2002
2	central	worker-cs-7	Label-C	2002
2	central	worker-cs-7	Label-C	2002
2	central	worker-cs-7	Label-C	2002
2	central	worker-cs-7	Label-C	2001
2	central	worker-cs-7	Label-C	2005
2	central	worker-cs-7	Label-C	2001
2	central	worker-cs-7	Label-C	2002
2	central	worker-cs-7	Label-C	2001
2	central	worker-cs-7	Label-C	2003
2	central	worker-cs-7	Label-C	2002
2	central	worker-cs-7	Label-C	2001
2	central	worker-cs-7	Label-C	2002
2	central	worker-cs-7	Label-C	2001
2	central	worker-cs-7	Label-C	2002
2	central	worker-cs-7	Label-C	2001
2	central	worker-cs-7	Label-C	2002
2	central	worker-cs-7	Label-C	2001
2	central	worker-cs-7	Label-C	2001
2	central	worker-cs-7	Label-C	2001
2	central	worker-cs-7	Label-C	2001
2	central	worker-cs-7	Label-C	2003
2	central	worker-cs-7	Label-C	2001
2	central	worker-cs-7	Label-C	2001
2	central	worker-cs-7	Label-C	2002
2	central	worker-cs-7	Label-C	2002
2	central	worker-cs-7	Label-C	2001
2	central	worker-cs-7	Label-C	2002
2	central	worker-cs-7	Label-C	2002
2	central	worker-cs-7	Label-C	2002
2	central	worker-cs-7	Label-C	2002
2	central	worker-cs-7	Label-C	2001
2	central	worker-cs-7	Label-C	2002
2	central	worker-cs-7	Label-C	2001
2	central	worker-cs-7	Label-C	2003
2	central	worker-cs-7	Label-C	2002
2	central	worker-cs-7	Label-C	2001
2	central	worker-cs-7	Label-C	2002
2	central	worker-cs-7	Label-C	2001
2	central	worker-cs-7	Label-C	2002
2	central	worker-cs-7	Label-C	2001
2	central	worker-cs-7	Label-C	2001
2	central	worker-cs-7	Label-C	2001
2	central	worker-cs-7	Label-C	2002
2	central	worker-cs-7	Label-C	2002
2	central	worker-cs-7	Label-C	2002
2	central	worker-cs-7	Label-C	2001
2	central	worker-cs-7	Label-C	2001
2	central	worker-cs-7	Label-C	2002
2	central	worker-cs-7	Label-C	2003
2	central	worker-cs-7	Label-C	2002
2	central	worker-cs-7	Label-C	2003
2	central	worker-cs-7	Label-C	2002
2	central	worker-cs-7	Label-C	2001
2	central	worker-cs-7	Label-C	2001
2	central	worker-cs-7	Label-C	2002
2	central	worker-cs-7	Label-C	2002
2	central	worker-cs-7	Label-C	2002
2	central	worker-cs-7	Label-C	2001
2	central	worker-cs-7	Label-C	2003
2	central	worker-cs-7	Label-C	2001
2	central	worker-cs-7	Label-C	2003
2	central	worker-cs-7	Label-C	2001
2	central	worker-cs-7	Label-C	2001
2	central	worker-cs-7	Label-C	2001
2	central	worker-cs-7	Label-C	2002
2	central	worker-cs-7	Label-C	2002
2	central	worker-cs-7	Label-C	2001
2	central	worker-cs-7	Label-C	2003
2	central	worker-cs-7	Label-C	2003
2	central	worker-cs-7	Label-C	2002
2	central	worker-cs-7	Label-C	2003
2	central	worker-cs-7	Label-C	2003
2	central	worker-cs-7	Label-C	2002
2	central	worker-cs-7	Label-C	2002
2	central	worker-cs-7	Label-C	2001
2	central	worker-cs-7	Label-C	2001
2	central	worker-cs-7	Label-C	2001
2	central	worker-cs-7	Label-C	2002
2	central	worker-cs-7	Label-C	2002
2	central	worker-cs-7	Label-C	2001
2	central	worker-cs-7	Label-C	2001
2	central	worker-cs-7	Label-C	2001
2	central	worker-cs-7	Label-C	2001
2	central	worker-cs-7	Label-C	2003
2	central	worker-cs-7	Label-C	2001
2	central	worker-cs-7	Label-C	2002
2	central	worker-cs-7	Label-C	2002
2	central	worker-cs-7	Label-C	2002
2	central	worker-cs-7	Label-C	2001
2	central	worker-cs-7	Label-C	2002
2	central	worker-cs-7	Label-C	2002
2	central	worker-cs-7	Label-C	2002
2	central	worker-cs-7	Label-C	2001
2	central	worker-cs-7	Label-C	2002
2	central	worker-cs-7	Label-C	2002
2	central	worker-cs-7	Label-C	2001
2	central	worker-cs-7	Label-C	2006
2	central	worker-cs-7	Label-C	2001
2	central	worker-cs-7	Label-C	2001
2	central	worker-cs-7	Label-C	2001
2	central	worker-cs-7	Label-C	2002
2	central	worker-cs-7	Label-C	2002
2	central	worker-cs-7	Label-C	2002
2	central	worker-cs-7	Label-C	2002
2	central	worker-cs-7	Label-C	2001
2	central	worker-cs-7	Label-C	2003
2	central	worker-cs-7	Label-C	2001
2	central	worker-cs-7	Label-C	2001
2	central	worker-cs-7	Label-C	2002
2	central	worker-cs-7	Label-C	2002
2	central	worker-cs-7	Label-C	2002
2	central	worker-cs-7	Label-C	2001
2	central	worker-cs-7	Label-C	2001
2	central	worker-cs-7	Label-C	2000
2	central	worker-cs-7	Label-C	2001
2	central	worker-cs-7	Label-C	2001
2	central	worker-cs-7	Label-C	2002
2	central	worker-cs-7	Label-C	2002
2	central	worker-cs-7	Label-C	2002
2	central	worker-cs-7	Label-C	2001
2	central	worker-cs-7	Label-C	2001
2	central	worker-cs-7	Label-C	2002
2	central	worker-cs-7	Label-C	2001
2	central	worker-cs-7	Label-C	2002
2	central	worker-cs-7	Label-C	2002
2	central	worker-cs-7	Label-C	2002
2	central	worker-cs-7	Label-C	2001
2	central	worker-cs-7	Label-C	2002
2	central	worker-cs-7	Label-C	2002
2	central	worker-cs-7	Label-C	2002
2	central	worker-cs-7	Label-C	2001
2	central	worker-cs-7	Label-C	2001
2	central	worker-cs-7	Label-C	2002
2	central	worker-cs-7	Label-C	2001
2	central	worker-cs-7	Label-C	2002
2	central	worker-cs-7	Label-C	2000
2	central	worker-cs-7	Label-C	2001
2	central	worker-cs-7	Label-C	2001
2	central	worker-cs-7	Label-C	2001
2	central	worker-cs-7	Label-C	2001
2	central	worker-cs-7	Label-C	2001
2	central	worker-cs-7	Label-C	2004
2	central	worker-cs-7	Label-C	2001
2	central	worker-cs-7	Label-C	2004
2	central	worker-cs-7	Label-C	2001
2	central	worker-cs-8	Label-D	2003
2	central	worker-cs-8	Label-D	2004
2	central	worker-cs-8	Label-D	2002
2	central	worker-cs-8	Label-D	2002
2	central	worker-cs-8	Label-D	2006
2	central	worker-cs-8	Label-D	2005
2	central	worker-cs-8	Label-D	2002
2	central	worker-cs-8	Label-D	2003
2	central	worker-cs-8	Label-D	2003
2	central	worker-cs-8	Label-D	2002
2	central	worker-cs-8	Label-D	2003
2	central	worker-cs-8	Label-D	2003
2	central	worker-cs-8	Label-D	2001
2	central	worker-cs-8	Label-D	2003
2	central	worker-cs-8	Label-D	2003
2	central	worker-cs-8	Label-D	2006
2	central	worker-cs-8	Label-D	2003
2	central	worker-cs-8	Label-D	2003
2	central	worker-cs-8	Label-D	2003
2	central	worker-cs-8	Label-D	2002
2	central	worker-cs-8	Label-D	2002
2	central	worker-cs-8	Label-D	2002
2	central	worker-cs-8	Label-D	2003
2	central	worker-cs-8	Label-D	2003
2	central	worker-cs-8	Label-D	2004
2	central	worker-cs-8	Label-D	2004
2	central	worker-cs-8	Label-D	2002
2	central	worker-cs-8	Label-D	2003
2	central	worker-cs-8	Label-D	2003
2	central	worker-cs-8	Label-D	2002
2	central	worker-cs-8	Label-D	2002
2	central	worker-cs-8	Label-D	2002
2	central	worker-cs-8	Label-D	2002
2	central	worker-cs-8	Label-D	2002
2	central	worker-cs-8	Label-D	2003
2	central	worker-cs-8	Label-D	2002
2	central	worker-cs-8	Label-D	2002
2	central	worker-cs-8	Label-D	2004
2	central	worker-cs-8	Label-D	2002
2	central	worker-cs-8	Label-D	2001
2	central	worker-cs-8	Label-D	2001
2	central	worker-cs-8	Label-D	2002
2	central	worker-cs-8	Label-D	2002
2	central	worker-cs-8	Label-D	2002
2	central	worker-cs-8	Label-D	2002
2	central	worker-cs-8	Label-D	2002
2	central	worker-cs-8	Label-D	2003
2	central	worker-cs-8	Label-D	2002
2	central	worker-cs-8	Label-D	2002
2	central	worker-cs-8	Label-D	2003
2	central	worker-cs-8	Label-D	2002
2	central	worker-cs-8	Label-D	2002
2	central	worker-cs-8	Label-D	2002
2	central	worker-cs-8	Label-D	2002
2	central	worker-cs-8	Label-D	2003
2	central	worker-cs-8	Label-D	2003
2	central	worker-cs-8	Label-D	2004
2	central	worker-cs-8	Label-D	2002
2	central	worker-cs-8	Label-D	2003
2	central	worker-cs-8	Label-D	2003
2	central	worker-cs-8	Label-D	2000
2	central	worker-cs-8	Label-D	2002
2	central	worker-cs-8	Label-D	2002
2	central	worker-cs-8	Label-D	2002
2	central	worker-cs-8	Label-D	2002
2	central	worker-cs-8	Label-D	2002
2	central	worker-cs-8	Label-D	2002
2	central	worker-cs-8	Label-D	2003
2	central	worker-cs-8	Label-D	2003
2	central	worker-cs-8	Label-D	2001
2	central	worker-cs-8	Label-D	2002
2	central	worker-cs-8	Label-D	2002
2	central	worker-cs-8	Label-D	2002
2	central	worker-cs-8	Label-D	2003
2	central	worker-cs-8	Label-D	2003
2	central	worker-cs-8	Label-D	2003
2	central	worker-cs-8	Label-D	2002
2	central	worker-cs-8	Label-D	2001
2	central	worker-cs-8	Label-D	2002
2	central	worker-cs-8	Label-D	2002
2	central	worker-cs-8	Label-D	2003
2	central	worker-cs-8	Label-D	2003
2	central	worker-cs-8	Label-D	2002
2	central	worker-cs-8	Label-D	2004
2	central	worker-cs-8	Label-D	2002
2	central	worker-cs-8	Label-D	2006
2	central	worker-cs-8	Label-D	2003
2	central	worker-cs-8	Label-D	2002
2	central	worker-cs-8	Label-D	2004
2	central	worker-cs-8	Label-D	2003
2	central	worker-cs-8	Label-D	2002
2	central	worker-cs-8	Label-D	2002
2	central	worker-cs-8	Label-D	2002
2	central	worker-cs-8	Label-D	2003
2	central	worker-cs-8	Label-D	2002
2	central	worker-cs-8	Label-D	2003
2	central	worker-cs-8	Label-D	2004
2	central	worker-cs-8	Label-D	2003
2	central	worker-cs-8	Label-D	2002
2	central	worker-cs-8	Label-D	2001
2	central	worker-cs-8	Label-D	2001
2	central	worker-cs-8	Label-D	2002
2	central	worker-cs-8	Label-D	2003
2	central	worker-cs-8	Label-D	2005
2	central	worker-cs-8	Label-D	2005
2	central	worker-cs-8	Label-D	2003
2	central	worker-cs-8	Label-D	2017
2	central	worker-cs-8	Label-D	2002
2	central	worker-cs-8	Label-D	2002
2	central	worker-cs-8	Label-D	2002
2	central	worker-cs-8	Label-D	2003
2	central	worker-cs-8	Label-D	2002
2	central	worker-cs-8	Label-D	2002
2	central	worker-cs-8	Label-D	2002
2	central	worker-cs-8	Label-D	2004
2	central	worker-cs-8	Label-D	2002
2	central	worker-cs-8	Label-D	2002
2	central	worker-cs-8	Label-D	2002
2	central	worker-cs-8	Label-D	2003
2	central	worker-cs-8	Label-D	2002
2	central	worker-cs-8	Label-D	2002
2	central	worker-cs-8	Label-D	2001
2	central	worker-cs-8	Label-D	2003
2	central	worker-cs-8	Label-D	2002
2	central	worker-cs-8	Label-D	2002
2	central	worker-cs-8	Label-D	2003
2	central	worker-cs-8	Label-D	2001
2	central	worker-cs-8	Label-D	2002
2	central	worker-cs-8	Label-D	2007
2	central	worker-cs-8	Label-D	2002
2	central	worker-cs-8	Label-D	2003
2	central	worker-cs-8	Label-D	2002
2	central	worker-cs-8	Label-D	2002
2	central	worker-cs-8	Label-D	2002
2	central	worker-cs-8	Label-D	2004
2	central	worker-cs-8	Label-D	2002
2	central	worker-cs-8	Label-D	2005
2	central	worker-cs-8	Label-D	2004
2	central	worker-cs-8	Label-D	2003
2	central	worker-cs-8	Label-D	2002
2	central	worker-cs-8	Label-D	2002
2	central	worker-cs-8	Label-D	2002
2	central	worker-cs-8	Label-D	2002
2	central	worker-cs-8	Label-D	2004
2	central	worker-cs-8	Label-D	2004
2	central	worker-cs-8	Label-D	2002
2	central	worker-cs-8	Label-D	2004
2	central	worker-cs-8	Label-D	2002
2	central	worker-cs-8	Label-D	2002
2	central	worker-cs-8	Label-D	2003
2	central	worker-cs-8	Label-D	2009
2	central	worker-cs-8	Label-D	2002
2	central	worker-cs-8	Label-D	2002
2	central	worker-cs-8	Label-D	2002
2	central	worker-cs-8	Label-D	2002
2	central	worker-cs-8	Label-D	2003
2	central	worker-cs-8	Label-D	2003
2	central	worker-cs-8	Label-D	2003
2	central	worker-cs-8	Label-D	2002
2	central	worker-cs-8	Label-D	2001
2	central	worker-cs-8	Label-D	2003
2	central	worker-cs-8	Label-D	2003
2	central	worker-cs-8	Label-D	2002
2	central	worker-cs-8	Label-D	2003
2	central	worker-cs-8	Label-D	2002
2	central	worker-cs-8	Label-D	2002
2	central	worker-cs-8	Label-D	2004
2	central	worker-cs-8	Label-D	2003
2	central	worker-cs-8	Label-D	2001
2	central	worker-cs-8	Label-D	2009
2	central	worker-cs-8	Label-D	2006
2	central	worker-cs-8	Label-D	2001
2	central	worker-cs-8	Label-D	2003
2	central	worker-cs-8	Label-D	2002
2	central	worker-cs-8	Label-D	2002
2	central	worker-cs-8	Label-D	2002
2	central	worker-cs-8	Label-D	2002
2	central	worker-cs-8	Label-D	2003
2	central	worker-cs-8	Label-D	2002
2	central	worker-cs-8	Label-D	2002
2	central	worker-cs-8	Label-D	2003
2	central	worker-cs-8	Label-D	2003
2	central	worker-cs-8	Label-D	2007
2	central	worker-cs-8	Label-D	2002
2	central	worker-cs-8	Label-D	2003
2	central	worker-cs-8	Label-D	2002
2	central	worker-cs-8	Label-D	2002
2	central	worker-cs-8	Label-D	2002
2	central	worker-cs-8	Label-D	2003
2	central	worker-cs-8	Label-D	2003
2	central	worker-cs-8	Label-D	2002
2	central	worker-cs-8	Label-D	2002
2	central	worker-cs-8	Label-D	2001
2	central	worker-cs-8	Label-D	2007
2	central	worker-cs-8	Label-D	2005
2	central	worker-cs-8	Label-D	2006
2	central	worker-cs-8	Label-D	2002
2	central	worker-cs-8	Label-D	2002
2	central	worker-cs-8	Label-D	2006
2	central	worker-cs-8	Label-D	2002
2	central	worker-cs-8	Label-D	2004
2	central	worker-cs-8	Label-D	2005
2	central	worker-cs-8	Label-D	2004
2	central	worker-cs-8	Label-D	2002
2	central	worker-cs-8	Label-D	2012
2	central	worker-cs-8	Label-D	2003
2	central	worker-cs-8	Label-D	2002
2	central	worker-cs-8	Label-D	2002
2	central	worker-cs-8	Label-D	2003
2	central	worker-cs-8	Label-D	2003
2	central	worker-cs-8	Label-D	2004
3	central	worker-cs-15	Label-B	2001
3	central	worker-cs-15	Label-B	2000
3	central	worker-cs-15	Label-B	2000
3	central	worker-cs-15	Label-B	2001
3	central	worker-cs-15	Label-B	2001
3	central	worker-cs-15	Label-B	2003
3	central	worker-cs-15	Label-B	2001
3	central	worker-cs-15	Label-B	2000
3	central	worker-cs-15	Label-B	2002
3	central	worker-cs-15	Label-B	2001
3	central	worker-cs-15	Label-B	2001
3	central	worker-cs-15	Label-B	2001
3	central	worker-cs-15	Label-B	2002
3	central	worker-cs-15	Label-B	2001
3	central	worker-cs-15	Label-B	2000
3	central	worker-cs-15	Label-B	2000
3	central	worker-cs-15	Label-B	2001
3	central	worker-cs-15	Label-B	2001
3	central	worker-cs-15	Label-B	2002
3	central	worker-cs-15	Label-B	2001
3	central	worker-cs-15	Label-B	2000
3	central	worker-cs-15	Label-B	2001
3	central	worker-cs-15	Label-B	2001
3	central	worker-cs-15	Label-B	2001
3	central	worker-cs-15	Label-B	2000
3	central	worker-cs-15	Label-B	2001
3	central	worker-cs-15	Label-B	2001
3	central	worker-cs-15	Label-B	2001
3	central	worker-cs-15	Label-B	2000
3	central	worker-cs-15	Label-B	2001
3	central	worker-cs-15	Label-B	2001
3	central	worker-cs-15	Label-B	2001
3	central	worker-cs-15	Label-B	2002
3	central	worker-cs-15	Label-B	2001
3	central	worker-cs-15	Label-B	2001
3	central	worker-cs-15	Label-B	2000
3	central	worker-cs-15	Label-B	2002
3	central	worker-cs-15	Label-B	2001
3	central	worker-cs-15	Label-B	2001
3	central	worker-cs-15	Label-B	2000
3	central	worker-cs-15	Label-B	2000
3	central	worker-cs-15	Label-B	2001
3	central	worker-cs-15	Label-B	2001
3	central	worker-cs-15	Label-B	2000
3	central	worker-cs-15	Label-B	2004
3	central	worker-cs-15	Label-B	2002
3	central	worker-cs-15	Label-B	2000
3	central	worker-cs-15	Label-B	2001
3	central	worker-cs-15	Label-B	2001
3	central	worker-cs-15	Label-B	2001
3	central	worker-cs-15	Label-B	2000
3	central	worker-cs-15	Label-B	2000
3	central	worker-cs-15	Label-B	2001
3	central	worker-cs-15	Label-B	2001
3	central	worker-cs-15	Label-B	2001
3	central	worker-cs-15	Label-B	2001
3	central	worker-cs-15	Label-B	2001
3	central	worker-cs-15	Label-B	2000
3	central	worker-cs-15	Label-B	2002
3	central	worker-cs-15	Label-B	2000
3	central	worker-cs-15	Label-B	2002
3	central	worker-cs-15	Label-B	2001
3	central	worker-cs-15	Label-B	2001
3	central	worker-cs-15	Label-B	2001
3	central	worker-cs-15	Label-B	2000
3	central	worker-cs-15	Label-B	2001
3	central	worker-cs-15	Label-B	2000
3	central	worker-cs-15	Label-B	2001
3	central	worker-cs-15	Label-B	2001
3	central	worker-cs-15	Label-B	2000
3	central	worker-cs-15	Label-B	2001
3	central	worker-cs-15	Label-B	2004
3	central	worker-cs-15	Label-B	2001
3	central	worker-cs-15	Label-B	2001
3	central	worker-cs-15	Label-B	2000
3	central	worker-cs-15	Label-B	2000
3	central	worker-cs-15	Label-B	2001
3	central	worker-cs-15	Label-B	2001
3	central	worker-cs-15	Label-B	2001
3	central	worker-cs-15	Label-B	2001
3	central	worker-cs-15	Label-B	2001
3	central	worker-cs-15	Label-B	2001
3	central	worker-cs-15	Label-B	2002
3	central	worker-cs-15	Label-B	2001
3	central	worker-cs-15	Label-B	2001
3	central	worker-cs-15	Label-B	2001
3	central	worker-cs-15	Label-B	2002
3	central	worker-cs-15	Label-B	2000
3	central	worker-cs-15	Label-B	2001
3	central	worker-cs-15	Label-B	2001
3	central	worker-cs-15	Label-B	2001
3	central	worker-cs-15	Label-B	2001
3	central	worker-cs-15	Label-B	2001
3	central	worker-cs-15	Label-B	2000
3	central	worker-cs-15	Label-B	1999
3	central	worker-cs-15	Label-B	2000
3	central	worker-cs-15	Label-B	2001
3	central	worker-cs-15	Label-B	2001
3	central	worker-cs-15	Label-B	2001
3	central	worker-cs-15	Label-B	2002
3	central	worker-cs-15	Label-B	2001
3	central	worker-cs-15	Label-B	2000
3	central	worker-cs-15	Label-B	2000
3	central	worker-cs-15	Label-B	2001
3	central	worker-cs-15	Label-B	2000
3	central	worker-cs-15	Label-B	2000
3	central	worker-cs-15	Label-B	2000
3	central	worker-cs-15	Label-B	2000
3	central	worker-cs-15	Label-B	2001
3	central	worker-cs-15	Label-B	2000
3	central	worker-cs-15	Label-B	2001
3	central	worker-cs-15	Label-B	2000
3	central	worker-cs-15	Label-B	2000
3	central	worker-cs-15	Label-B	2001
3	central	worker-cs-15	Label-B	2000
3	central	worker-cs-15	Label-B	2002
3	central	worker-cs-15	Label-B	2001
3	central	worker-cs-15	Label-B	2001
3	central	worker-cs-15	Label-B	2001
3	central	worker-cs-15	Label-B	2001
3	central	worker-cs-15	Label-B	2001
3	central	worker-cs-15	Label-B	2002
3	central	worker-cs-15	Label-B	2000
3	central	worker-cs-15	Label-B	2001
3	central	worker-cs-15	Label-B	2000
3	central	worker-cs-15	Label-B	2001
3	central	worker-cs-15	Label-B	2001
3	central	worker-cs-15	Label-B	2001
3	central	worker-cs-15	Label-B	2002
3	central	worker-cs-15	Label-B	2001
3	central	worker-cs-15	Label-B	2001
3	central	worker-cs-15	Label-B	2001
3	central	worker-cs-15	Label-B	2001
3	central	worker-cs-15	Label-B	2001
3	central	worker-cs-15	Label-B	2001
3	central	worker-cs-15	Label-B	2000
3	central	worker-cs-15	Label-B	2000
3	central	worker-cs-15	Label-B	2002
3	central	worker-cs-15	Label-B	2000
3	central	worker-cs-15	Label-B	2001
3	central	worker-cs-15	Label-B	2001
3	central	worker-cs-15	Label-B	2000
3	central	worker-cs-15	Label-B	2000
3	central	worker-cs-15	Label-B	2000
3	central	worker-cs-15	Label-B	2001
3	central	worker-cs-15	Label-B	2001
3	central	worker-cs-15	Label-B	2001
3	central	worker-cs-15	Label-B	2000
3	central	worker-cs-15	Label-B	1999
3	central	worker-cs-15	Label-B	2000
3	central	worker-cs-15	Label-B	2001
3	central	worker-cs-15	Label-B	2001
3	central	worker-cs-15	Label-B	2000
3	central	worker-cs-15	Label-B	2004
3	central	worker-cs-15	Label-B	2001
3	central	worker-cs-15	Label-B	1999
3	central	worker-cs-15	Label-B	2000
3	central	worker-cs-15	Label-B	2000
3	central	worker-cs-15	Label-B	2001
3	central	worker-cs-15	Label-B	2001
3	central	worker-cs-15	Label-B	2000
3	central	worker-cs-15	Label-B	2001
3	central	worker-cs-15	Label-B	2001
3	central	worker-cs-15	Label-B	2001
3	central	worker-cs-15	Label-B	2003
3	central	worker-cs-15	Label-B	2001
3	central	worker-cs-15	Label-B	2000
3	central	worker-cs-15	Label-B	2000
3	central	worker-cs-15	Label-B	2001
3	central	worker-cs-15	Label-B	2000
3	central	worker-cs-15	Label-B	2000
3	central	worker-cs-15	Label-B	2000
3	central	worker-cs-15	Label-B	2001
3	central	worker-cs-15	Label-B	2001
3	central	worker-cs-15	Label-B	2001
3	central	worker-cs-15	Label-B	2001
3	central	worker-cs-15	Label-B	2000
3	central	worker-cs-15	Label-B	2002
3	central	worker-cs-15	Label-B	2000
3	central	worker-cs-15	Label-B	2001
3	central	worker-cs-15	Label-B	2000
3	central	worker-cs-15	Label-B	2001
3	central	worker-cs-15	Label-B	2001
3	central	worker-cs-15	Label-B	2001
3	central	worker-cs-15	Label-B	2000
3	central	worker-cs-15	Label-B	2000
3	central	worker-cs-15	Label-B	2001
3	central	worker-cs-15	Label-B	2001
3	central	worker-cs-15	Label-B	2000
3	central	worker-cs-15	Label-B	2001
3	central	worker-cs-15	Label-B	2000
3	central	worker-cs-15	Label-B	2005
3	central	worker-cs-15	Label-B	2001
3	central	worker-cs-15	Label-B	2001
3	central	worker-cs-15	Label-B	2001
3	central	worker-cs-15	Label-B	2000
3	central	worker-cs-15	Label-B	2000
3	central	worker-cs-15	Label-B	2001
3	central	worker-cs-15	Label-B	2001
3	central	worker-cs-15	Label-B	2000
3	central	worker-cs-15	Label-B	2000
3	central	worker-cs-15	Label-B	2000
3	central	worker-cs-15	Label-B	2001
3	central	worker-cs-15	Label-B	2001
3	central	worker-cs-15	Label-B	2001
3	central	worker-cs-15	Label-B	2001
3	central	worker-cs-15	Label-B	2001
3	central	worker-cs-15	Label-B	2000
3	central	worker-cs-15	Label-B	2001
3	central	worker-cs-15	Label-B	2001
3	central	worker-cs-15	Label-B	2001
3	central	worker-cs-15	Label-B	2001
3	central	worker-cs-15	Label-B	2001
3	central	worker-cs-15	Label-B	2001
3	central	worker-cs-15	Label-B	2001
3	central	worker-cs-15	Label-B	2001
3	central	worker-cs-15	Label-B	2001
3	central	worker-cs-15	Label-B	2000
3	central	worker-cs-15	Label-B	2001
3	central	worker-cs-15	Label-B	2000
3	central	worker-cs-15	Label-B	2000
3	central	worker-cs-15	Label-B	2001
3	central	worker-cs-15	Label-B	2002
3	central	worker-cs-15	Label-B	2000
3	central	worker-cs-15	Label-B	2000
3	central	worker-cs-15	Label-B	2001
3	central	worker-cs-15	Label-B	2001
3	central	worker-cs-15	Label-B	2001
3	central	worker-cs-15	Label-B	2000
3	central	worker-cs-15	Label-B	2001
3	central	worker-cs-15	Label-B	2007
3	central	worker-cs-15	Label-B	2001
3	central	worker-cs-15	Label-B	2001
3	central	worker-cs-15	Label-B	2000
3	central	worker-cs-15	Label-B	2001
3	central	worker-cs-15	Label-B	2001
3	central	worker-cs-15	Label-B	2000
3	central	worker-cs-15	Label-B	2004
3	central	worker-cs-15	Label-B	2001
3	central	worker-cs-15	Label-B	2001
3	central	worker-cs-15	Label-B	2000
3	central	worker-cs-15	Label-B	2001
3	central	worker-cs-15	Label-B	2000
3	central	worker-cs-15	Label-B	2001
3	central	worker-cs-15	Label-B	2001
3	central	worker-cs-15	Label-B	2001
3	central	worker-cs-15	Label-B	2001
3	central	worker-cs-15	Label-B	2003
3	central	worker-cs-15	Label-B	2002
3	central	worker-cs-15	Label-B	2001
3	central	worker-cs-15	Label-B	2001
3	central	worker-cs-15	Label-B	2001
3	central	worker-cs-15	Label-B	2002
3	central	worker-cs-15	Label-B	2004
3	central	worker-cs-15	Label-B	2001
3	central	worker-cs-15	Label-B	2001
3	central	worker-cs-15	Label-B	2000
3	central	worker-cs-15	Label-B	2000
3	central	worker-cs-15	Label-B	2001
3	central	worker-cs-15	Label-B	2000
3	central	worker-cs-15	Label-B	2001
3	central	worker-cs-15	Label-B	2000
3	central	worker-cs-15	Label-B	2000
3	central	worker-cs-15	Label-B	2001
3	central	worker-cs-15	Label-B	2002
3	central	worker-cs-15	Label-B	2001
3	central	worker-cs-15	Label-B	2001
3	central	worker-cs-15	Label-B	2001
3	central	worker-cs-15	Label-B	2001
3	central	worker-cs-15	Label-B	2000
3	central	worker-cs-15	Label-B	2001
3	central	worker-cs-15	Label-B	2009
3	central	worker-cs-15	Label-B	2001
3	central	worker-cs-15	Label-B	2000
3	central	worker-cs-15	Label-B	2001
3	central	worker-cs-15	Label-B	2001
3	central	worker-cs-15	Label-B	2001
3	central	worker-cs-15	Label-B	2000
3	central	worker-cs-15	Label-B	2000
3	central	worker-cs-15	Label-B	2001
3	central	worker-cs-15	Label-B	2001
3	central	worker-cs-15	Label-B	2001
3	central	worker-cs-15	Label-B	2000
3	central	worker-cs-15	Label-B	2000
3	central	worker-cs-15	Label-B	2001
3	central	worker-cs-15	Label-B	2000
3	central	worker-cs-15	Label-B	2001
3	central	worker-cs-15	Label-B	2001
3	central	worker-cs-15	Label-B	2000
3	central	worker-cs-15	Label-B	2000
3	central	worker-cs-15	Label-B	2000
3	central	worker-cs-15	Label-B	2000
3	central	worker-cs-15	Label-B	2001
3	central	worker-cs-15	Label-B	2002
3	central	worker-cs-15	Label-B	2001
3	central	worker-cs-15	Label-B	2001
3	central	worker-cs-15	Label-B	2000
3	central	worker-cs-15	Label-B	2000
3	central	worker-cs-15	Label-B	2000
3	central	worker-cs-15	Label-B	2001
3	central	worker-cs-15	Label-B	2001
3	central	worker-cs-15	Label-B	2001
3	central	worker-cs-15	Label-B	2000
3	central	worker-cs-15	Label-B	2001
3	central	worker-cs-15	Label-B	2001
3	central	worker-cs-15	Label-B	2000
3	central	worker-cs-15	Label-B	2001
3	central	worker-cs-15	Label-B	2001
3	central	worker-cs-15	Label-B	2000
3	central	worker-cs-15	Label-B	2000
3	central	worker-cs-15	Label-B	2000
3	central	worker-cs-15	Label-B	2001
3	central	worker-cs-15	Label-B	2001
3	central	worker-cs-15	Label-B	2001
3	central	worker-cs-15	Label-B	2001
3	central	worker-cs-15	Label-B	2000
3	central	worker-cs-15	Label-B	2000
3	central	worker-cs-15	Label-B	2001
3	central	worker-cs-15	Label-B	2001
3	central	worker-cs-15	Label-B	2000
3	central	worker-cs-15	Label-B	2000
3	central	worker-cs-15	Label-B	2001
3	central	worker-cs-15	Label-B	2001
3	central	worker-cs-15	Label-B	2001
3	central	worker-cs-15	Label-B	2001
3	central	worker-cs-15	Label-B	2002
3	central	worker-cs-15	Label-B	2000
3	central	worker-cs-15	Label-B	2001
3	central	worker-cs-15	Label-B	2001
3	central	worker-cs-15	Label-B	2000
3	central	worker-cs-15	Label-B	2005
3	central	worker-cs-15	Label-B	2000
3	central	worker-cs-15	Label-B	2001
3	central	worker-cs-15	Label-B	2000
3	central	worker-cs-15	Label-B	2000
3	central	worker-cs-15	Label-B	2003
3	central	worker-cs-15	Label-B	2001
3	central	worker-cs-15	Label-B	2000
3	central	worker-cs-15	Label-B	2002
3	central	worker-cs-15	Label-B	2000
3	central	worker-cs-15	Label-B	2000
3	central	worker-cs-15	Label-B	2000
3	central	worker-cs-15	Label-B	2001
3	central	worker-cs-15	Label-B	2000
3	central	worker-cs-15	Label-B	2001
3	central	worker-cs-15	Label-B	2001
3	central	worker-cs-15	Label-B	2000
3	central	worker-cs-15	Label-B	2000
3	central	worker-cs-15	Label-B	2001
3	central	worker-cs-15	Label-B	2001
3	central	worker-cs-15	Label-B	2001
3	central	worker-cs-15	Label-B	2001
3	central	worker-cs-15	Label-B	2002
3	central	worker-cs-15	Label-B	2001
3	central	worker-cs-15	Label-B	2001
3	central	worker-cs-15	Label-B	2001
3	central	worker-cs-15	Label-B	2001
3	central	worker-cs-15	Label-B	2001
3	central	worker-cs-15	Label-B	2001
3	central	worker-cs-15	Label-B	2000
3	central	worker-cs-15	Label-B	2002
3	central	worker-cs-15	Label-B	2002
3	central	worker-cs-15	Label-B	2001
3	central	worker-cs-15	Label-B	2001
3	central	worker-cs-15	Label-B	2000
3	central	worker-cs-15	Label-B	2001
3	central	worker-cs-15	Label-B	2000
3	central	worker-cs-15	Label-B	2001
3	central	worker-cs-15	Label-B	2000
3	central	worker-cs-15	Label-B	2001
3	central	worker-cs-15	Label-B	2000
3	central	worker-cs-15	Label-B	2001
3	central	worker-cs-15	Label-B	2001
3	central	worker-cs-15	Label-B	2000
3	central	worker-cs-15	Label-B	2000
3	central	worker-cs-15	Label-B	2001
3	central	worker-cs-15	Label-B	2001
3	central	worker-cs-15	Label-B	2001
3	central	worker-cs-15	Label-B	2000
3	central	worker-cs-15	Label-B	2001
3	central	worker-cs-15	Label-B	2001
3	central	worker-cs-15	Label-B	2002
3	central	worker-cs-15	Label-B	2001
3	central	worker-cs-15	Label-B	2001
3	central	worker-cs-15	Label-B	2001
3	central	worker-cs-15	Label-B	2000
3	central	worker-cs-15	Label-B	2001
3	central	worker-cs-15	Label-B	2000
3	central	worker-cs-15	Label-B	2000
3	central	worker-cs-15	Label-B	2000
3	central	worker-cs-15	Label-B	2002
3	central	worker-cs-15	Label-B	2001
3	central	worker-cs-15	Label-B	2001
3	central	worker-cs-15	Label-B	2001
3	central	worker-cs-15	Label-B	2000
3	central	worker-cs-15	Label-B	2000
3	central	worker-cs-15	Label-B	2001
3	central	worker-cs-15	Label-B	2000
3	central	worker-cs-15	Label-B	2001
3	central	worker-cs-15	Label-B	2001
3	central	worker-cs-15	Label-B	2001
3	central	worker-cs-15	Label-B	2001
3	central	worker-cs-15	Label-B	2001
3	central	worker-cs-15	Label-B	2001
3	central	worker-cs-15	Label-B	2001
3	central	worker-cs-15	Label-B	2001
3	central	worker-cs-15	Label-B	2000
3	central	worker-cs-15	Label-B	2000
3	central	worker-cs-15	Label-B	2001
3	central	worker-cs-15	Label-B	2001
3	central	worker-cs-15	Label-B	2001
3	central	worker-cs-15	Label-B	2001
3	central	worker-cs-15	Label-B	2001
3	central	worker-cs-15	Label-B	2000
3	central	worker-cs-15	Label-B	2001
3	central	worker-cs-15	Label-B	2000
3	central	worker-cs-15	Label-B	2001
3	central	worker-cs-15	Label-B	2001
3	central	worker-cs-15	Label-B	2002
3	central	worker-cs-15	Label-B	2000
3	central	worker-cs-15	Label-B	2000
3	central	worker-cs-15	Label-B	2000
3	central	worker-cs-15	Label-B	2001
3	central	worker-cs-15	Label-B	2001
3	central	worker-cs-15	Label-B	2001
3	central	worker-cs-15	Label-B	2002
3	central	worker-cs-15	Label-B	2001
3	central	worker-cs-15	Label-B	1999
3	central	worker-cs-15	Label-B	2001
3	central	worker-cs-15	Label-B	2001
3	central	worker-cs-15	Label-B	2004
3	central	worker-cs-15	Label-B	2001
3	central	worker-cs-15	Label-B	1999
3	central	worker-cs-15	Label-B	2001
3	central	worker-cs-15	Label-B	2001
3	central	worker-cs-15	Label-B	2000
3	central	worker-cs-15	Label-B	2002
3	central	worker-cs-15	Label-B	2001
3	central	worker-cs-15	Label-B	2001
3	central	worker-cs-15	Label-B	2001
3	central	worker-cs-15	Label-B	2000
3	central	worker-cs-15	Label-B	2001
3	central	worker-cs-15	Label-B	2002
3	central	worker-cs-15	Label-B	2001
3	central	worker-cs-15	Label-B	2000
3	central	worker-cs-15	Label-B	2000
3	central	worker-cs-15	Label-B	2000
3	central	worker-cs-15	Label-B	2000
3	central	worker-cs-15	Label-B	2001
3	central	worker-cs-15	Label-B	2000
3	central	worker-cs-15	Label-B	2001
3	central	worker-cs-15	Label-B	2000
3	central	worker-cs-15	Label-B	2000
3	central	worker-cs-15	Label-B	2001
3	central	worker-cs-15	Label-B	2001
3	central	worker-cs-15	Label-B	2001
3	central	worker-cs-15	Label-B	2001
3	central	worker-cs-15	Label-B	2001
3	central	worker-cs-15	Label-B	2002
3	central	worker-cs-15	Label-B	2000
3	central	worker-cs-15	Label-B	2001
3	central	worker-cs-15	Label-B	2001
3	central	worker-cs-15	Label-B	2001
3	central	worker-cs-15	Label-B	2001
3	central	worker-cs-15	Label-B	2001
3	central	worker-cs-15	Label-B	2002
3	central	worker-cs-15	Label-B	2001
3	central	worker-cs-15	Label-B	2001
3	central	worker-cs-15	Label-B	2001
3	central	worker-cs-15	Label-B	2001
3	central	worker-cs-15	Label-B	2001
3	central	worker-cs-15	Label-B	2001
3	central	worker-cs-15	Label-B	2001
3	central	worker-cs-15	Label-B	2001
3	central	worker-cs-15	Label-B	2001
3	central	worker-cs-15	Label-B	2001
3	central	worker-cs-15	Label-B	2001
3	central	worker-cs-15	Label-B	2000
3	central	worker-cs-15	Label-B	2001
3	central	worker-cs-15	Label-B	2000
3	central	worker-cs-15	Label-B	2001
3	central	worker-cs-15	Label-B	2001
3	central	worker-cs-15	Label-B	2001
3	central	worker-cs-15	Label-B	2000
3	central	worker-cs-15	Label-B	2001
3	central	worker-cs-15	Label-B	2002
3	central	worker-cs-15	Label-B	2000
3	central	worker-cs-15	Label-B	2001
3	central	worker-cs-15	Label-B	2001
3	central	worker-cs-15	Label-B	2000
3	central	worker-cs-15	Label-B	2001
3	central	worker-cs-15	Label-B	2000
3	central	worker-cs-15	Label-B	2001
3	central	worker-cs-15	Label-B	2001
3	central	worker-cs-15	Label-B	2000
3	central	worker-cs-15	Label-B	2001
3	central	worker-cs-15	Label-B	2002
3	central	worker-cs-15	Label-B	2001
3	central	worker-cs-15	Label-B	2002
3	central	worker-cs-15	Label-B	2001
3	central	worker-cs-15	Label-B	2001
3	central	worker-cs-15	Label-B	2001
3	central	worker-cs-15	Label-B	2001
3	central	worker-cs-15	Label-B	2001
3	central	worker-cs-15	Label-B	2000
3	central	worker-cs-15	Label-B	2000
3	central	worker-cs-15	Label-B	2000
3	central	worker-cs-15	Label-B	2001
3	central	worker-cs-15	Label-B	2001
3	central	worker-cs-15	Label-B	2000
3	central	worker-cs-15	Label-B	2000
3	central	worker-cs-15	Label-B	2000
3	central	worker-cs-15	Label-B	2002
3	central	worker-cs-15	Label-B	2001
3	central	worker-cs-15	Label-B	2000
3	central	worker-cs-15	Label-B	2001
3	central	worker-cs-15	Label-B	2001
3	central	worker-cs-15	Label-B	2001
3	central	worker-cs-15	Label-B	2000
3	central	worker-cs-15	Label-B	2000
3	central	worker-cs-15	Label-B	2001
3	central	worker-cs-15	Label-B	2001
3	central	worker-cs-15	Label-B	2000
3	central	worker-cs-15	Label-B	2000
3	central	worker-cs-15	Label-B	2000
3	central	worker-cs-15	Label-B	2001
3	central	worker-cs-15	Label-B	2001
3	central	worker-cs-15	Label-B	2000
3	central	worker-cs-15	Label-B	2001
3	central	worker-cs-15	Label-B	2000
3	central	worker-cs-15	Label-B	2000
3	central	worker-cs-15	Label-B	2002
3	central	worker-cs-15	Label-B	2001
3	central	worker-cs-15	Label-B	2000
3	central	worker-cs-15	Label-B	2000
3	central	worker-cs-15	Label-B	2001
3	central	worker-cs-15	Label-B	2001
3	central	worker-cs-15	Label-B	2001
3	central	worker-cs-15	Label-B	2001
3	central	worker-cs-15	Label-B	2001
3	central	worker-cs-15	Label-B	2001
3	central	worker-cs-15	Label-B	2003
3	central	worker-cs-15	Label-B	2000
3	central	worker-cs-15	Label-B	2000
3	central	worker-cs-15	Label-B	2001
3	central	worker-cs-15	Label-B	2001
3	central	worker-cs-15	Label-B	2001
3	central	worker-cs-15	Label-B	2003
3	central	worker-cs-15	Label-B	2001
3	central	worker-cs-15	Label-B	2001
3	central	worker-cs-15	Label-B	2000
3	central	worker-cs-15	Label-B	2002
3	central	worker-cs-15	Label-B	2002
3	central	worker-cs-15	Label-B	2000
3	central	worker-cs-15	Label-B	2001
3	central	worker-cs-15	Label-B	2001
3	central	worker-cs-15	Label-B	2001
3	central	worker-cs-15	Label-B	2001
3	central	worker-cs-15	Label-B	2000
3	central	worker-cs-15	Label-B	2002
3	central	worker-cs-15	Label-B	2000
3	central	worker-cs-15	Label-B	2001
3	central	worker-cs-15	Label-B	2001
3	central	worker-cs-15	Label-B	2000
3	central	worker-cs-15	Label-B	2000
3	central	worker-cs-15	Label-B	2000
3	central	worker-cs-15	Label-B	2002
3	central	worker-cs-15	Label-B	2001
3	central	worker-cs-15	Label-B	2000
3	central	worker-cs-15	Label-B	2001
3	central	worker-cs-15	Label-B	2003
3	central	worker-cs-15	Label-B	2001
3	central	worker-cs-15	Label-B	2000
3	central	worker-cs-15	Label-B	2001
3	central	worker-cs-15	Label-B	2000
3	central	worker-cs-15	Label-B	2001
3	central	worker-cs-15	Label-B	2001
3	central	worker-cs-15	Label-B	2002
3	central	worker-cs-15	Label-B	2001
3	central	worker-cs-15	Label-B	2000
3	central	worker-cs-15	Label-B	2001
3	central	worker-cs-15	Label-B	2001
3	central	worker-cs-15	Label-B	2001
3	central	worker-cs-15	Label-B	2001
3	central	worker-cs-15	Label-B	2000
3	central	worker-cs-15	Label-B	2000
3	central	worker-cs-15	Label-B	2001
3	central	worker-cs-15	Label-B	2001
3	central	worker-cs-15	Label-B	2001
3	central	worker-cs-15	Label-B	2001
3	central	worker-cs-15	Label-B	2002
3	central	worker-cs-15	Label-B	2000
3	central	worker-cs-15	Label-B	2001
3	central	worker-cs-15	Label-B	2000
3	central	worker-cs-15	Label-B	2000
3	central	worker-cs-15	Label-B	2000
3	central	worker-cs-15	Label-B	2001
3	central	worker-cs-15	Label-B	2000
3	central	worker-cs-15	Label-B	2002
3	central	worker-cs-15	Label-B	2001
3	central	worker-cs-15	Label-B	2001
3	central	worker-cs-15	Label-B	2000
3	central	worker-cs-15	Label-B	2001
3	central	worker-cs-15	Label-B	2001
3	central	worker-cs-15	Label-B	2000
3	central	worker-cs-15	Label-B	2001
3	central	worker-cs-15	Label-B	2000
3	central	worker-cs-15	Label-B	2001
3	central	worker-cs-15	Label-B	2001
3	central	worker-cs-15	Label-B	2001
3	central	worker-cs-15	Label-B	2001
3	central	worker-cs-15	Label-B	2001
3	central	worker-cs-15	Label-B	2000
3	central	worker-cs-15	Label-B	2001
3	central	worker-cs-15	Label-B	2001
3	central	worker-cs-15	Label-B	2001
3	central	worker-cs-15	Label-B	2001
3	central	worker-cs-15	Label-B	2000
3	central	worker-cs-15	Label-B	2001
3	central	worker-cs-15	Label-B	2000
3	central	worker-cs-15	Label-B	2001
3	central	worker-cs-15	Label-B	1999
3	central	worker-cs-15	Label-B	2000
3	central	worker-cs-15	Label-B	2000
3	central	worker-cs-15	Label-B	2001
3	central	worker-cs-15	Label-B	2000
3	central	worker-cs-15	Label-B	2001
3	central	worker-cs-15	Label-B	2001
3	central	worker-cs-15	Label-B	2001
3	central	worker-cs-15	Label-B	2000
3	central	worker-cs-15	Label-B	2001
3	central	worker-cs-15	Label-B	2001
3	central	worker-cs-15	Label-B	2000
3	central	worker-cs-15	Label-B	2001
3	central	worker-cs-15	Label-B	2001
3	central	worker-cs-15	Label-B	2001
3	central	worker-cs-15	Label-B	2001
3	central	worker-cs-15	Label-B	2001
3	central	worker-cs-15	Label-B	2001
3	central	worker-cs-15	Label-B	2001
3	central	worker-cs-15	Label-B	2000
3	central	worker-cs-15	Label-B	2005
3	central	worker-cs-15	Label-B	2001
3	central	worker-cs-15	Label-B	2001
3	central	worker-cs-15	Label-B	2001
3	central	worker-cs-15	Label-B	2000
3	central	worker-cs-15	Label-B	2000
3	central	worker-cs-15	Label-B	2001
3	central	worker-cs-15	Label-B	2000
3	central	worker-cs-15	Label-B	2000
3	central	worker-cs-15	Label-B	2001
3	central	worker-cs-15	Label-B	2002
3	central	worker-cs-15	Label-B	2000
3	central	worker-cs-15	Label-B	2003
3	central	worker-cs-15	Label-B	2001
3	central	worker-cs-15	Label-B	2000
3	central	worker-cs-15	Label-B	2001
3	central	worker-cs-15	Label-B	2000
3	central	worker-cs-15	Label-B	2001
3	central	worker-cs-15	Label-B	2001
3	central	worker-cs-15	Label-B	2001
3	central	worker-cs-15	Label-B	2001
3	central	worker-cs-15	Label-B	2000
3	central	worker-cs-15	Label-B	2001
3	central	worker-cs-15	Label-B	2001
3	central	worker-cs-15	Label-B	2001
3	central	worker-cs-15	Label-B	2001
3	central	worker-cs-15	Label-B	2000
3	central	worker-cs-15	Label-B	2002
3	central	worker-cs-15	Label-B	2000
3	central	worker-cs-15	Label-B	2001
3	central	worker-cs-15	Label-B	2001
3	central	worker-cs-15	Label-B	2000
3	central	worker-cs-15	Label-B	2000
3	central	worker-cs-15	Label-B	2001
3	central	worker-cs-15	Label-B	2000
3	central	worker-cs-15	Label-B	2000
3	central	worker-cs-15	Label-B	2001
3	central	worker-cs-15	Label-B	2001
3	central	worker-cs-15	Label-B	2001
3	central	worker-cs-15	Label-B	2001
3	central	worker-cs-15	Label-B	2000
3	central	worker-cs-15	Label-B	2001
3	central	worker-cs-15	Label-B	2001
3	central	worker-cs-15	Label-B	2000
3	central	worker-cs-15	Label-B	2000
3	central	worker-cs-15	Label-B	2000
3	central	worker-cs-15	Label-B	2001
3	central	worker-cs-15	Label-B	2000
3	central	worker-cs-15	Label-B	2000
3	central	worker-cs-15	Label-B	2001
3	central	worker-cs-15	Label-B	2001
3	central	worker-cs-15	Label-B	2000
3	central	worker-cs-15	Label-B	2000
3	central	worker-cs-15	Label-B	2001
3	central	worker-cs-15	Label-B	2001
3	central	worker-cs-15	Label-B	1999
3	central	worker-cs-15	Label-B	2000
3	central	worker-cs-15	Label-B	2001
3	central	worker-cs-15	Label-B	2001
3	central	worker-cs-15	Label-B	2001
3	central	worker-cs-15	Label-B	2001
3	central	worker-cs-15	Label-B	2001
3	central	worker-cs-15	Label-B	2001
3	central	worker-cs-15	Label-B	2000
3	central	worker-cs-15	Label-B	2001
3	central	worker-cs-15	Label-B	2000
3	central	worker-cs-15	Label-B	2002
3	central	worker-cs-15	Label-B	2001
3	central	worker-cs-15	Label-B	2000
3	central	worker-cs-15	Label-B	2001
3	central	worker-cs-15	Label-B	2001
3	central	worker-cs-15	Label-B	2000
3	central	worker-cs-15	Label-B	2001
3	central	worker-cs-15	Label-B	2000
3	central	worker-cs-15	Label-B	2000
3	central	worker-cs-15	Label-B	2001
3	central	worker-cs-15	Label-B	2001
3	central	worker-cs-15	Label-B	2001
3	central	worker-cs-15	Label-B	2000
3	central	worker-cs-15	Label-B	2001
3	central	worker-cs-15	Label-B	2001
3	central	worker-cs-15	Label-B	2000
3	central	worker-cs-15	Label-B	2001
3	central	worker-cs-15	Label-B	2001
3	central	worker-cs-15	Label-B	2004
3	central	worker-cs-15	Label-B	2000
3	central	worker-cs-15	Label-B	2001
3	central	worker-cs-15	Label-B	2001
3	central	worker-cs-15	Label-B	2001
3	central	worker-cs-15	Label-B	2001
3	central	worker-cs-15	Label-B	2000
3	central	worker-cs-15	Label-B	2000
3	central	worker-cs-15	Label-B	2001
3	central	worker-cs-15	Label-B	2000
3	central	worker-cs-15	Label-B	2001
3	central	worker-cs-15	Label-B	2001
3	central	worker-cs-15	Label-B	2001
3	central	worker-cs-15	Label-B	2001
3	central	worker-cs-15	Label-B	2001
3	central	worker-cs-15	Label-B	2001
3	central	worker-cs-15	Label-B	2001
3	central	worker-cs-15	Label-B	2000
3	central	worker-cs-15	Label-B	2002
3	central	worker-cs-15	Label-B	2005
3	central	worker-cs-15	Label-B	2002
3	central	worker-cs-15	Label-B	2000
3	central	worker-cs-15	Label-B	2001
3	central	worker-cs-15	Label-B	2000
3	central	worker-cs-15	Label-B	2000
3	central	worker-cs-15	Label-B	2001
3	central	worker-cs-15	Label-B	2002
3	central	worker-cs-15	Label-B	2000
3	central	worker-cs-15	Label-B	2000
3	central	worker-cs-15	Label-B	2001
3	central	worker-cs-15	Label-B	2001
3	central	worker-cs-15	Label-B	2000
3	central	worker-cs-15	Label-B	2000
3	central	worker-cs-15	Label-B	2000
3	central	worker-cs-15	Label-B	2000
3	central	worker-cs-15	Label-B	2001
3	central	worker-cs-15	Label-B	2001
3	central	worker-cs-15	Label-B	2001
3	central	worker-cs-15	Label-B	2001
3	central	worker-cs-15	Label-B	2001
3	central	worker-cs-15	Label-B	2001
3	central	worker-cs-15	Label-B	2001
3	central	worker-cs-15	Label-B	2002
3	central	worker-cs-15	Label-B	2000
3	central	worker-cs-15	Label-B	2000
3	central	worker-cs-15	Label-B	2001
3	central	worker-cs-15	Label-B	2001
3	central	worker-cs-15	Label-B	2001
3	central	worker-cs-15	Label-B	2001
3	central	worker-cs-15	Label-B	2001
3	central	worker-cs-15	Label-B	2001
3	central	worker-cs-15	Label-B	2001
3	central	worker-cs-15	Label-B	2000
3	central	worker-cs-15	Label-B	2001
3	central	worker-cs-15	Label-B	2000
3	central	worker-cs-15	Label-B	2001
3	central	worker-cs-15	Label-B	2001
3	central	worker-cs-15	Label-B	2000
3	central	worker-cs-15	Label-B	2001
3	central	worker-cs-15	Label-B	2000
3	central	worker-cs-15	Label-B	2001
3	central	worker-cs-15	Label-B	2000
3	central	worker-cs-15	Label-B	2001
3	central	worker-cs-15	Label-B	2001
3	central	worker-cs-15	Label-B	2001
3	central	worker-cs-15	Label-B	2001
3	central	worker-cs-15	Label-B	2001
3	central	worker-cs-15	Label-B	2001
3	central	worker-cs-15	Label-B	2000
3	central	worker-cs-15	Label-B	2001
3	central	worker-cs-15	Label-B	2001
3	central	worker-cs-15	Label-B	2001
3	central	worker-cs-15	Label-B	2001
3	central	worker-cs-15	Label-B	2001
3	central	worker-cs-15	Label-B	2001
3	central	worker-cs-15	Label-B	2001
3	central	worker-cs-15	Label-B	2001
3	central	worker-cs-15	Label-B	2000
3	central	worker-cs-15	Label-B	2001
3	central	worker-cs-15	Label-B	2001
3	central	worker-cs-15	Label-B	2002
3	central	worker-cs-15	Label-B	2001
3	central	worker-cs-15	Label-B	2001
3	central	worker-cs-15	Label-B	2001
3	central	worker-cs-15	Label-B	2001
3	central	worker-cs-15	Label-B	2001
3	central	worker-cs-15	Label-B	2001
3	central	worker-cs-15	Label-B	2000
3	central	worker-cs-15	Label-B	2002
3	central	worker-cs-15	Label-B	2003
3	central	worker-cs-15	Label-B	2001
3	central	worker-cs-15	Label-B	2000
3	central	worker-cs-15	Label-B	2000
3	central	worker-cs-15	Label-B	2000
3	central	worker-cs-15	Label-B	2000
3	central	worker-cs-15	Label-B	2001
3	central	worker-cs-15	Label-B	2000
3	central	worker-cs-15	Label-B	2000
3	central	worker-cs-15	Label-B	2001
3	central	worker-cs-15	Label-B	2001
3	central	worker-cs-15	Label-B	2001
3	central	worker-cs-15	Label-B	2003
3	central	worker-cs-15	Label-B	2000
3	central	worker-cs-15	Label-B	2003
3	central	worker-cs-15	Label-B	2000
3	central	worker-cs-15	Label-B	2001
3	central	worker-cs-15	Label-B	2001
3	central	worker-cs-15	Label-B	2000
3	central	worker-cs-15	Label-B	2000
3	central	worker-cs-15	Label-B	2000
3	central	worker-cs-15	Label-B	2001
3	central	worker-cs-15	Label-B	2001
3	central	worker-cs-15	Label-B	2001
3	central	worker-cs-15	Label-B	2001
3	central	worker-cs-15	Label-B	2000
3	central	worker-cs-15	Label-B	2001
3	central	worker-cs-15	Label-B	2000
3	central	worker-cs-15	Label-B	2001
3	central	worker-cs-15	Label-B	2001
3	central	worker-cs-15	Label-B	2001
3	central	worker-cs-15	Label-B	2001
3	central	worker-cs-15	Label-B	2002
3	central	worker-cs-15	Label-B	2001
3	central	worker-cs-15	Label-B	2001
3	central	worker-cs-15	Label-B	2001
3	central	worker-cs-25	Label-A	2001
3	central	worker-cs-25	Label-A	2001
3	central	worker-cs-25	Label-A	2002
3	central	worker-cs-25	Label-A	2001
3	central	worker-cs-25	Label-A	2002
3	central	worker-cs-25	Label-A	2002
3	central	worker-cs-25	Label-A	2001
3	central	worker-cs-25	Label-A	2002
3	central	worker-cs-25	Label-A	2001
3	central	worker-cs-25	Label-A	2001
3	central	worker-cs-25	Label-A	2002
3	central	worker-cs-25	Label-A	2001
3	central	worker-cs-25	Label-A	2004
3	central	worker-cs-25	Label-A	2001
3	central	worker-cs-25	Label-A	2001
3	central	worker-cs-25	Label-A	2001
3	central	worker-cs-25	Label-A	2002
3	central	worker-cs-25	Label-A	2000
3	central	worker-cs-25	Label-A	2002
3	central	worker-cs-25	Label-A	2005
3	central	worker-cs-25	Label-A	2002
3	central	worker-cs-25	Label-A	2002
3	central	worker-cs-25	Label-A	2001
3	central	worker-cs-25	Label-A	2001
3	central	worker-cs-25	Label-A	2003
3	central	worker-cs-25	Label-A	2002
3	central	worker-cs-25	Label-A	2002
3	central	worker-cs-25	Label-A	2002
3	central	worker-cs-25	Label-A	2005
3	central	worker-cs-25	Label-A	2001
3	central	worker-cs-25	Label-A	2002
3	central	worker-cs-25	Label-A	2001
3	central	worker-cs-25	Label-A	2002
3	central	worker-cs-25	Label-A	2001
3	central	worker-cs-25	Label-A	2001
3	central	worker-cs-25	Label-A	2002
3	central	worker-cs-25	Label-A	2001
3	central	worker-cs-25	Label-A	2001
3	central	worker-cs-25	Label-A	2002
3	central	worker-cs-25	Label-A	2002
3	central	worker-cs-25	Label-A	2002
3	central	worker-cs-25	Label-A	2001
3	central	worker-cs-25	Label-A	2001
3	central	worker-cs-25	Label-A	2001
3	central	worker-cs-25	Label-A	2002
3	central	worker-cs-25	Label-A	2001
3	central	worker-cs-25	Label-A	2001
3	central	worker-cs-25	Label-A	2002
3	central	worker-cs-25	Label-A	2005
3	central	worker-cs-25	Label-A	2001
3	central	worker-cs-25	Label-A	2002
3	central	worker-cs-25	Label-A	2001
3	central	worker-cs-25	Label-A	2002
3	central	worker-cs-25	Label-A	2001
3	central	worker-cs-25	Label-A	2001
3	central	worker-cs-25	Label-A	2002
3	central	worker-cs-25	Label-A	2002
3	central	worker-cs-25	Label-A	2001
3	central	worker-cs-25	Label-A	2001
3	central	worker-cs-25	Label-A	2001
3	central	worker-cs-25	Label-A	2002
3	central	worker-cs-25	Label-A	2002
3	central	worker-cs-25	Label-A	2001
3	central	worker-cs-25	Label-A	2001
3	central	worker-cs-25	Label-A	2003
3	central	worker-cs-25	Label-A	2002
3	central	worker-cs-25	Label-A	2003
3	central	worker-cs-25	Label-A	2002
3	central	worker-cs-25	Label-A	2001
3	central	worker-cs-25	Label-A	2002
3	central	worker-cs-25	Label-A	2008
3	central	worker-cs-25	Label-A	2003
3	central	worker-cs-25	Label-A	2003
3	central	worker-cs-25	Label-A	2002
3	central	worker-cs-25	Label-A	2002
3	central	worker-cs-25	Label-A	2001
3	central	worker-cs-25	Label-A	2002
3	central	worker-cs-25	Label-A	2001
3	central	worker-cs-25	Label-A	2002
3	central	worker-cs-25	Label-A	2002
3	central	worker-cs-25	Label-A	2001
3	central	worker-cs-25	Label-A	2001
3	central	worker-cs-25	Label-A	2001
3	central	worker-cs-25	Label-A	2002
3	central	worker-cs-25	Label-A	2001
3	central	worker-cs-25	Label-A	2001
3	central	worker-cs-25	Label-A	2002
3	central	worker-cs-25	Label-A	2002
3	central	worker-cs-25	Label-A	2001
3	central	worker-cs-25	Label-A	2002
3	central	worker-cs-25	Label-A	2002
3	central	worker-cs-25	Label-A	2001
3	central	worker-cs-25	Label-A	2001
3	central	worker-cs-25	Label-A	2002
3	central	worker-cs-25	Label-A	2002
3	central	worker-cs-25	Label-A	2001
3	central	worker-cs-25	Label-A	2005
3	central	worker-cs-25	Label-A	2002
3	central	worker-cs-25	Label-A	2002
3	central	worker-cs-25	Label-A	2001
3	central	worker-cs-25	Label-A	2001
3	central	worker-cs-25	Label-A	2001
3	central	worker-cs-25	Label-A	2002
3	central	worker-cs-25	Label-A	2005
3	central	worker-cs-25	Label-A	2003
3	central	worker-cs-25	Label-A	2002
3	central	worker-cs-25	Label-A	2001
3	central	worker-cs-25	Label-A	2001
3	central	worker-cs-25	Label-A	2001
3	central	worker-cs-25	Label-A	2002
3	central	worker-cs-25	Label-A	2001
3	central	worker-cs-25	Label-A	2003
3	central	worker-cs-25	Label-A	2001
3	central	worker-cs-25	Label-A	2001
3	central	worker-cs-25	Label-A	2001
3	central	worker-cs-25	Label-A	2001
3	central	worker-cs-25	Label-A	2002
3	central	worker-cs-25	Label-A	2002
3	central	worker-cs-25	Label-A	2002
3	central	worker-cs-25	Label-A	2002
3	central	worker-cs-25	Label-A	2004
3	central	worker-cs-25	Label-A	2002
3	central	worker-cs-25	Label-A	2001
3	central	worker-cs-25	Label-A	2001
3	central	worker-cs-25	Label-A	2001
3	central	worker-cs-25	Label-A	2003
3	central	worker-cs-25	Label-A	2002
3	central	worker-cs-25	Label-A	2001
3	central	worker-cs-25	Label-A	2002
3	central	worker-cs-25	Label-A	2001
3	central	worker-cs-25	Label-A	2005
3	central	worker-cs-25	Label-A	2002
3	central	worker-cs-25	Label-A	2001
3	central	worker-cs-25	Label-A	2001
3	central	worker-cs-25	Label-A	2001
3	central	worker-cs-25	Label-A	2001
3	central	worker-cs-25	Label-A	2001
3	central	worker-cs-25	Label-A	2002
3	central	worker-cs-25	Label-A	2001
3	central	worker-cs-25	Label-A	2001
3	central	worker-cs-25	Label-A	2001
3	central	worker-cs-25	Label-A	2001
3	central	worker-cs-25	Label-A	2003
3	central	worker-cs-25	Label-A	2002
3	central	worker-cs-25	Label-A	2002
3	central	worker-cs-25	Label-A	2002
3	central	worker-cs-25	Label-A	2002
3	central	worker-cs-25	Label-A	2001
3	central	worker-cs-25	Label-A	2001
3	central	worker-cs-25	Label-A	2002
3	central	worker-cs-25	Label-A	2002
3	central	worker-cs-25	Label-A	2001
3	central	worker-cs-25	Label-A	2002
3	central	worker-cs-25	Label-A	2001
3	central	worker-cs-25	Label-A	2002
3	central	worker-cs-25	Label-A	2001
3	central	worker-cs-25	Label-A	2001
3	central	worker-cs-25	Label-A	2002
3	central	worker-cs-25	Label-A	2001
3	central	worker-cs-25	Label-A	2001
3	central	worker-cs-25	Label-A	2002
3	central	worker-cs-25	Label-A	2001
3	central	worker-cs-25	Label-A	2002
3	central	worker-cs-25	Label-A	2001
3	central	worker-cs-25	Label-A	2001
3	central	worker-cs-25	Label-A	2001
3	central	worker-cs-25	Label-A	2004
3	central	worker-cs-25	Label-A	2002
3	central	worker-cs-25	Label-A	2002
3	central	worker-cs-25	Label-A	2001
3	central	worker-cs-25	Label-A	2002
3	central	worker-cs-25	Label-A	2002
3	central	worker-cs-25	Label-A	2002
3	central	worker-cs-25	Label-A	2002
3	central	worker-cs-25	Label-A	2002
3	central	worker-cs-25	Label-A	2002
3	central	worker-cs-25	Label-A	2002
3	central	worker-cs-25	Label-A	2001
3	central	worker-cs-25	Label-A	2002
3	central	worker-cs-25	Label-A	2002
3	central	worker-cs-25	Label-A	2001
3	central	worker-cs-25	Label-A	2001
3	central	worker-cs-25	Label-A	2001
3	central	worker-cs-25	Label-A	2001
3	central	worker-cs-25	Label-A	2002
3	central	worker-cs-25	Label-A	2001
3	central	worker-cs-25	Label-A	2001
3	central	worker-cs-25	Label-A	2002
3	central	worker-cs-25	Label-A	2001
3	central	worker-cs-25	Label-A	2001
3	central	worker-cs-25	Label-A	2001
3	central	worker-cs-25	Label-A	2001
3	central	worker-cs-25	Label-A	2002
3	central	worker-cs-25	Label-A	2004
3	central	worker-cs-25	Label-A	2001
3	central	worker-cs-25	Label-A	2001
3	central	worker-cs-25	Label-A	2002
3	central	worker-cs-25	Label-A	2002
3	central	worker-cs-25	Label-A	2002
3	central	worker-cs-25	Label-A	2001
3	central	worker-cs-25	Label-A	2001
3	central	worker-cs-25	Label-A	2002
3	central	worker-cs-25	Label-A	2001
3	central	worker-cs-25	Label-A	2001
3	central	worker-cs-25	Label-A	2001
3	central	worker-cs-25	Label-A	2001
3	central	worker-cs-25	Label-A	2001
3	central	worker-cs-25	Label-A	2002
3	central	worker-cs-25	Label-A	2001
3	central	worker-cs-25	Label-A	2002
3	central	worker-cs-25	Label-A	2002
3	central	worker-cs-25	Label-A	2001
3	central	worker-cs-25	Label-A	2002
3	central	worker-cs-25	Label-A	2002
3	central	worker-cs-25	Label-A	2001
3	central	worker-cs-25	Label-A	2002
3	central	worker-cs-25	Label-A	2002
3	central	worker-cs-25	Label-A	2001
3	central	worker-cs-25	Label-A	2001
3	central	worker-cs-25	Label-A	2001
3	central	worker-cs-25	Label-A	2008
3	central	worker-cs-25	Label-A	2000
3	central	worker-cs-25	Label-A	2003
3	central	worker-cs-25	Label-A	2001
3	central	worker-cs-25	Label-A	2002
3	central	worker-cs-25	Label-A	2002
3	central	worker-cs-25	Label-A	2001
3	central	worker-cs-25	Label-A	2001
3	central	worker-cs-25	Label-A	2001
3	central	worker-cs-25	Label-A	2002
3	central	worker-cs-25	Label-A	2003
3	central	worker-cs-25	Label-A	2001
3	central	worker-cs-25	Label-A	2002
3	central	worker-cs-25	Label-A	2001
3	central	worker-cs-25	Label-A	2002
3	central	worker-cs-25	Label-A	2002
3	central	worker-cs-25	Label-A	2001
3	central	worker-cs-25	Label-A	2001
3	central	worker-cs-25	Label-A	2001
3	central	worker-cs-25	Label-A	2002
3	central	worker-cs-25	Label-A	2002
3	central	worker-cs-25	Label-A	2003
3	central	worker-cs-25	Label-A	2002
3	central	worker-cs-25	Label-A	2001
3	central	worker-cs-25	Label-A	2002
3	central	worker-cs-25	Label-A	2002
3	central	worker-cs-25	Label-A	2002
3	central	worker-cs-25	Label-A	2001
3	central	worker-cs-25	Label-A	2002
3	central	worker-cs-25	Label-A	2001
3	central	worker-cs-25	Label-A	2002
3	central	worker-cs-25	Label-A	2001
3	central	worker-cs-25	Label-A	2002
3	central	worker-cs-25	Label-A	2002
3	central	worker-cs-25	Label-A	2002
3	central	worker-cs-25	Label-A	2006
3	central	worker-cs-25	Label-A	2002
3	central	worker-cs-25	Label-A	2002
3	central	worker-cs-25	Label-A	2001
3	central	worker-cs-25	Label-A	2001
3	central	worker-cs-25	Label-A	2003
3	central	worker-cs-25	Label-A	2001
3	central	worker-cs-25	Label-A	2003
3	central	worker-cs-25	Label-A	2002
3	central	worker-cs-25	Label-A	2002
3	central	worker-cs-25	Label-A	2001
3	central	worker-cs-25	Label-A	2001
3	central	worker-cs-25	Label-A	2007
3	central	worker-cs-25	Label-A	2001
3	central	worker-cs-25	Label-A	2001
3	central	worker-cs-25	Label-A	2001
3	central	worker-cs-25	Label-A	2002
3	central	worker-cs-25	Label-A	2002
3	central	worker-cs-25	Label-A	2001
3	central	worker-cs-25	Label-A	2004
3	central	worker-cs-25	Label-A	2003
3	central	worker-cs-25	Label-A	2001
3	central	worker-cs-25	Label-A	2002
3	central	worker-cs-25	Label-A	2002
3	central	worker-cs-25	Label-A	2002
3	central	worker-cs-25	Label-A	2001
3	central	worker-cs-25	Label-A	2001
3	central	worker-cs-25	Label-A	2001
3	central	worker-cs-25	Label-A	2002
3	central	worker-cs-25	Label-A	2002
3	central	worker-cs-25	Label-A	2002
3	central	worker-cs-25	Label-A	2001
3	central	worker-cs-25	Label-A	2002
3	central	worker-cs-25	Label-A	2001
3	central	worker-cs-25	Label-A	2001
3	central	worker-cs-25	Label-A	2002
3	central	worker-cs-25	Label-A	2004
3	central	worker-cs-25	Label-A	2002
3	central	worker-cs-25	Label-A	2002
3	central	worker-cs-25	Label-A	2002
3	central	worker-cs-25	Label-A	2002
3	central	worker-cs-25	Label-A	2001
3	central	worker-cs-25	Label-A	2003
3	central	worker-cs-25	Label-A	2001
3	central	worker-cs-25	Label-A	2002
3	central	worker-cs-25	Label-A	2001
3	central	worker-cs-25	Label-A	2001
3	central	worker-cs-25	Label-A	2001
3	central	worker-cs-25	Label-A	2002
3	central	worker-cs-25	Label-A	2002
3	central	worker-cs-25	Label-A	2001
3	central	worker-cs-25	Label-A	2002
3	central	worker-cs-25	Label-A	2002
3	central	worker-cs-25	Label-A	2001
3	central	worker-cs-25	Label-A	2002
3	central	worker-cs-25	Label-A	2004
3	central	worker-cs-25	Label-A	2001
3	central	worker-cs-25	Label-A	2002
3	central	worker-cs-25	Label-A	2001
3	central	worker-cs-25	Label-A	2002
3	central	worker-cs-25	Label-A	2001
3	central	worker-cs-25	Label-A	2002
3	central	worker-cs-25	Label-A	2002
3	central	worker-cs-25	Label-A	2001
3	central	worker-cs-25	Label-A	2001
3	central	worker-cs-25	Label-A	2002
3	central	worker-cs-25	Label-A	2002
3	central	worker-cs-25	Label-A	2001
3	central	worker-cs-25	Label-A	2002
3	central	worker-cs-25	Label-A	2002
3	central	worker-cs-25	Label-A	2002
3	central	worker-cs-25	Label-A	2002
3	central	worker-cs-25	Label-A	2002
3	central	worker-cs-25	Label-A	2002
3	central	worker-cs-25	Label-A	2003
3	central	worker-cs-25	Label-A	2002
3	central	worker-cs-25	Label-A	2001
3	central	worker-cs-25	Label-A	2002
3	central	worker-cs-25	Label-A	2002
3	central	worker-cs-25	Label-A	2002
3	central	worker-cs-25	Label-A	2003
3	central	worker-cs-25	Label-A	2001
3	central	worker-cs-25	Label-A	2001
3	central	worker-cs-25	Label-A	2003
3	central	worker-cs-25	Label-A	2001
3	central	worker-cs-25	Label-A	2001
3	central	worker-cs-25	Label-A	2002
3	central	worker-cs-25	Label-A	2001
3	central	worker-cs-25	Label-A	2002
3	central	worker-cs-25	Label-A	2002
3	central	worker-cs-25	Label-A	2001
3	central	worker-cs-25	Label-A	2001
3	central	worker-cs-25	Label-A	2001
3	central	worker-cs-25	Label-A	2002
3	central	worker-cs-25	Label-A	2003
3	central	worker-cs-25	Label-A	2002
3	central	worker-cs-25	Label-A	2002
3	central	worker-cs-25	Label-A	2002
3	central	worker-cs-25	Label-A	2002
3	central	worker-cs-25	Label-A	2002
3	central	worker-cs-25	Label-A	2001
3	central	worker-cs-25	Label-A	2001
3	central	worker-cs-25	Label-A	2001
3	central	worker-cs-25	Label-A	2000
3	central	worker-cs-25	Label-A	2001
3	central	worker-cs-25	Label-A	2002
3	central	worker-cs-25	Label-A	2001
3	central	worker-cs-25	Label-A	2001
3	central	worker-cs-25	Label-A	2002
3	central	worker-cs-25	Label-A	2001
3	central	worker-cs-25	Label-A	2001
3	central	worker-cs-25	Label-A	2001
3	central	worker-cs-25	Label-A	2002
3	central	worker-cs-25	Label-A	2001
3	central	worker-cs-25	Label-A	2004
3	central	worker-cs-25	Label-A	2002
3	central	worker-cs-25	Label-A	2002
3	central	worker-cs-25	Label-A	2001
3	central	worker-cs-25	Label-A	2002
3	central	worker-cs-25	Label-A	2006
3	central	worker-cs-25	Label-A	2002
3	central	worker-cs-25	Label-A	2002
3	central	worker-cs-25	Label-A	2002
3	central	worker-cs-25	Label-A	2002
3	central	worker-cs-25	Label-A	2001
3	central	worker-cs-25	Label-A	2002
3	central	worker-cs-25	Label-A	2007
3	central	worker-cs-25	Label-A	2001
3	central	worker-cs-25	Label-A	2001
3	central	worker-cs-25	Label-A	2001
3	central	worker-cs-25	Label-A	2001
3	central	worker-cs-25	Label-A	2002
3	central	worker-cs-25	Label-A	2002
3	central	worker-cs-25	Label-A	2002
3	central	worker-cs-25	Label-A	2002
3	central	worker-cs-25	Label-A	2001
3	central	worker-cs-25	Label-A	2002
3	central	worker-cs-25	Label-A	2001
3	central	worker-cs-25	Label-A	2002
3	central	worker-cs-25	Label-A	2001
3	central	worker-cs-25	Label-A	2001
3	central	worker-cs-25	Label-A	2001
3	central	worker-cs-25	Label-A	2001
3	central	worker-cs-25	Label-A	2002
3	central	worker-cs-25	Label-A	2001
3	central	worker-cs-25	Label-A	2002
3	central	worker-cs-25	Label-A	2002
3	central	worker-cs-25	Label-A	2002
3	central	worker-cs-25	Label-A	2003
3	central	worker-cs-25	Label-A	2001
3	central	worker-cs-25	Label-A	2002
3	central	worker-cs-25	Label-A	2001
3	central	worker-cs-25	Label-A	2002
3	central	worker-cs-25	Label-A	2002
3	central	worker-cs-25	Label-A	2002
3	central	worker-cs-25	Label-A	2002
3	central	worker-cs-25	Label-A	2001
3	central	worker-cs-25	Label-A	2002
3	central	worker-cs-25	Label-A	2003
3	central	worker-cs-25	Label-A	2005
3	central	worker-cs-25	Label-A	2002
3	central	worker-cs-25	Label-A	2001
3	central	worker-cs-25	Label-A	2002
3	central	worker-cs-25	Label-A	2001
3	central	worker-cs-25	Label-A	2002
3	central	worker-cs-25	Label-A	2004
3	central	worker-cs-25	Label-A	2002
3	central	worker-cs-25	Label-A	2000
3	central	worker-cs-25	Label-A	2001
3	central	worker-cs-25	Label-A	2001
3	central	worker-cs-25	Label-A	2004
3	central	worker-cs-25	Label-A	2002
3	central	worker-cs-25	Label-A	2002
3	central	worker-cs-25	Label-A	2001
3	central	worker-cs-25	Label-A	2001
3	central	worker-cs-25	Label-A	2002
3	central	worker-cs-25	Label-A	2001
3	central	worker-cs-25	Label-A	2001
3	central	worker-cs-25	Label-A	2001
3	central	worker-cs-25	Label-A	2001
3	central	worker-cs-25	Label-A	2002
3	central	worker-cs-25	Label-A	2001
3	central	worker-cs-25	Label-A	2001
3	central	worker-cs-25	Label-A	2001
3	central	worker-cs-25	Label-A	2002
3	central	worker-cs-25	Label-A	2002
3	central	worker-cs-25	Label-A	2002
3	central	worker-cs-25	Label-A	2004
3	central	worker-cs-25	Label-A	2001
3	central	worker-cs-25	Label-A	2002
3	central	worker-cs-25	Label-A	2001
3	central	worker-cs-25	Label-A	2005
3	central	worker-cs-25	Label-A	2002
3	central	worker-cs-25	Label-A	2002
3	central	worker-cs-25	Label-A	2002
3	central	worker-cs-25	Label-A	2001
3	central	worker-cs-25	Label-A	2002
3	central	worker-cs-25	Label-A	2001
3	central	worker-cs-25	Label-A	2002
3	central	worker-cs-25	Label-A	2002
3	central	worker-cs-25	Label-A	2006
3	central	worker-cs-25	Label-A	2002
3	central	worker-cs-25	Label-A	2002
3	central	worker-cs-25	Label-A	2001
3	central	worker-cs-25	Label-A	2001
3	central	worker-cs-25	Label-A	2001
3	central	worker-cs-25	Label-A	2001
3	central	worker-cs-25	Label-A	2002
3	central	worker-cs-25	Label-A	2001
3	central	worker-cs-25	Label-A	2002
3	central	worker-cs-25	Label-A	2001
3	central	worker-cs-25	Label-A	2001
3	central	worker-cs-25	Label-A	2002
3	central	worker-cs-25	Label-A	2006
3	central	worker-cs-25	Label-A	2001
3	central	worker-cs-25	Label-A	2002
3	central	worker-cs-25	Label-A	2003
3	central	worker-cs-25	Label-A	2001
3	central	worker-cs-25	Label-A	2004
3	central	worker-cs-25	Label-A	2001
3	central	worker-cs-25	Label-A	2001
3	central	worker-cs-25	Label-A	2002
3	central	worker-cs-25	Label-A	2002
3	central	worker-cs-25	Label-A	2002
3	central	worker-cs-25	Label-A	2002
3	central	worker-cs-25	Label-A	2001
3	central	worker-cs-25	Label-A	2001
3	central	worker-cs-25	Label-A	2002
3	central	worker-cs-25	Label-A	2002
3	central	worker-cs-25	Label-A	2002
3	central	worker-cs-25	Label-A	2001
3	central	worker-cs-25	Label-A	2001
3	central	worker-cs-25	Label-A	2002
3	central	worker-cs-25	Label-A	2001
3	central	worker-cs-25	Label-A	2001
3	central	worker-cs-25	Label-A	2002
3	central	worker-cs-25	Label-A	2002
3	central	worker-cs-25	Label-A	2003
3	central	worker-cs-25	Label-A	2001
3	central	worker-cs-25	Label-A	2001
3	central	worker-cs-25	Label-A	2002
3	central	worker-cs-25	Label-A	2002
3	central	worker-cs-25	Label-A	2001
3	central	worker-cs-25	Label-A	2002
3	central	worker-cs-25	Label-A	2001
3	central	worker-cs-25	Label-A	2001
3	central	worker-cs-25	Label-A	2002
3	central	worker-cs-25	Label-A	2001
3	central	worker-cs-25	Label-A	2001
3	central	worker-cs-25	Label-A	2002
3	central	worker-cs-25	Label-A	2001
3	central	worker-cs-25	Label-A	2001
3	central	worker-cs-25	Label-A	2002
3	central	worker-cs-25	Label-A	2002
3	central	worker-cs-25	Label-A	2002
3	central	worker-cs-25	Label-A	2002
3	central	worker-cs-25	Label-A	2002
3	central	worker-cs-25	Label-A	2001
3	central	worker-cs-25	Label-A	2002
3	central	worker-cs-25	Label-A	2001
3	central	worker-cs-25	Label-A	2002
3	central	worker-cs-25	Label-A	2001
3	central	worker-cs-25	Label-A	2001
3	central	worker-cs-25	Label-A	2002
3	central	worker-cs-25	Label-A	2002
3	central	worker-cs-25	Label-A	2001
3	central	worker-cs-25	Label-A	2001
3	central	worker-cs-25	Label-A	2001
3	central	worker-cs-25	Label-A	2002
3	central	worker-cs-25	Label-A	2001
3	central	worker-cs-25	Label-A	2002
3	central	worker-cs-25	Label-A	2002
3	central	worker-cs-25	Label-A	2002
3	central	worker-cs-25	Label-A	2001
3	central	worker-cs-25	Label-A	2002
3	central	worker-cs-25	Label-A	2001
3	central	worker-cs-25	Label-A	2002
3	central	worker-cs-25	Label-A	2001
3	central	worker-cs-25	Label-A	2001
3	central	worker-cs-25	Label-A	2002
3	central	worker-cs-25	Label-A	2003
3	central	worker-cs-25	Label-A	2002
3	central	worker-cs-25	Label-A	2002
3	central	worker-cs-25	Label-A	2001
3	central	worker-cs-25	Label-A	2002
3	central	worker-cs-25	Label-A	2002
3	central	worker-cs-25	Label-A	2002
3	central	worker-cs-25	Label-A	2003
3	central	worker-cs-25	Label-A	2001
3	central	worker-cs-25	Label-A	2001
3	central	worker-cs-25	Label-A	2002
3	central	worker-cs-25	Label-A	2002
3	central	worker-cs-25	Label-A	2002
3	central	worker-cs-25	Label-A	2001
3	central	worker-cs-25	Label-A	2001
3	central	worker-cs-25	Label-A	2002
3	central	worker-cs-25	Label-A	2002
3	central	worker-cs-25	Label-A	2001
3	central	worker-cs-25	Label-A	2002
3	central	worker-cs-25	Label-A	2001
3	central	worker-cs-25	Label-A	2002
3	central	worker-cs-25	Label-A	2002
3	central	worker-cs-25	Label-A	2002
3	central	worker-cs-25	Label-A	2001
3	central	worker-cs-25	Label-A	2001
3	central	worker-cs-25	Label-A	2001
3	central	worker-cs-25	Label-A	2009
3	central	worker-cs-25	Label-A	2000
3	central	worker-cs-25	Label-A	2001
3	central	worker-cs-25	Label-A	2002
3	central	worker-cs-25	Label-A	2001
3	central	worker-cs-25	Label-A	2002
3	central	worker-cs-25	Label-A	2003
3	central	worker-cs-25	Label-A	2001
3	central	worker-cs-25	Label-A	2002
3	central	worker-cs-25	Label-A	2002
3	central	worker-cs-25	Label-A	2002
3	central	worker-cs-25	Label-A	2001
3	central	worker-cs-25	Label-A	2001
3	central	worker-cs-25	Label-A	2001
3	central	worker-cs-25	Label-A	2002
3	central	worker-cs-25	Label-A	2002
3	central	worker-cs-25	Label-A	2002
3	central	worker-cs-25	Label-A	2001
3	central	worker-cs-25	Label-A	2001
3	central	worker-cs-25	Label-A	2001
3	central	worker-cs-25	Label-A	2002
3	central	worker-cs-25	Label-A	2001
3	central	worker-cs-25	Label-A	2000
3	central	worker-cs-25	Label-A	2002
3	central	worker-cs-25	Label-A	2002
3	central	worker-cs-25	Label-A	2001
3	central	worker-cs-25	Label-A	2006
3	central	worker-cs-25	Label-A	2005
3	central	worker-cs-25	Label-A	2002
3	central	worker-cs-25	Label-A	2002
3	central	worker-cs-25	Label-A	2001
3	central	worker-cs-25	Label-A	2001
3	central	worker-cs-25	Label-A	2002
3	central	worker-cs-25	Label-A	2002
3	central	worker-cs-25	Label-A	2001
3	central	worker-cs-25	Label-A	2002
3	central	worker-cs-25	Label-A	2002
3	central	worker-cs-25	Label-A	2001
3	central	worker-cs-25	Label-A	2005
3	central	worker-cs-25	Label-A	2002
3	central	worker-cs-25	Label-A	2001
3	central	worker-cs-25	Label-A	2002
3	central	worker-cs-25	Label-A	2001
3	central	worker-cs-25	Label-A	2001
3	central	worker-cs-25	Label-A	2002
3	central	worker-cs-25	Label-A	2002
3	central	worker-cs-25	Label-A	2002
3	central	worker-cs-25	Label-A	2001
3	central	worker-cs-25	Label-A	2001
3	central	worker-cs-25	Label-A	2002
3	central	worker-cs-25	Label-A	2002
3	central	worker-cs-25	Label-A	2002
3	central	worker-cs-25	Label-A	2001
3	central	worker-cs-25	Label-A	2006
3	central	worker-cs-25	Label-A	2003
3	central	worker-cs-25	Label-A	2001
3	central	worker-cs-25	Label-A	2002
3	central	worker-cs-25	Label-A	2002
3	central	worker-cs-25	Label-A	2002
3	central	worker-cs-25	Label-A	2001
3	central	worker-cs-25	Label-A	2002
3	central	worker-cs-25	Label-A	2002
3	central	worker-cs-25	Label-A	2001
3	central	worker-cs-25	Label-A	2002
3	central	worker-cs-25	Label-A	2001
3	central	worker-cs-25	Label-A	2003
3	central	worker-cs-25	Label-A	2001
3	central	worker-cs-25	Label-A	2003
3	central	worker-cs-25	Label-A	2001
3	central	worker-cs-25	Label-A	2001
3	central	worker-cs-25	Label-A	2001
3	central	worker-cs-25	Label-A	2002
3	central	worker-cs-25	Label-A	2002
3	central	worker-cs-25	Label-A	2002
3	central	worker-cs-25	Label-A	2002
3	central	worker-cs-25	Label-A	2002
3	central	worker-cs-25	Label-A	2001
3	central	worker-cs-25	Label-A	2002
3	central	worker-cs-25	Label-A	2002
3	central	worker-cs-25	Label-A	2002
3	central	worker-cs-25	Label-A	2002
3	central	worker-cs-25	Label-A	2002
3	central	worker-cs-25	Label-A	2002
3	central	worker-cs-25	Label-A	2002
3	central	worker-cs-25	Label-A	2002
3	central	worker-cs-25	Label-A	2002
3	central	worker-cs-25	Label-A	2002
3	central	worker-cs-25	Label-A	2003
3	central	worker-cs-25	Label-A	2003
3	central	worker-cs-25	Label-A	2002
3	central	worker-cs-25	Label-A	2004
3	central	worker-cs-25	Label-A	2001
3	central	worker-cs-25	Label-A	2002
3	central	worker-cs-25	Label-A	2002
3	central	worker-cs-25	Label-A	2002
3	central	worker-cs-25	Label-A	2002
3	central	worker-cs-25	Label-A	2002
3	central	worker-cs-25	Label-A	2004
3	central	worker-cs-25	Label-A	2002
3	central	worker-cs-25	Label-A	2002
3	central	worker-cs-25	Label-A	2001
3	central	worker-cs-25	Label-A	2004
3	central	worker-cs-25	Label-A	2001
3	central	worker-cs-25	Label-A	2003
3	central	worker-cs-25	Label-A	2002
3	central	worker-cs-25	Label-A	2002
3	central	worker-cs-25	Label-A	2001
3	central	worker-cs-25	Label-A	2002
3	central	worker-cs-25	Label-A	2004
3	central	worker-cs-25	Label-A	2005
3	central	worker-cs-25	Label-A	2001
3	central	worker-cs-25	Label-A	2001
3	central	worker-cs-25	Label-A	2003
3	central	worker-cs-25	Label-A	2002
3	central	worker-cs-25	Label-A	2002
3	central	worker-cs-25	Label-A	2002
3	central	worker-cs-25	Label-A	2001
3	central	worker-cs-25	Label-A	2002
3	central	worker-cs-25	Label-A	2002
3	central	worker-cs-25	Label-A	2002
3	central	worker-cs-25	Label-A	2002
3	central	worker-cs-25	Label-A	2001
3	central	worker-cs-25	Label-A	2002
3	central	worker-cs-25	Label-A	2002
3	central	worker-cs-25	Label-A	2001
3	central	worker-cs-25	Label-A	2001
3	central	worker-cs-25	Label-A	2002
3	central	worker-cs-25	Label-A	2001
3	central	worker-cs-25	Label-A	2002
3	central	worker-cs-25	Label-A	2001
3	central	worker-cs-25	Label-A	2001
3	central	worker-cs-25	Label-A	2002
3	central	worker-cs-25	Label-A	2001
3	central	worker-cs-25	Label-A	2002
3	central	worker-cs-25	Label-A	2001
3	central	worker-cs-25	Label-A	2001
3	central	worker-cs-25	Label-A	2002
3	central	worker-cs-25	Label-A	2004
3	central	worker-cs-25	Label-A	2001
3	central	worker-cs-25	Label-A	2003
3	central	worker-cs-25	Label-A	2001
3	central	worker-cs-25	Label-A	2001
3	central	worker-cs-25	Label-A	2001
3	central	worker-cs-25	Label-A	2001
3	central	worker-cs-25	Label-A	2002
3	central	worker-cs-25	Label-A	2002
3	central	worker-cs-25	Label-A	2002
3	central	worker-cs-25	Label-A	2001
3	central	worker-cs-25	Label-A	2002
3	central	worker-cs-25	Label-A	2001
3	central	worker-cs-25	Label-A	2002
3	central	worker-cs-25	Label-A	2002
3	central	worker-cs-25	Label-A	2001
3	central	worker-cs-25	Label-A	2002
3	central	worker-cs-25	Label-A	2005
3	central	worker-cs-25	Label-A	2001
3	central	worker-cs-25	Label-A	2002
3	central	worker-cs-25	Label-A	2001
3	central	worker-cs-25	Label-A	2001
3	central	worker-cs-25	Label-A	2001
3	central	worker-cs-25	Label-A	2001
3	central	worker-cs-25	Label-A	2005
3	central	worker-cs-25	Label-A	2004
3	central	worker-cs-25	Label-A	2001
3	central	worker-cs-25	Label-A	2001
3	central	worker-cs-25	Label-A	2001
3	central	worker-cs-25	Label-A	2002
3	central	worker-cs-25	Label-A	2002
3	central	worker-cs-25	Label-A	2003
3	central	worker-cs-25	Label-A	2001
3	central	worker-cs-25	Label-A	2001
3	central	worker-cs-25	Label-A	2002
3	central	worker-cs-25	Label-A	2001
3	central	worker-cs-25	Label-A	2002
3	central	worker-cs-25	Label-A	2003
3	central	worker-cs-25	Label-A	2002
3	central	worker-cs-25	Label-A	2001
3	central	worker-cs-25	Label-A	2003
3	central	worker-cs-25	Label-A	2002
3	central	worker-cs-25	Label-A	2003
3	central	worker-cs-25	Label-A	2002
3	central	worker-cs-25	Label-A	2003
3	central	worker-cs-25	Label-A	2002
3	central	worker-cs-25	Label-A	2001
3	central	worker-cs-25	Label-A	2002
3	central	worker-cs-25	Label-A	2002
3	central	worker-cs-25	Label-A	2002
3	central	worker-cs-25	Label-A	2001
3	central	worker-cs-25	Label-A	2002
3	central	worker-cs-25	Label-A	2002
3	central	worker-cs-25	Label-A	2002
3	central	worker-cs-25	Label-A	2002
3	central	worker-cs-25	Label-A	2001
3	central	worker-cs-25	Label-A	2001
3	central	worker-cs-25	Label-A	2005
3	central	worker-cs-25	Label-A	2002
3	central	worker-cs-25	Label-A	2002
3	central	worker-cs-25	Label-A	2001
3	central	worker-cs-25	Label-A	2002
3	central	worker-cs-25	Label-A	2001
3	central	worker-cs-25	Label-A	2002
3	central	worker-cs-25	Label-A	2002
3	central	worker-cs-25	Label-A	2001
3	central	worker-cs-25	Label-A	2002
3	central	worker-cs-25	Label-A	2002
3	central	worker-cs-25	Label-A	2002
3	central	worker-cs-25	Label-A	2002
3	central	worker-cs-25	Label-A	2001
3	central	worker-cs-25	Label-A	2001
3	central	worker-cs-25	Label-A	2001
3	central	worker-cs-25	Label-A	2003
3	central	worker-cs-25	Label-A	2003
3	central	worker-cs-25	Label-A	2002
3	central	worker-cs-25	Label-A	2002
3	central	worker-cs-25	Label-A	2002
3	central	worker-cs-25	Label-A	2000
3	central	worker-cs-25	Label-A	2001
3	central	worker-cs-25	Label-A	2002
3	central	worker-cs-25	Label-A	2001
3	central	worker-cs-25	Label-A	2002
3	central	worker-cs-25	Label-A	2000
3	central	worker-cs-25	Label-A	2001
3	central	worker-cs-25	Label-A	2002
3	central	worker-cs-25	Label-A	2002
3	central	worker-cs-25	Label-A	2002
3	central	worker-cs-25	Label-A	2001
3	central	worker-cs-25	Label-A	2002
3	central	worker-cs-25	Label-A	2002
3	central	worker-cs-25	Label-A	2002
3	central	worker-cs-25	Label-A	2002
3	central	worker-cs-25	Label-A	2002
3	central	worker-cs-25	Label-A	2003
3	central	worker-cs-25	Label-A	2002
3	central	worker-cs-25	Label-A	2002
3	central	worker-cs-25	Label-A	2002
3	central	worker-cs-25	Label-A	2002
3	central	worker-cs-25	Label-A	2001
3	central	worker-cs-25	Label-A	2002
3	central	worker-cs-25	Label-A	2002
3	central	worker-cs-25	Label-A	2001
3	central	worker-cs-25	Label-A	2001
3	central	worker-cs-25	Label-A	2003
3	central	worker-cs-25	Label-A	2007
3	central	worker-cs-25	Label-A	2002
3	central	worker-cs-25	Label-A	2002
3	central	worker-cs-25	Label-A	2001
3	central	worker-cs-25	Label-A	2001
3	central	worker-cs-25	Label-A	2005
3	central	worker-cs-25	Label-A	2001
3	central	worker-cs-25	Label-A	2001
3	central	worker-cs-25	Label-A	2002
3	central	worker-cs-25	Label-A	2001
3	central	worker-cs-25	Label-A	2002
3	central	worker-cs-25	Label-A	2001
3	central	worker-cs-25	Label-A	2002
3	central	worker-cs-25	Label-A	2002
3	central	worker-cs-25	Label-A	2001
3	central	worker-cs-25	Label-A	2001
3	central	worker-cs-25	Label-A	2003
3	central	worker-cs-25	Label-A	2001
3	central	worker-cs-25	Label-A	2001
3	central	worker-cs-25	Label-A	2002
3	central	worker-cs-25	Label-A	2002
3	central	worker-cs-25	Label-A	2005
3	central	worker-cs-25	Label-A	2001
3	central	worker-cs-25	Label-A	2002
3	central	worker-cs-25	Label-A	2002
3	central	worker-cs-25	Label-A	2003
3	central	worker-cs-25	Label-A	2002
3	central	worker-cs-25	Label-A	2001
3	central	worker-cs-25	Label-A	2002
3	central	worker-cs-25	Label-A	2002
3	central	worker-cs-25	Label-A	2001
3	central	worker-cs-25	Label-A	2001
3	central	worker-cs-25	Label-A	2003
3	central	worker-cs-25	Label-A	2001
3	central	worker-cs-25	Label-A	2002
3	central	worker-cs-25	Label-A	2002
3	central	worker-cs-25	Label-A	2001
3	central	worker-cs-25	Label-A	2001
3	central	worker-cs-25	Label-A	2001
3	central	worker-cs-25	Label-A	2001
3	central	worker-cs-25	Label-A	2002
3	central	worker-cs-25	Label-A	2002
3	central	worker-cs-25	Label-A	2002
3	central	worker-cs-25	Label-A	2001
3	central	worker-cs-25	Label-A	2001
3	central	worker-cs-25	Label-A	2002
3	central	worker-cs-25	Label-A	2004
3	central	worker-cs-25	Label-A	2002
3	central	worker-cs-25	Label-A	2002
3	central	worker-cs-25	Label-A	2001
3	central	worker-cs-25	Label-A	2001
3	central	worker-cs-25	Label-A	2002
3	central	worker-cs-25	Label-A	2001
3	central	worker-cs-25	Label-A	2000
3	central	worker-cs-25	Label-A	2002
3	central	worker-cs-25	Label-A	2002
3	central	worker-cs-25	Label-A	2002
3	central	worker-cs-25	Label-A	2004
3	central	worker-cs-25	Label-A	2003
3	central	worker-cs-25	Label-A	2004
3	central	worker-cs-25	Label-A	2002
3	central	worker-cs-25	Label-A	2001
3	central	worker-cs-25	Label-A	2002
3	central	worker-cs-25	Label-A	2002
3	central	worker-cs-25	Label-A	2001
3	central	worker-cs-25	Label-A	2002
3	central	worker-cs-25	Label-A	2002
3	central	worker-cs-25	Label-A	2002
3	central	worker-cs-25	Label-A	2001
3	central	worker-cs-25	Label-A	2007
3	central	worker-cs-25	Label-A	2002
3	central	worker-cs-25	Label-A	2001
3	central	worker-cs-25	Label-A	2002
3	central	worker-cs-25	Label-A	2001
3	central	worker-cs-25	Label-A	2002
3	central	worker-cs-25	Label-A	2002
3	central	worker-cs-25	Label-A	2002
3	central	worker-cs-25	Label-A	2001
3	central	worker-cs-25	Label-A	2002
3	central	worker-cs-25	Label-A	2001
3	central	worker-cs-25	Label-A	2003
3	central	worker-cs-25	Label-A	2002
3	central	worker-cs-25	Label-A	2002
3	central	worker-cs-25	Label-A	2001
3	central	worker-cs-25	Label-A	2002
3	central	worker-cs-25	Label-A	2002
3	central	worker-cs-25	Label-A	2001
3	central	worker-cs-25	Label-A	2002
3	central	worker-cs-25	Label-A	2002
3	central	worker-cs-25	Label-A	2000
3	central	worker-cs-25	Label-A	2001
3	central	worker-cs-25	Label-A	2001
3	central	worker-cs-25	Label-A	2001
3	central	worker-cs-25	Label-A	2001
3	central	worker-cs-25	Label-A	2001
3	central	worker-cs-25	Label-A	2001
3	central	worker-cs-25	Label-A	2004
3	central	worker-cs-25	Label-A	2001
3	central	worker-cs-25	Label-A	2002
3	central	worker-cs-25	Label-A	2001
3	central	worker-cs-25	Label-A	2002
3	central	worker-cs-25	Label-A	2003
3	central	worker-cs-25	Label-A	2002
3	central	worker-cs-25	Label-A	2001
3	central	worker-cs-25	Label-A	2002
3	central	worker-cs-25	Label-A	2002
3	central	worker-cs-25	Label-A	2002
3	central	worker-cs-25	Label-A	2002
3	central	worker-cs-25	Label-A	2002
3	central	worker-cs-25	Label-A	2001
3	central	worker-cs-25	Label-A	2002
3	central	worker-cs-25	Label-A	2001
3	central	worker-cs-25	Label-A	2001
3	central	worker-cs-25	Label-A	2002
3	central	worker-cs-25	Label-A	2002
3	central	worker-cs-25	Label-A	2001
3	central	worker-cs-25	Label-A	2001
3	central	worker-cs-25	Label-A	2001
3	central	worker-cs-25	Label-A	2002
3	central	worker-cs-25	Label-A	2001
3	central	worker-cs-25	Label-A	2001
3	central	worker-cs-25	Label-A	2001
3	central	worker-cs-25	Label-A	2002
3	central	worker-cs-25	Label-A	2002
3	central	worker-cs-25	Label-A	2002
3	central	worker-cs-25	Label-A	2001
3	central	worker-cs-25	Label-A	2001
3	central	worker-cs-25	Label-A	2002
3	central	worker-cs-25	Label-A	2002
3	central	worker-cs-25	Label-A	2001
3	central	worker-cs-25	Label-A	2002
3	central	worker-cs-25	Label-A	2002
3	central	worker-cs-25	Label-A	2000
3	central	worker-cs-25	Label-A	2001
3	central	worker-cs-25	Label-A	2002
3	central	worker-cs-25	Label-A	2002
3	central	worker-cs-25	Label-A	2002
3	central	worker-cs-25	Label-A	2001
3	central	worker-cs-25	Label-A	2001
3	central	worker-cs-25	Label-A	2001
3	central	worker-cs-25	Label-A	2002
3	central	worker-cs-25	Label-A	2000
3	central	worker-cs-25	Label-A	2002
3	central	worker-cs-25	Label-A	2002
3	central	worker-cs-25	Label-A	2002
3	central	worker-cs-25	Label-A	2002
3	central	worker-cs-25	Label-A	2001
3	central	worker-cs-25	Label-A	2002
3	central	worker-cs-25	Label-A	2003
3	central	worker-cs-25	Label-A	2001
3	central	worker-cs-25	Label-A	2001
3	central	worker-cs-25	Label-A	2002
3	central	worker-cs-25	Label-A	2002
3	central	worker-cs-25	Label-A	2001
3	central	worker-cs-25	Label-A	2002
3	central	worker-cs-25	Label-A	2001
3	central	worker-cs-25	Label-A	2001
3	central	worker-cs-25	Label-A	2003
3	central	worker-cs-25	Label-A	2002
3	central	worker-cs-25	Label-A	2001
3	central	worker-cs-25	Label-A	2002
3	central	worker-cs-25	Label-A	2002
3	central	worker-cs-25	Label-A	2002
3	central	worker-cs-25	Label-A	2002
3	central	worker-cs-25	Label-A	2001
3	central	worker-cs-25	Label-A	2000
3	central	worker-cs-25	Label-A	2002
3	central	worker-cs-25	Label-A	2001
3	central	worker-cs-25	Label-A	2003
3	central	worker-cs-25	Label-A	2002
3	central	worker-cs-25	Label-A	2002
3	central	worker-cs-25	Label-A	2002
3	central	worker-cs-25	Label-A	2002
3	central	worker-cs-25	Label-A	2002
3	central	worker-cs-25	Label-A	2002
3	central	worker-cs-25	Label-A	2002
3	central	worker-cs-25	Label-A	2002
3	central	worker-cs-25	Label-A	2001
3	central	worker-cs-25	Label-A	2002
3	central	worker-cs-25	Label-A	2002
3	central	worker-cs-25	Label-A	2002
3	central	worker-cs-25	Label-A	2002
3	central	worker-cs-25	Label-A	2002
3	central	worker-cs-25	Label-A	2001
3	central	worker-cs-25	Label-A	2001
3	central	worker-cs-25	Label-A	2002
3	central	worker-cs-25	Label-A	2002
3	central	worker-cs-25	Label-A	2002
3	central	worker-cs-25	Label-A	2002
3	central	worker-cs-25	Label-A	2002
3	central	worker-cs-25	Label-A	2002
3	central	worker-cs-25	Label-A	2002
3	central	worker-cs-25	Label-A	2002
3	central	worker-cs-25	Label-A	2003
3	central	worker-cs-25	Label-A	2001
3	central	worker-cs-25	Label-A	2002
3	central	worker-cs-25	Label-A	2002
3	central	worker-cs-25	Label-A	2001
3	central	worker-cs-25	Label-A	2002
3	central	worker-cs-25	Label-A	2002
3	central	worker-cs-25	Label-A	2002
3	central	worker-cs-25	Label-A	2003
3	central	worker-cs-25	Label-A	2002
3	central	worker-cs-25	Label-A	2002
3	central	worker-cs-25	Label-A	2002
3	central	worker-cs-25	Label-A	2002
3	central	worker-cs-25	Label-A	2002
3	central	worker-cs-25	Label-A	2002
3	central	worker-cs-25	Label-A	2002
3	central	worker-cs-25	Label-A	2001
3	central	worker-cs-25	Label-A	2002
3	central	worker-cs-25	Label-A	2000
3	central	worker-cs-25	Label-A	2002
3	central	worker-cs-25	Label-A	2001
3	central	worker-cs-25	Label-A	2002
3	central	worker-cs-25	Label-A	2002
3	central	worker-cs-25	Label-A	2002
3	central	worker-cs-25	Label-A	2001
3	central	worker-cs-25	Label-A	2002
3	central	worker-cs-25	Label-A	2001
3	central	worker-cs-25	Label-A	2002
3	central	worker-cs-25	Label-A	2001
3	central	worker-cs-25	Label-A	2002
3	central	worker-cs-25	Label-A	2002
3	central	worker-cs-25	Label-A	2001
3	central	worker-cs-25	Label-A	2002
3	central	worker-cs-25	Label-A	2002
3	central	worker-cs-25	Label-A	2003
3	central	worker-cs-25	Label-A	2002
3	central	worker-cs-25	Label-A	2001
3	central	worker-cs-25	Label-A	2003
3	central	worker-cs-25	Label-A	2003
3	central	worker-cs-25	Label-A	2001
3	central	worker-cs-25	Label-A	2001
3	central	worker-cs-25	Label-A	2003
3	central	worker-cs-25	Label-A	2001
3	central	worker-cs-25	Label-A	2002
3	central	worker-cs-25	Label-A	2002
3	central	worker-cs-25	Label-A	2001
3	central	worker-cs-25	Label-A	2002
3	central	worker-cs-25	Label-A	2002
3	central	worker-cs-25	Label-A	2002
3	central	worker-cs-25	Label-A	2002
3	central	worker-cs-25	Label-A	2001
3	central	worker-cs-25	Label-A	2002
3	central	worker-cs-25	Label-A	2001
3	central	worker-cs-25	Label-A	2001
3	central	worker-cs-25	Label-A	2002
3	central	worker-cs-25	Label-A	2001
3	central	worker-cs-25	Label-A	2002
3	central	worker-cs-25	Label-A	2000
3	central	worker-cs-25	Label-A	2002
3	central	worker-cs-25	Label-A	2001
3	central	worker-cs-25	Label-A	2001
3	central	worker-cs-25	Label-A	2003
3	central	worker-cs-25	Label-A	2002
3	central	worker-cs-25	Label-A	2001
3	central	worker-cs-25	Label-A	2002
3	central	worker-cs-25	Label-A	2001
3	central	worker-cs-25	Label-A	2002
3	central	worker-cs-25	Label-A	2003
3	central	worker-cs-25	Label-A	2001
3	central	worker-cs-25	Label-A	2008
3	central	worker-cs-25	Label-A	2001
3	central	worker-cs-25	Label-A	2002
3	central	worker-cs-25	Label-A	2001
3	central	worker-cs-25	Label-A	2001
3	central	worker-cs-25	Label-A	2004
3	central	worker-cs-25	Label-A	2001
3	central	worker-cs-25	Label-A	2001
3	central	worker-cs-25	Label-A	2002
3	central	worker-cs-25	Label-A	2002
3	central	worker-cs-25	Label-A	2001
3	central	worker-cs-25	Label-A	2002
3	central	worker-cs-25	Label-A	2004
3	central	worker-cs-25	Label-A	2002
3	central	worker-cs-25	Label-A	2001
3	central	worker-cs-25	Label-A	2001
3	central	worker-cs-25	Label-A	2002
3	central	worker-cs-25	Label-A	2002
3	central	worker-cs-25	Label-A	2002
3	central	worker-cs-25	Label-A	2003
3	central	worker-cs-25	Label-A	2002
3	central	worker-cs-25	Label-A	2001
3	central	worker-cs-25	Label-A	2001
3	central	worker-cs-25	Label-A	2002
3	central	worker-cs-25	Label-A	2001
3	central	worker-cs-25	Label-A	2001
3	central	worker-cs-25	Label-A	2002
3	central	worker-cs-25	Label-A	2001
3	central	worker-cs-25	Label-A	2001
3	central	worker-cs-25	Label-A	2001
3	central	worker-cs-25	Label-A	2002
3	central	worker-cs-25	Label-A	2004
3	central	worker-cs-25	Label-A	2001
3	central	worker-cs-25	Label-A	2002
3	central	worker-cs-25	Label-A	2001
3	central	worker-cs-25	Label-A	2002
3	central	worker-cs-25	Label-A	2002
3	central	worker-cs-25	Label-A	2001
3	central	worker-cs-25	Label-A	2002
3	central	worker-cs-25	Label-A	2001
3	central	worker-cs-25	Label-A	2003
3	central	worker-cs-25	Label-A	2001
3	central	worker-cs-25	Label-A	2002
3	central	worker-cs-25	Label-A	2001
3	central	worker-cs-25	Label-A	2003
3	central	worker-cs-25	Label-A	2001
3	central	worker-cs-25	Label-A	2002
3	central	worker-cs-25	Label-A	2001
3	central	worker-cs-25	Label-A	2002
3	central	worker-cs-25	Label-A	2001
3	central	worker-cs-25	Label-A	2006
3	central	worker-cs-25	Label-A	2001
3	central	worker-cs-25	Label-A	2001
3	central	worker-cs-25	Label-A	2002
3	central	worker-cs-25	Label-A	2002
3	central	worker-cs-25	Label-A	2002
3	central	worker-cs-25	Label-A	2002
3	central	worker-cs-25	Label-A	2002
3	central	worker-cs-25	Label-A	2001
3	central	worker-cs-25	Label-A	2002
3	central	worker-cs-25	Label-A	2001
3	central	worker-cs-25	Label-A	2002
3	central	worker-cs-25	Label-A	2003
3	central	worker-cs-25	Label-A	2002
3	central	worker-cs-25	Label-A	2002
3	central	worker-cs-25	Label-A	2002
3	central	worker-cs-25	Label-A	2002
3	central	worker-cs-25	Label-A	2004
3	central	worker-cs-25	Label-A	2001
3	central	worker-cs-25	Label-A	2002
3	central	worker-cs-25	Label-A	2001
3	central	worker-cs-25	Label-A	2007
3	central	worker-cs-25	Label-A	2000
3	central	worker-cs-25	Label-A	2002
3	central	worker-cs-25	Label-A	2002
3	central	worker-cs-25	Label-A	2001
3	central	worker-cs-25	Label-A	2002
3	central	worker-cs-25	Label-A	2001
3	central	worker-cs-25	Label-A	2001
3	central	worker-cs-25	Label-A	2002
3	central	worker-cs-25	Label-A	2002
3	central	worker-cs-25	Label-A	2002
3	central	worker-cs-25	Label-A	2002
3	central	worker-cs-25	Label-A	2003
3	central	worker-cs-25	Label-A	2002
3	central	worker-cs-25	Label-A	2003
3	central	worker-cs-25	Label-A	2001
3	central	worker-cs-25	Label-A	2002
3	central	worker-cs-25	Label-A	2002
3	central	worker-cs-25	Label-A	2004
3	central	worker-cs-25	Label-A	2002
3	central	worker-cs-25	Label-A	2002
3	central	worker-cs-25	Label-A	2002
3	central	worker-cs-25	Label-A	2002
3	central	worker-cs-25	Label-A	2002
3	central	worker-cs-25	Label-A	2001
3	central	worker-cs-25	Label-A	2001
3	central	worker-cs-25	Label-A	2001
3	central	worker-cs-25	Label-A	2002
3	central	worker-cs-25	Label-A	2001
3	central	worker-cs-25	Label-A	2001
3	central	worker-cs-25	Label-A	2003
3	central	worker-cs-25	Label-A	2001
3	central	worker-cs-25	Label-A	2002
3	central	worker-cs-25	Label-A	2002
3	central	worker-cs-25	Label-A	2002
3	central	worker-cs-25	Label-A	2007
3	central	worker-cs-25	Label-A	2002
3	central	worker-cs-25	Label-A	2003
3	central	worker-cs-25	Label-A	2001
3	central	worker-cs-25	Label-A	2002
3	central	worker-cs-25	Label-A	2003
3	central	worker-cs-25	Label-A	2001
3	central	worker-cs-25	Label-A	2002
3	central	worker-cs-25	Label-A	2002
3	central	worker-cs-25	Label-A	2002
3	central	worker-cs-25	Label-A	2001
3	central	worker-cs-25	Label-A	2002
3	central	worker-cs-25	Label-A	2002
3	central	worker-cs-25	Label-A	2002
3	central	worker-cs-25	Label-A	2001
3	central	worker-cs-25	Label-A	2003
3	central	worker-cs-25	Label-A	2001
3	central	worker-cs-25	Label-A	2002
3	central	worker-cs-25	Label-A	2006
3	central	worker-cs-25	Label-A	2002
3	central	worker-cs-25	Label-A	2002
3	central	worker-cs-25	Label-A	2002
3	central	worker-cs-25	Label-A	2003
3	central	worker-cs-25	Label-A	2001
3	central	worker-cs-25	Label-A	2002
3	central	worker-cs-25	Label-A	2002
3	central	worker-cs-25	Label-A	2001
3	central	worker-cs-25	Label-A	2002
3	central	worker-cs-25	Label-A	2002
3	central	worker-cs-25	Label-A	2002
3	central	worker-cs-25	Label-A	2002
3	central	worker-cs-25	Label-A	2002
3	central	worker-cs-25	Label-A	2002
3	central	worker-cs-25	Label-A	2002
3	central	worker-cs-25	Label-A	2002
3	central	worker-cs-25	Label-A	2002
3	central	worker-cs-25	Label-A	2004
3	central	worker-cs-25	Label-A	2001
3	central	worker-cs-25	Label-A	2001
3	central	worker-cs-25	Label-A	2003
3	central	worker-cs-25	Label-A	2002
3	central	worker-cs-25	Label-A	2002
3	central	worker-cs-25	Label-A	2002
3	central	worker-cs-25	Label-A	2001
3	central	worker-cs-25	Label-A	2004
3	central	worker-cs-25	Label-A	2001
3	central	worker-cs-25	Label-A	2002
3	central	worker-cs-25	Label-A	2001
3	central	worker-cs-25	Label-A	2001
3	central	worker-cs-25	Label-A	2002
3	central	worker-cs-25	Label-A	2002
3	central	worker-cs-25	Label-A	2005
3	central	worker-cs-25	Label-A	2001
3	central	worker-cs-25	Label-A	2001
3	central	worker-cs-25	Label-A	2001
3	central	worker-cs-25	Label-A	2002
3	central	worker-cs-25	Label-A	2002
3	central	worker-cs-25	Label-A	2002
3	central	worker-cs-25	Label-A	2002
3	central	worker-cs-25	Label-A	2001
3	central	worker-cs-25	Label-A	2002
3	central	worker-cs-25	Label-A	2001
3	central	worker-cs-25	Label-A	2003
3	central	worker-cs-29	Label-E	2001
3	central	worker-cs-29	Label-E	2002
3	central	worker-cs-29	Label-E	2001
3	central	worker-cs-29	Label-E	2002
3	central	worker-cs-29	Label-E	2002
3	central	worker-cs-29	Label-E	2001
3	central	worker-cs-29	Label-E	2003
3	central	worker-cs-29	Label-E	2002
3	central	worker-cs-29	Label-E	2002
3	central	worker-cs-29	Label-E	2002
3	central	worker-cs-29	Label-E	2001
3	central	worker-cs-29	Label-E	2002
3	central	worker-cs-29	Label-E	2002
3	central	worker-cs-29	Label-E	2001
3	central	worker-cs-29	Label-E	2002
3	central	worker-cs-29	Label-E	2002
3	central	worker-cs-29	Label-E	2002
3	central	worker-cs-29	Label-E	2001
3	central	worker-cs-29	Label-E	2002
3	central	worker-cs-29	Label-E	2001
3	central	worker-cs-29	Label-E	2002
3	central	worker-cs-29	Label-E	2002
3	central	worker-cs-29	Label-E	2002
3	central	worker-cs-29	Label-E	2002
3	central	worker-cs-29	Label-E	2002
3	central	worker-cs-29	Label-E	2002
3	central	worker-cs-29	Label-E	2001
3	central	worker-cs-29	Label-E	2002
3	central	worker-cs-29	Label-E	2001
3	central	worker-cs-29	Label-E	2003
3	central	worker-cs-29	Label-E	2001
3	central	worker-cs-29	Label-E	2002
3	central	worker-cs-29	Label-E	2001
3	central	worker-cs-29	Label-E	2002
3	central	worker-cs-29	Label-E	2002
3	central	worker-cs-29	Label-E	2002
3	central	worker-cs-29	Label-E	2002
3	central	worker-cs-29	Label-E	2002
3	central	worker-cs-29	Label-E	2001
3	central	worker-cs-29	Label-E	2002
3	central	worker-cs-29	Label-E	2002
3	central	worker-cs-29	Label-E	2002
3	central	worker-cs-29	Label-E	2001
3	central	worker-cs-29	Label-E	2001
3	central	worker-cs-29	Label-E	2001
3	central	worker-cs-29	Label-E	2002
3	central	worker-cs-29	Label-E	2002
3	central	worker-cs-29	Label-E	2002
3	central	worker-cs-29	Label-E	2001
3	central	worker-cs-29	Label-E	2002
3	central	worker-cs-29	Label-E	2002
3	central	worker-cs-29	Label-E	2002
3	central	worker-cs-29	Label-E	2001
3	central	worker-cs-29	Label-E	2001
3	central	worker-cs-29	Label-E	2002
3	central	worker-cs-29	Label-E	2002
3	central	worker-cs-29	Label-E	2002
3	central	worker-cs-29	Label-E	2002
3	central	worker-cs-29	Label-E	2001
3	central	worker-cs-29	Label-E	2001
3	central	worker-cs-29	Label-E	2002
3	central	worker-cs-29	Label-E	2003
3	central	worker-cs-29	Label-E	2003
3	central	worker-cs-29	Label-E	2002
3	central	worker-cs-29	Label-E	2002
3	central	worker-cs-29	Label-E	2002
3	central	worker-cs-29	Label-E	2002
3	central	worker-cs-29	Label-E	2002
3	central	worker-cs-29	Label-E	2001
3	central	worker-cs-29	Label-E	2005
3	central	worker-cs-29	Label-E	2001
3	central	worker-cs-29	Label-E	2001
3	central	worker-cs-29	Label-E	2002
3	central	worker-cs-29	Label-E	2001
3	central	worker-cs-29	Label-E	2002
3	central	worker-cs-29	Label-E	2001
3	central	worker-cs-29	Label-E	2002
3	central	worker-cs-29	Label-E	2001
3	central	worker-cs-29	Label-E	2001
3	central	worker-cs-29	Label-E	2002
3	central	worker-cs-29	Label-E	2002
3	central	worker-cs-29	Label-E	2002
3	central	worker-cs-29	Label-E	2001
3	central	worker-cs-29	Label-E	2003
3	central	worker-cs-29	Label-E	2002
3	central	worker-cs-29	Label-E	2002
3	central	worker-cs-29	Label-E	2002
3	central	worker-cs-29	Label-E	2001
3	central	worker-cs-7	Label-C	2002
3	central	worker-cs-7	Label-C	2001
3	central	worker-cs-7	Label-C	2002
3	central	worker-cs-7	Label-C	2001
3	central	worker-cs-7	Label-C	2002
3	central	worker-cs-7	Label-C	2002
3	central	worker-cs-7	Label-C	2002
3	central	worker-cs-7	Label-C	2001
3	central	worker-cs-7	Label-C	2001
3	central	worker-cs-7	Label-C	2002
3	central	worker-cs-7	Label-C	2001
3	central	worker-cs-7	Label-C	2001
3	central	worker-cs-7	Label-C	2002
3	central	worker-cs-7	Label-C	2002
3	central	worker-cs-7	Label-C	2000
3	central	worker-cs-7	Label-C	2001
3	central	worker-cs-7	Label-C	2002
3	central	worker-cs-7	Label-C	2002
3	central	worker-cs-7	Label-C	2001
3	central	worker-cs-7	Label-C	2002
3	central	worker-cs-7	Label-C	2001
3	central	worker-cs-7	Label-C	2000
3	central	worker-cs-7	Label-C	2002
3	central	worker-cs-7	Label-C	2002
3	central	worker-cs-7	Label-C	2001
3	central	worker-cs-7	Label-C	2000
3	central	worker-cs-7	Label-C	2001
3	central	worker-cs-7	Label-C	2002
3	central	worker-cs-7	Label-C	2004
3	central	worker-cs-7	Label-C	2001
3	central	worker-cs-7	Label-C	2002
3	central	worker-cs-7	Label-C	2000
3	central	worker-cs-7	Label-C	2002
3	central	worker-cs-7	Label-C	2001
3	central	worker-cs-7	Label-C	2001
3	central	worker-cs-7	Label-C	2002
3	central	worker-cs-7	Label-C	2001
3	central	worker-cs-7	Label-C	2002
3	central	worker-cs-7	Label-C	2001
3	central	worker-cs-7	Label-C	2002
3	central	worker-cs-7	Label-C	2002
3	central	worker-cs-7	Label-C	2003
3	central	worker-cs-7	Label-C	2001
3	central	worker-cs-7	Label-C	2001
3	central	worker-cs-7	Label-C	2001
3	central	worker-cs-7	Label-C	2001
3	central	worker-cs-7	Label-C	2002
3	central	worker-cs-7	Label-C	2002
3	central	worker-cs-7	Label-C	2002
3	central	worker-cs-7	Label-C	2001
3	central	worker-cs-7	Label-C	2001
3	central	worker-cs-7	Label-C	2000
3	central	worker-cs-7	Label-C	2002
3	central	worker-cs-7	Label-C	2001
3	central	worker-cs-7	Label-C	2002
3	central	worker-cs-7	Label-C	2001
3	central	worker-cs-7	Label-C	2002
3	central	worker-cs-7	Label-C	2002
3	central	worker-cs-7	Label-C	2002
3	central	worker-cs-7	Label-C	2002
3	central	worker-cs-7	Label-C	2001
3	central	worker-cs-7	Label-C	2002
3	central	worker-cs-7	Label-C	2006
3	central	worker-cs-7	Label-C	2001
3	central	worker-cs-7	Label-C	2001
3	central	worker-cs-7	Label-C	2002
3	central	worker-cs-7	Label-C	2001
3	central	worker-cs-7	Label-C	2002
3	central	worker-cs-7	Label-C	2002
3	central	worker-cs-7	Label-C	2003
3	central	worker-cs-7	Label-C	2002
3	central	worker-cs-7	Label-C	2002
3	central	worker-cs-7	Label-C	2002
3	central	worker-cs-7	Label-C	2003
3	central	worker-cs-7	Label-C	2002
3	central	worker-cs-7	Label-C	2001
3	central	worker-cs-7	Label-C	2001
3	central	worker-cs-7	Label-C	2002
3	central	worker-cs-7	Label-C	2001
3	central	worker-cs-7	Label-C	2002
3	central	worker-cs-7	Label-C	2001
3	central	worker-cs-7	Label-C	2001
3	central	worker-cs-7	Label-C	2001
3	central	worker-cs-7	Label-C	2003
3	central	worker-cs-7	Label-C	2002
3	central	worker-cs-7	Label-C	2001
3	central	worker-cs-7	Label-C	2001
3	central	worker-cs-7	Label-C	2001
3	central	worker-cs-7	Label-C	2003
3	central	worker-cs-7	Label-C	2003
3	central	worker-cs-7	Label-C	2003
3	central	worker-cs-7	Label-C	2002
3	central	worker-cs-7	Label-C	2001
3	central	worker-cs-7	Label-C	2001
3	central	worker-cs-7	Label-C	2003
3	central	worker-cs-7	Label-C	2002
3	central	worker-cs-7	Label-C	2001
3	central	worker-cs-7	Label-C	2002
3	central	worker-cs-7	Label-C	2002
3	central	worker-cs-7	Label-C	2001
3	central	worker-cs-7	Label-C	2002
3	central	worker-cs-7	Label-C	2001
3	central	worker-cs-7	Label-C	2001
3	central	worker-cs-7	Label-C	2001
3	central	worker-cs-7	Label-C	2001
3	central	worker-cs-7	Label-C	2002
3	central	worker-cs-7	Label-C	2001
3	central	worker-cs-7	Label-C	2000
3	central	worker-cs-7	Label-C	2001
3	central	worker-cs-7	Label-C	2002
3	central	worker-cs-7	Label-C	2001
3	central	worker-cs-7	Label-C	2001
3	central	worker-cs-7	Label-C	2002
3	central	worker-cs-7	Label-C	2001
3	central	worker-cs-7	Label-C	2001
3	central	worker-cs-7	Label-C	2001
3	central	worker-cs-7	Label-C	2001
3	central	worker-cs-7	Label-C	2002
3	central	worker-cs-7	Label-C	2002
3	central	worker-cs-7	Label-C	2001
3	central	worker-cs-7	Label-C	2002
3	central	worker-cs-7	Label-C	2002
3	central	worker-cs-7	Label-C	2001
3	central	worker-cs-7	Label-C	2002
3	central	worker-cs-7	Label-C	2002
3	central	worker-cs-7	Label-C	2001
3	central	worker-cs-7	Label-C	2001
3	central	worker-cs-7	Label-C	2002
3	central	worker-cs-7	Label-C	2001
3	central	worker-cs-7	Label-C	2001
3	central	worker-cs-7	Label-C	2000
3	central	worker-cs-7	Label-C	2003
3	central	worker-cs-7	Label-C	2001
3	central	worker-cs-7	Label-C	2002
3	central	worker-cs-7	Label-C	2001
3	central	worker-cs-7	Label-C	2002
3	central	worker-cs-7	Label-C	2001
3	central	worker-cs-7	Label-C	2003
3	central	worker-cs-7	Label-C	2001
3	central	worker-cs-7	Label-C	2002
3	central	worker-cs-7	Label-C	2002
3	central	worker-cs-7	Label-C	2002
3	central	worker-cs-7	Label-C	2001
3	central	worker-cs-7	Label-C	2002
3	central	worker-cs-7	Label-C	2001
3	central	worker-cs-7	Label-C	2002
3	central	worker-cs-7	Label-C	2001
3	central	worker-cs-7	Label-C	2001
3	central	worker-cs-7	Label-C	2003
3	central	worker-cs-7	Label-C	2001
3	central	worker-cs-7	Label-C	2001
3	central	worker-cs-7	Label-C	2001
3	central	worker-cs-7	Label-C	2002
3	central	worker-cs-7	Label-C	2001
3	central	worker-cs-7	Label-C	2002
3	central	worker-cs-7	Label-C	2002
3	central	worker-cs-7	Label-C	2001
3	central	worker-cs-7	Label-C	2001
3	central	worker-cs-7	Label-C	2001
3	central	worker-cs-7	Label-C	2001
3	central	worker-cs-7	Label-C	2001
3	central	worker-cs-7	Label-C	2001
3	central	worker-cs-7	Label-C	2002
3	central	worker-cs-7	Label-C	2002
3	central	worker-cs-7	Label-C	2002
3	central	worker-cs-7	Label-C	2001
3	central	worker-cs-7	Label-C	2002
3	central	worker-cs-7	Label-C	2002
3	central	worker-cs-7	Label-C	2002
3	central	worker-cs-7	Label-C	2002
3	central	worker-cs-7	Label-C	2001
3	central	worker-cs-7	Label-C	2002
3	central	worker-cs-7	Label-C	2002
3	central	worker-cs-7	Label-C	2002
3	central	worker-cs-7	Label-C	2001
3	central	worker-cs-7	Label-C	2002
3	central	worker-cs-7	Label-C	2001
3	central	worker-cs-7	Label-C	2001
3	central	worker-cs-7	Label-C	2002
3	central	worker-cs-7	Label-C	2002
3	central	worker-cs-7	Label-C	2002
3	central	worker-cs-7	Label-C	2001
3	central	worker-cs-7	Label-C	2000
3	central	worker-cs-7	Label-C	2001
3	central	worker-cs-7	Label-C	2001
3	central	worker-cs-7	Label-C	2001
3	central	worker-cs-7	Label-C	2001
3	central	worker-cs-7	Label-C	2002
3	central	worker-cs-7	Label-C	2002
3	central	worker-cs-7	Label-C	2002
3	central	worker-cs-7	Label-C	2002
3	central	worker-cs-7	Label-C	2001
3	central	worker-cs-7	Label-C	2002
3	central	worker-cs-7	Label-C	2001
3	central	worker-cs-7	Label-C	2002
3	central	worker-cs-7	Label-C	2001
3	central	worker-cs-7	Label-C	2002
3	central	worker-cs-7	Label-C	2001
3	central	worker-cs-7	Label-C	2001
3	central	worker-cs-7	Label-C	2002
3	central	worker-cs-7	Label-C	2001
3	central	worker-cs-7	Label-C	2002
3	central	worker-cs-7	Label-C	2002
3	central	worker-cs-7	Label-C	2002
3	central	worker-cs-7	Label-C	2002
3	central	worker-cs-7	Label-C	2002
3	central	worker-cs-7	Label-C	2002
3	central	worker-cs-7	Label-C	2002
3	central	worker-cs-7	Label-C	2000
3	central	worker-cs-7	Label-C	2001
3	central	worker-cs-7	Label-C	2000
3	central	worker-cs-7	Label-C	2001
3	central	worker-cs-7	Label-C	2001
3	central	worker-cs-7	Label-C	2001
3	central	worker-cs-7	Label-C	2002
3	central	worker-cs-7	Label-C	2001
3	central	worker-cs-7	Label-C	2003
3	central	worker-cs-7	Label-C	2002
3	central	worker-cs-7	Label-C	2001
3	central	worker-cs-7	Label-C	2002
3	central	worker-cs-7	Label-C	2001
3	central	worker-cs-7	Label-C	2001
3	central	worker-cs-7	Label-C	2001
3	central	worker-cs-7	Label-C	2002
3	central	worker-cs-7	Label-C	2001
3	central	worker-cs-7	Label-C	2001
3	central	worker-cs-7	Label-C	2002
3	central	worker-cs-7	Label-C	2001
3	central	worker-cs-7	Label-C	2002
3	central	worker-cs-7	Label-C	2002
3	central	worker-cs-7	Label-C	2002
3	central	worker-cs-7	Label-C	2002
3	central	worker-cs-7	Label-C	2004
3	central	worker-cs-7	Label-C	2008
3	central	worker-cs-7	Label-C	2002
3	central	worker-cs-7	Label-C	2002
3	central	worker-cs-7	Label-C	2001
3	central	worker-cs-7	Label-C	2001
3	central	worker-cs-7	Label-C	2002
3	central	worker-cs-7	Label-C	2002
3	central	worker-cs-7	Label-C	2002
3	central	worker-cs-7	Label-C	2001
3	central	worker-cs-7	Label-C	2001
3	central	worker-cs-7	Label-C	2002
3	central	worker-cs-7	Label-C	2001
3	central	worker-cs-7	Label-C	2002
3	central	worker-cs-7	Label-C	2001
3	central	worker-cs-7	Label-C	2002
3	central	worker-cs-7	Label-C	2001
3	central	worker-cs-7	Label-C	2002
3	central	worker-cs-7	Label-C	2002
3	central	worker-cs-7	Label-C	2002
3	central	worker-cs-7	Label-C	2001
3	central	worker-cs-7	Label-C	2002
3	central	worker-cs-7	Label-C	2002
3	central	worker-cs-7	Label-C	2001
3	central	worker-cs-7	Label-C	2002
3	central	worker-cs-7	Label-C	2003
3	central	worker-cs-7	Label-C	2002
3	central	worker-cs-7	Label-C	2002
3	central	worker-cs-7	Label-C	2002
3	central	worker-cs-7	Label-C	2001
3	central	worker-cs-7	Label-C	2002
3	central	worker-cs-7	Label-C	2002
3	central	worker-cs-7	Label-C	2002
3	central	worker-cs-7	Label-C	2001
3	central	worker-cs-7	Label-C	2002
3	central	worker-cs-7	Label-C	2002
3	central	worker-cs-7	Label-C	2002
3	central	worker-cs-7	Label-C	2002
3	central	worker-cs-7	Label-C	2001
3	central	worker-cs-7	Label-C	2003
3	central	worker-cs-7	Label-C	2001
3	central	worker-cs-7	Label-C	2001
3	central	worker-cs-7	Label-C	2001
3	central	worker-cs-7	Label-C	2003
3	central	worker-cs-7	Label-C	2001
3	central	worker-cs-7	Label-C	2002
3	central	worker-cs-7	Label-C	2002
3	central	worker-cs-7	Label-C	2002
3	central	worker-cs-7	Label-C	2001
3	central	worker-cs-7	Label-C	2003
3	central	worker-cs-7	Label-C	2002
3	central	worker-cs-7	Label-C	2001
3	central	worker-cs-7	Label-C	2000
3	central	worker-cs-7	Label-C	2001
3	central	worker-cs-7	Label-C	2002
3	central	worker-cs-7	Label-C	2002
3	central	worker-cs-7	Label-C	2001
3	central	worker-cs-7	Label-C	2002
3	central	worker-cs-7	Label-C	2001
3	central	worker-cs-7	Label-C	2003
3	central	worker-cs-7	Label-C	2002
3	central	worker-cs-7	Label-C	2002
3	central	worker-cs-7	Label-C	2001
3	central	worker-cs-7	Label-C	2001
3	central	worker-cs-7	Label-C	2001
3	central	worker-cs-7	Label-C	2002
3	central	worker-cs-7	Label-C	2002
3	central	worker-cs-7	Label-C	2001
3	central	worker-cs-7	Label-C	2001
3	central	worker-cs-7	Label-C	2001
3	central	worker-cs-7	Label-C	2002
3	central	worker-cs-7	Label-C	2002
3	central	worker-cs-7	Label-C	2001
3	central	worker-cs-7	Label-C	2001
3	central	worker-cs-7	Label-C	2001
3	central	worker-cs-7	Label-C	2002
3	central	worker-cs-7	Label-C	2002
3	central	worker-cs-7	Label-C	2003
3	central	worker-cs-7	Label-C	2001
3	central	worker-cs-7	Label-C	2001
3	central	worker-cs-7	Label-C	2002
3	central	worker-cs-7	Label-C	2003
3	central	worker-cs-7	Label-C	2002
3	central	worker-cs-7	Label-C	2001
3	central	worker-cs-7	Label-C	2001
3	central	worker-cs-7	Label-C	2001
3	central	worker-cs-7	Label-C	2001
3	central	worker-cs-7	Label-C	2002
3	central	worker-cs-7	Label-C	2002
3	central	worker-cs-7	Label-C	2001
3	central	worker-cs-7	Label-C	2002
3	central	worker-cs-7	Label-C	2003
3	central	worker-cs-7	Label-C	2002
3	central	worker-cs-7	Label-C	2001
3	central	worker-cs-7	Label-C	2001
3	central	worker-cs-7	Label-C	2000
3	central	worker-cs-7	Label-C	2001
3	central	worker-cs-7	Label-C	2002
3	central	worker-cs-7	Label-C	2001
3	central	worker-cs-7	Label-C	2002
3	central	worker-cs-7	Label-C	2002
3	central	worker-cs-7	Label-C	2002
3	central	worker-cs-7	Label-C	2002
3	central	worker-cs-7	Label-C	2001
3	central	worker-cs-7	Label-C	2002
3	central	worker-cs-7	Label-C	2001
3	central	worker-cs-7	Label-C	2002
3	central	worker-cs-7	Label-C	2001
3	central	worker-cs-7	Label-C	2001
3	central	worker-cs-7	Label-C	2002
3	central	worker-cs-7	Label-C	2001
3	central	worker-cs-7	Label-C	2001
3	central	worker-cs-7	Label-C	2001
3	central	worker-cs-7	Label-C	2001
3	central	worker-cs-7	Label-C	2001
3	central	worker-cs-7	Label-C	2002
3	central	worker-cs-7	Label-C	2001
3	central	worker-cs-7	Label-C	2001
3	central	worker-cs-7	Label-C	2002
3	central	worker-cs-7	Label-C	2001
3	central	worker-cs-7	Label-C	2001
3	central	worker-cs-7	Label-C	2003
3	central	worker-cs-7	Label-C	2002
3	central	worker-cs-7	Label-C	2001
3	central	worker-cs-7	Label-C	2002
3	central	worker-cs-7	Label-C	2001
3	central	worker-cs-7	Label-C	2002
3	central	worker-cs-7	Label-C	2003
3	central	worker-cs-7	Label-C	2001
3	central	worker-cs-7	Label-C	2002
3	central	worker-cs-7	Label-C	2001
3	central	worker-cs-7	Label-C	2001
3	central	worker-cs-7	Label-C	2001
3	central	worker-cs-7	Label-C	2007
3	central	worker-cs-7	Label-C	2002
3	central	worker-cs-7	Label-C	2002
3	central	worker-cs-7	Label-C	2001
3	central	worker-cs-7	Label-C	2005
3	central	worker-cs-7	Label-C	2001
3	central	worker-cs-7	Label-C	2002
3	central	worker-cs-7	Label-C	2002
3	central	worker-cs-7	Label-C	2001
3	central	worker-cs-7	Label-C	2001
3	central	worker-cs-7	Label-C	2002
3	central	worker-cs-7	Label-C	2001
3	central	worker-cs-7	Label-C	2001
3	central	worker-cs-7	Label-C	2001
3	central	worker-cs-7	Label-C	2001
3	central	worker-cs-7	Label-C	2001
3	central	worker-cs-7	Label-C	2001
3	central	worker-cs-7	Label-C	2001
3	central	worker-cs-7	Label-C	2001
3	central	worker-cs-7	Label-C	2002
3	central	worker-cs-7	Label-C	2002
3	central	worker-cs-7	Label-C	2004
3	central	worker-cs-7	Label-C	2001
3	central	worker-cs-7	Label-C	2001
3	central	worker-cs-7	Label-C	2002
3	central	worker-cs-7	Label-C	2002
3	central	worker-cs-7	Label-C	2001
3	central	worker-cs-7	Label-C	2002
3	central	worker-cs-7	Label-C	2003
3	central	worker-cs-7	Label-C	2001
3	central	worker-cs-7	Label-C	2002
3	central	worker-cs-7	Label-C	2001
3	central	worker-cs-7	Label-C	2001
3	central	worker-cs-7	Label-C	2002
3	central	worker-cs-7	Label-C	2001
3	central	worker-cs-7	Label-C	2002
3	central	worker-cs-7	Label-C	2001
3	central	worker-cs-7	Label-C	2001
3	central	worker-cs-7	Label-C	2002
3	central	worker-cs-7	Label-C	2002
3	central	worker-cs-7	Label-C	2001
3	central	worker-cs-7	Label-C	2001
3	central	worker-cs-7	Label-C	2001
3	central	worker-cs-7	Label-C	2001
3	central	worker-cs-7	Label-C	2002
3	central	worker-cs-7	Label-C	2001
3	central	worker-cs-7	Label-C	2002
3	central	worker-cs-7	Label-C	2001
3	central	worker-cs-7	Label-C	2001
3	central	worker-cs-7	Label-C	2003
3	central	worker-cs-7	Label-C	2001
3	central	worker-cs-7	Label-C	2001
3	central	worker-cs-7	Label-C	2003
3	central	worker-cs-7	Label-C	2002
3	central	worker-cs-7	Label-C	2001
3	central	worker-cs-7	Label-C	2002
3	central	worker-cs-7	Label-C	2001
3	central	worker-cs-7	Label-C	2001
3	central	worker-cs-7	Label-C	2002
3	central	worker-cs-7	Label-C	2001
3	central	worker-cs-7	Label-C	2002
3	central	worker-cs-7	Label-C	2001
3	central	worker-cs-7	Label-C	2001
3	central	worker-cs-7	Label-C	2001
3	central	worker-cs-7	Label-C	2002
3	central	worker-cs-7	Label-C	2002
3	central	worker-cs-7	Label-C	2003
3	central	worker-cs-7	Label-C	2002
3	central	worker-cs-7	Label-C	2002
3	central	worker-cs-7	Label-C	2002
3	central	worker-cs-7	Label-C	2001
3	central	worker-cs-7	Label-C	2002
3	central	worker-cs-7	Label-C	2002
3	central	worker-cs-7	Label-C	2001
3	central	worker-cs-7	Label-C	2002
3	central	worker-cs-7	Label-C	2002
3	central	worker-cs-7	Label-C	2002
3	central	worker-cs-7	Label-C	2002
3	central	worker-cs-7	Label-C	2000
3	central	worker-cs-7	Label-C	2001
3	central	worker-cs-7	Label-C	2002
3	central	worker-cs-7	Label-C	2002
3	central	worker-cs-7	Label-C	2001
3	central	worker-cs-7	Label-C	2001
3	central	worker-cs-7	Label-C	2002
3	central	worker-cs-7	Label-C	2002
3	central	worker-cs-7	Label-C	2002
3	central	worker-cs-7	Label-C	2001
3	central	worker-cs-7	Label-C	2002
3	central	worker-cs-7	Label-C	2002
3	central	worker-cs-7	Label-C	2003
3	central	worker-cs-7	Label-C	2002
3	central	worker-cs-7	Label-C	2001
3	central	worker-cs-7	Label-C	2002
3	central	worker-cs-7	Label-C	2002
3	central	worker-cs-7	Label-C	2001
3	central	worker-cs-7	Label-C	2002
3	central	worker-cs-7	Label-C	2003
3	central	worker-cs-7	Label-C	2002
3	central	worker-cs-7	Label-C	2001
3	central	worker-cs-7	Label-C	2000
3	central	worker-cs-7	Label-C	2002
3	central	worker-cs-7	Label-C	2001
3	central	worker-cs-7	Label-C	2001
3	central	worker-cs-7	Label-C	2000
3	central	worker-cs-7	Label-C	2000
3	central	worker-cs-7	Label-C	2001
3	central	worker-cs-7	Label-C	2001
3	central	worker-cs-7	Label-C	2002
3	central	worker-cs-7	Label-C	2002
3	central	worker-cs-7	Label-C	2001
3	central	worker-cs-7	Label-C	2003
3	central	worker-cs-7	Label-C	2001
3	central	worker-cs-7	Label-C	2001
3	central	worker-cs-7	Label-C	2001
3	central	worker-cs-7	Label-C	2001
3	central	worker-cs-7	Label-C	2002
3	central	worker-cs-7	Label-C	2002
3	central	worker-cs-7	Label-C	2002
3	central	worker-cs-7	Label-C	2002
3	central	worker-cs-7	Label-C	2001
3	central	worker-cs-7	Label-C	2001
3	central	worker-cs-7	Label-C	2002
3	central	worker-cs-7	Label-C	2001
3	central	worker-cs-7	Label-C	2002
3	central	worker-cs-7	Label-C	2002
3	central	worker-cs-7	Label-C	2001
3	central	worker-cs-7	Label-C	2002
3	central	worker-cs-7	Label-C	2002
3	central	worker-cs-7	Label-C	2001
3	central	worker-cs-7	Label-C	2002
3	central	worker-cs-7	Label-C	2002
3	central	worker-cs-7	Label-C	2002
3	central	worker-cs-7	Label-C	2002
3	central	worker-cs-7	Label-C	2002
3	central	worker-cs-7	Label-C	2001
3	central	worker-cs-7	Label-C	2001
3	central	worker-cs-7	Label-C	2002
3	central	worker-cs-7	Label-C	2001
3	central	worker-cs-7	Label-C	2001
3	central	worker-cs-7	Label-C	2001
3	central	worker-cs-7	Label-C	2002
3	central	worker-cs-7	Label-C	2001
3	central	worker-cs-7	Label-C	2001
3	central	worker-cs-7	Label-C	2003
3	central	worker-cs-7	Label-C	2002
3	central	worker-cs-7	Label-C	2002
3	central	worker-cs-7	Label-C	2002
3	central	worker-cs-7	Label-C	2001
3	central	worker-cs-7	Label-C	2001
3	central	worker-cs-7	Label-C	2001
3	central	worker-cs-7	Label-C	2001
3	central	worker-cs-7	Label-C	2001
3	central	worker-cs-7	Label-C	2002
3	central	worker-cs-7	Label-C	2003
3	central	worker-cs-7	Label-C	2001
3	central	worker-cs-7	Label-C	2002
3	central	worker-cs-7	Label-C	2002
3	central	worker-cs-7	Label-C	2001
3	central	worker-cs-7	Label-C	2002
3	central	worker-cs-7	Label-C	2003
3	central	worker-cs-7	Label-C	2002
3	central	worker-cs-7	Label-C	2002
3	central	worker-cs-7	Label-C	2002
3	central	worker-cs-7	Label-C	2001
3	central	worker-cs-7	Label-C	2002
3	central	worker-cs-7	Label-C	2001
3	central	worker-cs-7	Label-C	2002
3	central	worker-cs-7	Label-C	2000
3	central	worker-cs-7	Label-C	2003
3	central	worker-cs-7	Label-C	2005
3	central	worker-cs-7	Label-C	2001
3	central	worker-cs-7	Label-C	2002
3	central	worker-cs-7	Label-C	2001
3	central	worker-cs-7	Label-C	2002
3	central	worker-cs-7	Label-C	2001
3	central	worker-cs-7	Label-C	2001
3	central	worker-cs-7	Label-C	2002
3	central	worker-cs-7	Label-C	2002
3	central	worker-cs-7	Label-C	2001
3	central	worker-cs-7	Label-C	2004
3	central	worker-cs-7	Label-C	2001
3	central	worker-cs-7	Label-C	2001
3	central	worker-cs-7	Label-C	2001
3	central	worker-cs-7	Label-C	2001
3	central	worker-cs-7	Label-C	2001
3	central	worker-cs-7	Label-C	2002
3	central	worker-cs-7	Label-C	2002
3	central	worker-cs-7	Label-C	2002
3	central	worker-cs-7	Label-C	2002
3	central	worker-cs-7	Label-C	2001
3	central	worker-cs-7	Label-C	2002
3	central	worker-cs-7	Label-C	2001
3	central	worker-cs-7	Label-C	2002
3	central	worker-cs-7	Label-C	2002
3	central	worker-cs-7	Label-C	2001
3	central	worker-cs-7	Label-C	2001
3	central	worker-cs-7	Label-C	2002
3	central	worker-cs-7	Label-C	2002
3	central	worker-cs-7	Label-C	2001
3	central	worker-cs-7	Label-C	2002
3	central	worker-cs-7	Label-C	2002
3	central	worker-cs-7	Label-C	2001
3	central	worker-cs-7	Label-C	2002
3	central	worker-cs-7	Label-C	2002
3	central	worker-cs-7	Label-C	2002
3	central	worker-cs-7	Label-C	2001
3	central	worker-cs-7	Label-C	2002
3	central	worker-cs-7	Label-C	2001
3	central	worker-cs-7	Label-C	2002
3	central	worker-cs-7	Label-C	2007
3	central	worker-cs-7	Label-C	2001
3	central	worker-cs-7	Label-C	2003
3	central	worker-cs-8	Label-D	2003
3	central	worker-cs-8	Label-D	2002
3	central	worker-cs-8	Label-D	2002
3	central	worker-cs-8	Label-D	2002
3	central	worker-cs-8	Label-D	2002
3	central	worker-cs-8	Label-D	2002
3	central	worker-cs-8	Label-D	2002
3	central	worker-cs-8	Label-D	2003
3	central	worker-cs-8	Label-D	2002
3	central	worker-cs-8	Label-D	2002
3	central	worker-cs-8	Label-D	2004
3	central	worker-cs-8	Label-D	2003
3	central	worker-cs-8	Label-D	2002
3	central	worker-cs-8	Label-D	2002
3	central	worker-cs-8	Label-D	2001
3	central	worker-cs-8	Label-D	2004
3	central	worker-cs-8	Label-D	2003
3	central	worker-cs-8	Label-D	2002
3	central	worker-cs-8	Label-D	2004
3	central	worker-cs-8	Label-D	2002
3	central	worker-cs-8	Label-D	2002
3	central	worker-cs-8	Label-D	2002
3	central	worker-cs-8	Label-D	2004
3	central	worker-cs-8	Label-D	2002
3	central	worker-cs-8	Label-D	2003
3	central	worker-cs-8	Label-D	2001
3	central	worker-cs-8	Label-D	2003
3	central	worker-cs-8	Label-D	2018
3	central	worker-cs-8	Label-D	2003
3	central	worker-cs-8	Label-D	2003
3	central	worker-cs-8	Label-D	2002
3	central	worker-cs-8	Label-D	2002
3	central	worker-cs-8	Label-D	2003
3	central	worker-cs-8	Label-D	2002
3	central	worker-cs-8	Label-D	2002
3	central	worker-cs-8	Label-D	2002
3	central	worker-cs-8	Label-D	2003
3	central	worker-cs-8	Label-D	2003
3	central	worker-cs-8	Label-D	2003
3	central	worker-cs-8	Label-D	2002
3	central	worker-cs-8	Label-D	2002
3	central	worker-cs-8	Label-D	2002
3	central	worker-cs-8	Label-D	2002
3	central	worker-cs-8	Label-D	2002
3	central	worker-cs-8	Label-D	2004
3	central	worker-cs-8	Label-D	2004
3	central	worker-cs-8	Label-D	2003
3	central	worker-cs-8	Label-D	2003
3	central	worker-cs-8	Label-D	2002
3	central	worker-cs-8	Label-D	2003
3	central	worker-cs-8	Label-D	2002
3	central	worker-cs-8	Label-D	2002
3	central	worker-cs-8	Label-D	2003
3	central	worker-cs-8	Label-D	2001
3	central	worker-cs-8	Label-D	2001
3	central	worker-cs-8	Label-D	2008
3	central	worker-cs-8	Label-D	2002
3	central	worker-cs-8	Label-D	2002
3	central	worker-cs-8	Label-D	2002
3	central	worker-cs-8	Label-D	2003
3	central	worker-cs-8	Label-D	2010
3	central	worker-cs-8	Label-D	2003
3	central	worker-cs-8	Label-D	2003
3	central	worker-cs-8	Label-D	2002
3	central	worker-cs-8	Label-D	2002
3	central	worker-cs-8	Label-D	2003
3	central	worker-cs-8	Label-D	2002
3	central	worker-cs-8	Label-D	2003
3	central	worker-cs-8	Label-D	2002
3	central	worker-cs-8	Label-D	2002
3	central	worker-cs-8	Label-D	2002
3	central	worker-cs-8	Label-D	2003
3	central	worker-cs-8	Label-D	2002
3	central	worker-cs-8	Label-D	2002
3	central	worker-cs-8	Label-D	2003
3	central	worker-cs-8	Label-D	2002
3	central	worker-cs-8	Label-D	2002
3	central	worker-cs-8	Label-D	2002
3	central	worker-cs-8	Label-D	2003
3	central	worker-cs-8	Label-D	2002
3	central	worker-cs-8	Label-D	2003
3	central	worker-cs-8	Label-D	2002
3	central	worker-cs-8	Label-D	2002
3	central	worker-cs-8	Label-D	2002
3	central	worker-cs-8	Label-D	2002
3	central	worker-cs-8	Label-D	2002
3	central	worker-cs-8	Label-D	2002
3	central	worker-cs-8	Label-D	2005
3	central	worker-cs-8	Label-D	2002
3	central	worker-cs-8	Label-D	2002
3	central	worker-cs-8	Label-D	2002
3	central	worker-cs-8	Label-D	2003
3	central	worker-cs-8	Label-D	2005
3	central	worker-cs-8	Label-D	2003
3	central	worker-cs-8	Label-D	2002
3	central	worker-cs-8	Label-D	2009
3	central	worker-cs-8	Label-D	2002
3	central	worker-cs-8	Label-D	2002
3	central	worker-cs-8	Label-D	2002
3	central	worker-cs-8	Label-D	2004
3	central	worker-cs-8	Label-D	2001
3	central	worker-cs-8	Label-D	2001
3	central	worker-cs-8	Label-D	2004
3	central	worker-cs-8	Label-D	2002
3	central	worker-cs-8	Label-D	2002
3	central	worker-cs-8	Label-D	2002
3	central	worker-cs-8	Label-D	2003
3	central	worker-cs-8	Label-D	2002
3	central	worker-cs-8	Label-D	2003
3	central	worker-cs-8	Label-D	2002
3	central	worker-cs-8	Label-D	2002
3	central	worker-cs-8	Label-D	2002
3	central	worker-cs-8	Label-D	2003
3	central	worker-cs-8	Label-D	2002
3	central	worker-cs-8	Label-D	2002
3	central	worker-cs-8	Label-D	2002
3	central	worker-cs-8	Label-D	2002
3	central	worker-cs-8	Label-D	2002
3	central	worker-cs-8	Label-D	2007
3	central	worker-cs-8	Label-D	2002
3	central	worker-cs-8	Label-D	2003
3	central	worker-cs-8	Label-D	2002
3	central	worker-cs-8	Label-D	2003
3	central	worker-cs-8	Label-D	2003
3	central	worker-cs-8	Label-D	2002
3	central	worker-cs-8	Label-D	2002
3	central	worker-cs-8	Label-D	2002
3	central	worker-cs-8	Label-D	2006
3	central	worker-cs-8	Label-D	2003
3	central	worker-cs-8	Label-D	2002
3	central	worker-cs-8	Label-D	2002
3	central	worker-cs-8	Label-D	2003
3	central	worker-cs-8	Label-D	2001
3	central	worker-cs-8	Label-D	2002
3	central	worker-cs-8	Label-D	2003
3	central	worker-cs-8	Label-D	2001
3	central	worker-cs-8	Label-D	2002
3	central	worker-cs-8	Label-D	2002
3	central	worker-cs-8	Label-D	2003
3	central	worker-cs-8	Label-D	2002
3	central	worker-cs-8	Label-D	2004
3	central	worker-cs-8	Label-D	2003
3	central	worker-cs-8	Label-D	2003
3	central	worker-cs-8	Label-D	2005
3	central	worker-cs-8	Label-D	2004
3	central	worker-cs-8	Label-D	2002
3	central	worker-cs-8	Label-D	2002
3	central	worker-cs-8	Label-D	2002
3	central	worker-cs-8	Label-D	2003
3	central	worker-cs-8	Label-D	2004
3	central	worker-cs-8	Label-D	2003
3	central	worker-cs-8	Label-D	2002
3	central	worker-cs-8	Label-D	2003
3	central	worker-cs-8	Label-D	2002
3	central	worker-cs-8	Label-D	2002
3	central	worker-cs-8	Label-D	2002
3	central	worker-cs-8	Label-D	2003
3	central	worker-cs-8	Label-D	2006
3	central	worker-cs-8	Label-D	2004
3	central	worker-cs-8	Label-D	2002
3	central	worker-cs-8	Label-D	2003
3	central	worker-cs-8	Label-D	2002
3	central	worker-cs-8	Label-D	2002
3	central	worker-cs-8	Label-D	2004
3	central	worker-cs-8	Label-D	2003
3	central	worker-cs-8	Label-D	2004
3	central	worker-cs-8	Label-D	2002
3	central	worker-cs-8	Label-D	2002
3	central	worker-cs-8	Label-D	2002
3	central	worker-cs-8	Label-D	2003
3	central	worker-cs-8	Label-D	2002
3	central	worker-cs-8	Label-D	2002
3	central	worker-cs-8	Label-D	2003
3	central	worker-cs-8	Label-D	2009
3	central	worker-cs-8	Label-D	2003
3	central	worker-cs-8	Label-D	2003
3	central	worker-cs-8	Label-D	2003
3	central	worker-cs-8	Label-D	2002
3	central	worker-cs-8	Label-D	2002
3	central	worker-cs-8	Label-D	2009
3	central	worker-cs-8	Label-D	2008
3	central	worker-cs-8	Label-D	2003
3	central	worker-cs-8	Label-D	2013
3	central	worker-cs-8	Label-D	2002
3	central	worker-cs-8	Label-D	2002
3	central	worker-cs-8	Label-D	2002
3	central	worker-cs-8	Label-D	2003
3	central	worker-cs-8	Label-D	2002
3	central	worker-cs-8	Label-D	2002
3	central	worker-cs-8	Label-D	2002
3	central	worker-cs-8	Label-D	2009
3	central	worker-cs-8	Label-D	2002
3	central	worker-cs-8	Label-D	2003
3	central	worker-cs-8	Label-D	2003
3	central	worker-cs-8	Label-D	2002
3	central	worker-cs-8	Label-D	2003
3	central	worker-cs-8	Label-D	2003
3	central	worker-cs-8	Label-D	2002
3	central	worker-cs-8	Label-D	2002
3	central	worker-cs-8	Label-D	2002
3	central	worker-cs-8	Label-D	2002
3	central	worker-cs-8	Label-D	2005
3	central	worker-cs-8	Label-D	2002
3	central	worker-cs-8	Label-D	2003
3	central	worker-cs-8	Label-D	2003
3	central	worker-cs-8	Label-D	2002
3	central	worker-cs-8	Label-D	2002
3	central	worker-cs-8	Label-D	2003
3	central	worker-cs-8	Label-D	2002
3	central	worker-cs-8	Label-D	2002
3	central	worker-cs-8	Label-D	2002
3	central	worker-cs-8	Label-D	2002
3	central	worker-cs-8	Label-D	2002
3	central	worker-cs-8	Label-D	2002
3	central	worker-cs-8	Label-D	2002
3	central	worker-cs-8	Label-D	2002
3	central	worker-cs-8	Label-D	2002
3	central	worker-cs-8	Label-D	2002
3	central	worker-cs-8	Label-D	2003
3	central	worker-cs-8	Label-D	2002
3	central	worker-cs-8	Label-D	2002
3	central	worker-cs-8	Label-D	2002
3	central	worker-cs-8	Label-D	2003
3	central	worker-cs-8	Label-D	2002
3	central	worker-cs-8	Label-D	2002
3	central	worker-cs-8	Label-D	2002
3	central	worker-cs-8	Label-D	2003
3	central	worker-cs-8	Label-D	2002
3	central	worker-cs-8	Label-D	2003
3	central	worker-cs-8	Label-D	2002
3	central	worker-cs-8	Label-D	2002
3	central	worker-cs-8	Label-D	2003
3	central	worker-cs-8	Label-D	2002
3	central	worker-cs-8	Label-D	2003
3	central	worker-cs-8	Label-D	2002
3	central	worker-cs-8	Label-D	2002
3	central	worker-cs-8	Label-D	2004
3	central	worker-cs-8	Label-D	2002
3	central	worker-cs-8	Label-D	2003
3	central	worker-cs-8	Label-D	2002
3	central	worker-cs-8	Label-D	2003
3	central	worker-cs-8	Label-D	2003
3	central	worker-cs-8	Label-D	2002
3	central	worker-cs-8	Label-D	2002
3	central	worker-cs-8	Label-D	2002
3	central	worker-cs-8	Label-D	2003
3	central	worker-cs-8	Label-D	2004
3	central	worker-cs-8	Label-D	2003
3	central	worker-cs-8	Label-D	2002
3	central	worker-cs-8	Label-D	2002
3	central	worker-cs-8	Label-D	2002
3	central	worker-cs-8	Label-D	2001
3	central	worker-cs-8	Label-D	2002
3	central	worker-cs-8	Label-D	2003
3	central	worker-cs-8	Label-D	2003
3	central	worker-cs-8	Label-D	2002
1	pernode	worker-cs-0	Label-E	2001
1	pernode	worker-cs-0	Label-E	2002
1	pernode	worker-cs-0	Label-E	2001
1	pernode	worker-cs-0	Label-E	2002
1	pernode	worker-cs-0	Label-E	2001
1	pernode	worker-cs-0	Label-E	2001
1	pernode	worker-cs-0	Label-E	2001
1	pernode	worker-cs-0	Label-E	2001
1	pernode	worker-cs-0	Label-E	2002
1	pernode	worker-cs-0	Label-E	2001
1	pernode	worker-cs-0	Label-E	2002
1	pernode	worker-cs-0	Label-E	2001
1	pernode	worker-cs-0	Label-E	2002
1	pernode	worker-cs-0	Label-E	2000
1	pernode	worker-cs-0	Label-E	2001
1	pernode	worker-cs-0	Label-E	2002
1	pernode	worker-cs-0	Label-E	2001
1	pernode	worker-cs-0	Label-E	2001
1	pernode	worker-cs-0	Label-E	2001
1	pernode	worker-cs-0	Label-E	2001
1	pernode	worker-cs-0	Label-E	2001
1	pernode	worker-cs-0	Label-E	2001
1	pernode	worker-cs-0	Label-E	2000
1	pernode	worker-cs-0	Label-E	2002
1	pernode	worker-cs-0	Label-E	2001
1	pernode	worker-cs-0	Label-E	2000
1	pernode	worker-cs-0	Label-E	2001
1	pernode	worker-cs-0	Label-E	2001
1	pernode	worker-cs-0	Label-E	2002
1	pernode	worker-cs-0	Label-E	2001
1	pernode	worker-cs-0	Label-E	2003
1	pernode	worker-cs-0	Label-E	2001
1	pernode	worker-cs-0	Label-E	2001
1	pernode	worker-cs-0	Label-E	2001
1	pernode	worker-cs-0	Label-E	2001
1	pernode	worker-cs-0	Label-E	2001
1	pernode	worker-cs-0	Label-E	2001
1	pernode	worker-cs-0	Label-E	2002
1	pernode	worker-cs-0	Label-E	2002
1	pernode	worker-cs-0	Label-E	2001
1	pernode	worker-cs-0	Label-E	2001
1	pernode	worker-cs-0	Label-E	2001
1	pernode	worker-cs-0	Label-E	2001
1	pernode	worker-cs-0	Label-E	2001
1	pernode	worker-cs-0	Label-E	2001
1	pernode	worker-cs-0	Label-E	2002
1	pernode	worker-cs-0	Label-E	2002
1	pernode	worker-cs-0	Label-E	2001
1	pernode	worker-cs-0	Label-E	2001
1	pernode	worker-cs-0	Label-E	2002
1	pernode	worker-cs-0	Label-E	2001
1	pernode	worker-cs-0	Label-E	2002
1	pernode	worker-cs-0	Label-E	2001
1	pernode	worker-cs-0	Label-E	2001
1	pernode	worker-cs-0	Label-E	2000
1	pernode	worker-cs-0	Label-E	2000
1	pernode	worker-cs-0	Label-E	2001
1	pernode	worker-cs-0	Label-E	2001
1	pernode	worker-cs-0	Label-E	2001
1	pernode	worker-cs-0	Label-E	2001
1	pernode	worker-cs-0	Label-E	2002
1	pernode	worker-cs-0	Label-E	2001
1	pernode	worker-cs-0	Label-E	2001
1	pernode	worker-cs-0	Label-E	2001
1	pernode	worker-cs-0	Label-E	2001
1	pernode	worker-cs-0	Label-E	2001
1	pernode	worker-cs-0	Label-E	2005
1	pernode	worker-cs-0	Label-E	2001
1	pernode	worker-cs-0	Label-E	2002
1	pernode	worker-cs-0	Label-E	2001
1	pernode	worker-cs-0	Label-E	2002
1	pernode	worker-cs-0	Label-E	2000
1	pernode	worker-cs-0	Label-E	2002
1	pernode	worker-cs-0	Label-E	2002
1	pernode	worker-cs-0	Label-E	2000
1	pernode	worker-cs-0	Label-E	2002
1	pernode	worker-cs-0	Label-E	2002
1	pernode	worker-cs-0	Label-E	2001
1	pernode	worker-cs-0	Label-E	2002
1	pernode	worker-cs-0	Label-E	2001
1	pernode	worker-cs-0	Label-E	2002
1	pernode	worker-cs-0	Label-E	2002
1	pernode	worker-cs-0	Label-E	2003
1	pernode	worker-cs-0	Label-E	2002
1	pernode	worker-cs-0	Label-E	2001
1	pernode	worker-cs-0	Label-E	2002
1	pernode	worker-cs-0	Label-E	2001
1	pernode	worker-cs-0	Label-E	2005
1	pernode	worker-cs-0	Label-E	2002
1	pernode	worker-cs-0	Label-E	2006
1	pernode	worker-cs-0	Label-E	2000
1	pernode	worker-cs-14	Label-B	2001
1	pernode	worker-cs-14	Label-B	2002
1	pernode	worker-cs-14	Label-B	2002
1	pernode	worker-cs-14	Label-B	2002
1	pernode	worker-cs-14	Label-B	2002
1	pernode	worker-cs-14	Label-B	2003
1	pernode	worker-cs-14	Label-B	2002
1	pernode	worker-cs-14	Label-B	2004
1	pernode	worker-cs-14	Label-B	2002
1	pernode	worker-cs-14	Label-B	2002
1	pernode	worker-cs-14	Label-B	2002
1	pernode	worker-cs-14	Label-B	2001
1	pernode	worker-cs-14	Label-B	2001
1	pernode	worker-cs-14	Label-B	2003
1	pernode	worker-cs-14	Label-B	2002
1	pernode	worker-cs-14	Label-B	2002
1	pernode	worker-cs-14	Label-B	2002
1	pernode	worker-cs-14	Label-B	2001
1	pernode	worker-cs-14	Label-B	2002
1	pernode	worker-cs-14	Label-B	2002
1	pernode	worker-cs-14	Label-B	2001
1	pernode	worker-cs-14	Label-B	2001
1	pernode	worker-cs-14	Label-B	2002
1	pernode	worker-cs-14	Label-B	2002
1	pernode	worker-cs-14	Label-B	2002
1	pernode	worker-cs-14	Label-B	2001
1	pernode	worker-cs-14	Label-B	2002
1	pernode	worker-cs-14	Label-B	2002
1	pernode	worker-cs-14	Label-B	2001
1	pernode	worker-cs-14	Label-B	2001
1	pernode	worker-cs-14	Label-B	2001
1	pernode	worker-cs-14	Label-B	2002
1	pernode	worker-cs-14	Label-B	2000
1	pernode	worker-cs-14	Label-B	2002
1	pernode	worker-cs-14	Label-B	2001
1	pernode	worker-cs-14	Label-B	2002
1	pernode	worker-cs-14	Label-B	2002
1	pernode	worker-cs-14	Label-B	2002
1	pernode	worker-cs-14	Label-B	2001
1	pernode	worker-cs-14	Label-B	2001
1	pernode	worker-cs-14	Label-B	2002
1	pernode	worker-cs-14	Label-B	2002
1	pernode	worker-cs-14	Label-B	2001
1	pernode	worker-cs-14	Label-B	2000
1	pernode	worker-cs-14	Label-B	2001
1	pernode	worker-cs-14	Label-B	2002
1	pernode	worker-cs-14	Label-B	2001
1	pernode	worker-cs-14	Label-B	2002
1	pernode	worker-cs-14	Label-B	2002
1	pernode	worker-cs-14	Label-B	2003
1	pernode	worker-cs-14	Label-B	2002
1	pernode	worker-cs-14	Label-B	2002
1	pernode	worker-cs-14	Label-B	2002
1	pernode	worker-cs-14	Label-B	2001
1	pernode	worker-cs-14	Label-B	2001
1	pernode	worker-cs-14	Label-B	2002
1	pernode	worker-cs-14	Label-B	2001
1	pernode	worker-cs-14	Label-B	2001
1	pernode	worker-cs-14	Label-B	2002
1	pernode	worker-cs-14	Label-B	2001
1	pernode	worker-cs-14	Label-B	2001
1	pernode	worker-cs-14	Label-B	2002
1	pernode	worker-cs-14	Label-B	2002
1	pernode	worker-cs-14	Label-B	2001
1	pernode	worker-cs-14	Label-B	2002
1	pernode	worker-cs-14	Label-B	2001
1	pernode	worker-cs-14	Label-B	2001
1	pernode	worker-cs-14	Label-B	2002
1	pernode	worker-cs-14	Label-B	2002
1	pernode	worker-cs-14	Label-B	2002
1	pernode	worker-cs-14	Label-B	2002
1	pernode	worker-cs-14	Label-B	2001
1	pernode	worker-cs-14	Label-B	2002
1	pernode	worker-cs-14	Label-B	2002
1	pernode	worker-cs-14	Label-B	2002
1	pernode	worker-cs-14	Label-B	2001
1	pernode	worker-cs-14	Label-B	2002
1	pernode	worker-cs-14	Label-B	2002
1	pernode	worker-cs-14	Label-B	2002
1	pernode	worker-cs-14	Label-B	2001
1	pernode	worker-cs-14	Label-B	2001
1	pernode	worker-cs-14	Label-B	2001
1	pernode	worker-cs-14	Label-B	2001
1	pernode	worker-cs-14	Label-B	2002
1	pernode	worker-cs-14	Label-B	2002
1	pernode	worker-cs-14	Label-B	2001
1	pernode	worker-cs-14	Label-B	2002
1	pernode	worker-cs-14	Label-B	2002
1	pernode	worker-cs-14	Label-B	2002
1	pernode	worker-cs-14	Label-B	2002
1	pernode	worker-cs-14	Label-B	2003
1	pernode	worker-cs-14	Label-B	2001
1	pernode	worker-cs-14	Label-B	2001
1	pernode	worker-cs-14	Label-B	2002
1	pernode	worker-cs-14	Label-B	2001
1	pernode	worker-cs-14	Label-B	2003
1	pernode	worker-cs-14	Label-B	2002
1	pernode	worker-cs-14	Label-B	2003
1	pernode	worker-cs-14	Label-B	2001
1	pernode	worker-cs-14	Label-B	2001
1	pernode	worker-cs-14	Label-B	2001
1	pernode	worker-cs-14	Label-B	2002
1	pernode	worker-cs-14	Label-B	2002
1	pernode	worker-cs-14	Label-B	2004
1	pernode	worker-cs-14	Label-B	2002
1	pernode	worker-cs-14	Label-B	2002
1	pernode	worker-cs-14	Label-B	2001
1	pernode	worker-cs-14	Label-B	2001
1	pernode	worker-cs-14	Label-B	2002
1	pernode	worker-cs-14	Label-B	2002
1	pernode	worker-cs-14	Label-B	2002
1	pernode	worker-cs-14	Label-B	2002
1	pernode	worker-cs-14	Label-B	2002
1	pernode	worker-cs-14	Label-B	2002
1	pernode	worker-cs-14	Label-B	2002
1	pernode	worker-cs-14	Label-B	2002
1	pernode	worker-cs-14	Label-B	2003
1	pernode	worker-cs-14	Label-B	2002
1	pernode	worker-cs-14	Label-B	2002
1	pernode	worker-cs-14	Label-B	2001
1	pernode	worker-cs-14	Label-B	2002
1	pernode	worker-cs-14	Label-B	2002
1	pernode	worker-cs-14	Label-B	2002
1	pernode	worker-cs-14	Label-B	2001
1	pernode	worker-cs-14	Label-B	2001
1	pernode	worker-cs-14	Label-B	2001
1	pernode	worker-cs-14	Label-B	2001
1	pernode	worker-cs-14	Label-B	2002
1	pernode	worker-cs-14	Label-B	2003
1	pernode	worker-cs-14	Label-B	2001
1	pernode	worker-cs-14	Label-B	2001
1	pernode	worker-cs-14	Label-B	2002
1	pernode	worker-cs-14	Label-B	2002
1	pernode	worker-cs-14	Label-B	2004
1	pernode	worker-cs-14	Label-B	2001
1	pernode	worker-cs-14	Label-B	2002
1	pernode	worker-cs-14	Label-B	2002
1	pernode	worker-cs-14	Label-B	2002
1	pernode	worker-cs-14	Label-B	2001
1	pernode	worker-cs-14	Label-B	2001
1	pernode	worker-cs-14	Label-B	2001
1	pernode	worker-cs-14	Label-B	2002
1	pernode	worker-cs-14	Label-B	2002
1	pernode	worker-cs-14	Label-B	2002
1	pernode	worker-cs-14	Label-B	2001
1	pernode	worker-cs-14	Label-B	2002
1	pernode	worker-cs-14	Label-B	2003
1	pernode	worker-cs-14	Label-B	2002
1	pernode	worker-cs-14	Label-B	2002
1	pernode	worker-cs-14	Label-B	2003
1	pernode	worker-cs-14	Label-B	2002
1	pernode	worker-cs-14	Label-B	2002
1	pernode	worker-cs-14	Label-B	2002
1	pernode	worker-cs-14	Label-B	2001
1	pernode	worker-cs-14	Label-B	2002
1	pernode	worker-cs-14	Label-B	2002
1	pernode	worker-cs-14	Label-B	2001
1	pernode	worker-cs-14	Label-B	2001
1	pernode	worker-cs-14	Label-B	2002
1	pernode	worker-cs-14	Label-B	2002
1	pernode	worker-cs-14	Label-B	2000
1	pernode	worker-cs-14	Label-B	2002
1	pernode	worker-cs-14	Label-B	2002
1	pernode	worker-cs-14	Label-B	2001
1	pernode	worker-cs-14	Label-B	2002
1	pernode	worker-cs-14	Label-B	2002
1	pernode	worker-cs-14	Label-B	2003
1	pernode	worker-cs-14	Label-B	2002
1	pernode	worker-cs-14	Label-B	2001
1	pernode	worker-cs-14	Label-B	2002
1	pernode	worker-cs-14	Label-B	2002
1	pernode	worker-cs-14	Label-B	2002
1	pernode	worker-cs-14	Label-B	2001
1	pernode	worker-cs-14	Label-B	2002
1	pernode	worker-cs-14	Label-B	2002
1	pernode	worker-cs-14	Label-B	2001
1	pernode	worker-cs-14	Label-B	2001
1	pernode	worker-cs-14	Label-B	2002
1	pernode	worker-cs-14	Label-B	2002
1	pernode	worker-cs-14	Label-B	2002
1	pernode	worker-cs-14	Label-B	2001
1	pernode	worker-cs-14	Label-B	2002
1	pernode	worker-cs-14	Label-B	2002
1	pernode	worker-cs-14	Label-B	2002
1	pernode	worker-cs-14	Label-B	2002
1	pernode	worker-cs-14	Label-B	2002
1	pernode	worker-cs-14	Label-B	2002
1	pernode	worker-cs-14	Label-B	2000
1	pernode	worker-cs-14	Label-B	2001
1	pernode	worker-cs-14	Label-B	2001
1	pernode	worker-cs-14	Label-B	2003
1	pernode	worker-cs-14	Label-B	2001
1	pernode	worker-cs-14	Label-B	2002
1	pernode	worker-cs-14	Label-B	2002
1	pernode	worker-cs-14	Label-B	2002
1	pernode	worker-cs-14	Label-B	2001
1	pernode	worker-cs-14	Label-B	2001
1	pernode	worker-cs-14	Label-B	2001
1	pernode	worker-cs-14	Label-B	2002
1	pernode	worker-cs-14	Label-B	2002
1	pernode	worker-cs-14	Label-B	2002
1	pernode	worker-cs-14	Label-B	2003
1	pernode	worker-cs-14	Label-B	2002
1	pernode	worker-cs-14	Label-B	2001
1	pernode	worker-cs-14	Label-B	2002
1	pernode	worker-cs-14	Label-B	2002
1	pernode	worker-cs-14	Label-B	2002
1	pernode	worker-cs-14	Label-B	2002
1	pernode	worker-cs-14	Label-B	2001
1	pernode	worker-cs-14	Label-B	2002
1	pernode	worker-cs-14	Label-B	2002
1	pernode	worker-cs-14	Label-B	2002
1	pernode	worker-cs-14	Label-B	2003
1	pernode	worker-cs-14	Label-B	2002
1	pernode	worker-cs-14	Label-B	2002
1	pernode	worker-cs-14	Label-B	2001
1	pernode	worker-cs-14	Label-B	2001
1	pernode	worker-cs-14	Label-B	2002
1	pernode	worker-cs-14	Label-B	2002
1	pernode	worker-cs-14	Label-B	2002
1	pernode	worker-cs-14	Label-B	2002
1	pernode	worker-cs-14	Label-B	2001
1	pernode	worker-cs-14	Label-B	2002
1	pernode	worker-cs-14	Label-B	2002
1	pernode	worker-cs-14	Label-B	2002
1	pernode	worker-cs-14	Label-B	2001
1	pernode	worker-cs-14	Label-B	2002
1	pernode	worker-cs-14	Label-B	2003
1	pernode	worker-cs-14	Label-B	2001
1	pernode	worker-cs-14	Label-B	2001
1	pernode	worker-cs-14	Label-B	2001
1	pernode	worker-cs-14	Label-B	2001
1	pernode	worker-cs-14	Label-B	2002
1	pernode	worker-cs-14	Label-B	2002
1	pernode	worker-cs-14	Label-B	2002
1	pernode	worker-cs-14	Label-B	2001
1	pernode	worker-cs-14	Label-B	2002
1	pernode	worker-cs-14	Label-B	2001
1	pernode	worker-cs-14	Label-B	2001
1	pernode	worker-cs-14	Label-B	2001
1	pernode	worker-cs-14	Label-B	2002
1	pernode	worker-cs-14	Label-B	2002
1	pernode	worker-cs-14	Label-B	2002
1	pernode	worker-cs-14	Label-B	2001
1	pernode	worker-cs-14	Label-B	2002
1	pernode	worker-cs-14	Label-B	2001
1	pernode	worker-cs-14	Label-B	2003
1	pernode	worker-cs-14	Label-B	2001
1	pernode	worker-cs-14	Label-B	2001
1	pernode	worker-cs-14	Label-B	2002
1	pernode	worker-cs-14	Label-B	2002
1	pernode	worker-cs-14	Label-B	2002
1	pernode	worker-cs-14	Label-B	2001
1	pernode	worker-cs-14	Label-B	2001
1	pernode	worker-cs-14	Label-B	2002
1	pernode	worker-cs-14	Label-B	2002
1	pernode	worker-cs-14	Label-B	2002
1	pernode	worker-cs-14	Label-B	2002
1	pernode	worker-cs-14	Label-B	2002
1	pernode	worker-cs-14	Label-B	2002
1	pernode	worker-cs-14	Label-B	2002
1	pernode	worker-cs-14	Label-B	2001
1	pernode	worker-cs-14	Label-B	2001
1	pernode	worker-cs-14	Label-B	2002
1	pernode	worker-cs-14	Label-B	2002
1	pernode	worker-cs-14	Label-B	2003
1	pernode	worker-cs-14	Label-B	2001
1	pernode	worker-cs-14	Label-B	2002
1	pernode	worker-cs-14	Label-B	2002
1	pernode	worker-cs-14	Label-B	2001
1	pernode	worker-cs-14	Label-B	2002
1	pernode	worker-cs-14	Label-B	2001
1	pernode	worker-cs-14	Label-B	2002
1	pernode	worker-cs-14	Label-B	2002
1	pernode	worker-cs-14	Label-B	2001
1	pernode	worker-cs-14	Label-B	2002
1	pernode	worker-cs-14	Label-B	2002
1	pernode	worker-cs-14	Label-B	2001
1	pernode	worker-cs-14	Label-B	2001
1	pernode	worker-cs-14	Label-B	2002
1	pernode	worker-cs-14	Label-B	2001
1	pernode	worker-cs-14	Label-B	2001
1	pernode	worker-cs-14	Label-B	2001
1	pernode	worker-cs-14	Label-B	2002
1	pernode	worker-cs-14	Label-B	2002
1	pernode	worker-cs-14	Label-B	2003
1	pernode	worker-cs-14	Label-B	2002
1	pernode	worker-cs-14	Label-B	2002
1	pernode	worker-cs-14	Label-B	2002
1	pernode	worker-cs-14	Label-B	2003
1	pernode	worker-cs-14	Label-B	2002
1	pernode	worker-cs-14	Label-B	2001
1	pernode	worker-cs-14	Label-B	2001
1	pernode	worker-cs-14	Label-B	2001
1	pernode	worker-cs-14	Label-B	2001
1	pernode	worker-cs-14	Label-B	2001
1	pernode	worker-cs-14	Label-B	2002
1	pernode	worker-cs-14	Label-B	2002
1	pernode	worker-cs-14	Label-B	2001
1	pernode	worker-cs-14	Label-B	2002
1	pernode	worker-cs-14	Label-B	2001
1	pernode	worker-cs-14	Label-B	2003
1	pernode	worker-cs-14	Label-B	2001
1	pernode	worker-cs-14	Label-B	2001
1	pernode	worker-cs-14	Label-B	2001
1	pernode	worker-cs-14	Label-B	2002
1	pernode	worker-cs-14	Label-B	2001
1	pernode	worker-cs-14	Label-B	2001
1	pernode	worker-cs-14	Label-B	2001
1	pernode	worker-cs-14	Label-B	2002
1	pernode	worker-cs-14	Label-B	2002
1	pernode	worker-cs-14	Label-B	2003
1	pernode	worker-cs-14	Label-B	2002
1	pernode	worker-cs-14	Label-B	2002
1	pernode	worker-cs-14	Label-B	2002
1	pernode	worker-cs-14	Label-B	2002
1	pernode	worker-cs-14	Label-B	2003
1	pernode	worker-cs-14	Label-B	2001
1	pernode	worker-cs-14	Label-B	2002
1	pernode	worker-cs-14	Label-B	2002
1	pernode	worker-cs-14	Label-B	2001
1	pernode	worker-cs-14	Label-B	2002
1	pernode	worker-cs-14	Label-B	2002
1	pernode	worker-cs-14	Label-B	2002
1	pernode	worker-cs-14	Label-B	2003
1	pernode	worker-cs-14	Label-B	2000
1	pernode	worker-cs-14	Label-B	2002
1	pernode	worker-cs-14	Label-B	2002
1	pernode	worker-cs-14	Label-B	2002
1	pernode	worker-cs-14	Label-B	2001
1	pernode	worker-cs-14	Label-B	2001
1	pernode	worker-cs-14	Label-B	2001
1	pernode	worker-cs-14	Label-B	2002
1	pernode	worker-cs-14	Label-B	2002
1	pernode	worker-cs-14	Label-B	2002
1	pernode	worker-cs-14	Label-B	2002
1	pernode	worker-cs-14	Label-B	2001
1	pernode	worker-cs-14	Label-B	2002
1	pernode	worker-cs-14	Label-B	2001
1	pernode	worker-cs-14	Label-B	2001
1	pernode	worker-cs-14	Label-B	2002
1	pernode	worker-cs-14	Label-B	2003
1	pernode	worker-cs-14	Label-B	2001
1	pernode	worker-cs-14	Label-B	2003
1	pernode	worker-cs-14	Label-B	2002
1	pernode	worker-cs-14	Label-B	2002
1	pernode	worker-cs-14	Label-B	2001
1	pernode	worker-cs-14	Label-B	2002
1	pernode	worker-cs-14	Label-B	2002
1	pernode	worker-cs-14	Label-B	2002
1	pernode	worker-cs-14	Label-B	2001
1	pernode	worker-cs-14	Label-B	2001
1	pernode	worker-cs-14	Label-B	2002
1	pernode	worker-cs-14	Label-B	2001
1	pernode	worker-cs-14	Label-B	2002
1	pernode	worker-cs-14	Label-B	2001
1	pernode	worker-cs-14	Label-B	2002
1	pernode	worker-cs-14	Label-B	2002
1	pernode	worker-cs-14	Label-B	2002
1	pernode	worker-cs-14	Label-B	2002
1	pernode	worker-cs-14	Label-B	2001
1	pernode	worker-cs-14	Label-B	2002
1	pernode	worker-cs-14	Label-B	2001
1	pernode	worker-cs-14	Label-B	2003
1	pernode	worker-cs-14	Label-B	2002
1	pernode	worker-cs-14	Label-B	2002
1	pernode	worker-cs-14	Label-B	2002
1	pernode	worker-cs-14	Label-B	2002
1	pernode	worker-cs-14	Label-B	2002
1	pernode	worker-cs-14	Label-B	2002
1	pernode	worker-cs-14	Label-B	2001
1	pernode	worker-cs-14	Label-B	2001
1	pernode	worker-cs-14	Label-B	2000
1	pernode	worker-cs-14	Label-B	2002
1	pernode	worker-cs-14	Label-B	2002
1	pernode	worker-cs-14	Label-B	2001
1	pernode	worker-cs-14	Label-B	2002
1	pernode	worker-cs-14	Label-B	2002
1	pernode	worker-cs-14	Label-B	2002
1	pernode	worker-cs-14	Label-B	2002
1	pernode	worker-cs-14	Label-B	2002
1	pernode	worker-cs-14	Label-B	2001
1	pernode	worker-cs-14	Label-B	2002
1	pernode	worker-cs-14	Label-B	2002
1	pernode	worker-cs-14	Label-B	2002
1	pernode	worker-cs-14	Label-B	2001
1	pernode	worker-cs-14	Label-B	2001
1	pernode	worker-cs-14	Label-B	2003
1	pernode	worker-cs-14	Label-B	2002
1	pernode	worker-cs-14	Label-B	2002
1	pernode	worker-cs-14	Label-B	2001
1	pernode	worker-cs-14	Label-B	2002
1	pernode	worker-cs-14	Label-B	2001
1	pernode	worker-cs-14	Label-B	2001
1	pernode	worker-cs-14	Label-B	2001
1	pernode	worker-cs-14	Label-B	2000
1	pernode	worker-cs-14	Label-B	2002
1	pernode	worker-cs-14	Label-B	2002
1	pernode	worker-cs-14	Label-B	2002
1	pernode	worker-cs-14	Label-B	2001
1	pernode	worker-cs-14	Label-B	2001
1	pernode	worker-cs-14	Label-B	2001
1	pernode	worker-cs-14	Label-B	2003
1	pernode	worker-cs-14	Label-B	2001
1	pernode	worker-cs-14	Label-B	2002
1	pernode	worker-cs-14	Label-B	2003
1	pernode	worker-cs-14	Label-B	2001
1	pernode	worker-cs-14	Label-B	2001
1	pernode	worker-cs-14	Label-B	2001
1	pernode	worker-cs-14	Label-B	2002
1	pernode	worker-cs-14	Label-B	2001
1	pernode	worker-cs-14	Label-B	2002
1	pernode	worker-cs-14	Label-B	2002
1	pernode	worker-cs-14	Label-B	2002
1	pernode	worker-cs-14	Label-B	2001
1	pernode	worker-cs-14	Label-B	2002
1	pernode	worker-cs-14	Label-B	2002
1	pernode	worker-cs-14	Label-B	2001
1	pernode	worker-cs-14	Label-B	2001
1	pernode	worker-cs-14	Label-B	2002
1	pernode	worker-cs-14	Label-B	2002
1	pernode	worker-cs-14	Label-B	2001
1	pernode	worker-cs-14	Label-B	2002
1	pernode	worker-cs-14	Label-B	2002
1	pernode	worker-cs-14	Label-B	2001
1	pernode	worker-cs-14	Label-B	2002
1	pernode	worker-cs-14	Label-B	2001
1	pernode	worker-cs-14	Label-B	2002
1	pernode	worker-cs-14	Label-B	2002
1	pernode	worker-cs-14	Label-B	2003
1	pernode	worker-cs-14	Label-B	2002
1	pernode	worker-cs-14	Label-B	2002
1	pernode	worker-cs-14	Label-B	2002
1	pernode	worker-cs-14	Label-B	2002
1	pernode	worker-cs-14	Label-B	2002
1	pernode	worker-cs-14	Label-B	2002
1	pernode	worker-cs-14	Label-B	2002
1	pernode	worker-cs-14	Label-B	2002
1	pernode	worker-cs-14	Label-B	2002
1	pernode	worker-cs-14	Label-B	2002
1	pernode	worker-cs-14	Label-B	2002
1	pernode	worker-cs-14	Label-B	2001
1	pernode	worker-cs-14	Label-B	2002
1	pernode	worker-cs-14	Label-B	2002
1	pernode	worker-cs-14	Label-B	2001
1	pernode	worker-cs-14	Label-B	2002
1	pernode	worker-cs-14	Label-B	2003
1	pernode	worker-cs-14	Label-B	2002
1	pernode	worker-cs-14	Label-B	2001
1	pernode	worker-cs-14	Label-B	2002
1	pernode	worker-cs-14	Label-B	2001
1	pernode	worker-cs-14	Label-B	2002
1	pernode	worker-cs-14	Label-B	2001
1	pernode	worker-cs-14	Label-B	2001
1	pernode	worker-cs-14	Label-B	2002
1	pernode	worker-cs-14	Label-B	2002
1	pernode	worker-cs-14	Label-B	2003
1	pernode	worker-cs-14	Label-B	2001
1	pernode	worker-cs-14	Label-B	2002
1	pernode	worker-cs-14	Label-B	2001
1	pernode	worker-cs-14	Label-B	2002
1	pernode	worker-cs-14	Label-B	2003
1	pernode	worker-cs-14	Label-B	2002
1	pernode	worker-cs-14	Label-B	2002
1	pernode	worker-cs-14	Label-B	2002
1	pernode	worker-cs-14	Label-B	2002
1	pernode	worker-cs-14	Label-B	2001
1	pernode	worker-cs-14	Label-B	2001
1	pernode	worker-cs-14	Label-B	2002
1	pernode	worker-cs-14	Label-B	2002
1	pernode	worker-cs-14	Label-B	2001
1	pernode	worker-cs-14	Label-B	2002
1	pernode	worker-cs-14	Label-B	2002
1	pernode	worker-cs-14	Label-B	2001
1	pernode	worker-cs-14	Label-B	2002
1	pernode	worker-cs-14	Label-B	2001
1	pernode	worker-cs-14	Label-B	2002
1	pernode	worker-cs-14	Label-B	2002
1	pernode	worker-cs-14	Label-B	2002
1	pernode	worker-cs-14	Label-B	2001
1	pernode	worker-cs-14	Label-B	2003
1	pernode	worker-cs-14	Label-B	2002
1	pernode	worker-cs-14	Label-B	2001
1	pernode	worker-cs-14	Label-B	2002
1	pernode	worker-cs-14	Label-B	2003
1	pernode	worker-cs-14	Label-B	2001
1	pernode	worker-cs-14	Label-B	2001
1	pernode	worker-cs-14	Label-B	2001
1	pernode	worker-cs-14	Label-B	2002
1	pernode	worker-cs-14	Label-B	2001
1	pernode	worker-cs-14	Label-B	2002
1	pernode	worker-cs-14	Label-B	2002
1	pernode	worker-cs-14	Label-B	2002
1	pernode	worker-cs-14	Label-B	2001
1	pernode	worker-cs-14	Label-B	2002
1	pernode	worker-cs-14	Label-B	2001
1	pernode	worker-cs-14	Label-B	2001
1	pernode	worker-cs-14	Label-B	2002
1	pernode	worker-cs-14	Label-B	2002
1	pernode	worker-cs-14	Label-B	2002
1	pernode	worker-cs-14	Label-B	2002
1	pernode	worker-cs-14	Label-B	2001
1	pernode	worker-cs-14	Label-B	2002
1	pernode	worker-cs-14	Label-B	2001
1	pernode	worker-cs-14	Label-B	2001
1	pernode	worker-cs-14	Label-B	2001
1	pernode	worker-cs-14	Label-B	2002
1	pernode	worker-cs-14	Label-B	2001
1	pernode	worker-cs-14	Label-B	2001
1	pernode	worker-cs-14	Label-B	2001
1	pernode	worker-cs-14	Label-B	2003
1	pernode	worker-cs-14	Label-B	2002
1	pernode	worker-cs-14	Label-B	2002
1	pernode	worker-cs-14	Label-B	2001
1	pernode	worker-cs-14	Label-B	2002
1	pernode	worker-cs-14	Label-B	2002
1	pernode	worker-cs-14	Label-B	2001
1	pernode	worker-cs-14	Label-B	2001
1	pernode	worker-cs-14	Label-B	2002
1	pernode	worker-cs-14	Label-B	2002
1	pernode	worker-cs-14	Label-B	2001
1	pernode	worker-cs-14	Label-B	2002
1	pernode	worker-cs-14	Label-B	2002
1	pernode	worker-cs-14	Label-B	2002
1	pernode	worker-cs-14	Label-B	2001
1	pernode	worker-cs-14	Label-B	2001
1	pernode	worker-cs-14	Label-B	2002
1	pernode	worker-cs-14	Label-B	2002
1	pernode	worker-cs-14	Label-B	2002
1	pernode	worker-cs-14	Label-B	2001
1	pernode	worker-cs-14	Label-B	2002
1	pernode	worker-cs-14	Label-B	2001
1	pernode	worker-cs-14	Label-B	2002
1	pernode	worker-cs-14	Label-B	2002
1	pernode	worker-cs-14	Label-B	2002
1	pernode	worker-cs-14	Label-B	2001
1	pernode	worker-cs-14	Label-B	2001
1	pernode	worker-cs-14	Label-B	2001
1	pernode	worker-cs-14	Label-B	2002
1	pernode	worker-cs-14	Label-B	2002
1	pernode	worker-cs-14	Label-B	2001
1	pernode	worker-cs-14	Label-B	2001
1	pernode	worker-cs-14	Label-B	2001
1	pernode	worker-cs-14	Label-B	2002
1	pernode	worker-cs-14	Label-B	2001
1	pernode	worker-cs-14	Label-B	2002
1	pernode	worker-cs-14	Label-B	2001
1	pernode	worker-cs-14	Label-B	2002
1	pernode	worker-cs-14	Label-B	2002
1	pernode	worker-cs-14	Label-B	2002
1	pernode	worker-cs-14	Label-B	2001
1	pernode	worker-cs-14	Label-B	2004
1	pernode	worker-cs-14	Label-B	2001
1	pernode	worker-cs-14	Label-B	2002
1	pernode	worker-cs-14	Label-B	2003
1	pernode	worker-cs-14	Label-B	2001
1	pernode	worker-cs-14	Label-B	2002
1	pernode	worker-cs-14	Label-B	2001
1	pernode	worker-cs-14	Label-B	2002
1	pernode	worker-cs-14	Label-B	2003
1	pernode	worker-cs-14	Label-B	2002
1	pernode	worker-cs-14	Label-B	2003
1	pernode	worker-cs-14	Label-B	2002
1	pernode	worker-cs-14	Label-B	2001
1	pernode	worker-cs-14	Label-B	2001
1	pernode	worker-cs-14	Label-B	2003
1	pernode	worker-cs-14	Label-B	2002
1	pernode	worker-cs-14	Label-B	2002
1	pernode	worker-cs-14	Label-B	2001
1	pernode	worker-cs-14	Label-B	2003
1	pernode	worker-cs-14	Label-B	2002
1	pernode	worker-cs-14	Label-B	2002
1	pernode	worker-cs-14	Label-B	2003
1	pernode	worker-cs-14	Label-B	2001
1	pernode	worker-cs-14	Label-B	2001
1	pernode	worker-cs-14	Label-B	2001
1	pernode	worker-cs-14	Label-B	2002
1	pernode	worker-cs-14	Label-B	2001
1	pernode	worker-cs-14	Label-B	2001
1	pernode	worker-cs-14	Label-B	2002
1	pernode	worker-cs-14	Label-B	2001
1	pernode	worker-cs-14	Label-B	2002
1	pernode	worker-cs-14	Label-B	2004
1	pernode	worker-cs-14	Label-B	2002
1	pernode	worker-cs-14	Label-B	2001
1	pernode	worker-cs-14	Label-B	2001
1	pernode	worker-cs-14	Label-B	2002
1	pernode	worker-cs-14	Label-B	2001
1	pernode	worker-cs-14	Label-B	2001
1	pernode	worker-cs-14	Label-B	2001
1	pernode	worker-cs-14	Label-B	2002
1	pernode	worker-cs-14	Label-B	2001
1	pernode	worker-cs-14	Label-B	2002
1	pernode	worker-cs-14	Label-B	2002
1	pernode	worker-cs-14	Label-B	2001
1	pernode	worker-cs-14	Label-B	2003
1	pernode	worker-cs-14	Label-B	2002
1	pernode	worker-cs-14	Label-B	2003
1	pernode	worker-cs-14	Label-B	2001
1	pernode	worker-cs-14	Label-B	2002
1	pernode	worker-cs-14	Label-B	2001
1	pernode	worker-cs-14	Label-B	2002
1	pernode	worker-cs-14	Label-B	2001
1	pernode	worker-cs-14	Label-B	2000
1	pernode	worker-cs-14	Label-B	2002
1	pernode	worker-cs-14	Label-B	2001
1	pernode	worker-cs-14	Label-B	2001
1	pernode	worker-cs-14	Label-B	2002
1	pernode	worker-cs-14	Label-B	2001
1	pernode	worker-cs-14	Label-B	2002
1	pernode	worker-cs-14	Label-B	2002
1	pernode	worker-cs-14	Label-B	2003
1	pernode	worker-cs-14	Label-B	2001
1	pernode	worker-cs-14	Label-B	2001
1	pernode	worker-cs-14	Label-B	2002
1	pernode	worker-cs-14	Label-B	2002
1	pernode	worker-cs-14	Label-B	2002
1	pernode	worker-cs-14	Label-B	2002
1	pernode	worker-cs-14	Label-B	2002
1	pernode	worker-cs-14	Label-B	2001
1	pernode	worker-cs-14	Label-B	2001
1	pernode	worker-cs-14	Label-B	2002
1	pernode	worker-cs-14	Label-B	2001
1	pernode	worker-cs-14	Label-B	2001
1	pernode	worker-cs-14	Label-B	2001
1	pernode	worker-cs-14	Label-B	2001
1	pernode	worker-cs-14	Label-B	2001
1	pernode	worker-cs-14	Label-B	2002
1	pernode	worker-cs-14	Label-B	2001
1	pernode	worker-cs-14	Label-B	2003
1	pernode	worker-cs-14	Label-B	2001
1	pernode	worker-cs-14	Label-B	2002
1	pernode	worker-cs-14	Label-B	2001
1	pernode	worker-cs-14	Label-B	2001
1	pernode	worker-cs-14	Label-B	2003
1	pernode	worker-cs-14	Label-B	2001
1	pernode	worker-cs-14	Label-B	2002
1	pernode	worker-cs-14	Label-B	2001
1	pernode	worker-cs-14	Label-B	2002
1	pernode	worker-cs-14	Label-B	2002
1	pernode	worker-cs-14	Label-B	2001
1	pernode	worker-cs-14	Label-B	2002
1	pernode	worker-cs-14	Label-B	2002
1	pernode	worker-cs-14	Label-B	2002
1	pernode	worker-cs-14	Label-B	2001
1	pernode	worker-cs-14	Label-B	2001
1	pernode	worker-cs-14	Label-B	2002
1	pernode	worker-cs-14	Label-B	2001
1	pernode	worker-cs-14	Label-B	2002
1	pernode	worker-cs-14	Label-B	2002
1	pernode	worker-cs-14	Label-B	2002
1	pernode	worker-cs-14	Label-B	2001
1	pernode	worker-cs-14	Label-B	2002
1	pernode	worker-cs-14	Label-B	2002
1	pernode	worker-cs-14	Label-B	2001
1	pernode	worker-cs-14	Label-B	2001
1	pernode	worker-cs-14	Label-B	2002
1	pernode	worker-cs-14	Label-B	2001
1	pernode	worker-cs-14	Label-B	2002
1	pernode	worker-cs-14	Label-B	2000
1	pernode	worker-cs-14	Label-B	2001
1	pernode	worker-cs-14	Label-B	2001
1	pernode	worker-cs-14	Label-B	2002
1	pernode	worker-cs-14	Label-B	2001
1	pernode	worker-cs-14	Label-B	2002
1	pernode	worker-cs-14	Label-B	2002
1	pernode	worker-cs-14	Label-B	2001
1	pernode	worker-cs-14	Label-B	2001
1	pernode	worker-cs-14	Label-B	2000
1	pernode	worker-cs-14	Label-B	2002
1	pernode	worker-cs-14	Label-B	2003
1	pernode	worker-cs-14	Label-B	2002
1	pernode	worker-cs-14	Label-B	2002
1	pernode	worker-cs-14	Label-B	2001
1	pernode	worker-cs-14	Label-B	2002
1	pernode	worker-cs-14	Label-B	2001
1	pernode	worker-cs-14	Label-B	2002
1	pernode	worker-cs-14	Label-B	2002
1	pernode	worker-cs-14	Label-B	2001
1	pernode	worker-cs-14	Label-B	2002
1	pernode	worker-cs-14	Label-B	2005
1	pernode	worker-cs-14	Label-B	2002
1	pernode	worker-cs-14	Label-B	2001
1	pernode	worker-cs-14	Label-B	2002
1	pernode	worker-cs-14	Label-B	2002
1	pernode	worker-cs-14	Label-B	2002
1	pernode	worker-cs-14	Label-B	2001
1	pernode	worker-cs-14	Label-B	2001
1	pernode	worker-cs-14	Label-B	2002
1	pernode	worker-cs-14	Label-B	2002
1	pernode	worker-cs-14	Label-B	2000
1	pernode	worker-cs-14	Label-B	2001
1	pernode	worker-cs-14	Label-B	2002
1	pernode	worker-cs-14	Label-B	2002
1	pernode	worker-cs-14	Label-B	2001
1	pernode	worker-cs-14	Label-B	2002
1	pernode	worker-cs-14	Label-B	2001
1	pernode	worker-cs-14	Label-B	2001
1	pernode	worker-cs-14	Label-B	2002
1	pernode	worker-cs-14	Label-B	2002
1	pernode	worker-cs-14	Label-B	2002
1	pernode	worker-cs-14	Label-B	2002
1	pernode	worker-cs-14	Label-B	2002
1	pernode	worker-cs-14	Label-B	2002
1	pernode	worker-cs-14	Label-B	2002
1	pernode	worker-cs-14	Label-B	2002
1	pernode	worker-cs-14	Label-B	2002
1	pernode	worker-cs-14	Label-B	2002
1	pernode	worker-cs-14	Label-B	2000
1	pernode	worker-cs-14	Label-B	2002
1	pernode	worker-cs-14	Label-B	2002
1	pernode	worker-cs-14	Label-B	2001
1	pernode	worker-cs-14	Label-B	2002
1	pernode	worker-cs-14	Label-B	2001
1	pernode	worker-cs-14	Label-B	2001
1	pernode	worker-cs-14	Label-B	2001
1	pernode	worker-cs-14	Label-B	2002
1	pernode	worker-cs-14	Label-B	2001
1	pernode	worker-cs-14	Label-B	2001
1	pernode	worker-cs-14	Label-B	2001
1	pernode	worker-cs-14	Label-B	2002
1	pernode	worker-cs-14	Label-B	2002
1	pernode	worker-cs-14	Label-B	2001
1	pernode	worker-cs-14	Label-B	2003
1	pernode	worker-cs-14	Label-B	2001
1	pernode	worker-cs-14	Label-B	2002
1	pernode	worker-cs-14	Label-B	2001
1	pernode	worker-cs-14	Label-B	2003
1	pernode	worker-cs-14	Label-B	2001
1	pernode	worker-cs-14	Label-B	2002
1	pernode	worker-cs-14	Label-B	2002
1	pernode	worker-cs-14	Label-B	2001
1	pernode	worker-cs-14	Label-B	2001
1	pernode	worker-cs-14	Label-B	2001
1	pernode	worker-cs-14	Label-B	2002
1	pernode	worker-cs-14	Label-B	2002
1	pernode	worker-cs-14	Label-B	2001
1	pernode	worker-cs-14	Label-B	2001
1	pernode	worker-cs-14	Label-B	2002
1	pernode	worker-cs-14	Label-B	2001
1	pernode	worker-cs-14	Label-B	2002
1	pernode	worker-cs-14	Label-B	2001
1	pernode	worker-cs-14	Label-B	2001
1	pernode	worker-cs-14	Label-B	2001
1	pernode	worker-cs-14	Label-B	2001
1	pernode	worker-cs-14	Label-B	2002
1	pernode	worker-cs-14	Label-B	2001
1	pernode	worker-cs-14	Label-B	2001
1	pernode	worker-cs-14	Label-B	2002
1	pernode	worker-cs-14	Label-B	2002
1	pernode	worker-cs-14	Label-B	2001
1	pernode	worker-cs-14	Label-B	2001
1	pernode	worker-cs-14	Label-B	2001
1	pernode	worker-cs-14	Label-B	2001
1	pernode	worker-cs-14	Label-B	2001
1	pernode	worker-cs-14	Label-B	2001
1	pernode	worker-cs-14	Label-B	2000
1	pernode	worker-cs-14	Label-B	2003
1	pernode	worker-cs-14	Label-B	2002
1	pernode	worker-cs-14	Label-B	2001
1	pernode	worker-cs-14	Label-B	2002
1	pernode	worker-cs-14	Label-B	2002
1	pernode	worker-cs-14	Label-B	2001
1	pernode	worker-cs-14	Label-B	2001
1	pernode	worker-cs-14	Label-B	2001
1	pernode	worker-cs-14	Label-B	2002
1	pernode	worker-cs-14	Label-B	2002
1	pernode	worker-cs-14	Label-B	2001
1	pernode	worker-cs-14	Label-B	2002
1	pernode	worker-cs-14	Label-B	2001
1	pernode	worker-cs-14	Label-B	2002
1	pernode	worker-cs-14	Label-B	2001
1	pernode	worker-cs-14	Label-B	2002
1	pernode	worker-cs-14	Label-B	2002
1	pernode	worker-cs-14	Label-B	2002
1	pernode	worker-cs-14	Label-B	2002
1	pernode	worker-cs-14	Label-B	2002
1	pernode	worker-cs-14	Label-B	2002
1	pernode	worker-cs-14	Label-B	2002
1	pernode	worker-cs-14	Label-B	2001
1	pernode	worker-cs-14	Label-B	2001
1	pernode	worker-cs-14	Label-B	2001
1	pernode	worker-cs-14	Label-B	2002
1	pernode	worker-cs-14	Label-B	2001
1	pernode	worker-cs-14	Label-B	2002
1	pernode	worker-cs-14	Label-B	2002
1	pernode	worker-cs-14	Label-B	2001
1	pernode	worker-cs-14	Label-B	2002
1	pernode	worker-cs-14	Label-B	2002
1	pernode	worker-cs-14	Label-B	2002
1	pernode	worker-cs-14	Label-B	2002
1	pernode	worker-cs-14	Label-B	2002
1	pernode	worker-cs-14	Label-B	2001
1	pernode	worker-cs-14	Label-B	2002
1	pernode	worker-cs-14	Label-B	2002
1	pernode	worker-cs-14	Label-B	2002
1	pernode	worker-cs-14	Label-B	2002
1	pernode	worker-cs-14	Label-B	2001
1	pernode	worker-cs-14	Label-B	2002
1	pernode	worker-cs-14	Label-B	2002
1	pernode	worker-cs-14	Label-B	2002
1	pernode	worker-cs-14	Label-B	2001
1	pernode	worker-cs-14	Label-B	2002
1	pernode	worker-cs-14	Label-B	2002
1	pernode	worker-cs-14	Label-B	2001
1	pernode	worker-cs-14	Label-B	2001
1	pernode	worker-cs-14	Label-B	2002
1	pernode	worker-cs-14	Label-B	2003
1	pernode	worker-cs-14	Label-B	2001
1	pernode	worker-cs-14	Label-B	2003
1	pernode	worker-cs-14	Label-B	2001
1	pernode	worker-cs-14	Label-B	2001
1	pernode	worker-cs-14	Label-B	2002
1	pernode	worker-cs-14	Label-B	2002
1	pernode	worker-cs-14	Label-B	2001
1	pernode	worker-cs-14	Label-B	2002
1	pernode	worker-cs-14	Label-B	2002
1	pernode	worker-cs-14	Label-B	2002
1	pernode	worker-cs-14	Label-B	2001
1	pernode	worker-cs-14	Label-B	2002
1	pernode	worker-cs-14	Label-B	2002
1	pernode	worker-cs-14	Label-B	2002
1	pernode	worker-cs-14	Label-B	2002
1	pernode	worker-cs-14	Label-B	2002
1	pernode	worker-cs-14	Label-B	2002
1	pernode	worker-cs-14	Label-B	2001
1	pernode	worker-cs-14	Label-B	2001
1	pernode	worker-cs-14	Label-B	2002
1	pernode	worker-cs-14	Label-B	2002
1	pernode	worker-cs-14	Label-B	2001
1	pernode	worker-cs-14	Label-B	2002
1	pernode	worker-cs-14	Label-B	2001
1	pernode	worker-cs-14	Label-B	2002
1	pernode	worker-cs-14	Label-B	2002
1	pernode	worker-cs-14	Label-B	2001
1	pernode	worker-cs-14	Label-B	2001
1	pernode	worker-cs-14	Label-B	2002
1	pernode	worker-cs-14	Label-B	2001
1	pernode	worker-cs-14	Label-B	2001
1	pernode	worker-cs-14	Label-B	2001
1	pernode	worker-cs-14	Label-B	2001
1	pernode	worker-cs-14	Label-B	2001
1	pernode	worker-cs-14	Label-B	2001
1	pernode	worker-cs-14	Label-B	2002
1	pernode	worker-cs-14	Label-B	2001
1	pernode	worker-cs-14	Label-B	2002
1	pernode	worker-cs-14	Label-B	2002
1	pernode	worker-cs-14	Label-B	2002
1	pernode	worker-cs-14	Label-B	2001
1	pernode	worker-cs-14	Label-B	2002
1	pernode	worker-cs-14	Label-B	2002
1	pernode	worker-cs-14	Label-B	2002
1	pernode	worker-cs-14	Label-B	2001
1	pernode	worker-cs-14	Label-B	2002
1	pernode	worker-cs-14	Label-B	2001
1	pernode	worker-cs-14	Label-B	2004
1	pernode	worker-cs-14	Label-B	2001
1	pernode	worker-cs-14	Label-B	2001
1	pernode	worker-cs-14	Label-B	2002
1	pernode	worker-cs-14	Label-B	2001
1	pernode	worker-cs-14	Label-B	2001
1	pernode	worker-cs-14	Label-B	2002
1	pernode	worker-cs-14	Label-B	2002
1	pernode	worker-cs-14	Label-B	2001
1	pernode	worker-cs-14	Label-B	2002
1	pernode	worker-cs-14	Label-B	2001
1	pernode	worker-cs-14	Label-B	2002
1	pernode	worker-cs-14	Label-B	2001
1	pernode	worker-cs-14	Label-B	2002
1	pernode	worker-cs-14	Label-B	2002
1	pernode	worker-cs-14	Label-B	2001
1	pernode	worker-cs-14	Label-B	2002
1	pernode	worker-cs-14	Label-B	2002
1	pernode	worker-cs-14	Label-B	2002
1	pernode	worker-cs-14	Label-B	2002
1	pernode	worker-cs-14	Label-B	2001
1	pernode	worker-cs-14	Label-B	2001
1	pernode	worker-cs-14	Label-B	2001
1	pernode	worker-cs-14	Label-B	2002
1	pernode	worker-cs-14	Label-B	2001
1	pernode	worker-cs-14	Label-B	2002
1	pernode	worker-cs-14	Label-B	2002
1	pernode	worker-cs-14	Label-B	2002
1	pernode	worker-cs-14	Label-B	2003
1	pernode	worker-cs-14	Label-B	2001
1	pernode	worker-cs-14	Label-B	2002
1	pernode	worker-cs-14	Label-B	2002
1	pernode	worker-cs-14	Label-B	2004
1	pernode	worker-cs-14	Label-B	2002
1	pernode	worker-cs-14	Label-B	2002
1	pernode	worker-cs-14	Label-B	2002
1	pernode	worker-cs-14	Label-B	2001
1	pernode	worker-cs-14	Label-B	2002
1	pernode	worker-cs-14	Label-B	2002
1	pernode	worker-cs-14	Label-B	2003
1	pernode	worker-cs-14	Label-B	2001
1	pernode	worker-cs-14	Label-B	2001
1	pernode	worker-cs-14	Label-B	2001
1	pernode	worker-cs-14	Label-B	2002
1	pernode	worker-cs-14	Label-B	2002
1	pernode	worker-cs-18	Label-A	2002
1	pernode	worker-cs-18	Label-A	2002
1	pernode	worker-cs-18	Label-A	2002
1	pernode	worker-cs-18	Label-A	2002
1	pernode	worker-cs-18	Label-A	2001
1	pernode	worker-cs-18	Label-A	2001
1	pernode	worker-cs-18	Label-A	2002
1	pernode	worker-cs-18	Label-A	2003
1	pernode	worker-cs-18	Label-A	2002
1	pernode	worker-cs-18	Label-A	2003
1	pernode	worker-cs-18	Label-A	2002
1	pernode	worker-cs-18	Label-A	2002
1	pernode	worker-cs-18	Label-A	2003
1	pernode	worker-cs-18	Label-A	2001
1	pernode	worker-cs-18	Label-A	2002
1	pernode	worker-cs-18	Label-A	2003
1	pernode	worker-cs-18	Label-A	2002
1	pernode	worker-cs-18	Label-A	2002
1	pernode	worker-cs-18	Label-A	2003
1	pernode	worker-cs-18	Label-A	2002
1	pernode	worker-cs-18	Label-A	2002
1	pernode	worker-cs-18	Label-A	2001
1	pernode	worker-cs-18	Label-A	2001
1	pernode	worker-cs-18	Label-A	2001
1	pernode	worker-cs-18	Label-A	2001
1	pernode	worker-cs-18	Label-A	2002
1	pernode	worker-cs-18	Label-A	2000
1	pernode	worker-cs-18	Label-A	2001
1	pernode	worker-cs-18	Label-A	2001
1	pernode	worker-cs-18	Label-A	2001
1	pernode	worker-cs-18	Label-A	2002
1	pernode	worker-cs-18	Label-A	2002
1	pernode	worker-cs-18	Label-A	2002
1	pernode	worker-cs-18	Label-A	2001
1	pernode	worker-cs-18	Label-A	2002
1	pernode	worker-cs-18	Label-A	2001
1	pernode	worker-cs-18	Label-A	2002
1	pernode	worker-cs-18	Label-A	2002
1	pernode	worker-cs-18	Label-A	2002
1	pernode	worker-cs-18	Label-A	2003
1	pernode	worker-cs-18	Label-A	2002
1	pernode	worker-cs-18	Label-A	2002
1	pernode	worker-cs-18	Label-A	2001
1	pernode	worker-cs-18	Label-A	2002
1	pernode	worker-cs-18	Label-A	2002
1	pernode	worker-cs-18	Label-A	2001
1	pernode	worker-cs-18	Label-A	2001
1	pernode	worker-cs-18	Label-A	2002
1	pernode	worker-cs-18	Label-A	2002
1	pernode	worker-cs-18	Label-A	2002
1	pernode	worker-cs-18	Label-A	2001
1	pernode	worker-cs-18	Label-A	2002
1	pernode	worker-cs-18	Label-A	2001
1	pernode	worker-cs-18	Label-A	2002
1	pernode	worker-cs-18	Label-A	2001
1	pernode	worker-cs-18	Label-A	2002
1	pernode	worker-cs-18	Label-A	2001
1	pernode	worker-cs-18	Label-A	2001
1	pernode	worker-cs-18	Label-A	2001
1	pernode	worker-cs-18	Label-A	2002
1	pernode	worker-cs-18	Label-A	2001
1	pernode	worker-cs-18	Label-A	2002
1	pernode	worker-cs-18	Label-A	2001
1	pernode	worker-cs-18	Label-A	2001
1	pernode	worker-cs-18	Label-A	2002
1	pernode	worker-cs-18	Label-A	2002
1	pernode	worker-cs-18	Label-A	2002
1	pernode	worker-cs-18	Label-A	2002
1	pernode	worker-cs-18	Label-A	2002
1	pernode	worker-cs-18	Label-A	2002
1	pernode	worker-cs-18	Label-A	2003
1	pernode	worker-cs-18	Label-A	2002
1	pernode	worker-cs-18	Label-A	2002
1	pernode	worker-cs-18	Label-A	2001
1	pernode	worker-cs-18	Label-A	2001
1	pernode	worker-cs-18	Label-A	2001
1	pernode	worker-cs-18	Label-A	2001
1	pernode	worker-cs-18	Label-A	2001
1	pernode	worker-cs-18	Label-A	2002
1	pernode	worker-cs-18	Label-A	2002
1	pernode	worker-cs-18	Label-A	2001
1	pernode	worker-cs-18	Label-A	2002
1	pernode	worker-cs-18	Label-A	2002
1	pernode	worker-cs-18	Label-A	2001
1	pernode	worker-cs-18	Label-A	2001
1	pernode	worker-cs-18	Label-A	2002
1	pernode	worker-cs-18	Label-A	2002
1	pernode	worker-cs-18	Label-A	2001
1	pernode	worker-cs-18	Label-A	2002
1	pernode	worker-cs-18	Label-A	2002
1	pernode	worker-cs-18	Label-A	2003
1	pernode	worker-cs-18	Label-A	2002
1	pernode	worker-cs-18	Label-A	2002
1	pernode	worker-cs-18	Label-A	2001
1	pernode	worker-cs-18	Label-A	2002
1	pernode	worker-cs-18	Label-A	2002
1	pernode	worker-cs-18	Label-A	2001
1	pernode	worker-cs-18	Label-A	2001
1	pernode	worker-cs-18	Label-A	2001
1	pernode	worker-cs-18	Label-A	2001
1	pernode	worker-cs-18	Label-A	2002
1	pernode	worker-cs-18	Label-A	2002
1	pernode	worker-cs-18	Label-A	2002
1	pernode	worker-cs-18	Label-A	2001
1	pernode	worker-cs-18	Label-A	2001
1	pernode	worker-cs-18	Label-A	2001
1	pernode	worker-cs-18	Label-A	2002
1	pernode	worker-cs-18	Label-A	2001
1	pernode	worker-cs-18	Label-A	2001
1	pernode	worker-cs-18	Label-A	2001
1	pernode	worker-cs-18	Label-A	2001
1	pernode	worker-cs-18	Label-A	2002
1	pernode	worker-cs-18	Label-A	2001
1	pernode	worker-cs-18	Label-A	2001
1	pernode	worker-cs-18	Label-A	2002
1	pernode	worker-cs-18	Label-A	2002
1	pernode	worker-cs-18	Label-A	2002
1	pernode	worker-cs-18	Label-A	2002
1	pernode	worker-cs-18	Label-A	2001
1	pernode	worker-cs-18	Label-A	2002
1	pernode	worker-cs-18	Label-A	2002
1	pernode	worker-cs-18	Label-A	2001
1	pernode	worker-cs-18	Label-A	2004
1	pernode	worker-cs-18	Label-A	2001
1	pernode	worker-cs-18	Label-A	2001
1	pernode	worker-cs-18	Label-A	2002
1	pernode	worker-cs-18	Label-A	2001
1	pernode	worker-cs-18	Label-A	2002
1	pernode	worker-cs-18	Label-A	2001
1	pernode	worker-cs-18	Label-A	2001
1	pernode	worker-cs-18	Label-A	2001
1	pernode	worker-cs-18	Label-A	2002
1	pernode	worker-cs-18	Label-A	2002
1	pernode	worker-cs-18	Label-A	2002
1	pernode	worker-cs-18	Label-A	2001
1	pernode	worker-cs-18	Label-A	2002
1	pernode	worker-cs-18	Label-A	2002
1	pernode	worker-cs-18	Label-A	2002
1	pernode	worker-cs-18	Label-A	2002
1	pernode	worker-cs-18	Label-A	2001
1	pernode	worker-cs-18	Label-A	2001
1	pernode	worker-cs-18	Label-A	2001
1	pernode	worker-cs-18	Label-A	2001
1	pernode	worker-cs-18	Label-A	2001
1	pernode	worker-cs-18	Label-A	2001
1	pernode	worker-cs-18	Label-A	2001
1	pernode	worker-cs-18	Label-A	2002
1	pernode	worker-cs-18	Label-A	2002
1	pernode	worker-cs-18	Label-A	2002
1	pernode	worker-cs-18	Label-A	2002
1	pernode	worker-cs-18	Label-A	2000
1	pernode	worker-cs-18	Label-A	2002
1	pernode	worker-cs-18	Label-A	2001
1	pernode	worker-cs-18	Label-A	2002
1	pernode	worker-cs-18	Label-A	2001
1	pernode	worker-cs-18	Label-A	2002
1	pernode	worker-cs-18	Label-A	2001
1	pernode	worker-cs-18	Label-A	2001
1	pernode	worker-cs-18	Label-A	2001
1	pernode	worker-cs-18	Label-A	2002
1	pernode	worker-cs-18	Label-A	2002
1	pernode	worker-cs-18	Label-A	2002
1	pernode	worker-cs-18	Label-A	2002
1	pernode	worker-cs-18	Label-A	2002
1	pernode	worker-cs-18	Label-A	2001
1	pernode	worker-cs-18	Label-A	2002
1	pernode	worker-cs-18	Label-A	2002
1	pernode	worker-cs-18	Label-A	2002
1	pernode	worker-cs-18	Label-A	2001
1	pernode	worker-cs-18	Label-A	2001
1	pernode	worker-cs-18	Label-A	2001
1	pernode	worker-cs-18	Label-A	2001
1	pernode	worker-cs-18	Label-A	2001
1	pernode	worker-cs-18	Label-A	2002
1	pernode	worker-cs-18	Label-A	2001
1	pernode	worker-cs-18	Label-A	2002
1	pernode	worker-cs-18	Label-A	2001
1	pernode	worker-cs-18	Label-A	2001
1	pernode	worker-cs-18	Label-A	2001
1	pernode	worker-cs-18	Label-A	2002
1	pernode	worker-cs-18	Label-A	2002
1	pernode	worker-cs-18	Label-A	2002
1	pernode	worker-cs-18	Label-A	2002
1	pernode	worker-cs-18	Label-A	2002
1	pernode	worker-cs-18	Label-A	2002
1	pernode	worker-cs-18	Label-A	2001
1	pernode	worker-cs-18	Label-A	2001
1	pernode	worker-cs-18	Label-A	2002
1	pernode	worker-cs-18	Label-A	2002
1	pernode	worker-cs-18	Label-A	2001
1	pernode	worker-cs-18	Label-A	2002
1	pernode	worker-cs-18	Label-A	2002
1	pernode	worker-cs-18	Label-A	2001
1	pernode	worker-cs-18	Label-A	2001
1	pernode	worker-cs-18	Label-A	2001
1	pernode	worker-cs-18	Label-A	2002
1	pernode	worker-cs-18	Label-A	2001
1	pernode	worker-cs-18	Label-A	2001
1	pernode	worker-cs-18	Label-A	2001
1	pernode	worker-cs-18	Label-A	2001
1	pernode	worker-cs-18	Label-A	2001
1	pernode	worker-cs-18	Label-A	2002
1	pernode	worker-cs-18	Label-A	2002
1	pernode	worker-cs-18	Label-A	2001
1	pernode	worker-cs-18	Label-A	2001
1	pernode	worker-cs-18	Label-A	2002
1	pernode	worker-cs-18	Label-A	2001
1	pernode	worker-cs-18	Label-A	2002
1	pernode	worker-cs-18	Label-A	2002
1	pernode	worker-cs-18	Label-A	2001
1	pernode	worker-cs-18	Label-A	2001
1	pernode	worker-cs-18	Label-A	2001
1	pernode	worker-cs-18	Label-A	2001
1	pernode	worker-cs-18	Label-A	2002
1	pernode	worker-cs-18	Label-A	2002
1	pernode	worker-cs-18	Label-A	2001
1	pernode	worker-cs-18	Label-A	2002
1	pernode	worker-cs-18	Label-A	2001
1	pernode	worker-cs-18	Label-A	2001
1	pernode	worker-cs-18	Label-A	2001
1	pernode	worker-cs-18	Label-A	2001
1	pernode	worker-cs-18	Label-A	2001
1	pernode	worker-cs-18	Label-A	2001
1	pernode	worker-cs-18	Label-A	2001
1	pernode	worker-cs-18	Label-A	2002
1	pernode	worker-cs-18	Label-A	2001
1	pernode	worker-cs-18	Label-A	2002
1	pernode	worker-cs-18	Label-A	2001
1	pernode	worker-cs-18	Label-A	2002
1	pernode	worker-cs-18	Label-A	2001
1	pernode	worker-cs-18	Label-A	2002
1	pernode	worker-cs-18	Label-A	2002
1	pernode	worker-cs-18	Label-A	2001
1	pernode	worker-cs-18	Label-A	2003
1	pernode	worker-cs-18	Label-A	2001
1	pernode	worker-cs-18	Label-A	2001
1	pernode	worker-cs-18	Label-A	2001
1	pernode	worker-cs-18	Label-A	2001
1	pernode	worker-cs-18	Label-A	2001
1	pernode	worker-cs-18	Label-A	2001
1	pernode	worker-cs-18	Label-A	2001
1	pernode	worker-cs-18	Label-A	2001
1	pernode	worker-cs-18	Label-A	2001
1	pernode	worker-cs-18	Label-A	2001
1	pernode	worker-cs-18	Label-A	2001
1	pernode	worker-cs-18	Label-A	2001
1	pernode	worker-cs-18	Label-A	2001
1	pernode	worker-cs-18	Label-A	2001
1	pernode	worker-cs-18	Label-A	2001
1	pernode	worker-cs-18	Label-A	2001
1	pernode	worker-cs-18	Label-A	2001
1	pernode	worker-cs-18	Label-A	2001
1	pernode	worker-cs-18	Label-A	2002
1	pernode	worker-cs-18	Label-A	2002
1	pernode	worker-cs-18	Label-A	2001
1	pernode	worker-cs-18	Label-A	2002
1	pernode	worker-cs-18	Label-A	2002
1	pernode	worker-cs-18	Label-A	2002
1	pernode	worker-cs-18	Label-A	2002
1	pernode	worker-cs-18	Label-A	2001
1	pernode	worker-cs-18	Label-A	2003
1	pernode	worker-cs-18	Label-A	2001
1	pernode	worker-cs-18	Label-A	2001
1	pernode	worker-cs-18	Label-A	2001
1	pernode	worker-cs-18	Label-A	2001
1	pernode	worker-cs-18	Label-A	2002
1	pernode	worker-cs-18	Label-A	2001
1	pernode	worker-cs-18	Label-A	2002
1	pernode	worker-cs-18	Label-A	2004
1	pernode	worker-cs-18	Label-A	2002
1	pernode	worker-cs-18	Label-A	2003
1	pernode	worker-cs-18	Label-A	2002
1	pernode	worker-cs-18	Label-A	2002
1	pernode	worker-cs-18	Label-A	2001
1	pernode	worker-cs-18	Label-A	2002
1	pernode	worker-cs-18	Label-A	2001
1	pernode	worker-cs-18	Label-A	2001
1	pernode	worker-cs-18	Label-A	2002
1	pernode	worker-cs-18	Label-A	2002
1	pernode	worker-cs-18	Label-A	2002
1	pernode	worker-cs-18	Label-A	2001
1	pernode	worker-cs-18	Label-A	2002
1	pernode	worker-cs-18	Label-A	2003
1	pernode	worker-cs-18	Label-A	2001
1	pernode	worker-cs-18	Label-A	2001
1	pernode	worker-cs-18	Label-A	2002
1	pernode	worker-cs-18	Label-A	2002
1	pernode	worker-cs-18	Label-A	2001
1	pernode	worker-cs-18	Label-A	2001
1	pernode	worker-cs-18	Label-A	2000
1	pernode	worker-cs-18	Label-A	2001
1	pernode	worker-cs-18	Label-A	2001
1	pernode	worker-cs-18	Label-A	2002
1	pernode	worker-cs-18	Label-A	2001
1	pernode	worker-cs-18	Label-A	2002
1	pernode	worker-cs-18	Label-A	2002
1	pernode	worker-cs-18	Label-A	2002
1	pernode	worker-cs-18	Label-A	2001
1	pernode	worker-cs-18	Label-A	2001
1	pernode	worker-cs-18	Label-A	2001
1	pernode	worker-cs-18	Label-A	2002
1	pernode	worker-cs-18	Label-A	2001
1	pernode	worker-cs-18	Label-A	2001
1	pernode	worker-cs-18	Label-A	2001
1	pernode	worker-cs-18	Label-A	2002
1	pernode	worker-cs-18	Label-A	2002
1	pernode	worker-cs-18	Label-A	2002
1	pernode	worker-cs-18	Label-A	2001
1	pernode	worker-cs-18	Label-A	2002
1	pernode	worker-cs-18	Label-A	2001
1	pernode	worker-cs-18	Label-A	2002
1	pernode	worker-cs-18	Label-A	2001
1	pernode	worker-cs-18	Label-A	2002
1	pernode	worker-cs-18	Label-A	2002
1	pernode	worker-cs-18	Label-A	2002
1	pernode	worker-cs-18	Label-A	2002
1	pernode	worker-cs-18	Label-A	2002
1	pernode	worker-cs-18	Label-A	2001
1	pernode	worker-cs-18	Label-A	2001
1	pernode	worker-cs-18	Label-A	2001
1	pernode	worker-cs-18	Label-A	2001
1	pernode	worker-cs-18	Label-A	2001
1	pernode	worker-cs-18	Label-A	2002
1	pernode	worker-cs-18	Label-A	2002
1	pernode	worker-cs-18	Label-A	2002
1	pernode	worker-cs-18	Label-A	2002
1	pernode	worker-cs-18	Label-A	2001
1	pernode	worker-cs-18	Label-A	2002
1	pernode	worker-cs-18	Label-A	2003
1	pernode	worker-cs-18	Label-A	2002
1	pernode	worker-cs-18	Label-A	2001
1	pernode	worker-cs-18	Label-A	2001
1	pernode	worker-cs-18	Label-A	2001
1	pernode	worker-cs-18	Label-A	2002
1	pernode	worker-cs-18	Label-A	2001
1	pernode	worker-cs-18	Label-A	2003
1	pernode	worker-cs-18	Label-A	2001
1	pernode	worker-cs-18	Label-A	2000
1	pernode	worker-cs-18	Label-A	2002
1	pernode	worker-cs-18	Label-A	2002
1	pernode	worker-cs-18	Label-A	2001
1	pernode	worker-cs-18	Label-A	2002
1	pernode	worker-cs-18	Label-A	2002
1	pernode	worker-cs-18	Label-A	2002
1	pernode	worker-cs-18	Label-A	2001
1	pernode	worker-cs-18	Label-A	2001
1	pernode	worker-cs-18	Label-A	2001
1	pernode	worker-cs-18	Label-A	2001
1	pernode	worker-cs-18	Label-A	2002
1	pernode	worker-cs-18	Label-A	2002
1	pernode	worker-cs-18	Label-A	2001
1	pernode	worker-cs-18	Label-A	2001
1	pernode	worker-cs-18	Label-A	2000
1	pernode	worker-cs-18	Label-A	2002
1	pernode	worker-cs-18	Label-A	2002
1	pernode	worker-cs-18	Label-A	2001
1	pernode	worker-cs-18	Label-A	2002
1	pernode	worker-cs-18	Label-A	2001
1	pernode	worker-cs-18	Label-A	2002
1	pernode	worker-cs-18	Label-A	2001
1	pernode	worker-cs-18	Label-A	2001
1	pernode	worker-cs-18	Label-A	2001
1	pernode	worker-cs-18	Label-A	2001
1	pernode	worker-cs-18	Label-A	2001
1	pernode	worker-cs-18	Label-A	2001
1	pernode	worker-cs-18	Label-A	2001
1	pernode	worker-cs-18	Label-A	2002
1	pernode	worker-cs-18	Label-A	2001
1	pernode	worker-cs-18	Label-A	2002
1	pernode	worker-cs-18	Label-A	2001
1	pernode	worker-cs-18	Label-A	2002
1	pernode	worker-cs-18	Label-A	2002
1	pernode	worker-cs-18	Label-A	2001
1	pernode	worker-cs-18	Label-A	2002
1	pernode	worker-cs-18	Label-A	2001
1	pernode	worker-cs-18	Label-A	2001
1	pernode	worker-cs-18	Label-A	2002
1	pernode	worker-cs-18	Label-A	2001
1	pernode	worker-cs-18	Label-A	2002
1	pernode	worker-cs-18	Label-A	2002
1	pernode	worker-cs-18	Label-A	2001
1	pernode	worker-cs-18	Label-A	2002
1	pernode	worker-cs-18	Label-A	2001
1	pernode	worker-cs-18	Label-A	2002
1	pernode	worker-cs-18	Label-A	2001
1	pernode	worker-cs-18	Label-A	2002
1	pernode	worker-cs-18	Label-A	2001
1	pernode	worker-cs-18	Label-A	2001
1	pernode	worker-cs-18	Label-A	2001
1	pernode	worker-cs-18	Label-A	2001
1	pernode	worker-cs-18	Label-A	2002
1	pernode	worker-cs-18	Label-A	2001
1	pernode	worker-cs-18	Label-A	2001
1	pernode	worker-cs-18	Label-A	2002
1	pernode	worker-cs-18	Label-A	2002
1	pernode	worker-cs-18	Label-A	2001
1	pernode	worker-cs-18	Label-A	2001
1	pernode	worker-cs-18	Label-A	2003
1	pernode	worker-cs-18	Label-A	2001
1	pernode	worker-cs-18	Label-A	2001
1	pernode	worker-cs-18	Label-A	2002
1	pernode	worker-cs-18	Label-A	2001
1	pernode	worker-cs-18	Label-A	2001
1	pernode	worker-cs-18	Label-A	2002
1	pernode	worker-cs-18	Label-A	2002
1	pernode	worker-cs-18	Label-A	2001
1	pernode	worker-cs-18	Label-A	2000
1	pernode	worker-cs-18	Label-A	2001
1	pernode	worker-cs-18	Label-A	2002
1	pernode	worker-cs-18	Label-A	2001
1	pernode	worker-cs-18	Label-A	2002
1	pernode	worker-cs-18	Label-A	2001
1	pernode	worker-cs-18	Label-A	2002
1	pernode	worker-cs-18	Label-A	2001
1	pernode	worker-cs-18	Label-A	2002
1	pernode	worker-cs-18	Label-A	2001
1	pernode	worker-cs-18	Label-A	2002
1	pernode	worker-cs-18	Label-A	2001
1	pernode	worker-cs-18	Label-A	2001
1	pernode	worker-cs-18	Label-A	2002
1	pernode	worker-cs-18	Label-A	2003
1	pernode	worker-cs-18	Label-A	2001
1	pernode	worker-cs-18	Label-A	2002
1	pernode	worker-cs-18	Label-A	2001
1	pernode	worker-cs-18	Label-A	2001
1	pernode	worker-cs-18	Label-A	2001
1	pernode	worker-cs-18	Label-A	2002
1	pernode	worker-cs-18	Label-A	2002
1	pernode	worker-cs-18	Label-A	2002
1	pernode	worker-cs-18	Label-A	2002
1	pernode	worker-cs-18	Label-A	2001
1	pernode	worker-cs-18	Label-A	2002
1	pernode	worker-cs-18	Label-A	2002
1	pernode	worker-cs-18	Label-A	2002
1	pernode	worker-cs-18	Label-A	2001
1	pernode	worker-cs-18	Label-A	2001
1	pernode	worker-cs-18	Label-A	2001
1	pernode	worker-cs-18	Label-A	2002
1	pernode	worker-cs-18	Label-A	2001
1	pernode	worker-cs-18	Label-A	2002
1	pernode	worker-cs-18	Label-A	2002
1	pernode	worker-cs-18	Label-A	2002
1	pernode	worker-cs-18	Label-A	2002
1	pernode	worker-cs-18	Label-A	2002
1	pernode	worker-cs-18	Label-A	2001
1	pernode	worker-cs-18	Label-A	2001
1	pernode	worker-cs-18	Label-A	2001
1	pernode	worker-cs-18	Label-A	2002
1	pernode	worker-cs-18	Label-A	2001
1	pernode	worker-cs-18	Label-A	2001
1	pernode	worker-cs-18	Label-A	2002
1	pernode	worker-cs-18	Label-A	2002
1	pernode	worker-cs-18	Label-A	2002
1	pernode	worker-cs-18	Label-A	2003
1	pernode	worker-cs-18	Label-A	2001
1	pernode	worker-cs-18	Label-A	2002
1	pernode	worker-cs-18	Label-A	2002
1	pernode	worker-cs-18	Label-A	2001
1	pernode	worker-cs-18	Label-A	2002
1	pernode	worker-cs-18	Label-A	2002
1	pernode	worker-cs-18	Label-A	2001
1	pernode	worker-cs-18	Label-A	2001
1	pernode	worker-cs-18	Label-A	2002
1	pernode	worker-cs-18	Label-A	2001
1	pernode	worker-cs-18	Label-A	2001
1	pernode	worker-cs-18	Label-A	2000
1	pernode	worker-cs-18	Label-A	2000
1	pernode	worker-cs-18	Label-A	2002
1	pernode	worker-cs-18	Label-A	2002
1	pernode	worker-cs-18	Label-A	2002
1	pernode	worker-cs-18	Label-A	2001
1	pernode	worker-cs-18	Label-A	2001
1	pernode	worker-cs-18	Label-A	2001
1	pernode	worker-cs-18	Label-A	2002
1	pernode	worker-cs-18	Label-A	2001
1	pernode	worker-cs-18	Label-A	2001
1	pernode	worker-cs-18	Label-A	2002
1	pernode	worker-cs-18	Label-A	2001
1	pernode	worker-cs-18	Label-A	2002
1	pernode	worker-cs-18	Label-A	2002
1	pernode	worker-cs-18	Label-A	2001
1	pernode	worker-cs-18	Label-A	2001
1	pernode	worker-cs-18	Label-A	2002
1	pernode	worker-cs-18	Label-A	2002
1	pernode	worker-cs-18	Label-A	2001
1	pernode	worker-cs-18	Label-A	2001
1	pernode	worker-cs-18	Label-A	2001
1	pernode	worker-cs-18	Label-A	2001
1	pernode	worker-cs-18	Label-A	2001
1	pernode	worker-cs-18	Label-A	2002
1	pernode	worker-cs-18	Label-A	2002
1	pernode	worker-cs-18	Label-A	2001
1	pernode	worker-cs-18	Label-A	2001
1	pernode	worker-cs-18	Label-A	2002
1	pernode	worker-cs-18	Label-A	2001
1	pernode	worker-cs-18	Label-A	2001
1	pernode	worker-cs-18	Label-A	2002
1	pernode	worker-cs-18	Label-A	2001
1	pernode	worker-cs-18	Label-A	2002
1	pernode	worker-cs-18	Label-A	2001
1	pernode	worker-cs-18	Label-A	2003
1	pernode	worker-cs-18	Label-A	2002
1	pernode	worker-cs-18	Label-A	2001
1	pernode	worker-cs-18	Label-A	2001
1	pernode	worker-cs-18	Label-A	2001
1	pernode	worker-cs-18	Label-A	2002
1	pernode	worker-cs-18	Label-A	2001
1	pernode	worker-cs-18	Label-A	2002
1	pernode	worker-cs-18	Label-A	2002
1	pernode	worker-cs-18	Label-A	2001
1	pernode	worker-cs-18	Label-A	2001
1	pernode	worker-cs-18	Label-A	2001
1	pernode	worker-cs-18	Label-A	2001
1	pernode	worker-cs-18	Label-A	2002
1	pernode	worker-cs-18	Label-A	2002
1	pernode	worker-cs-18	Label-A	2001
1	pernode	worker-cs-18	Label-A	2002
1	pernode	worker-cs-18	Label-A	2002
1	pernode	worker-cs-18	Label-A	2001
1	pernode	worker-cs-18	Label-A	2002
1	pernode	worker-cs-18	Label-A	2001
1	pernode	worker-cs-18	Label-A	2002
1	pernode	worker-cs-18	Label-A	2002
1	pernode	worker-cs-18	Label-A	2002
1	pernode	worker-cs-18	Label-A	2001
1	pernode	worker-cs-18	Label-A	2002
1	pernode	worker-cs-18	Label-A	2002
1	pernode	worker-cs-18	Label-A	2001
1	pernode	worker-cs-18	Label-A	2002
1	pernode	worker-cs-18	Label-A	2002
1	pernode	worker-cs-18	Label-A	2001
1	pernode	worker-cs-18	Label-A	2002
1	pernode	worker-cs-18	Label-A	2001
1	pernode	worker-cs-18	Label-A	2001
1	pernode	worker-cs-18	Label-A	2002
1	pernode	worker-cs-18	Label-A	2001
1	pernode	worker-cs-18	Label-A	2001
1	pernode	worker-cs-18	Label-A	2001
1	pernode	worker-cs-18	Label-A	2002
1	pernode	worker-cs-18	Label-A	2001
1	pernode	worker-cs-18	Label-A	2002
1	pernode	worker-cs-18	Label-A	2001
1	pernode	worker-cs-18	Label-A	2002
1	pernode	worker-cs-18	Label-A	2002
1	pernode	worker-cs-18	Label-A	2001
1	pernode	worker-cs-18	Label-A	2002
1	pernode	worker-cs-18	Label-A	2002
1	pernode	worker-cs-18	Label-A	2002
1	pernode	worker-cs-18	Label-A	2002
1	pernode	worker-cs-18	Label-A	2002
1	pernode	worker-cs-18	Label-A	2001
1	pernode	worker-cs-18	Label-A	2002
1	pernode	worker-cs-18	Label-A	2002
1	pernode	worker-cs-18	Label-A	2002
1	pernode	worker-cs-18	Label-A	2001
1	pernode	worker-cs-18	Label-A	2001
1	pernode	worker-cs-18	Label-A	2002
1	pernode	worker-cs-18	Label-A	2002
1	pernode	worker-cs-18	Label-A	2002
1	pernode	worker-cs-18	Label-A	2002
1	pernode	worker-cs-18	Label-A	2002
1	pernode	worker-cs-18	Label-A	2001
1	pernode	worker-cs-18	Label-A	2002
1	pernode	worker-cs-18	Label-A	2001
1	pernode	worker-cs-18	Label-A	2002
1	pernode	worker-cs-18	Label-A	2002
1	pernode	worker-cs-18	Label-A	2001
1	pernode	worker-cs-18	Label-A	2001
1	pernode	worker-cs-18	Label-A	2005
1	pernode	worker-cs-18	Label-A	2002
1	pernode	worker-cs-18	Label-A	2001
1	pernode	worker-cs-18	Label-A	2002
1	pernode	worker-cs-18	Label-A	2001
1	pernode	worker-cs-18	Label-A	2002
1	pernode	worker-cs-18	Label-A	2001
1	pernode	worker-cs-18	Label-A	2001
1	pernode	worker-cs-18	Label-A	2003
1	pernode	worker-cs-18	Label-A	2001
1	pernode	worker-cs-18	Label-A	2002
1	pernode	worker-cs-18	Label-A	2001
1	pernode	worker-cs-18	Label-A	2002
1	pernode	worker-cs-18	Label-A	2002
1	pernode	worker-cs-18	Label-A	2002
1	pernode	worker-cs-18	Label-A	2002
1	pernode	worker-cs-18	Label-A	2001
1	pernode	worker-cs-18	Label-A	2001
1	pernode	worker-cs-18	Label-A	2001
1	pernode	worker-cs-18	Label-A	2002
1	pernode	worker-cs-18	Label-A	2003
1	pernode	worker-cs-18	Label-A	2001
1	pernode	worker-cs-18	Label-A	2002
1	pernode	worker-cs-18	Label-A	2002
1	pernode	worker-cs-18	Label-A	2002
1	pernode	worker-cs-18	Label-A	2001
1	pernode	worker-cs-18	Label-A	2002
1	pernode	worker-cs-18	Label-A	2002
1	pernode	worker-cs-18	Label-A	2002
1	pernode	worker-cs-18	Label-A	2001
1	pernode	worker-cs-18	Label-A	2001
1	pernode	worker-cs-18	Label-A	2002
1	pernode	worker-cs-18	Label-A	2002
1	pernode	worker-cs-18	Label-A	2001
1	pernode	worker-cs-18	Label-A	2001
1	pernode	worker-cs-18	Label-A	2001
1	pernode	worker-cs-18	Label-A	2002
1	pernode	worker-cs-18	Label-A	2001
1	pernode	worker-cs-18	Label-A	2001
1	pernode	worker-cs-1	Label-C	2002
1	pernode	worker-cs-1	Label-C	45002
1	pernode	worker-cs-1	Label-C	2001
1	pernode	worker-cs-1	Label-C	2004
1	pernode	worker-cs-1	Label-C	2001
1	pernode	worker-cs-1	Label-C	2002
1	pernode	worker-cs-1	Label-C	2001
1	pernode	worker-cs-1	Label-C	2002
1	pernode	worker-cs-1	Label-C	2002
1	pernode	worker-cs-1	Label-C	2001
1	pernode	worker-cs-1	Label-C	2002
1	pernode	worker-cs-1	Label-C	2002
1	pernode	worker-cs-1	Label-C	2002
1	pernode	worker-cs-1	Label-C	2003
1	pernode	worker-cs-1	Label-C	2002
1	pernode	worker-cs-1	Label-C	2002
1	pernode	worker-cs-1	Label-C	2002
1	pernode	worker-cs-1	Label-C	2001
1	pernode	worker-cs-1	Label-C	2002
1	pernode	worker-cs-1	Label-C	2002
1	pernode	worker-cs-1	Label-C	2002
1	pernode	worker-cs-1	Label-C	2002
1	pernode	worker-cs-1	Label-C	2002
1	pernode	worker-cs-1	Label-C	2002
1	pernode	worker-cs-1	Label-C	2002
1	pernode	worker-cs-1	Label-C	2002
1	pernode	worker-cs-1	Label-C	2001
1	pernode	worker-cs-1	Label-C	2002
1	pernode	worker-cs-1	Label-C	2002
1	pernode	worker-cs-1	Label-C	2002
1	pernode	worker-cs-1	Label-C	2002
1	pernode	worker-cs-1	Label-C	2002
1	pernode	worker-cs-1	Label-C	2001
1	pernode	worker-cs-1	Label-C	2002
1	pernode	worker-cs-1	Label-C	2001
1	pernode	worker-cs-1	Label-C	2002
1	pernode	worker-cs-1	Label-C	2002
1	pernode	worker-cs-1	Label-C	2002
1	pernode	worker-cs-1	Label-C	2002
1	pernode	worker-cs-1	Label-C	2002
1	pernode	worker-cs-1	Label-C	2003
1	pernode	worker-cs-1	Label-C	2002
1	pernode	worker-cs-1	Label-C	2003
1	pernode	worker-cs-1	Label-C	2001
1	pernode	worker-cs-1	Label-C	2002
1	pernode	worker-cs-1	Label-C	2002
1	pernode	worker-cs-1	Label-C	2001
1	pernode	worker-cs-1	Label-C	2001
1	pernode	worker-cs-1	Label-C	2002
1	pernode	worker-cs-1	Label-C	2002
1	pernode	worker-cs-1	Label-C	2002
1	pernode	worker-cs-1	Label-C	2001
1	pernode	worker-cs-1	Label-C	2002
1	pernode	worker-cs-1	Label-C	2003
1	pernode	worker-cs-1	Label-C	2001
1	pernode	worker-cs-1	Label-C	2001
1	pernode	worker-cs-1	Label-C	2002
1	pernode	worker-cs-1	Label-C	2001
1	pernode	worker-cs-1	Label-C	2001
1	pernode	worker-cs-1	Label-C	2002
1	pernode	worker-cs-1	Label-C	2002
1	pernode	worker-cs-1	Label-C	2002
1	pernode	worker-cs-1	Label-C	2001
1	pernode	worker-cs-1	Label-C	2002
1	pernode	worker-cs-1	Label-C	2002
1	pernode	worker-cs-1	Label-C	2003
1	pernode	worker-cs-1	Label-C	2002
1	pernode	worker-cs-1	Label-C	2002
1	pernode	worker-cs-1	Label-C	2003
1	pernode	worker-cs-1	Label-C	2003
1	pernode	worker-cs-1	Label-C	2002
1	pernode	worker-cs-1	Label-C	2001
1	pernode	worker-cs-1	Label-C	2002
1	pernode	worker-cs-1	Label-C	2002
1	pernode	worker-cs-1	Label-C	2002
1	pernode	worker-cs-1	Label-C	2002
1	pernode	worker-cs-1	Label-C	2003
1	pernode	worker-cs-1	Label-C	2003
1	pernode	worker-cs-1	Label-C	2002
1	pernode	worker-cs-1	Label-C	2001
1	pernode	worker-cs-1	Label-C	2001
1	pernode	worker-cs-1	Label-C	2002
1	pernode	worker-cs-1	Label-C	2002
1	pernode	worker-cs-1	Label-C	2002
1	pernode	worker-cs-1	Label-C	2002
1	pernode	worker-cs-1	Label-C	2002
1	pernode	worker-cs-1	Label-C	2002
1	pernode	worker-cs-1	Label-C	2003
1	pernode	worker-cs-1	Label-C	2002
1	pernode	worker-cs-1	Label-C	2002
1	pernode	worker-cs-1	Label-C	2001
1	pernode	worker-cs-1	Label-C	2001
1	pernode	worker-cs-1	Label-C	2002
1	pernode	worker-cs-1	Label-C	2002
1	pernode	worker-cs-1	Label-C	2002
1	pernode	worker-cs-1	Label-C	2003
1	pernode	worker-cs-1	Label-C	2002
1	pernode	worker-cs-1	Label-C	2002
1	pernode	worker-cs-1	Label-C	2001
1	pernode	worker-cs-1	Label-C	2002
1	pernode	worker-cs-1	Label-C	2002
1	pernode	worker-cs-1	Label-C	2001
1	pernode	worker-cs-1	Label-C	2002
1	pernode	worker-cs-1	Label-C	2002
1	pernode	worker-cs-1	Label-C	2001
1	pernode	worker-cs-1	Label-C	2002
1	pernode	worker-cs-1	Label-C	2001
1	pernode	worker-cs-1	Label-C	2002
1	pernode	worker-cs-1	Label-C	2003
1	pernode	worker-cs-1	Label-C	2002
1	pernode	worker-cs-1	Label-C	2001
1	pernode	worker-cs-1	Label-C	2002
1	pernode	worker-cs-1	Label-C	2001
1	pernode	worker-cs-1	Label-C	2002
1	pernode	worker-cs-1	Label-C	2001
1	pernode	worker-cs-1	Label-C	2002
1	pernode	worker-cs-1	Label-C	2001
1	pernode	worker-cs-1	Label-C	2003
1	pernode	worker-cs-1	Label-C	2002
1	pernode	worker-cs-1	Label-C	2002
1	pernode	worker-cs-1	Label-C	2002
1	pernode	worker-cs-1	Label-C	2002
1	pernode	worker-cs-1	Label-C	2002
1	pernode	worker-cs-1	Label-C	2003
1	pernode	worker-cs-1	Label-C	2003
1	pernode	worker-cs-1	Label-C	2001
1	pernode	worker-cs-1	Label-C	2002
1	pernode	worker-cs-1	Label-C	2002
1	pernode	worker-cs-1	Label-C	2002
1	pernode	worker-cs-1	Label-C	2003
1	pernode	worker-cs-1	Label-C	2002
1	pernode	worker-cs-1	Label-C	2003
1	pernode	worker-cs-1	Label-C	2002
1	pernode	worker-cs-1	Label-C	2002
1	pernode	worker-cs-1	Label-C	2002
1	pernode	worker-cs-1	Label-C	2002
1	pernode	worker-cs-1	Label-C	2005
1	pernode	worker-cs-1	Label-C	2002
1	pernode	worker-cs-1	Label-C	2003
1	pernode	worker-cs-1	Label-C	2002
1	pernode	worker-cs-1	Label-C	2002
1	pernode	worker-cs-1	Label-C	2002
1	pernode	worker-cs-1	Label-C	2002
1	pernode	worker-cs-1	Label-C	2002
1	pernode	worker-cs-1	Label-C	2002
1	pernode	worker-cs-1	Label-C	2002
1	pernode	worker-cs-1	Label-C	2002
1	pernode	worker-cs-1	Label-C	2002
1	pernode	worker-cs-1	Label-C	2002
1	pernode	worker-cs-1	Label-C	2003
1	pernode	worker-cs-1	Label-C	2003
1	pernode	worker-cs-1	Label-C	2002
1	pernode	worker-cs-1	Label-C	2002
1	pernode	worker-cs-1	Label-C	2002
1	pernode	worker-cs-1	Label-C	2002
1	pernode	worker-cs-1	Label-C	2002
1	pernode	worker-cs-1	Label-C	2002
1	pernode	worker-cs-1	Label-C	2002
1	pernode	worker-cs-1	Label-C	2002
1	pernode	worker-cs-1	Label-C	2004
1	pernode	worker-cs-1	Label-C	2003
1	pernode	worker-cs-1	Label-C	2002
1	pernode	worker-cs-1	Label-C	2003
1	pernode	worker-cs-1	Label-C	2001
1	pernode	worker-cs-1	Label-C	2001
1	pernode	worker-cs-1	Label-C	2003
1	pernode	worker-cs-1	Label-C	2003
1	pernode	worker-cs-1	Label-C	2002
1	pernode	worker-cs-1	Label-C	2003
1	pernode	worker-cs-1	Label-C	2002
1	pernode	worker-cs-1	Label-C	2002
1	pernode	worker-cs-1	Label-C	2002
1	pernode	worker-cs-1	Label-C	2002
1	pernode	worker-cs-1	Label-C	2002
1	pernode	worker-cs-1	Label-C	2002
1	pernode	worker-cs-1	Label-C	2001
1	pernode	worker-cs-1	Label-C	2003
1	pernode	worker-cs-1	Label-C	2002
1	pernode	worker-cs-1	Label-C	2002
1	pernode	worker-cs-1	Label-C	2002
1	pernode	worker-cs-1	Label-C	2003
1	pernode	worker-cs-1	Label-C	2001
1	pernode	worker-cs-1	Label-C	2001
1	pernode	worker-cs-1	Label-C	2003
1	pernode	worker-cs-1	Label-C	2002
1	pernode	worker-cs-1	Label-C	2002
1	pernode	worker-cs-1	Label-C	2002
1	pernode	worker-cs-1	Label-C	2002
1	pernode	worker-cs-1	Label-C	2000
1	pernode	worker-cs-1	Label-C	2002
1	pernode	worker-cs-1	Label-C	2003
1	pernode	worker-cs-1	Label-C	2001
1	pernode	worker-cs-1	Label-C	2003
1	pernode	worker-cs-1	Label-C	2002
1	pernode	worker-cs-1	Label-C	2002
1	pernode	worker-cs-1	Label-C	2003
1	pernode	worker-cs-1	Label-C	2002
1	pernode	worker-cs-1	Label-C	2002
1	pernode	worker-cs-1	Label-C	2001
1	pernode	worker-cs-1	Label-C	2002
1	pernode	worker-cs-1	Label-C	2002
1	pernode	worker-cs-1	Label-C	2001
1	pernode	worker-cs-1	Label-C	2002
1	pernode	worker-cs-1	Label-C	2002
1	pernode	worker-cs-1	Label-C	2002
1	pernode	worker-cs-1	Label-C	2002
1	pernode	worker-cs-1	Label-C	2003
1	pernode	worker-cs-1	Label-C	2003
1	pernode	worker-cs-1	Label-C	2001
1	pernode	worker-cs-1	Label-C	2003
1	pernode	worker-cs-1	Label-C	2002
1	pernode	worker-cs-1	Label-C	2003
1	pernode	worker-cs-1	Label-C	2001
1	pernode	worker-cs-1	Label-C	2002
1	pernode	worker-cs-1	Label-C	2002
1	pernode	worker-cs-1	Label-C	2002
1	pernode	worker-cs-1	Label-C	2001
1	pernode	worker-cs-1	Label-C	2002
1	pernode	worker-cs-1	Label-C	2002
1	pernode	worker-cs-1	Label-C	2002
1	pernode	worker-cs-1	Label-C	2002
1	pernode	worker-cs-1	Label-C	2002
1	pernode	worker-cs-1	Label-C	2002
1	pernode	worker-cs-1	Label-C	2002
1	pernode	worker-cs-1	Label-C	2001
1	pernode	worker-cs-1	Label-C	2002
1	pernode	worker-cs-1	Label-C	2005
1	pernode	worker-cs-1	Label-C	2001
1	pernode	worker-cs-1	Label-C	2003
1	pernode	worker-cs-1	Label-C	2002
1	pernode	worker-cs-1	Label-C	2003
1	pernode	worker-cs-1	Label-C	2001
1	pernode	worker-cs-1	Label-C	2002
1	pernode	worker-cs-1	Label-C	2002
1	pernode	worker-cs-1	Label-C	2002
1	pernode	worker-cs-1	Label-C	2003
1	pernode	worker-cs-1	Label-C	2002
1	pernode	worker-cs-1	Label-C	2002
1	pernode	worker-cs-1	Label-C	2003
1	pernode	worker-cs-1	Label-C	2002
1	pernode	worker-cs-1	Label-C	2002
1	pernode	worker-cs-1	Label-C	2002
1	pernode	worker-cs-1	Label-C	2002
1	pernode	worker-cs-1	Label-C	2002
1	pernode	worker-cs-1	Label-C	2003
1	pernode	worker-cs-1	Label-C	2001
1	pernode	worker-cs-1	Label-C	2002
1	pernode	worker-cs-1	Label-C	2001
1	pernode	worker-cs-1	Label-C	2003
1	pernode	worker-cs-1	Label-C	2002
1	pernode	worker-cs-1	Label-C	2002
1	pernode	worker-cs-1	Label-C	2001
1	pernode	worker-cs-1	Label-C	2002
1	pernode	worker-cs-1	Label-C	2002
1	pernode	worker-cs-1	Label-C	2002
1	pernode	worker-cs-1	Label-C	2003
1	pernode	worker-cs-1	Label-C	2002
1	pernode	worker-cs-1	Label-C	2002
1	pernode	worker-cs-1	Label-C	2002
1	pernode	worker-cs-1	Label-C	2002
1	pernode	worker-cs-1	Label-C	2001
1	pernode	worker-cs-1	Label-C	2002
1	pernode	worker-cs-1	Label-C	2002
1	pernode	worker-cs-1	Label-C	2002
1	pernode	worker-cs-1	Label-C	2002
1	pernode	worker-cs-1	Label-C	2001
1	pernode	worker-cs-1	Label-C	2002
1	pernode	worker-cs-1	Label-C	2001
1	pernode	worker-cs-1	Label-C	2002
1	pernode	worker-cs-1	Label-C	2002
1	pernode	worker-cs-1	Label-C	2002
1	pernode	worker-cs-1	Label-C	2002
1	pernode	worker-cs-1	Label-C	2001
1	pernode	worker-cs-1	Label-C	2004
1	pernode	worker-cs-1	Label-C	2001
1	pernode	worker-cs-1	Label-C	2002
1	pernode	worker-cs-1	Label-C	2001
1	pernode	worker-cs-1	Label-C	2002
1	pernode	worker-cs-1	Label-C	2002
1	pernode	worker-cs-1	Label-C	2002
1	pernode	worker-cs-1	Label-C	2002
1	pernode	worker-cs-1	Label-C	2001
1	pernode	worker-cs-1	Label-C	2002
1	pernode	worker-cs-1	Label-C	2003
1	pernode	worker-cs-1	Label-C	2002
1	pernode	worker-cs-1	Label-C	2002
1	pernode	worker-cs-1	Label-C	2002
1	pernode	worker-cs-1	Label-C	2002
1	pernode	worker-cs-1	Label-C	2002
1	pernode	worker-cs-1	Label-C	2001
1	pernode	worker-cs-1	Label-C	2002
1	pernode	worker-cs-1	Label-C	2002
1	pernode	worker-cs-1	Label-C	2002
1	pernode	worker-cs-1	Label-C	2003
1	pernode	worker-cs-1	Label-C	2003
1	pernode	worker-cs-1	Label-C	2002
1	pernode	worker-cs-1	Label-C	2002
1	pernode	worker-cs-1	Label-C	2002
1	pernode	worker-cs-1	Label-C	2001
1	pernode	worker-cs-1	Label-C	2002
1	pernode	worker-cs-1	Label-C	2001
1	pernode	worker-cs-1	Label-C	2002
1	pernode	worker-cs-1	Label-C	2001
1	pernode	worker-cs-1	Label-C	2001
1	pernode	worker-cs-1	Label-C	2002
1	pernode	worker-cs-1	Label-C	2002
1	pernode	worker-cs-1	Label-C	2002
1	pernode	worker-cs-1	Label-C	2002
1	pernode	worker-cs-1	Label-C	2007
1	pernode	worker-cs-1	Label-C	2001
1	pernode	worker-cs-1	Label-C	2002
1	pernode	worker-cs-1	Label-C	2002
1	pernode	worker-cs-1	Label-C	2002
1	pernode	worker-cs-1	Label-C	2002
1	pernode	worker-cs-1	Label-C	2002
1	pernode	worker-cs-1	Label-C	2002
1	pernode	worker-cs-1	Label-C	2001
1	pernode	worker-cs-1	Label-C	2001
1	pernode	worker-cs-1	Label-C	2004
1	pernode	worker-cs-1	Label-C	2001
1	pernode	worker-cs-1	Label-C	2001
1	pernode	worker-cs-1	Label-C	2001
1	pernode	worker-cs-1	Label-C	2002
1	pernode	worker-cs-1	Label-C	2002
1	pernode	worker-cs-1	Label-C	2001
1	pernode	worker-cs-1	Label-C	2002
1	pernode	worker-cs-1	Label-C	2002
1	pernode	worker-cs-1	Label-C	2002
1	pernode	worker-cs-1	Label-C	2002
1	pernode	worker-cs-1	Label-C	2003
1	pernode	worker-cs-1	Label-C	2002
1	pernode	worker-cs-1	Label-C	2001
1	pernode	worker-cs-1	Label-C	2002
1	pernode	worker-cs-1	Label-C	2001
1	pernode	worker-cs-1	Label-C	2001
1	pernode	worker-cs-1	Label-C	2001
1	pernode	worker-cs-1	Label-C	2001
1	pernode	worker-cs-1	Label-C	2002
1	pernode	worker-cs-1	Label-C	2002
1	pernode	worker-cs-1	Label-C	2001
1	pernode	worker-cs-1	Label-C	2002
1	pernode	worker-cs-1	Label-C	2002
1	pernode	worker-cs-1	Label-C	2004
1	pernode	worker-cs-1	Label-C	2002
1	pernode	worker-cs-1	Label-C	2002
1	pernode	worker-cs-1	Label-C	2001
1	pernode	worker-cs-1	Label-C	2002
1	pernode	worker-cs-1	Label-C	2003
1	pernode	worker-cs-1	Label-C	2002
1	pernode	worker-cs-1	Label-C	2002
1	pernode	worker-cs-1	Label-C	2003
1	pernode	worker-cs-1	Label-C	2002
1	pernode	worker-cs-1	Label-C	2003
1	pernode	worker-cs-1	Label-C	2001
1	pernode	worker-cs-1	Label-C	2002
1	pernode	worker-cs-1	Label-C	2001
1	pernode	worker-cs-1	Label-C	2002
1	pernode	worker-cs-1	Label-C	2002
1	pernode	worker-cs-1	Label-C	2003
1	pernode	worker-cs-1	Label-C	2001
1	pernode	worker-cs-1	Label-C	2001
1	pernode	worker-cs-1	Label-C	2001
1	pernode	worker-cs-1	Label-C	2001
1	pernode	worker-cs-1	Label-C	2002
1	pernode	worker-cs-1	Label-C	2002
1	pernode	worker-cs-1	Label-C	2003
1	pernode	worker-cs-1	Label-C	2001
1	pernode	worker-cs-1	Label-C	2002
1	pernode	worker-cs-1	Label-C	2003
1	pernode	worker-cs-1	Label-C	2002
1	pernode	worker-cs-1	Label-C	2002
1	pernode	worker-cs-1	Label-C	2002
1	pernode	worker-cs-1	Label-C	2002
1	pernode	worker-cs-1	Label-C	2001
1	pernode	worker-cs-1	Label-C	2002
1	pernode	worker-cs-1	Label-C	2002
1	pernode	worker-cs-1	Label-C	2001
1	pernode	worker-cs-1	Label-C	2001
1	pernode	worker-cs-1	Label-C	2002
1	pernode	worker-cs-1	Label-C	2002
1	pernode	worker-cs-1	Label-C	2002
1	pernode	worker-cs-1	Label-C	2001
1	pernode	worker-cs-1	Label-C	2002
1	pernode	worker-cs-1	Label-C	2002
1	pernode	worker-cs-1	Label-C	2007
1	pernode	worker-cs-1	Label-C	2002
1	pernode	worker-cs-1	Label-C	2004
1	pernode	worker-cs-1	Label-C	2003
1	pernode	worker-cs-1	Label-C	2003
1	pernode	worker-cs-1	Label-C	2002
1	pernode	worker-cs-1	Label-C	2002
1	pernode	worker-cs-1	Label-C	2003
1	pernode	worker-cs-1	Label-C	2002
1	pernode	worker-cs-1	Label-C	2003
1	pernode	worker-cs-1	Label-C	2003
1	pernode	worker-cs-1	Label-C	2002
1	pernode	worker-cs-1	Label-C	2002
1	pernode	worker-cs-1	Label-C	2002
1	pernode	worker-cs-1	Label-C	2002
1	pernode	worker-cs-1	Label-C	2002
1	pernode	worker-cs-1	Label-C	2001
1	pernode	worker-cs-1	Label-C	2003
1	pernode	worker-cs-1	Label-C	2002
1	pernode	worker-cs-1	Label-C	2001
1	pernode	worker-cs-1	Label-C	2001
1	pernode	worker-cs-1	Label-C	2002
1	pernode	worker-cs-1	Label-C	2002
1	pernode	worker-cs-1	Label-C	2002
1	pernode	worker-cs-1	Label-C	2002
1	pernode	worker-cs-1	Label-C	2002
1	pernode	worker-cs-1	Label-C	2002
1	pernode	worker-cs-1	Label-C	2002
1	pernode	worker-cs-1	Label-C	2002
1	pernode	worker-cs-1	Label-C	2002
1	pernode	worker-cs-1	Label-C	2002
1	pernode	worker-cs-1	Label-C	2002
1	pernode	worker-cs-1	Label-C	2003
1	pernode	worker-cs-1	Label-C	2003
1	pernode	worker-cs-1	Label-C	2003
1	pernode	worker-cs-1	Label-C	2002
1	pernode	worker-cs-1	Label-C	2002
1	pernode	worker-cs-1	Label-C	2002
1	pernode	worker-cs-1	Label-C	2002
1	pernode	worker-cs-1	Label-C	2002
1	pernode	worker-cs-1	Label-C	2002
1	pernode	worker-cs-1	Label-C	2002
1	pernode	worker-cs-1	Label-C	2002
1	pernode	worker-cs-1	Label-C	2002
1	pernode	worker-cs-1	Label-C	2002
1	pernode	worker-cs-1	Label-C	2002
1	pernode	worker-cs-1	Label-C	2001
1	pernode	worker-cs-1	Label-C	2002
1	pernode	worker-cs-1	Label-C	2002
1	pernode	worker-cs-1	Label-C	2002
1	pernode	worker-cs-1	Label-C	2002
1	pernode	worker-cs-1	Label-C	2002
1	pernode	worker-cs-1	Label-C	2003
1	pernode	worker-cs-1	Label-C	2002
1	pernode	worker-cs-1	Label-C	2002
1	pernode	worker-cs-1	Label-C	2003
1	pernode	worker-cs-1	Label-C	2002
1	pernode	worker-cs-1	Label-C	2002
1	pernode	worker-cs-1	Label-C	2002
1	pernode	worker-cs-1	Label-C	2002
1	pernode	worker-cs-1	Label-C	2002
1	pernode	worker-cs-1	Label-C	2002
1	pernode	worker-cs-1	Label-C	2001
1	pernode	worker-cs-1	Label-C	2001
1	pernode	worker-cs-1	Label-C	2003
1	pernode	worker-cs-1	Label-C	2002
1	pernode	worker-cs-1	Label-C	2002
1	pernode	worker-cs-1	Label-C	2002
1	pernode	worker-cs-1	Label-C	2002
1	pernode	worker-cs-1	Label-C	2003
1	pernode	worker-cs-1	Label-C	2002
1	pernode	worker-cs-1	Label-C	2002
1	pernode	worker-cs-1	Label-C	2002
1	pernode	worker-cs-1	Label-C	2004
1	pernode	worker-cs-1	Label-C	2002
1	pernode	worker-cs-1	Label-C	2002
1	pernode	worker-cs-1	Label-C	2002
1	pernode	worker-cs-1	Label-C	2002
1	pernode	worker-cs-1	Label-C	2002
1	pernode	worker-cs-1	Label-C	2002
1	pernode	worker-cs-1	Label-C	2002
1	pernode	worker-cs-1	Label-C	2001
1	pernode	worker-cs-1	Label-C	2003
1	pernode	worker-cs-1	Label-C	2001
1	pernode	worker-cs-1	Label-C	2002
1	pernode	worker-cs-1	Label-C	2001
1	pernode	worker-cs-1	Label-C	2002
1	pernode	worker-cs-1	Label-C	2003
1	pernode	worker-cs-1	Label-C	2002
1	pernode	worker-cs-1	Label-C	2003
1	pernode	worker-cs-1	Label-C	2003
1	pernode	worker-cs-1	Label-C	2002
1	pernode	worker-cs-1	Label-C	2003
1	pernode	worker-cs-1	Label-C	2003
1	pernode	worker-cs-1	Label-C	2002
1	pernode	worker-cs-1	Label-C	2002
1	pernode	worker-cs-1	Label-C	2002
1	pernode	worker-cs-1	Label-C	2002
1	pernode	worker-cs-1	Label-C	2002
1	pernode	worker-cs-1	Label-C	2002
1	pernode	worker-cs-1	Label-C	2006
1	pernode	worker-cs-1	Label-C	2002
1	pernode	worker-cs-1	Label-C	2002
1	pernode	worker-cs-1	Label-C	2002
1	pernode	worker-cs-1	Label-C	2001
1	pernode	worker-cs-1	Label-C	2001
1	pernode	worker-cs-1	Label-C	2003
1	pernode	worker-cs-1	Label-C	2001
1	pernode	worker-cs-1	Label-C	2001
1	pernode	worker-cs-1	Label-C	2001
1	pernode	worker-cs-1	Label-C	2002
1	pernode	worker-cs-1	Label-C	2003
1	pernode	worker-cs-1	Label-C	2002
1	pernode	worker-cs-1	Label-C	2002
1	pernode	worker-cs-1	Label-C	2002
1	pernode	worker-cs-1	Label-C	2003
1	pernode	worker-cs-1	Label-C	2002
1	pernode	worker-cs-1	Label-C	2002
1	pernode	worker-cs-1	Label-C	2002
1	pernode	worker-cs-1	Label-C	2003
1	pernode	worker-cs-1	Label-C	2002
1	pernode	worker-cs-1	Label-C	2004
1	pernode	worker-cs-1	Label-C	2002
1	pernode	worker-cs-1	Label-C	2002
1	pernode	worker-cs-1	Label-C	2002
1	pernode	worker-cs-1	Label-C	2002
1	pernode	worker-cs-1	Label-C	2002
1	pernode	worker-cs-1	Label-C	2002
1	pernode	worker-cs-1	Label-C	2002
1	pernode	worker-cs-1	Label-C	2003
1	pernode	worker-cs-1	Label-C	2002
1	pernode	worker-cs-1	Label-C	2002
1	pernode	worker-cs-1	Label-C	2002
1	pernode	worker-cs-1	Label-C	2003
1	pernode	worker-cs-1	Label-C	2002
1	pernode	worker-cs-1	Label-C	2004
1	pernode	worker-cs-1	Label-C	2002
1	pernode	worker-cs-1	Label-C	2002
1	pernode	worker-cs-1	Label-C	2002
1	pernode	worker-cs-1	Label-C	2003
1	pernode	worker-cs-1	Label-C	2003
1	pernode	worker-cs-1	Label-C	2002
1	pernode	worker-cs-1	Label-C	2002
1	pernode	worker-cs-1	Label-C	2002
1	pernode	worker-cs-1	Label-C	2001
1	pernode	worker-cs-1	Label-C	2002
1	pernode	worker-cs-1	Label-C	2001
1	pernode	worker-cs-1	Label-C	2003
1	pernode	worker-cs-1	Label-C	2003
1	pernode	worker-cs-1	Label-C	2002
1	pernode	worker-cs-1	Label-C	2002
1	pernode	worker-cs-1	Label-C	2003
1	pernode	worker-cs-1	Label-C	2002
1	pernode	worker-cs-1	Label-C	2002
1	pernode	worker-cs-1	Label-C	2003
1	pernode	worker-cs-1	Label-C	2002
1	pernode	worker-cs-1	Label-C	2002
1	pernode	worker-cs-1	Label-C	2002
1	pernode	worker-cs-1	Label-C	2002
1	pernode	worker-cs-1	Label-C	2002
1	pernode	worker-cs-1	Label-C	2002
1	pernode	worker-cs-1	Label-C	2002
1	pernode	worker-cs-1	Label-C	2003
1	pernode	worker-cs-1	Label-C	2001
1	pernode	worker-cs-1	Label-C	2002
1	pernode	worker-cs-1	Label-C	2002
1	pernode	worker-cs-1	Label-C	2002
1	pernode	worker-cs-1	Label-C	2002
1	pernode	worker-cs-1	Label-C	2001
1	pernode	worker-cs-1	Label-C	2003
1	pernode	worker-cs-1	Label-C	2002
1	pernode	worker-cs-1	Label-C	2003
1	pernode	worker-cs-1	Label-C	2001
1	pernode	worker-cs-1	Label-C	2002
1	pernode	worker-cs-1	Label-C	2002
1	pernode	worker-cs-1	Label-C	2003
1	pernode	worker-cs-1	Label-C	2001
1	pernode	worker-cs-1	Label-C	2002
1	pernode	worker-cs-1	Label-C	2002
1	pernode	worker-cs-1	Label-C	2003
1	pernode	worker-cs-1	Label-C	2002
1	pernode	worker-cs-1	Label-C	2004
1	pernode	worker-cs-1	Label-C	2002
1	pernode	worker-cs-1	Label-C	2002
1	pernode	worker-cs-1	Label-C	2002
1	pernode	worker-cs-1	Label-C	2002
1	pernode	worker-cs-1	Label-C	2002
1	pernode	worker-cs-1	Label-C	2001
1	pernode	worker-cs-1	Label-C	2001
1	pernode	worker-cs-1	Label-C	2002
1	pernode	worker-cs-1	Label-C	2002
1	pernode	worker-cs-1	Label-C	2002
1	pernode	worker-cs-24	Label-D	2002
1	pernode	worker-cs-24	Label-D	2000
1	pernode	worker-cs-24	Label-D	2002
1	pernode	worker-cs-24	Label-D	2002
1	pernode	worker-cs-24	Label-D	2002
1	pernode	worker-cs-24	Label-D	2002
1	pernode	worker-cs-24	Label-D	2001
1	pernode	worker-cs-24	Label-D	2002
1	pernode	worker-cs-24	Label-D	2002
1	pernode	worker-cs-24	Label-D	2001
1	pernode	worker-cs-24	Label-D	2001
1	pernode	worker-cs-24	Label-D	2002
1	pernode	worker-cs-24	Label-D	2001
1	pernode	worker-cs-24	Label-D	2002
1	pernode	worker-cs-24	Label-D	2002
1	pernode	worker-cs-24	Label-D	2000
1	pernode	worker-cs-24	Label-D	180000
1	pernode	worker-cs-24	Label-D	2001
1	pernode	worker-cs-24	Label-D	2002
1	pernode	worker-cs-24	Label-D	2001
1	pernode	worker-cs-24	Label-D	2001
1	pernode	worker-cs-24	Label-D	2002
1	pernode	worker-cs-24	Label-D	2002
1	pernode	worker-cs-24	Label-D	2002
1	pernode	worker-cs-24	Label-D	2002
1	pernode	worker-cs-24	Label-D	2003
1	pernode	worker-cs-24	Label-D	2001
1	pernode	worker-cs-24	Label-D	2002
1	pernode	worker-cs-24	Label-D	2002
1	pernode	worker-cs-24	Label-D	2001
1	pernode	worker-cs-24	Label-D	2001
1	pernode	worker-cs-24	Label-D	2002
1	pernode	worker-cs-24	Label-D	2001
1	pernode	worker-cs-24	Label-D	2002
1	pernode	worker-cs-24	Label-D	2002
1	pernode	worker-cs-24	Label-D	2001
1	pernode	worker-cs-24	Label-D	2001
1	pernode	worker-cs-24	Label-D	2002
1	pernode	worker-cs-24	Label-D	2001
1	pernode	worker-cs-24	Label-D	2001
1	pernode	worker-cs-24	Label-D	2001
1	pernode	worker-cs-24	Label-D	2001
1	pernode	worker-cs-24	Label-D	2001
1	pernode	worker-cs-24	Label-D	2002
1	pernode	worker-cs-24	Label-D	2001
1	pernode	worker-cs-24	Label-D	2001
1	pernode	worker-cs-24	Label-D	2002
1	pernode	worker-cs-24	Label-D	2001
1	pernode	worker-cs-24	Label-D	2001
1	pernode	worker-cs-24	Label-D	2002
1	pernode	worker-cs-24	Label-D	2002
1	pernode	worker-cs-24	Label-D	2001
1	pernode	worker-cs-24	Label-D	2001
1	pernode	worker-cs-24	Label-D	2001
1	pernode	worker-cs-24	Label-D	2002
1	pernode	worker-cs-24	Label-D	2002
1	pernode	worker-cs-24	Label-D	2002
1	pernode	worker-cs-24	Label-D	2002
1	pernode	worker-cs-24	Label-D	2001
1	pernode	worker-cs-24	Label-D	2001
1	pernode	worker-cs-24	Label-D	2001
1	pernode	worker-cs-24	Label-D	2003
1	pernode	worker-cs-24	Label-D	2002
1	pernode	worker-cs-24	Label-D	2002
1	pernode	worker-cs-24	Label-D	2003
1	pernode	worker-cs-24	Label-D	2002
1	pernode	worker-cs-24	Label-D	2002
1	pernode	worker-cs-24	Label-D	2001
1	pernode	worker-cs-24	Label-D	2001
1	pernode	worker-cs-24	Label-D	2002
1	pernode	worker-cs-24	Label-D	2001
1	pernode	worker-cs-24	Label-D	2001
1	pernode	worker-cs-24	Label-D	2002
1	pernode	worker-cs-24	Label-D	2002
1	pernode	worker-cs-24	Label-D	2001
1	pernode	worker-cs-24	Label-D	2002
1	pernode	worker-cs-24	Label-D	2001
1	pernode	worker-cs-24	Label-D	2001
1	pernode	worker-cs-24	Label-D	2001
1	pernode	worker-cs-24	Label-D	2002
1	pernode	worker-cs-24	Label-D	2001
1	pernode	worker-cs-24	Label-D	2002
1	pernode	worker-cs-24	Label-D	2002
1	pernode	worker-cs-24	Label-D	2002
1	pernode	worker-cs-24	Label-D	2001
1	pernode	worker-cs-24	Label-D	2001
1	pernode	worker-cs-24	Label-D	2002
1	pernode	worker-cs-24	Label-D	2001
1	pernode	worker-cs-24	Label-D	2001
1	pernode	worker-cs-24	Label-D	2002
1	pernode	worker-cs-24	Label-D	2001
1	pernode	worker-cs-24	Label-D	2002
1	pernode	worker-cs-24	Label-D	2002
1	pernode	worker-cs-24	Label-D	2001
1	pernode	worker-cs-24	Label-D	2002
1	pernode	worker-cs-24	Label-D	2001
1	pernode	worker-cs-24	Label-D	2002
1	pernode	worker-cs-24	Label-D	2002
1	pernode	worker-cs-24	Label-D	2001
1	pernode	worker-cs-24	Label-D	2002
1	pernode	worker-cs-24	Label-D	2001
1	pernode	worker-cs-24	Label-D	2001
1	pernode	worker-cs-24	Label-D	2002
1	pernode	worker-cs-24	Label-D	2003
1	pernode	worker-cs-24	Label-D	2002
1	pernode	worker-cs-24	Label-D	2001
1	pernode	worker-cs-24	Label-D	2002
1	pernode	worker-cs-24	Label-D	2002
1	pernode	worker-cs-24	Label-D	2002
1	pernode	worker-cs-24	Label-D	2002
1	pernode	worker-cs-24	Label-D	2001
1	pernode	worker-cs-24	Label-D	2002
1	pernode	worker-cs-24	Label-D	2002
1	pernode	worker-cs-24	Label-D	2001
1	pernode	worker-cs-24	Label-D	2002
1	pernode	worker-cs-24	Label-D	2002
1	pernode	worker-cs-24	Label-D	2001
1	pernode	worker-cs-24	Label-D	2002
1	pernode	worker-cs-24	Label-D	2002
1	pernode	worker-cs-24	Label-D	2002
1	pernode	worker-cs-24	Label-D	2002
1	pernode	worker-cs-24	Label-D	2002
1	pernode	worker-cs-24	Label-D	2002
1	pernode	worker-cs-24	Label-D	2002
1	pernode	worker-cs-24	Label-D	2001
1	pernode	worker-cs-24	Label-D	2001
1	pernode	worker-cs-24	Label-D	2001
1	pernode	worker-cs-24	Label-D	2001
1	pernode	worker-cs-24	Label-D	2001
1	pernode	worker-cs-24	Label-D	2002
1	pernode	worker-cs-24	Label-D	2002
1	pernode	worker-cs-24	Label-D	2002
1	pernode	worker-cs-24	Label-D	2002
1	pernode	worker-cs-24	Label-D	2001
1	pernode	worker-cs-24	Label-D	2001
1	pernode	worker-cs-24	Label-D	2001
1	pernode	worker-cs-24	Label-D	2002
1	pernode	worker-cs-24	Label-D	2002
1	pernode	worker-cs-24	Label-D	2002
1	pernode	worker-cs-24	Label-D	2002
1	pernode	worker-cs-24	Label-D	2001
1	pernode	worker-cs-24	Label-D	2001
1	pernode	worker-cs-24	Label-D	2002
1	pernode	worker-cs-24	Label-D	2002
1	pernode	worker-cs-24	Label-D	2001
1	pernode	worker-cs-24	Label-D	2001
1	pernode	worker-cs-24	Label-D	2002
1	pernode	worker-cs-24	Label-D	2002
1	pernode	worker-cs-24	Label-D	2002
1	pernode	worker-cs-24	Label-D	2001
1	pernode	worker-cs-24	Label-D	2001
1	pernode	worker-cs-24	Label-D	2002
1	pernode	worker-cs-24	Label-D	2001
1	pernode	worker-cs-24	Label-D	2001
1	pernode	worker-cs-24	Label-D	2001
1	pernode	worker-cs-24	Label-D	2001
1	pernode	worker-cs-24	Label-D	2001
1	pernode	worker-cs-24	Label-D	2002
1	pernode	worker-cs-24	Label-D	2002
1	pernode	worker-cs-24	Label-D	2001
1	pernode	worker-cs-24	Label-D	2001
1	pernode	worker-cs-24	Label-D	2002
1	pernode	worker-cs-24	Label-D	2002
1	pernode	worker-cs-24	Label-D	2002
1	pernode	worker-cs-24	Label-D	2000
1	pernode	worker-cs-24	Label-D	2002
1	pernode	worker-cs-24	Label-D	2003
1	pernode	worker-cs-24	Label-D	2002
1	pernode	worker-cs-24	Label-D	2002
1	pernode	worker-cs-24	Label-D	2001
1	pernode	worker-cs-24	Label-D	2002
1	pernode	worker-cs-24	Label-D	2000
1	pernode	worker-cs-24	Label-D	2002
1	pernode	worker-cs-24	Label-D	2002
1	pernode	worker-cs-24	Label-D	2002
1	pernode	worker-cs-24	Label-D	2001
1	pernode	worker-cs-24	Label-D	2001
1	pernode	worker-cs-24	Label-D	2002
1	pernode	worker-cs-24	Label-D	2001
1	pernode	worker-cs-24	Label-D	2001
1	pernode	worker-cs-24	Label-D	2002
1	pernode	worker-cs-24	Label-D	2002
1	pernode	worker-cs-24	Label-D	2002
1	pernode	worker-cs-24	Label-D	2002
1	pernode	worker-cs-24	Label-D	2002
1	pernode	worker-cs-24	Label-D	2001
1	pernode	worker-cs-24	Label-D	2003
1	pernode	worker-cs-24	Label-D	2001
1	pernode	worker-cs-24	Label-D	2001
1	pernode	worker-cs-24	Label-D	2001
1	pernode	worker-cs-24	Label-D	2002
1	pernode	worker-cs-24	Label-D	2002
1	pernode	worker-cs-24	Label-D	2001
1	pernode	worker-cs-24	Label-D	2001
1	pernode	worker-cs-24	Label-D	2002
1	pernode	worker-cs-24	Label-D	2002
1	pernode	worker-cs-24	Label-D	2001
1	pernode	worker-cs-24	Label-D	2002
1	pernode	worker-cs-24	Label-D	2002
1	pernode	worker-cs-24	Label-D	2002
1	pernode	worker-cs-24	Label-D	2002
1	pernode	worker-cs-24	Label-D	2001
1	pernode	worker-cs-24	Label-D	2002
1	pernode	worker-cs-24	Label-D	2001
1	pernode	worker-cs-24	Label-D	2002
1	pernode	worker-cs-24	Label-D	2002
1	pernode	worker-cs-24	Label-D	2001
1	pernode	worker-cs-24	Label-D	2002
1	pernode	worker-cs-24	Label-D	2002
1	pernode	worker-cs-24	Label-D	2003
1	pernode	worker-cs-24	Label-D	2001
1	pernode	worker-cs-24	Label-D	2001
1	pernode	worker-cs-24	Label-D	2001
1	pernode	worker-cs-24	Label-D	2002
1	pernode	worker-cs-24	Label-D	2003
1	pernode	worker-cs-26	Label-A	2002
1	pernode	worker-cs-26	Label-A	2002
1	pernode	worker-cs-26	Label-A	2001
1	pernode	worker-cs-26	Label-A	2002
1	pernode	worker-cs-26	Label-A	2002
1	pernode	worker-cs-26	Label-A	2002
1	pernode	worker-cs-26	Label-A	2003
1	pernode	worker-cs-26	Label-A	2003
1	pernode	worker-cs-26	Label-A	2001
1	pernode	worker-cs-26	Label-A	2002
1	pernode	worker-cs-26	Label-A	2002
1	pernode	worker-cs-26	Label-A	2002
1	pernode	worker-cs-26	Label-A	2002
1	pernode	worker-cs-26	Label-A	2002
1	pernode	worker-cs-26	Label-A	2001
1	pernode	worker-cs-26	Label-A	2001
1	pernode	worker-cs-26	Label-A	2002
1	pernode	worker-cs-26	Label-A	2002
1	pernode	worker-cs-26	Label-A	2002
1	pernode	worker-cs-26	Label-A	2002
1	pernode	worker-cs-26	Label-A	2001
1	pernode	worker-cs-26	Label-A	2001
1	pernode	worker-cs-26	Label-A	2001
1	pernode	worker-cs-26	Label-A	2002
1	pernode	worker-cs-26	Label-A	2001
1	pernode	worker-cs-26	Label-A	2001
1	pernode	worker-cs-26	Label-A	2001
1	pernode	worker-cs-26	Label-A	2003
1	pernode	worker-cs-26	Label-A	2001
1	pernode	worker-cs-26	Label-A	2001
1	pernode	worker-cs-26	Label-A	2002
1	pernode	worker-cs-26	Label-A	2002
1	pernode	worker-cs-26	Label-A	2002
1	pernode	worker-cs-26	Label-A	2002
1	pernode	worker-cs-26	Label-A	2002
1	pernode	worker-cs-26	Label-A	2002
1	pernode	worker-cs-26	Label-A	2002
1	pernode	worker-cs-26	Label-A	2002
1	pernode	worker-cs-26	Label-A	2002
1	pernode	worker-cs-26	Label-A	2001
1	pernode	worker-cs-26	Label-A	2002
1	pernode	worker-cs-26	Label-A	2002
1	pernode	worker-cs-26	Label-A	2002
1	pernode	worker-cs-26	Label-A	2002
1	pernode	worker-cs-26	Label-A	2002
1	pernode	worker-cs-26	Label-A	2002
1	pernode	worker-cs-26	Label-A	2002
1	pernode	worker-cs-26	Label-A	2002
1	pernode	worker-cs-26	Label-A	2002
1	pernode	worker-cs-26	Label-A	2002
1	pernode	worker-cs-26	Label-A	2001
1	pernode	worker-cs-26	Label-A	2001
1	pernode	worker-cs-26	Label-A	2002
1	pernode	worker-cs-26	Label-A	2002
1	pernode	worker-cs-26	Label-A	2003
1	pernode	worker-cs-26	Label-A	2002
1	pernode	worker-cs-26	Label-A	2001
1	pernode	worker-cs-26	Label-A	2003
1	pernode	worker-cs-26	Label-A	2002
1	pernode	worker-cs-26	Label-A	2001
1	pernode	worker-cs-26	Label-A	2005
1	pernode	worker-cs-26	Label-A	2002
1	pernode	worker-cs-26	Label-A	2002
1	pernode	worker-cs-26	Label-A	2002
1	pernode	worker-cs-26	Label-A	2003
1	pernode	worker-cs-26	Label-A	2002
1	pernode	worker-cs-26	Label-A	2002
1	pernode	worker-cs-26	Label-A	2001
1	pernode	worker-cs-26	Label-A	2001
1	pernode	worker-cs-26	Label-A	2002
1	pernode	worker-cs-26	Label-A	2002
1	pernode	worker-cs-26	Label-A	2002
1	pernode	worker-cs-26	Label-A	2002
1	pernode	worker-cs-26	Label-A	2002
1	pernode	worker-cs-26	Label-A	2002
1	pernode	worker-cs-26	Label-A	2002
1	pernode	worker-cs-26	Label-A	2002
1	pernode	worker-cs-26	Label-A	2002
1	pernode	worker-cs-26	Label-A	2002
1	pernode	worker-cs-26	Label-A	2002
1	pernode	worker-cs-26	Label-A	2001
1	pernode	worker-cs-26	Label-A	2001
1	pernode	worker-cs-26	Label-A	2001
1	pernode	worker-cs-26	Label-A	2003
1	pernode	worker-cs-26	Label-A	2002
1	pernode	worker-cs-26	Label-A	2003
1	pernode	worker-cs-26	Label-A	2002
1	pernode	worker-cs-26	Label-A	2002
1	pernode	worker-cs-26	Label-A	2002
1	pernode	worker-cs-26	Label-A	2002
1	pernode	worker-cs-26	Label-A	2003
1	pernode	worker-cs-26	Label-A	2001
1	pernode	worker-cs-26	Label-A	2002
1	pernode	worker-cs-26	Label-A	2002
1	pernode	worker-cs-26	Label-A	2002
1	pernode	worker-cs-26	Label-A	2001
1	pernode	worker-cs-26	Label-A	2002
1	pernode	worker-cs-26	Label-A	2002
1	pernode	worker-cs-26	Label-A	2001
1	pernode	worker-cs-26	Label-A	2001
1	pernode	worker-cs-26	Label-A	2002
1	pernode	worker-cs-26	Label-A	2002
1	pernode	worker-cs-26	Label-A	2002
1	pernode	worker-cs-26	Label-A	2002
1	pernode	worker-cs-26	Label-A	2002
1	pernode	worker-cs-26	Label-A	2002
1	pernode	worker-cs-26	Label-A	2002
1	pernode	worker-cs-26	Label-A	2001
1	pernode	worker-cs-26	Label-A	2002
1	pernode	worker-cs-26	Label-A	2001
1	pernode	worker-cs-26	Label-A	2002
1	pernode	worker-cs-26	Label-A	2003
1	pernode	worker-cs-26	Label-A	2001
1	pernode	worker-cs-26	Label-A	2002
1	pernode	worker-cs-26	Label-A	2001
1	pernode	worker-cs-26	Label-A	2002
1	pernode	worker-cs-26	Label-A	2002
1	pernode	worker-cs-26	Label-A	2002
1	pernode	worker-cs-26	Label-A	2001
1	pernode	worker-cs-26	Label-A	2002
1	pernode	worker-cs-26	Label-A	2002
1	pernode	worker-cs-26	Label-A	2001
1	pernode	worker-cs-26	Label-A	2002
1	pernode	worker-cs-26	Label-A	2003
1	pernode	worker-cs-26	Label-A	2002
1	pernode	worker-cs-26	Label-A	2004
1	pernode	worker-cs-26	Label-A	2002
1	pernode	worker-cs-26	Label-A	2002
1	pernode	worker-cs-26	Label-A	2002
1	pernode	worker-cs-26	Label-A	2002
1	pernode	worker-cs-26	Label-A	2002
1	pernode	worker-cs-26	Label-A	2001
1	pernode	worker-cs-26	Label-A	2002
1	pernode	worker-cs-26	Label-A	2002
1	pernode	worker-cs-26	Label-A	2002
1	pernode	worker-cs-26	Label-A	2002
1	pernode	worker-cs-26	Label-A	2001
1	pernode	worker-cs-26	Label-A	2002
1	pernode	worker-cs-26	Label-A	2002
1	pernode	worker-cs-26	Label-A	2002
1	pernode	worker-cs-26	Label-A	2002
1	pernode	worker-cs-26	Label-A	2002
1	pernode	worker-cs-26	Label-A	2002
1	pernode	worker-cs-26	Label-A	2002
1	pernode	worker-cs-26	Label-A	2001
1	pernode	worker-cs-26	Label-A	2002
1	pernode	worker-cs-26	Label-A	2002
1	pernode	worker-cs-26	Label-A	2002
1	pernode	worker-cs-26	Label-A	2002
1	pernode	worker-cs-26	Label-A	2002
1	pernode	worker-cs-26	Label-A	2002
1	pernode	worker-cs-26	Label-A	2001
1	pernode	worker-cs-26	Label-A	2002
1	pernode	worker-cs-26	Label-A	2002
1	pernode	worker-cs-26	Label-A	2001
1	pernode	worker-cs-26	Label-A	2001
1	pernode	worker-cs-26	Label-A	2001
1	pernode	worker-cs-26	Label-A	2001
1	pernode	worker-cs-26	Label-A	2001
1	pernode	worker-cs-26	Label-A	2002
1	pernode	worker-cs-26	Label-A	2002
1	pernode	worker-cs-26	Label-A	2002
1	pernode	worker-cs-26	Label-A	2001
1	pernode	worker-cs-26	Label-A	2002
1	pernode	worker-cs-26	Label-A	2002
1	pernode	worker-cs-26	Label-A	2002
1	pernode	worker-cs-26	Label-A	2002
1	pernode	worker-cs-26	Label-A	2001
1	pernode	worker-cs-26	Label-A	2001
1	pernode	worker-cs-26	Label-A	2002
1	pernode	worker-cs-26	Label-A	2002
1	pernode	worker-cs-26	Label-A	2002
1	pernode	worker-cs-26	Label-A	2002
1	pernode	worker-cs-26	Label-A	2002
1	pernode	worker-cs-26	Label-A	2003
1	pernode	worker-cs-26	Label-A	2012
1	pernode	worker-cs-26	Label-A	2002
1	pernode	worker-cs-26	Label-A	2002
1	pernode	worker-cs-26	Label-A	2002
1	pernode	worker-cs-26	Label-A	2001
1	pernode	worker-cs-26	Label-A	2001
1	pernode	worker-cs-26	Label-A	2002
1	pernode	worker-cs-26	Label-A	2003
1	pernode	worker-cs-26	Label-A	2002
1	pernode	worker-cs-26	Label-A	2001
1	pernode	worker-cs-26	Label-A	2001
1	pernode	worker-cs-26	Label-A	2002
1	pernode	worker-cs-26	Label-A	2002
1	pernode	worker-cs-26	Label-A	2002
1	pernode	worker-cs-26	Label-A	2001
1	pernode	worker-cs-26	Label-A	2001
1	pernode	worker-cs-26	Label-A	2002
1	pernode	worker-cs-26	Label-A	2002
1	pernode	worker-cs-26	Label-A	2002
1	pernode	worker-cs-26	Label-A	2001
1	pernode	worker-cs-26	Label-A	2002
1	pernode	worker-cs-26	Label-A	2003
1	pernode	worker-cs-26	Label-A	2002
1	pernode	worker-cs-26	Label-A	2002
1	pernode	worker-cs-26	Label-A	2002
1	pernode	worker-cs-26	Label-A	2002
1	pernode	worker-cs-26	Label-A	2001
1	pernode	worker-cs-26	Label-A	2001
1	pernode	worker-cs-26	Label-A	2003
1	pernode	worker-cs-26	Label-A	2002
1	pernode	worker-cs-26	Label-A	2002
1	pernode	worker-cs-26	Label-A	2002
1	pernode	worker-cs-26	Label-A	2002
1	pernode	worker-cs-26	Label-A	2001
1	pernode	worker-cs-26	Label-A	2001
1	pernode	worker-cs-26	Label-A	2002
1	pernode	worker-cs-26	Label-A	2001
1	pernode	worker-cs-26	Label-A	2002
1	pernode	worker-cs-26	Label-A	2006
1	pernode	worker-cs-26	Label-A	2002
1	pernode	worker-cs-26	Label-A	2002
1	pernode	worker-cs-26	Label-A	2002
1	pernode	worker-cs-26	Label-A	2002
1	pernode	worker-cs-26	Label-A	2002
1	pernode	worker-cs-26	Label-A	2002
1	pernode	worker-cs-26	Label-A	2002
1	pernode	worker-cs-26	Label-A	2002
1	pernode	worker-cs-26	Label-A	2001
1	pernode	worker-cs-26	Label-A	2002
1	pernode	worker-cs-26	Label-A	2002
1	pernode	worker-cs-26	Label-A	2002
1	pernode	worker-cs-26	Label-A	2002
1	pernode	worker-cs-26	Label-A	2002
1	pernode	worker-cs-26	Label-A	2002
1	pernode	worker-cs-26	Label-A	2002
1	pernode	worker-cs-26	Label-A	2002
1	pernode	worker-cs-26	Label-A	2003
1	pernode	worker-cs-26	Label-A	2001
1	pernode	worker-cs-26	Label-A	2002
1	pernode	worker-cs-26	Label-A	2000
1	pernode	worker-cs-26	Label-A	2002
1	pernode	worker-cs-26	Label-A	2002
1	pernode	worker-cs-26	Label-A	2001
1	pernode	worker-cs-26	Label-A	2001
1	pernode	worker-cs-26	Label-A	2002
1	pernode	worker-cs-26	Label-A	2001
1	pernode	worker-cs-26	Label-A	2002
1	pernode	worker-cs-26	Label-A	2001
1	pernode	worker-cs-26	Label-A	2001
1	pernode	worker-cs-26	Label-A	2002
1	pernode	worker-cs-26	Label-A	2002
1	pernode	worker-cs-26	Label-A	2003
1	pernode	worker-cs-26	Label-A	2001
1	pernode	worker-cs-26	Label-A	2002
1	pernode	worker-cs-26	Label-A	2002
1	pernode	worker-cs-26	Label-A	2002
1	pernode	worker-cs-26	Label-A	2002
1	pernode	worker-cs-26	Label-A	2002
1	pernode	worker-cs-26	Label-A	2001
1	pernode	worker-cs-26	Label-A	2001
1	pernode	worker-cs-26	Label-A	2002
1	pernode	worker-cs-26	Label-A	2002
1	pernode	worker-cs-26	Label-A	2002
1	pernode	worker-cs-26	Label-A	2002
1	pernode	worker-cs-26	Label-A	2002
1	pernode	worker-cs-26	Label-A	2002
1	pernode	worker-cs-26	Label-A	2002
1	pernode	worker-cs-26	Label-A	2002
1	pernode	worker-cs-26	Label-A	2001
1	pernode	worker-cs-26	Label-A	2001
1	pernode	worker-cs-26	Label-A	2001
1	pernode	worker-cs-26	Label-A	2002
1	pernode	worker-cs-26	Label-A	2001
1	pernode	worker-cs-26	Label-A	2003
1	pernode	worker-cs-26	Label-A	2003
1	pernode	worker-cs-26	Label-A	2002
1	pernode	worker-cs-26	Label-A	2003
1	pernode	worker-cs-26	Label-A	2002
1	pernode	worker-cs-26	Label-A	2002
1	pernode	worker-cs-26	Label-A	2002
1	pernode	worker-cs-26	Label-A	2001
1	pernode	worker-cs-26	Label-A	2001
1	pernode	worker-cs-26	Label-A	2002
1	pernode	worker-cs-26	Label-A	2001
1	pernode	worker-cs-26	Label-A	2002
1	pernode	worker-cs-26	Label-A	2003
1	pernode	worker-cs-26	Label-A	2001
1	pernode	worker-cs-26	Label-A	2001
1	pernode	worker-cs-26	Label-A	2001
1	pernode	worker-cs-26	Label-A	2002
1	pernode	worker-cs-26	Label-A	2006
1	pernode	worker-cs-26	Label-A	2001
1	pernode	worker-cs-26	Label-A	2002
1	pernode	worker-cs-26	Label-A	2001
1	pernode	worker-cs-26	Label-A	2002
1	pernode	worker-cs-26	Label-A	2001
1	pernode	worker-cs-26	Label-A	2001
1	pernode	worker-cs-26	Label-A	2002
1	pernode	worker-cs-26	Label-A	2002
1	pernode	worker-cs-26	Label-A	2002
1	pernode	worker-cs-26	Label-A	2002
1	pernode	worker-cs-26	Label-A	2003
1	pernode	worker-cs-26	Label-A	2003
1	pernode	worker-cs-26	Label-A	2003
1	pernode	worker-cs-26	Label-A	2002
1	pernode	worker-cs-26	Label-A	2001
1	pernode	worker-cs-26	Label-A	2001
1	pernode	worker-cs-26	Label-A	2002
1	pernode	worker-cs-26	Label-A	2002
1	pernode	worker-cs-26	Label-A	2002
1	pernode	worker-cs-26	Label-A	2002
1	pernode	worker-cs-26	Label-A	2002
1	pernode	worker-cs-26	Label-A	2002
1	pernode	worker-cs-26	Label-A	2001
1	pernode	worker-cs-26	Label-A	2002
1	pernode	worker-cs-26	Label-A	2015
1	pernode	worker-cs-26	Label-A	2002
1	pernode	worker-cs-26	Label-A	2002
1	pernode	worker-cs-26	Label-A	2003
1	pernode	worker-cs-26	Label-A	2002
1	pernode	worker-cs-26	Label-A	2001
1	pernode	worker-cs-26	Label-A	2002
1	pernode	worker-cs-26	Label-A	2001
1	pernode	worker-cs-26	Label-A	2002
1	pernode	worker-cs-26	Label-A	2001
1	pernode	worker-cs-26	Label-A	2002
1	pernode	worker-cs-26	Label-A	2002
1	pernode	worker-cs-26	Label-A	2002
1	pernode	worker-cs-26	Label-A	2001
1	pernode	worker-cs-26	Label-A	2002
1	pernode	worker-cs-26	Label-A	2001
1	pernode	worker-cs-26	Label-A	2002
1	pernode	worker-cs-26	Label-A	2003
1	pernode	worker-cs-26	Label-A	2002
1	pernode	worker-cs-26	Label-A	2001
1	pernode	worker-cs-26	Label-A	2002
1	pernode	worker-cs-26	Label-A	2002
1	pernode	worker-cs-26	Label-A	2002
1	pernode	worker-cs-26	Label-A	2002
1	pernode	worker-cs-26	Label-A	2002
1	pernode	worker-cs-26	Label-A	2002
1	pernode	worker-cs-26	Label-A	2002
1	pernode	worker-cs-26	Label-A	2002
1	pernode	worker-cs-26	Label-A	2002
1	pernode	worker-cs-26	Label-A	2001
1	pernode	worker-cs-26	Label-A	2001
1	pernode	worker-cs-26	Label-A	2003
1	pernode	worker-cs-26	Label-A	2001
1	pernode	worker-cs-26	Label-A	2002
1	pernode	worker-cs-26	Label-A	2001
1	pernode	worker-cs-26	Label-A	2002
1	pernode	worker-cs-26	Label-A	2003
1	pernode	worker-cs-26	Label-A	2002
1	pernode	worker-cs-26	Label-A	2001
1	pernode	worker-cs-26	Label-A	2001
1	pernode	worker-cs-26	Label-A	2002
1	pernode	worker-cs-26	Label-A	2003
1	pernode	worker-cs-26	Label-A	2001
1	pernode	worker-cs-26	Label-A	2003
1	pernode	worker-cs-26	Label-A	2001
1	pernode	worker-cs-26	Label-A	2002
1	pernode	worker-cs-26	Label-A	2002
1	pernode	worker-cs-26	Label-A	2002
1	pernode	worker-cs-26	Label-A	2002
1	pernode	worker-cs-26	Label-A	2001
1	pernode	worker-cs-26	Label-A	2002
1	pernode	worker-cs-26	Label-A	2002
1	pernode	worker-cs-26	Label-A	2002
1	pernode	worker-cs-26	Label-A	2002
1	pernode	worker-cs-26	Label-A	2002
1	pernode	worker-cs-26	Label-A	2002
1	pernode	worker-cs-26	Label-A	2002
1	pernode	worker-cs-26	Label-A	2002
1	pernode	worker-cs-26	Label-A	2001
1	pernode	worker-cs-26	Label-A	2001
1	pernode	worker-cs-26	Label-A	2001
1	pernode	worker-cs-26	Label-A	2002
1	pernode	worker-cs-26	Label-A	2002
1	pernode	worker-cs-26	Label-A	2001
1	pernode	worker-cs-26	Label-A	2002
1	pernode	worker-cs-26	Label-A	2003
1	pernode	worker-cs-26	Label-A	2002
1	pernode	worker-cs-26	Label-A	2002
1	pernode	worker-cs-26	Label-A	2002
1	pernode	worker-cs-26	Label-A	2001
1	pernode	worker-cs-26	Label-A	2005
1	pernode	worker-cs-26	Label-A	2001
1	pernode	worker-cs-26	Label-A	2002
1	pernode	worker-cs-26	Label-A	2002
1	pernode	worker-cs-26	Label-A	2004
1	pernode	worker-cs-26	Label-A	2001
1	pernode	worker-cs-26	Label-A	2001
1	pernode	worker-cs-26	Label-A	2001
1	pernode	worker-cs-26	Label-A	2001
1	pernode	worker-cs-26	Label-A	2001
1	pernode	worker-cs-26	Label-A	2002
1	pernode	worker-cs-26	Label-A	2003
1	pernode	worker-cs-26	Label-A	2002
1	pernode	worker-cs-26	Label-A	2001
1	pernode	worker-cs-26	Label-A	2002
1	pernode	worker-cs-26	Label-A	2004
1	pernode	worker-cs-26	Label-A	2002
1	pernode	worker-cs-26	Label-A	2001
1	pernode	worker-cs-26	Label-A	2004
1	pernode	worker-cs-26	Label-A	2001
1	pernode	worker-cs-26	Label-A	2001
1	pernode	worker-cs-26	Label-A	2002
1	pernode	worker-cs-26	Label-A	2002
1	pernode	worker-cs-26	Label-A	2002
1	pernode	worker-cs-26	Label-A	2001
1	pernode	worker-cs-26	Label-A	2002
1	pernode	worker-cs-26	Label-A	2002
1	pernode	worker-cs-26	Label-A	2002
1	pernode	worker-cs-26	Label-A	2002
1	pernode	worker-cs-26	Label-A	2001
1	pernode	worker-cs-26	Label-A	2001
1	pernode	worker-cs-26	Label-A	2002
1	pernode	worker-cs-26	Label-A	2002
1	pernode	worker-cs-26	Label-A	2003
1	pernode	worker-cs-26	Label-A	2003
1	pernode	worker-cs-26	Label-A	2002
1	pernode	worker-cs-26	Label-A	2003
1	pernode	worker-cs-26	Label-A	2002
1	pernode	worker-cs-26	Label-A	2002
1	pernode	worker-cs-26	Label-A	2002
1	pernode	worker-cs-26	Label-A	2002
1	pernode	worker-cs-26	Label-A	2002
1	pernode	worker-cs-26	Label-A	2002
1	pernode	worker-cs-26	Label-A	2001
1	pernode	worker-cs-26	Label-A	2002
1	pernode	worker-cs-26	Label-A	2004
1	pernode	worker-cs-26	Label-A	2001
1	pernode	worker-cs-26	Label-A	2002
1	pernode	worker-cs-26	Label-A	2002
1	pernode	worker-cs-26	Label-A	2002
1	pernode	worker-cs-26	Label-A	2001
1	pernode	worker-cs-26	Label-A	2002
1	pernode	worker-cs-26	Label-A	2002
1	pernode	worker-cs-26	Label-A	2002
1	pernode	worker-cs-26	Label-A	2002
1	pernode	worker-cs-26	Label-A	2001
1	pernode	worker-cs-26	Label-A	2002
1	pernode	worker-cs-26	Label-A	2002
1	pernode	worker-cs-26	Label-A	2002
1	pernode	worker-cs-26	Label-A	2002
1	pernode	worker-cs-26	Label-A	2002
1	pernode	worker-cs-26	Label-A	2002
1	pernode	worker-cs-26	Label-A	2001
1	pernode	worker-cs-26	Label-A	2001
1	pernode	worker-cs-26	Label-A	2001
1	pernode	worker-cs-26	Label-A	2008
1	pernode	worker-cs-26	Label-A	2001
1	pernode	worker-cs-26	Label-A	2001
1	pernode	worker-cs-26	Label-A	2002
1	pernode	worker-cs-26	Label-A	2003
1	pernode	worker-cs-26	Label-A	2002
1	pernode	worker-cs-26	Label-A	2001
1	pernode	worker-cs-26	Label-A	2003
1	pernode	worker-cs-26	Label-A	2002
1	pernode	worker-cs-26	Label-A	2003
1	pernode	worker-cs-26	Label-A	2002
1	pernode	worker-cs-26	Label-A	2002
1	pernode	worker-cs-26	Label-A	2003
1	pernode	worker-cs-26	Label-A	2002
1	pernode	worker-cs-26	Label-A	2002
1	pernode	worker-cs-26	Label-A	2001
1	pernode	worker-cs-26	Label-A	2002
1	pernode	worker-cs-26	Label-A	2001
1	pernode	worker-cs-26	Label-A	2003
1	pernode	worker-cs-26	Label-A	2003
1	pernode	worker-cs-26	Label-A	2002
1	pernode	worker-cs-26	Label-A	2001
1	pernode	worker-cs-26	Label-A	2003
1	pernode	worker-cs-26	Label-A	2002
1	pernode	worker-cs-26	Label-A	2004
1	pernode	worker-cs-26	Label-A	2001
1	pernode	worker-cs-26	Label-A	2002
1	pernode	worker-cs-26	Label-A	2002
1	pernode	worker-cs-26	Label-A	2001
1	pernode	worker-cs-26	Label-A	2002
1	pernode	worker-cs-26	Label-A	2002
1	pernode	worker-cs-26	Label-A	2001
1	pernode	worker-cs-26	Label-A	2001
1	pernode	worker-cs-26	Label-A	2002
1	pernode	worker-cs-26	Label-A	2002
1	pernode	worker-cs-26	Label-A	2003
1	pernode	worker-cs-26	Label-A	2002
1	pernode	worker-cs-26	Label-A	2001
1	pernode	worker-cs-26	Label-A	2002
1	pernode	worker-cs-26	Label-A	2002
1	pernode	worker-cs-26	Label-A	2002
1	pernode	worker-cs-26	Label-A	2001
1	pernode	worker-cs-26	Label-A	2001
1	pernode	worker-cs-26	Label-A	2001
1	pernode	worker-cs-26	Label-A	2002
1	pernode	worker-cs-26	Label-A	2002
1	pernode	worker-cs-26	Label-A	2002
1	pernode	worker-cs-26	Label-A	2002
1	pernode	worker-cs-26	Label-A	2002
1	pernode	worker-cs-26	Label-A	2001
1	pernode	worker-cs-26	Label-A	2004
1	pernode	worker-cs-26	Label-A	2002
1	pernode	worker-cs-26	Label-A	2001
1	pernode	worker-cs-26	Label-A	2001
1	pernode	worker-cs-26	Label-A	2002
1	pernode	worker-cs-26	Label-A	2001
1	pernode	worker-cs-26	Label-A	2003
1	pernode	worker-cs-26	Label-A	2002
1	pernode	worker-cs-26	Label-A	2001
1	pernode	worker-cs-26	Label-A	2002
1	pernode	worker-cs-26	Label-A	2002
1	pernode	worker-cs-26	Label-A	2002
1	pernode	worker-cs-26	Label-A	2001
1	pernode	worker-cs-26	Label-A	2001
1	pernode	worker-cs-26	Label-A	2002
1	pernode	worker-cs-26	Label-A	2001
1	pernode	worker-cs-26	Label-A	2002
1	pernode	worker-cs-26	Label-A	2002
1	pernode	worker-cs-26	Label-A	2003
1	pernode	worker-cs-26	Label-A	2002
1	pernode	worker-cs-26	Label-A	2002
1	pernode	worker-cs-26	Label-A	2003
1	pernode	worker-cs-26	Label-A	2001
1	pernode	worker-cs-26	Label-A	2002
1	pernode	worker-cs-26	Label-A	2001
1	pernode	worker-cs-26	Label-A	2001
1	pernode	worker-cs-26	Label-A	2002
1	pernode	worker-cs-26	Label-A	2001
1	pernode	worker-cs-26	Label-A	2002
1	pernode	worker-cs-26	Label-A	2003
1	pernode	worker-cs-26	Label-A	2001
1	pernode	worker-cs-26	Label-A	2002
1	pernode	worker-cs-26	Label-A	2001
1	pernode	worker-cs-26	Label-A	2001
1	pernode	worker-cs-26	Label-A	2002
1	pernode	worker-cs-26	Label-A	2001
1	pernode	worker-cs-26	Label-A	2001
1	pernode	worker-cs-26	Label-A	2002
1	pernode	worker-cs-26	Label-A	2001
1	pernode	worker-cs-26	Label-A	2001
1	pernode	worker-cs-26	Label-A	2002
1	pernode	worker-cs-26	Label-A	2002
1	pernode	worker-cs-26	Label-A	2003
1	pernode	worker-cs-26	Label-A	2001
1	pernode	worker-cs-26	Label-A	2001
1	pernode	worker-cs-26	Label-A	2002
1	pernode	worker-cs-26	Label-A	2002
1	pernode	worker-cs-26	Label-A	2002
1	pernode	worker-cs-26	Label-A	2002
1	pernode	worker-cs-26	Label-A	2002
1	pernode	worker-cs-26	Label-A	2002
1	pernode	worker-cs-26	Label-A	2002
1	pernode	worker-cs-26	Label-A	2001
1	pernode	worker-cs-26	Label-A	2001
1	pernode	worker-cs-26	Label-A	2001
1	pernode	worker-cs-26	Label-A	2002
1	pernode	worker-cs-26	Label-A	2002
1	pernode	worker-cs-26	Label-A	2001
1	pernode	worker-cs-26	Label-A	2002
1	pernode	worker-cs-26	Label-A	2002
1	pernode	worker-cs-26	Label-A	2003
1	pernode	worker-cs-26	Label-A	2002
1	pernode	worker-cs-26	Label-A	2002
1	pernode	worker-cs-26	Label-A	2001
1	pernode	worker-cs-26	Label-A	2002
1	pernode	worker-cs-26	Label-A	2002
1	pernode	worker-cs-26	Label-A	2003
1	pernode	worker-cs-26	Label-A	2002
1	pernode	worker-cs-26	Label-A	2005
1	pernode	worker-cs-26	Label-A	2004
1	pernode	worker-cs-26	Label-A	2002
1	pernode	worker-cs-26	Label-A	2002
1	pernode	worker-cs-26	Label-A	2005
1	pernode	worker-cs-26	Label-A	2002
1	pernode	worker-cs-26	Label-A	2002
1	pernode	worker-cs-26	Label-A	2002
1	pernode	worker-cs-26	Label-A	2002
1	pernode	worker-cs-26	Label-A	2001
1	pernode	worker-cs-26	Label-A	2002
1	pernode	worker-cs-26	Label-A	2001
1	pernode	worker-cs-26	Label-A	2001
1	pernode	worker-cs-26	Label-A	2002
1	pernode	worker-cs-26	Label-A	2004
1	pernode	worker-cs-26	Label-A	2001
1	pernode	worker-cs-26	Label-A	2002
1	pernode	worker-cs-26	Label-A	2002
1	pernode	worker-cs-26	Label-A	2002
1	pernode	worker-cs-26	Label-A	2001
1	pernode	worker-cs-26	Label-A	2003
1	pernode	worker-cs-26	Label-A	2003
1	pernode	worker-cs-26	Label-A	2002
1	pernode	worker-cs-26	Label-A	2001
1	pernode	worker-cs-26	Label-A	2002
1	pernode	worker-cs-26	Label-A	2002
1	pernode	worker-cs-26	Label-A	2002
1	pernode	worker-cs-26	Label-A	2001
1	pernode	worker-cs-26	Label-A	2007
1	pernode	worker-cs-26	Label-A	2001
1	pernode	worker-cs-26	Label-A	2002
1	pernode	worker-cs-26	Label-A	2001
1	pernode	worker-cs-26	Label-A	2002
1	pernode	worker-cs-26	Label-A	2002
1	pernode	worker-cs-26	Label-A	2003
1	pernode	worker-cs-26	Label-A	2002
1	pernode	worker-cs-26	Label-A	2001
1	pernode	worker-cs-26	Label-A	2002
1	pernode	worker-cs-26	Label-A	2002
1	pernode	worker-cs-26	Label-A	2000
1	pernode	worker-cs-26	Label-A	2002
1	pernode	worker-cs-26	Label-A	2001
1	pernode	worker-cs-26	Label-A	2001
1	pernode	worker-cs-26	Label-A	2001
1	pernode	worker-cs-26	Label-A	2002
1	pernode	worker-cs-26	Label-A	2001
1	pernode	worker-cs-26	Label-A	2001
1	pernode	worker-cs-26	Label-A	2002
1	pernode	worker-cs-26	Label-A	2001
1	pernode	worker-cs-26	Label-A	2002
1	pernode	worker-cs-26	Label-A	2002
2	pernode	worker-cs-0	Label-E	2004
2	pernode	worker-cs-0	Label-E	2005
2	pernode	worker-cs-0	Label-E	2001
2	pernode	worker-cs-0	Label-E	2001
2	pernode	worker-cs-0	Label-E	2001
2	pernode	worker-cs-0	Label-E	2001
2	pernode	worker-cs-0	Label-E	2001
2	pernode	worker-cs-0	Label-E	2001
2	pernode	worker-cs-0	Label-E	2001
2	pernode	worker-cs-0	Label-E	2000
2	pernode	worker-cs-0	Label-E	2002
2	pernode	worker-cs-0	Label-E	2002
2	pernode	worker-cs-0	Label-E	2001
2	pernode	worker-cs-0	Label-E	2003
2	pernode	worker-cs-0	Label-E	2001
2	pernode	worker-cs-0	Label-E	2001
2	pernode	worker-cs-0	Label-E	2001
2	pernode	worker-cs-0	Label-E	2001
2	pernode	worker-cs-0	Label-E	2002
2	pernode	worker-cs-0	Label-E	2002
2	pernode	worker-cs-0	Label-E	2002
2	pernode	worker-cs-0	Label-E	2001
2	pernode	worker-cs-0	Label-E	2002
2	pernode	worker-cs-0	Label-E	2001
2	pernode	worker-cs-0	Label-E	2002
2	pernode	worker-cs-0	Label-E	2001
2	pernode	worker-cs-0	Label-E	2001
2	pernode	worker-cs-0	Label-E	2000
2	pernode	worker-cs-0	Label-E	2000
2	pernode	worker-cs-0	Label-E	2000
2	pernode	worker-cs-0	Label-E	2001
2	pernode	worker-cs-0	Label-E	2000
2	pernode	worker-cs-0	Label-E	2001
2	pernode	worker-cs-0	Label-E	2001
2	pernode	worker-cs-0	Label-E	2001
2	pernode	worker-cs-0	Label-E	2001
2	pernode	worker-cs-0	Label-E	2001
2	pernode	worker-cs-0	Label-E	2001
2	pernode	worker-cs-0	Label-E	2003
2	pernode	worker-cs-0	Label-E	2001
2	pernode	worker-cs-0	Label-E	2001
2	pernode	worker-cs-0	Label-E	2001
2	pernode	worker-cs-0	Label-E	2001
2	pernode	worker-cs-0	Label-E	2000
2	pernode	worker-cs-0	Label-E	2000
2	pernode	worker-cs-0	Label-E	2001
2	pernode	worker-cs-0	Label-E	2001
2	pernode	worker-cs-0	Label-E	2001
2	pernode	worker-cs-0	Label-E	2001
2	pernode	worker-cs-0	Label-E	2001
2	pernode	worker-cs-0	Label-E	2001
2	pernode	worker-cs-0	Label-E	2001
2	pernode	worker-cs-0	Label-E	2001
2	pernode	worker-cs-0	Label-E	2000
2	pernode	worker-cs-0	Label-E	2001
2	pernode	worker-cs-0	Label-E	2002
2	pernode	worker-cs-0	Label-E	2002
2	pernode	worker-cs-0	Label-E	2002
2	pernode	worker-cs-0	Label-E	2002
2	pernode	worker-cs-0	Label-E	2001
2	pernode	worker-cs-0	Label-E	2001
2	pernode	worker-cs-0	Label-E	2002
2	pernode	worker-cs-0	Label-E	2001
2	pernode	worker-cs-0	Label-E	2001
2	pernode	worker-cs-0	Label-E	2001
2	pernode	worker-cs-0	Label-E	2001
2	pernode	worker-cs-0	Label-E	2002
2	pernode	worker-cs-0	Label-E	2001
2	pernode	worker-cs-0	Label-E	2001
2	pernode	worker-cs-0	Label-E	2000
2	pernode	worker-cs-0	Label-E	2001
2	pernode	worker-cs-0	Label-E	2000
2	pernode	worker-cs-0	Label-E	2001
2	pernode	worker-cs-0	Label-E	2001
2	pernode	worker-cs-0	Label-E	2002
2	pernode	worker-cs-0	Label-E	2012
2	pernode	worker-cs-0	Label-E	2001
2	pernode	worker-cs-0	Label-E	2002
2	pernode	worker-cs-0	Label-E	2001
2	pernode	worker-cs-0	Label-E	2002
2	pernode	worker-cs-0	Label-E	2001
2	pernode	worker-cs-0	Label-E	2000
2	pernode	worker-cs-0	Label-E	2002
2	pernode	worker-cs-0	Label-E	2001
2	pernode	worker-cs-0	Label-E	2001
2	pernode	worker-cs-0	Label-E	2001
2	pernode	worker-cs-0	Label-E	2001
2	pernode	worker-cs-0	Label-E	2002
2	pernode	worker-cs-0	Label-E	2002
2	pernode	worker-cs-0	Label-E	2002
2	pernode	worker-cs-0	Label-E	2001
2	pernode	worker-cs-14	Label-B	2001
2	pernode	worker-cs-14	Label-B	2002
2	pernode	worker-cs-14	Label-B	2002
2	pernode	worker-cs-14	Label-B	2001
2	pernode	worker-cs-14	Label-B	2002
2	pernode	worker-cs-14	Label-B	2002
2	pernode	worker-cs-14	Label-B	2002
2	pernode	worker-cs-14	Label-B	2002
2	pernode	worker-cs-14	Label-B	2002
2	pernode	worker-cs-14	Label-B	2002
2	pernode	worker-cs-14	Label-B	2002
2	pernode	worker-cs-14	Label-B	2002
2	pernode	worker-cs-14	Label-B	2001
2	pernode	worker-cs-14	Label-B	2001
2	pernode	worker-cs-14	Label-B	2001
2	pernode	worker-cs-14	Label-B	2002
2	pernode	worker-cs-14	Label-B	2001
2	pernode	worker-cs-14	Label-B	2001
2	pernode	worker-cs-14	Label-B	2002
2	pernode	worker-cs-14	Label-B	2001
2	pernode	worker-cs-14	Label-B	2003
2	pernode	worker-cs-14	Label-B	2001
2	pernode	worker-cs-14	Label-B	2003
2	pernode	worker-cs-14	Label-B	2003
2	pernode	worker-cs-14	Label-B	2002
2	pernode	worker-cs-14	Label-B	2002
2	pernode	worker-cs-14	Label-B	2001
2	pernode	worker-cs-14	Label-B	2002
2	pernode	worker-cs-14	Label-B	2002
2	pernode	worker-cs-14	Label-B	2003
2	pernode	worker-cs-14	Label-B	2002
2	pernode	worker-cs-14	Label-B	2002
2	pernode	worker-cs-14	Label-B	2002
2	pernode	worker-cs-14	Label-B	2001
2	pernode	worker-cs-14	Label-B	2002
2	pernode	worker-cs-14	Label-B	2001
2	pernode	worker-cs-14	Label-B	2001
2	pernode	worker-cs-14	Label-B	2002
2	pernode	worker-cs-14	Label-B	2002
2	pernode	worker-cs-14	Label-B	2003
2	pernode	worker-cs-14	Label-B	2002
2	pernode	worker-cs-14	Label-B	2001
2	pernode	worker-cs-14	Label-B	2003
2	pernode	worker-cs-14	Label-B	2002
2	pernode	worker-cs-14	Label-B	2002
2	pernode	worker-cs-14	Label-B	2002
2	pernode	worker-cs-14	Label-B	2001
2	pernode	worker-cs-14	Label-B	2002
2	pernode	worker-cs-14	Label-B	2003
2	pernode	worker-cs-14	Label-B	2002
2	pernode	worker-cs-14	Label-B	2002
2	pernode	worker-cs-14	Label-B	2001
2	pernode	worker-cs-14	Label-B	2002
2	pernode	worker-cs-14	Label-B	2001
2	pernode	worker-cs-14	Label-B	2001
2	pernode	worker-cs-14	Label-B	2002
2	pernode	worker-cs-14	Label-B	2001
2	pernode	worker-cs-14	Label-B	2002
2	pernode	worker-cs-14	Label-B	2002
2	pernode	worker-cs-14	Label-B	2001
2	pernode	worker-cs-14	Label-B	2002
2	pernode	worker-cs-14	Label-B	2001
2	pernode	worker-cs-14	Label-B	2002
2	pernode	worker-cs-14	Label-B	2001
2	pernode	worker-cs-14	Label-B	2001
2	pernode	worker-cs-14	Label-B	2003
2	pernode	worker-cs-14	Label-B	2001
2	pernode	worker-cs-14	Label-B	2002
2	pernode	worker-cs-14	Label-B	2002
2	pernode	worker-cs-14	Label-B	2002
2	pernode	worker-cs-14	Label-B	2001
2	pernode	worker-cs-14	Label-B	2001
2	pernode	worker-cs-14	Label-B	2003
2	pernode	worker-cs-14	Label-B	2001
2	pernode	worker-cs-14	Label-B	2002
2	pernode	worker-cs-14	Label-B	2001
2	pernode	worker-cs-14	Label-B	2001
2	pernode	worker-cs-14	Label-B	2001
2	pernode	worker-cs-14	Label-B	2002
2	pernode	worker-cs-14	Label-B	2001
2	pernode	worker-cs-14	Label-B	2001
2	pernode	worker-cs-14	Label-B	2001
2	pernode	worker-cs-14	Label-B	2001
2	pernode	worker-cs-14	Label-B	2002
2	pernode	worker-cs-14	Label-B	2001
2	pernode	worker-cs-14	Label-B	2002
2	pernode	worker-cs-14	Label-B	2002
2	pernode	worker-cs-14	Label-B	2002
2	pernode	worker-cs-14	Label-B	2002
2	pernode	worker-cs-14	Label-B	2002
2	pernode	worker-cs-14	Label-B	2001
2	pernode	worker-cs-14	Label-B	2001
2	pernode	worker-cs-14	Label-B	2002
2	pernode	worker-cs-14	Label-B	2001
2	pernode	worker-cs-14	Label-B	2002
2	pernode	worker-cs-14	Label-B	2001
2	pernode	worker-cs-14	Label-B	2001
2	pernode	worker-cs-14	Label-B	2002
2	pernode	worker-cs-14	Label-B	2002
2	pernode	worker-cs-14	Label-B	2001
2	pernode	worker-cs-14	Label-B	2002
2	pernode	worker-cs-14	Label-B	2002
2	pernode	worker-cs-14	Label-B	2002
2	pernode	worker-cs-14	Label-B	2002
2	pernode	worker-cs-14	Label-B	2001
2	pernode	worker-cs-14	Label-B	2001
2	pernode	worker-cs-14	Label-B	2001
2	pernode	worker-cs-14	Label-B	2002
2	pernode	worker-cs-14	Label-B	2002
2	pernode	worker-cs-14	Label-B	2002
2	pernode	worker-cs-14	Label-B	2002
2	pernode	worker-cs-14	Label-B	2002
2	pernode	worker-cs-14	Label-B	2001
2	pernode	worker-cs-14	Label-B	2002
2	pernode	worker-cs-14	Label-B	2002
2	pernode	worker-cs-14	Label-B	2001
2	pernode	worker-cs-14	Label-B	2002
2	pernode	worker-cs-14	Label-B	2001
2	pernode	worker-cs-14	Label-B	2002
2	pernode	worker-cs-14	Label-B	2002
2	pernode	worker-cs-14	Label-B	2001
2	pernode	worker-cs-14	Label-B	2002
2	pernode	worker-cs-14	Label-B	2001
2	pernode	worker-cs-14	Label-B	2001
2	pernode	worker-cs-14	Label-B	2002
2	pernode	worker-cs-14	Label-B	2002
2	pernode	worker-cs-14	Label-B	2001
2	pernode	worker-cs-14	Label-B	2000
2	pernode	worker-cs-14	Label-B	2001
2	pernode	worker-cs-14	Label-B	2001
2	pernode	worker-cs-14	Label-B	2002
2	pernode	worker-cs-14	Label-B	2002
2	pernode	worker-cs-14	Label-B	2001
2	pernode	worker-cs-14	Label-B	2001
2	pernode	worker-cs-14	Label-B	2002
2	pernode	worker-cs-14	Label-B	2002
2	pernode	worker-cs-14	Label-B	2001
2	pernode	worker-cs-14	Label-B	2002
2	pernode	worker-cs-14	Label-B	2001
2	pernode	worker-cs-14	Label-B	2002
2	pernode	worker-cs-14	Label-B	2007
2	pernode	worker-cs-14	Label-B	2001
2	pernode	worker-cs-14	Label-B	2002
2	pernode	worker-cs-14	Label-B	2002
2	pernode	worker-cs-14	Label-B	2001
2	pernode	worker-cs-14	Label-B	2002
2	pernode	worker-cs-14	Label-B	2002
2	pernode	worker-cs-14	Label-B	2001
2	pernode	worker-cs-14	Label-B	2002
2	pernode	worker-cs-14	Label-B	2001
2	pernode	worker-cs-14	Label-B	2002
2	pernode	worker-cs-14	Label-B	2001
2	pernode	worker-cs-14	Label-B	2002
2	pernode	worker-cs-14	Label-B	2001
2	pernode	worker-cs-14	Label-B	2002
2	pernode	worker-cs-14	Label-B	2002
2	pernode	worker-cs-14	Label-B	2002
2	pernode	worker-cs-14	Label-B	2002
2	pernode	worker-cs-14	Label-B	2002
2	pernode	worker-cs-14	Label-B	2002
2	pernode	worker-cs-14	Label-B	2002
2	pernode	worker-cs-14	Label-B	2002
2	pernode	worker-cs-14	Label-B	2002
2	pernode	worker-cs-14	Label-B	2001
2	pernode	worker-cs-14	Label-B	2002
2	pernode	worker-cs-14	Label-B	2002
2	pernode	worker-cs-14	Label-B	2002
2	pernode	worker-cs-14	Label-B	2002
2	pernode	worker-cs-14	Label-B	2001
2	pernode	worker-cs-14	Label-B	2001
2	pernode	worker-cs-14	Label-B	2001
2	pernode	worker-cs-14	Label-B	2002
2	pernode	worker-cs-14	Label-B	2002
2	pernode	worker-cs-14	Label-B	2001
2	pernode	worker-cs-14	Label-B	2003
2	pernode	worker-cs-14	Label-B	2002
2	pernode	worker-cs-14	Label-B	2002
2	pernode	worker-cs-14	Label-B	2002
2	pernode	worker-cs-14	Label-B	2000
2	pernode	worker-cs-14	Label-B	2002
2	pernode	worker-cs-14	Label-B	2002
2	pernode	worker-cs-14	Label-B	2002
2	pernode	worker-cs-14	Label-B	2002
2	pernode	worker-cs-14	Label-B	2002
2	pernode	worker-cs-14	Label-B	2002
2	pernode	worker-cs-14	Label-B	2002
2	pernode	worker-cs-14	Label-B	2001
2	pernode	worker-cs-14	Label-B	2002
2	pernode	worker-cs-14	Label-B	2001
2	pernode	worker-cs-14	Label-B	2002
2	pernode	worker-cs-14	Label-B	2002
2	pernode	worker-cs-14	Label-B	2002
2	pernode	worker-cs-14	Label-B	2001
2	pernode	worker-cs-14	Label-B	2002
2	pernode	worker-cs-14	Label-B	2002
2	pernode	worker-cs-14	Label-B	2002
2	pernode	worker-cs-14	Label-B	2002
2	pernode	worker-cs-14	Label-B	2003
2	pernode	worker-cs-14	Label-B	2002
2	pernode	worker-cs-14	Label-B	2002
2	pernode	worker-cs-14	Label-B	2001
2	pernode	worker-cs-14	Label-B	2002
2	pernode	worker-cs-14	Label-B	2002
2	pernode	worker-cs-14	Label-B	2001
2	pernode	worker-cs-14	Label-B	2002
2	pernode	worker-cs-14	Label-B	2001
2	pernode	worker-cs-14	Label-B	2002
2	pernode	worker-cs-14	Label-B	2002
2	pernode	worker-cs-14	Label-B	2002
2	pernode	worker-cs-14	Label-B	2001
2	pernode	worker-cs-14	Label-B	2002
2	pernode	worker-cs-14	Label-B	2001
2	pernode	worker-cs-14	Label-B	2003
2	pernode	worker-cs-14	Label-B	2001
2	pernode	worker-cs-14	Label-B	2002
2	pernode	worker-cs-14	Label-B	2001
2	pernode	worker-cs-14	Label-B	2002
2	pernode	worker-cs-14	Label-B	2001
2	pernode	worker-cs-14	Label-B	2002
2	pernode	worker-cs-14	Label-B	2001
2	pernode	worker-cs-14	Label-B	2002
2	pernode	worker-cs-14	Label-B	2001
2	pernode	worker-cs-14	Label-B	2001
2	pernode	worker-cs-14	Label-B	2001
2	pernode	worker-cs-14	Label-B	2002
2	pernode	worker-cs-14	Label-B	2001
2	pernode	worker-cs-14	Label-B	2002
2	pernode	worker-cs-14	Label-B	2002
2	pernode	worker-cs-14	Label-B	2001
2	pernode	worker-cs-14	Label-B	2001
2	pernode	worker-cs-14	Label-B	2001
2	pernode	worker-cs-14	Label-B	2001
2	pernode	worker-cs-14	Label-B	2002
2	pernode	worker-cs-14	Label-B	2001
2	pernode	worker-cs-14	Label-B	2002
2	pernode	worker-cs-14	Label-B	2001
2	pernode	worker-cs-14	Label-B	2001
2	pernode	worker-cs-14	Label-B	2002
2	pernode	worker-cs-14	Label-B	2002
2	pernode	worker-cs-14	Label-B	2001
2	pernode	worker-cs-14	Label-B	2001
2	pernode	worker-cs-14	Label-B	2001
2	pernode	worker-cs-14	Label-B	2000
2	pernode	worker-cs-14	Label-B	2001
2	pernode	worker-cs-14	Label-B	2002
2	pernode	worker-cs-14	Label-B	2001
2	pernode	worker-cs-14	Label-B	2002
2	pernode	worker-cs-14	Label-B	2002
2	pernode	worker-cs-14	Label-B	2001
2	pernode	worker-cs-14	Label-B	2001
2	pernode	worker-cs-14	Label-B	2002
2	pernode	worker-cs-14	Label-B	2001
2	pernode	worker-cs-14	Label-B	2002
2	pernode	worker-cs-14	Label-B	2001
2	pernode	worker-cs-14	Label-B	2001
2	pernode	worker-cs-14	Label-B	2001
2	pernode	worker-cs-14	Label-B	2001
2	pernode	worker-cs-14	Label-B	2002
2	pernode	worker-cs-14	Label-B	2001
2	pernode	worker-cs-14	Label-B	2002
2	pernode	worker-cs-14	Label-B	2002
2	pernode	worker-cs-14	Label-B	2002
2	pernode	worker-cs-14	Label-B	2001
2	pernode	worker-cs-14	Label-B	2002
2	pernode	worker-cs-14	Label-B	2001
2	pernode	worker-cs-14	Label-B	2002
2	pernode	worker-cs-14	Label-B	2002
2	pernode	worker-cs-14	Label-B	2001
2	pernode	worker-cs-14	Label-B	2001
2	pernode	worker-cs-14	Label-B	2001
2	pernode	worker-cs-14	Label-B	2000
2	pernode	worker-cs-14	Label-B	2003
2	pernode	worker-cs-14	Label-B	2002
2	pernode	worker-cs-14	Label-B	2002
2	pernode	worker-cs-14	Label-B	2001
2	pernode	worker-cs-14	Label-B	2001
2	pernode	worker-cs-14	Label-B	2001
2	pernode	worker-cs-14	Label-B	2002
2	pernode	worker-cs-14	Label-B	2001
2	pernode	worker-cs-14	Label-B	2002
2	pernode	worker-cs-14	Label-B	2002
2	pernode	worker-cs-14	Label-B	2002
2	pernode	worker-cs-14	Label-B	2002
2	pernode	worker-cs-14	Label-B	2002
2	pernode	worker-cs-14	Label-B	2002
2	pernode	worker-cs-14	Label-B	2002
2	pernode	worker-cs-14	Label-B	2001
2	pernode	worker-cs-14	Label-B	2001
2	pernode	worker-cs-14	Label-B	2001
2	pernode	worker-cs-14	Label-B	2002
2	pernode	worker-cs-14	Label-B	2001
2	pernode	worker-cs-14	Label-B	2002
2	pernode	worker-cs-14	Label-B	2002
2	pernode	worker-cs-14	Label-B	2001
2	pernode	worker-cs-14	Label-B	2001
2	pernode	worker-cs-14	Label-B	2002
2	pernode	worker-cs-14	Label-B	2002
2	pernode	worker-cs-14	Label-B	2001
2	pernode	worker-cs-14	Label-B	2001
2	pernode	worker-cs-14	Label-B	2001
2	pernode	worker-cs-14	Label-B	2003
2	pernode	worker-cs-14	Label-B	2002
2	pernode	worker-cs-14	Label-B	2002
2	pernode	worker-cs-14	Label-B	2001
2	pernode	worker-cs-14	Label-B	2001
2	pernode	worker-cs-14	Label-B	2001
2	pernode	worker-cs-14	Label-B	2002
2	pernode	worker-cs-14	Label-B	2002
2	pernode	worker-cs-14	Label-B	2002
2	pernode	worker-cs-14	Label-B	2002
2	pernode	worker-cs-14	Label-B	2002
2	pernode	worker-cs-14	Label-B	2002
2	pernode	worker-cs-14	Label-B	2002
2	pernode	worker-cs-14	Label-B	2002
2	pernode	worker-cs-14	Label-B	2001
2	pernode	worker-cs-14	Label-B	2002
2	pernode	worker-cs-14	Label-B	2004
2	pernode	worker-cs-14	Label-B	2004
2	pernode	worker-cs-14	Label-B	2000
2	pernode	worker-cs-14	Label-B	2002
2	pernode	worker-cs-14	Label-B	2001
2	pernode	worker-cs-14	Label-B	2002
2	pernode	worker-cs-14	Label-B	2002
2	pernode	worker-cs-14	Label-B	2002
2	pernode	worker-cs-14	Label-B	2002
2	pernode	worker-cs-14	Label-B	2001
2	pernode	worker-cs-14	Label-B	2001
2	pernode	worker-cs-14	Label-B	2002
2	pernode	worker-cs-14	Label-B	2001
2	pernode	worker-cs-14	Label-B	2002
2	pernode	worker-cs-14	Label-B	2002
2	pernode	worker-cs-14	Label-B	2002
2	pernode	worker-cs-14	Label-B	2001
2	pernode	worker-cs-14	Label-B	2003
2	pernode	worker-cs-14	Label-B	2002
2	pernode	worker-cs-14	Label-B	2001
2	pernode	worker-cs-14	Label-B	2001
2	pernode	worker-cs-14	Label-B	2001
2	pernode	worker-cs-14	Label-B	2002
2	pernode	worker-cs-14	Label-B	2001
2	pernode	worker-cs-14	Label-B	2001
2	pernode	worker-cs-14	Label-B	2002
2	pernode	worker-cs-14	Label-B	2002
2	pernode	worker-cs-14	Label-B	2002
2	pernode	worker-cs-14	Label-B	2001
2	pernode	worker-cs-14	Label-B	2002
2	pernode	worker-cs-14	Label-B	2001
2	pernode	worker-cs-14	Label-B	2001
2	pernode	worker-cs-14	Label-B	2002
2	pernode	worker-cs-14	Label-B	2001
2	pernode	worker-cs-14	Label-B	2002
2	pernode	worker-cs-14	Label-B	2001
2	pernode	worker-cs-14	Label-B	2002
2	pernode	worker-cs-14	Label-B	2002
2	pernode	worker-cs-14	Label-B	2001
2	pernode	worker-cs-14	Label-B	2002
2	pernode	worker-cs-14	Label-B	2001
2	pernode	worker-cs-14	Label-B	2001
2	pernode	worker-cs-14	Label-B	2001
2	pernode	worker-cs-14	Label-B	2002
2	pernode	worker-cs-14	Label-B	2002
2	pernode	worker-cs-14	Label-B	2002
2	pernode	worker-cs-14	Label-B	2001
2	pernode	worker-cs-14	Label-B	2002
2	pernode	worker-cs-14	Label-B	2002
2	pernode	worker-cs-14	Label-B	2002
2	pernode	worker-cs-14	Label-B	2001
2	pernode	worker-cs-14	Label-B	2002
2	pernode	worker-cs-14	Label-B	2002
2	pernode	worker-cs-14	Label-B	2002
2	pernode	worker-cs-14	Label-B	2001
2	pernode	worker-cs-14	Label-B	2002
2	pernode	worker-cs-14	Label-B	2002
2	pernode	worker-cs-14	Label-B	2002
2	pernode	worker-cs-14	Label-B	2002
2	pernode	worker-cs-14	Label-B	2001
2	pernode	worker-cs-14	Label-B	2001
2	pernode	worker-cs-14	Label-B	2002
2	pernode	worker-cs-14	Label-B	2002
2	pernode	worker-cs-14	Label-B	2001
2	pernode	worker-cs-14	Label-B	2002
2	pernode	worker-cs-14	Label-B	2002
2	pernode	worker-cs-14	Label-B	2001
2	pernode	worker-cs-14	Label-B	2001
2	pernode	worker-cs-14	Label-B	2002
2	pernode	worker-cs-14	Label-B	2002
2	pernode	worker-cs-14	Label-B	2002
2	pernode	worker-cs-14	Label-B	2001
2	pernode	worker-cs-14	Label-B	2002
2	pernode	worker-cs-14	Label-B	2001
2	pernode	worker-cs-14	Label-B	2001
2	pernode	worker-cs-14	Label-B	2002
2	pernode	worker-cs-14	Label-B	2003
2	pernode	worker-cs-14	Label-B	2001
2	pernode	worker-cs-14	Label-B	2002
2	pernode	worker-cs-14	Label-B	2002
2	pernode	worker-cs-14	Label-B	2001
2	pernode	worker-cs-14	Label-B	2001
2	pernode	worker-cs-14	Label-B	2002
2	pernode	worker-cs-14	Label-B	2002
2	pernode	worker-cs-14	Label-B	2001
2	pernode	worker-cs-14	Label-B	2002
2	pernode	worker-cs-14	Label-B	2001
2	pernode	worker-cs-14	Label-B	2002
2	pernode	worker-cs-14	Label-B	2001
2	pernode	worker-cs-14	Label-B	2002
2	pernode	worker-cs-14	Label-B	2001
2	pernode	worker-cs-14	Label-B	2002
2	pernode	worker-cs-14	Label-B	2002
2	pernode	worker-cs-14	Label-B	2002
2	pernode	worker-cs-14	Label-B	2001
2	pernode	worker-cs-14	Label-B	2002
2	pernode	worker-cs-14	Label-B	2002
2	pernode	worker-cs-14	Label-B	2002
2	pernode	worker-cs-14	Label-B	2002
2	pernode	worker-cs-14	Label-B	2001
2	pernode	worker-cs-14	Label-B	2002
2	pernode	worker-cs-14	Label-B	2002
2	pernode	worker-cs-14	Label-B	2002
2	pernode	worker-cs-14	Label-B	2002
2	pernode	worker-cs-14	Label-B	2002
2	pernode	worker-cs-14	Label-B	2001
2	pernode	worker-cs-14	Label-B	2002
2	pernode	worker-cs-14	Label-B	2000
2	pernode	worker-cs-14	Label-B	2002
2	pernode	worker-cs-14	Label-B	2001
2	pernode	worker-cs-14	Label-B	2002
2	pernode	worker-cs-14	Label-B	2002
2	pernode	worker-cs-14	Label-B	2001
2	pernode	worker-cs-14	Label-B	2003
2	pernode	worker-cs-14	Label-B	2001
2	pernode	worker-cs-14	Label-B	2002
2	pernode	worker-cs-14	Label-B	2002
2	pernode	worker-cs-14	Label-B	2001
2	pernode	worker-cs-14	Label-B	2002
2	pernode	worker-cs-14	Label-B	2002
2	pernode	worker-cs-14	Label-B	2002
2	pernode	worker-cs-14	Label-B	2001
2	pernode	worker-cs-14	Label-B	2001
2	pernode	worker-cs-14	Label-B	2002
2	pernode	worker-cs-14	Label-B	2001
2	pernode	worker-cs-14	Label-B	2001
2	pernode	worker-cs-14	Label-B	2002
2	pernode	worker-cs-14	Label-B	2001
2	pernode	worker-cs-14	Label-B	2001
2	pernode	worker-cs-14	Label-B	2001
2	pernode	worker-cs-14	Label-B	2001
2	pernode	worker-cs-14	Label-B	2001
2	pernode	worker-cs-14	Label-B	2002
2	pernode	worker-cs-14	Label-B	2002
2	pernode	worker-cs-14	Label-B	2001
2	pernode	worker-cs-14	Label-B	2001
2	pernode	worker-cs-14	Label-B	2001
2	pernode	worker-cs-14	Label-B	2002
2	pernode	worker-cs-14	Label-B	2001
2	pernode	worker-cs-14	Label-B	2001
2	pernode	worker-cs-14	Label-B	2002
2	pernode	worker-cs-14	Label-B	2002
2	pernode	worker-cs-14	Label-B	2001
2	pernode	worker-cs-14	Label-B	2001
2	pernode	worker-cs-14	Label-B	2003
2	pernode	worker-cs-14	Label-B	2003
2	pernode	worker-cs-14	Label-B	2001
2	pernode	worker-cs-14	Label-B	2002
2	pernode	worker-cs-14	Label-B	2002
2	pernode	worker-cs-14	Label-B	2002
2	pernode	worker-cs-14	Label-B	2002
2	pernode	worker-cs-14	Label-B	2001
2	pernode	worker-cs-14	Label-B	2002
2	pernode	worker-cs-14	Label-B	2002
2	pernode	worker-cs-14	Label-B	2002
2	pernode	worker-cs-14	Label-B	2002
2	pernode	worker-cs-14	Label-B	2002
2	pernode	worker-cs-14	Label-B	2002
2	pernode	worker-cs-14	Label-B	2001
2	pernode	worker-cs-14	Label-B	2001
2	pernode	worker-cs-14	Label-B	2002
2	pernode	worker-cs-14	Label-B	2003
2	pernode	worker-cs-14	Label-B	2002
2	pernode	worker-cs-14	Label-B	2002
2	pernode	worker-cs-14	Label-B	2001
2	pernode	worker-cs-14	Label-B	2002
2	pernode	worker-cs-14	Label-B	2001
2	pernode	worker-cs-14	Label-B	2001
2	pernode	worker-cs-14	Label-B	2002
2	pernode	worker-cs-14	Label-B	2002
2	pernode	worker-cs-14	Label-B	2003
2	pernode	worker-cs-14	Label-B	2001
2	pernode	worker-cs-14	Label-B	2001
2	pernode	worker-cs-14	Label-B	2001
2	pernode	worker-cs-14	Label-B	2001
2	pernode	worker-cs-14	Label-B	2002
2	pernode	worker-cs-14	Label-B	2002
2	pernode	worker-cs-14	Label-B	2001
2	pernode	worker-cs-14	Label-B	2002
2	pernode	worker-cs-14	Label-B	2001
2	pernode	worker-cs-14	Label-B	2002
2	pernode	worker-cs-14	Label-B	2002
2	pernode	worker-cs-14	Label-B	2001
2	pernode	worker-cs-14	Label-B	2001
2	pernode	worker-cs-14	Label-B	2001
2	pernode	worker-cs-14	Label-B	2001
2	pernode	worker-cs-14	Label-B	2002
2	pernode	worker-cs-14	Label-B	2002
2	pernode	worker-cs-14	Label-B	2002
2	pernode	worker-cs-14	Label-B	2004
2	pernode	worker-cs-14	Label-B	2002
2	pernode	worker-cs-14	Label-B	2002
2	pernode	worker-cs-14	Label-B	2001
2	pernode	worker-cs-14	Label-B	2002
2	pernode	worker-cs-14	Label-B	2002
2	pernode	worker-cs-14	Label-B	2001
2	pernode	worker-cs-14	Label-B	2002
2	pernode	worker-cs-14	Label-B	2003
2	pernode	worker-cs-14	Label-B	2001
2	pernode	worker-cs-14	Label-B	2002
2	pernode	worker-cs-14	Label-B	2001
2	pernode	worker-cs-14	Label-B	2001
2	pernode	worker-cs-14	Label-B	2001
2	pernode	worker-cs-14	Label-B	2002
2	pernode	worker-cs-14	Label-B	2002
2	pernode	worker-cs-14	Label-B	2001
2	pernode	worker-cs-14	Label-B	2002
2	pernode	worker-cs-14	Label-B	2001
2	pernode	worker-cs-14	Label-B	2001
2	pernode	worker-cs-14	Label-B	2001
2	pernode	worker-cs-14	Label-B	2002
2	pernode	worker-cs-14	Label-B	2002
2	pernode	worker-cs-14	Label-B	2002
2	pernode	worker-cs-14	Label-B	2002
2	pernode	worker-cs-14	Label-B	2002
2	pernode	worker-cs-14	Label-B	2001
2	pernode	worker-cs-14	Label-B	2002
2	pernode	worker-cs-14	Label-B	2001
2	pernode	worker-cs-14	Label-B	2001
2	pernode	worker-cs-14	Label-B	2001
2	pernode	worker-cs-14	Label-B	2001
2	pernode	worker-cs-14	Label-B	2002
2	pernode	worker-cs-14	Label-B	2001
2	pernode	worker-cs-14	Label-B	2001
2	pernode	worker-cs-14	Label-B	2002
2	pernode	worker-cs-14	Label-B	2001
2	pernode	worker-cs-14	Label-B	2002
2	pernode	worker-cs-14	Label-B	2002
2	pernode	worker-cs-14	Label-B	2004
2	pernode	worker-cs-14	Label-B	2002
2	pernode	worker-cs-14	Label-B	2002
2	pernode	worker-cs-14	Label-B	2002
2	pernode	worker-cs-14	Label-B	2004
2	pernode	worker-cs-14	Label-B	2003
2	pernode	worker-cs-14	Label-B	2001
2	pernode	worker-cs-14	Label-B	2001
2	pernode	worker-cs-14	Label-B	2001
2	pernode	worker-cs-14	Label-B	2002
2	pernode	worker-cs-14	Label-B	2000
2	pernode	worker-cs-14	Label-B	2001
2	pernode	worker-cs-14	Label-B	2000
2	pernode	worker-cs-14	Label-B	2002
2	pernode	worker-cs-14	Label-B	2001
2	pernode	worker-cs-14	Label-B	2003
2	pernode	worker-cs-14	Label-B	2002
2	pernode	worker-cs-14	Label-B	2002
2	pernode	worker-cs-14	Label-B	2002
2	pernode	worker-cs-14	Label-B	2002
2	pernode	worker-cs-14	Label-B	2001
2	pernode	worker-cs-14	Label-B	2002
2	pernode	worker-cs-14	Label-B	2005
2	pernode	worker-cs-14	Label-B	2002
2	pernode	worker-cs-14	Label-B	2002
2	pernode	worker-cs-14	Label-B	2002
2	pernode	worker-cs-14	Label-B	2002
2	pernode	worker-cs-14	Label-B	2002
2	pernode	worker-cs-14	Label-B	2001
2	pernode	worker-cs-14	Label-B	2002
2	pernode	worker-cs-14	Label-B	2001
2	pernode	worker-cs-14	Label-B	2002
2	pernode	worker-cs-14	Label-B	2001
2	pernode	worker-cs-14	Label-B	2000
2	pernode	worker-cs-14	Label-B	2002
2	pernode	worker-cs-14	Label-B	2000
2	pernode	worker-cs-14	Label-B	2001
2	pernode	worker-cs-14	Label-B	2001
2	pernode	worker-cs-14	Label-B	2001
2	pernode	worker-cs-14	Label-B	2001
2	pernode	worker-cs-14	Label-B	2002
2	pernode	worker-cs-14	Label-B	2004
2	pernode	worker-cs-14	Label-B	2001
2	pernode	worker-cs-14	Label-B	2001
2	pernode	worker-cs-14	Label-B	2002
2	pernode	worker-cs-14	Label-B	2002
2	pernode	worker-cs-14	Label-B	2002
2	pernode	worker-cs-14	Label-B	2001
2	pernode	worker-cs-14	Label-B	2002
2	pernode	worker-cs-14	Label-B	2002
2	pernode	worker-cs-14	Label-B	2001
2	pernode	worker-cs-14	Label-B	2003
2	pernode	worker-cs-14	Label-B	2001
2	pernode	worker-cs-14	Label-B	2001
2	pernode	worker-cs-14	Label-B	2000
2	pernode	worker-cs-14	Label-B	2003
2	pernode	worker-cs-14	Label-B	2001
2	pernode	worker-cs-14	Label-B	2002
2	pernode	worker-cs-14	Label-B	2002
2	pernode	worker-cs-14	Label-B	2001
2	pernode	worker-cs-14	Label-B	2001
2	pernode	worker-cs-14	Label-B	2002
2	pernode	worker-cs-14	Label-B	2001
2	pernode	worker-cs-14	Label-B	2001
2	pernode	worker-cs-14	Label-B	2002
2	pernode	worker-cs-14	Label-B	2001
2	pernode	worker-cs-14	Label-B	2002
2	pernode	worker-cs-14	Label-B	2001
2	pernode	worker-cs-14	Label-B	2002
2	pernode	worker-cs-14	Label-B	2001
2	pernode	worker-cs-14	Label-B	2001
2	pernode	worker-cs-14	Label-B	2002
2	pernode	worker-cs-14	Label-B	2002
2	pernode	worker-cs-14	Label-B	2001
2	pernode	worker-cs-14	Label-B	2001
2	pernode	worker-cs-14	Label-B	2001
2	pernode	worker-cs-14	Label-B	2003
2	pernode	worker-cs-14	Label-B	2002
2	pernode	worker-cs-14	Label-B	2002
2	pernode	worker-cs-14	Label-B	2002
2	pernode	worker-cs-14	Label-B	2002
2	pernode	worker-cs-14	Label-B	2002
2	pernode	worker-cs-14	Label-B	2002
2	pernode	worker-cs-14	Label-B	2002
2	pernode	worker-cs-14	Label-B	2002
2	pernode	worker-cs-14	Label-B	2002
2	pernode	worker-cs-14	Label-B	2001
2	pernode	worker-cs-14	Label-B	2001
2	pernode	worker-cs-14	Label-B	2002
2	pernode	worker-cs-14	Label-B	2002
2	pernode	worker-cs-14	Label-B	2001
2	pernode	worker-cs-14	Label-B	2002
2	pernode	worker-cs-14	Label-B	2001
2	pernode	worker-cs-14	Label-B	2002
2	pernode	worker-cs-14	Label-B	2002
2	pernode	worker-cs-14	Label-B	2001
2	pernode	worker-cs-14	Label-B	2002
2	pernode	worker-cs-14	Label-B	2002
2	pernode	worker-cs-14	Label-B	2001
2	pernode	worker-cs-14	Label-B	2002
2	pernode	worker-cs-14	Label-B	2002
2	pernode	worker-cs-14	Label-B	2001
2	pernode	worker-cs-14	Label-B	2002
2	pernode	worker-cs-14	Label-B	2002
2	pernode	worker-cs-14	Label-B	2002
2	pernode	worker-cs-14	Label-B	2001
2	pernode	worker-cs-14	Label-B	2002
2	pernode	worker-cs-14	Label-B	2001
2	pernode	worker-cs-14	Label-B	2002
2	pernode	worker-cs-14	Label-B	2001
2	pernode	worker-cs-14	Label-B	2002
2	pernode	worker-cs-14	Label-B	2002
2	pernode	worker-cs-14	Label-B	2003
2	pernode	worker-cs-14	Label-B	2001
2	pernode	worker-cs-14	Label-B	2001
2	pernode	worker-cs-14	Label-B	2001
2	pernode	worker-cs-14	Label-B	2001
2	pernode	worker-cs-14	Label-B	2002
2	pernode	worker-cs-14	Label-B	2002
2	pernode	worker-cs-14	Label-B	2002
2	pernode	worker-cs-14	Label-B	2001
2	pernode	worker-cs-14	Label-B	2001
2	pernode	worker-cs-14	Label-B	2002
2	pernode	worker-cs-14	Label-B	2001
2	pernode	worker-cs-14	Label-B	2002
2	pernode	worker-cs-14	Label-B	2001
2	pernode	worker-cs-14	Label-B	2002
2	pernode	worker-cs-14	Label-B	2002
2	pernode	worker-cs-14	Label-B	2002
2	pernode	worker-cs-14	Label-B	2001
2	pernode	worker-cs-14	Label-B	2001
2	pernode	worker-cs-14	Label-B	2001
2	pernode	worker-cs-14	Label-B	2001
2	pernode	worker-cs-14	Label-B	2002
2	pernode	worker-cs-14	Label-B	2001
2	pernode	worker-cs-14	Label-B	2001
2	pernode	worker-cs-14	Label-B	2001
2	pernode	worker-cs-14	Label-B	2002
2	pernode	worker-cs-14	Label-B	2002
2	pernode	worker-cs-14	Label-B	2003
2	pernode	worker-cs-14	Label-B	2001
2	pernode	worker-cs-14	Label-B	2002
2	pernode	worker-cs-14	Label-B	2002
2	pernode	worker-cs-14	Label-B	2002
2	pernode	worker-cs-14	Label-B	2002
2	pernode	worker-cs-14	Label-B	2001
2	pernode	worker-cs-14	Label-B	2001
2	pernode	worker-cs-14	Label-B	2002
2	pernode	worker-cs-14	Label-B	2001
2	pernode	worker-cs-14	Label-B	2002
2	pernode	worker-cs-14	Label-B	2002
2	pernode	worker-cs-14	Label-B	2001
2	pernode	worker-cs-14	Label-B	2002
2	pernode	worker-cs-14	Label-B	2002
2	pernode	worker-cs-14	Label-B	2001
2	pernode	worker-cs-14	Label-B	2001
2	pernode	worker-cs-14	Label-B	2002
2	pernode	worker-cs-14	Label-B	2001
2	pernode	worker-cs-14	Label-B	2002
2	pernode	worker-cs-14	Label-B	2002
2	pernode	worker-cs-14	Label-B	2001
2	pernode	worker-cs-14	Label-B	2002
2	pernode	worker-cs-14	Label-B	2001
2	pernode	worker-cs-14	Label-B	2002
2	pernode	worker-cs-14	Label-B	2001
2	pernode	worker-cs-14	Label-B	2001
2	pernode	worker-cs-14	Label-B	2002
2	pernode	worker-cs-14	Label-B	2001
2	pernode	worker-cs-14	Label-B	2001
2	pernode	worker-cs-14	Label-B	2002
2	pernode	worker-cs-14	Label-B	2001
2	pernode	worker-cs-14	Label-B	2001
2	pernode	worker-cs-14	Label-B	2001
2	pernode	worker-cs-14	Label-B	2000
2	pernode	worker-cs-14	Label-B	2003
2	pernode	worker-cs-14	Label-B	2001
2	pernode	worker-cs-14	Label-B	2002
2	pernode	worker-cs-14	Label-B	2002
2	pernode	worker-cs-14	Label-B	2001
2	pernode	worker-cs-14	Label-B	2001
2	pernode	worker-cs-14	Label-B	2001
2	pernode	worker-cs-14	Label-B	2002
2	pernode	worker-cs-14	Label-B	2001
2	pernode	worker-cs-14	Label-B	2002
2	pernode	worker-cs-14	Label-B	2001
2	pernode	worker-cs-14	Label-B	2001
2	pernode	worker-cs-14	Label-B	2002
2	pernode	worker-cs-14	Label-B	2001
2	pernode	worker-cs-14	Label-B	2001
2	pernode	worker-cs-14	Label-B	2001
2	pernode	worker-cs-14	Label-B	2002
2	pernode	worker-cs-14	Label-B	2002
2	pernode	worker-cs-14	Label-B	2001
2	pernode	worker-cs-14	Label-B	2002
2	pernode	worker-cs-14	Label-B	2001
2	pernode	worker-cs-14	Label-B	2002
2	pernode	worker-cs-14	Label-B	2002
2	pernode	worker-cs-14	Label-B	2002
2	pernode	worker-cs-14	Label-B	2001
2	pernode	worker-cs-14	Label-B	2003
2	pernode	worker-cs-14	Label-B	2000
2	pernode	worker-cs-14	Label-B	2002
2	pernode	worker-cs-14	Label-B	2002
2	pernode	worker-cs-14	Label-B	2001
2	pernode	worker-cs-14	Label-B	2002
2	pernode	worker-cs-14	Label-B	2002
2	pernode	worker-cs-14	Label-B	2001
2	pernode	worker-cs-14	Label-B	2002
2	pernode	worker-cs-14	Label-B	2001
2	pernode	worker-cs-14	Label-B	2002
2	pernode	worker-cs-14	Label-B	2002
2	pernode	worker-cs-14	Label-B	2001
2	pernode	worker-cs-14	Label-B	2002
2	pernode	worker-cs-14	Label-B	2002
2	pernode	worker-cs-14	Label-B	2002
2	pernode	worker-cs-14	Label-B	2002
2	pernode	worker-cs-14	Label-B	2002
2	pernode	worker-cs-14	Label-B	2001
2	pernode	worker-cs-14	Label-B	2002
2	pernode	worker-cs-14	Label-B	2002
2	pernode	worker-cs-14	Label-B	2002
2	pernode	worker-cs-14	Label-B	2001
2	pernode	worker-cs-14	Label-B	2002
2	pernode	worker-cs-14	Label-B	2002
2	pernode	worker-cs-14	Label-B	2002
2	pernode	worker-cs-14	Label-B	2001
2	pernode	worker-cs-14	Label-B	2002
2	pernode	worker-cs-14	Label-B	2001
2	pernode	worker-cs-14	Label-B	2001
2	pernode	worker-cs-14	Label-B	2002
2	pernode	worker-cs-14	Label-B	2001
2	pernode	worker-cs-14	Label-B	2001
2	pernode	worker-cs-14	Label-B	2001
2	pernode	worker-cs-14	Label-B	2001
2	pernode	worker-cs-14	Label-B	2002
2	pernode	worker-cs-14	Label-B	2002
2	pernode	worker-cs-14	Label-B	2001
2	pernode	worker-cs-14	Label-B	2003
2	pernode	worker-cs-14	Label-B	2002
2	pernode	worker-cs-14	Label-B	2002
2	pernode	worker-cs-14	Label-B	2002
2	pernode	worker-cs-14	Label-B	2002
2	pernode	worker-cs-14	Label-B	2002
2	pernode	worker-cs-14	Label-B	2002
2	pernode	worker-cs-14	Label-B	2002
2	pernode	worker-cs-14	Label-B	2002
2	pernode	worker-cs-14	Label-B	2002
2	pernode	worker-cs-14	Label-B	2001
2	pernode	worker-cs-14	Label-B	2002
2	pernode	worker-cs-14	Label-B	2001
2	pernode	worker-cs-14	Label-B	2001
2	pernode	worker-cs-14	Label-B	2002
2	pernode	worker-cs-14	Label-B	2001
2	pernode	worker-cs-14	Label-B	2002
2	pernode	worker-cs-14	Label-B	2002
2	pernode	worker-cs-14	Label-B	2002
2	pernode	worker-cs-14	Label-B	2001
2	pernode	worker-cs-14	Label-B	2001
2	pernode	worker-cs-14	Label-B	2002
2	pernode	worker-cs-14	Label-B	2002
2	pernode	worker-cs-14	Label-B	2001
2	pernode	worker-cs-14	Label-B	2002
2	pernode	worker-cs-14	Label-B	2001
2	pernode	worker-cs-14	Label-B	2001
2	pernode	worker-cs-14	Label-B	2002
2	pernode	worker-cs-14	Label-B	2002
2	pernode	worker-cs-14	Label-B	2002
2	pernode	worker-cs-14	Label-B	2002
2	pernode	worker-cs-14	Label-B	2001
2	pernode	worker-cs-14	Label-B	2001
2	pernode	worker-cs-14	Label-B	2002
2	pernode	worker-cs-14	Label-B	2002
2	pernode	worker-cs-14	Label-B	2001
2	pernode	worker-cs-14	Label-B	2002
2	pernode	worker-cs-14	Label-B	2002
2	pernode	worker-cs-14	Label-B	2002
2	pernode	worker-cs-14	Label-B	2001
2	pernode	worker-cs-14	Label-B	2002
2	pernode	worker-cs-14	Label-B	2001
2	pernode	worker-cs-14	Label-B	2002
2	pernode	worker-cs-14	Label-B	2001
2	pernode	worker-cs-14	Label-B	2001
2	pernode	worker-cs-14	Label-B	2001
2	pernode	worker-cs-14	Label-B	2001
2	pernode	worker-cs-14	Label-B	2001
2	pernode	worker-cs-14	Label-B	2002
2	pernode	worker-cs-14	Label-B	2002
2	pernode	worker-cs-14	Label-B	2002
2	pernode	worker-cs-14	Label-B	2002
2	pernode	worker-cs-14	Label-B	2001
2	pernode	worker-cs-14	Label-B	2001
2	pernode	worker-cs-14	Label-B	2001
2	pernode	worker-cs-14	Label-B	2002
2	pernode	worker-cs-14	Label-B	2002
2	pernode	worker-cs-14	Label-B	2002
2	pernode	worker-cs-14	Label-B	2003
2	pernode	worker-cs-14	Label-B	2002
2	pernode	worker-cs-14	Label-B	2001
2	pernode	worker-cs-14	Label-B	2002
2	pernode	worker-cs-14	Label-B	2001
2	pernode	worker-cs-14	Label-B	2001
2	pernode	worker-cs-14	Label-B	2001
2	pernode	worker-cs-14	Label-B	2002
2	pernode	worker-cs-14	Label-B	2001
2	pernode	worker-cs-14	Label-B	2002
2	pernode	worker-cs-14	Label-B	2001
2	pernode	worker-cs-14	Label-B	2002
2	pernode	worker-cs-14	Label-B	2001
2	pernode	worker-cs-14	Label-B	2002
2	pernode	worker-cs-14	Label-B	2003
2	pernode	worker-cs-14	Label-B	2002
2	pernode	worker-cs-14	Label-B	2001
2	pernode	worker-cs-14	Label-B	2001
2	pernode	worker-cs-14	Label-B	2002
2	pernode	worker-cs-14	Label-B	2001
2	pernode	worker-cs-14	Label-B	2002
2	pernode	worker-cs-14	Label-B	2001
2	pernode	worker-cs-14	Label-B	2001
2	pernode	worker-cs-14	Label-B	2002
2	pernode	worker-cs-14	Label-B	2002
2	pernode	worker-cs-14	Label-B	2001
2	pernode	worker-cs-14	Label-B	2001
2	pernode	worker-cs-14	Label-B	2001
2	pernode	worker-cs-14	Label-B	2001
2	pernode	worker-cs-14	Label-B	2001
2	pernode	worker-cs-14	Label-B	2001
2	pernode	worker-cs-14	Label-B	2001
2	pernode	worker-cs-14	Label-B	2001
2	pernode	worker-cs-14	Label-B	2002
2	pernode	worker-cs-14	Label-B	2001
2	pernode	worker-cs-14	Label-B	2002
2	pernode	worker-cs-14	Label-B	2002
2	pernode	worker-cs-14	Label-B	2002
2	pernode	worker-cs-14	Label-B	2002
2	pernode	worker-cs-14	Label-B	2001
2	pernode	worker-cs-14	Label-B	2001
2	pernode	worker-cs-14	Label-B	2001
2	pernode	worker-cs-14	Label-B	2003
2	pernode	worker-cs-14	Label-B	2002
2	pernode	worker-cs-14	Label-B	2002
2	pernode	worker-cs-14	Label-B	2002
2	pernode	worker-cs-14	Label-B	2002
2	pernode	worker-cs-14	Label-B	2002
2	pernode	worker-cs-14	Label-B	2001
2	pernode	worker-cs-14	Label-B	2001
2	pernode	worker-cs-18	Label-A	2001
2	pernode	worker-cs-18	Label-A	2001
2	pernode	worker-cs-18	Label-A	2002
2	pernode	worker-cs-18	Label-A	2002
2	pernode	worker-cs-18	Label-A	2001
2	pernode	worker-cs-18	Label-A	2002
2	pernode	worker-cs-18	Label-A	2002
2	pernode	worker-cs-18	Label-A	2000
2	pernode	worker-cs-18	Label-A	2001
2	pernode	worker-cs-18	Label-A	2002
2	pernode	worker-cs-18	Label-A	2001
2	pernode	worker-cs-18	Label-A	2002
2	pernode	worker-cs-18	Label-A	2001
2	pernode	worker-cs-18	Label-A	2001
2	pernode	worker-cs-18	Label-A	2001
2	pernode	worker-cs-18	Label-A	2001
2	pernode	worker-cs-18	Label-A	2002
2	pernode	worker-cs-18	Label-A	2001
2	pernode	worker-cs-18	Label-A	2002
2	pernode	worker-cs-18	Label-A	2001
2	pernode	worker-cs-18	Label-A	2001
2	pernode	worker-cs-18	Label-A	2002
2	pernode	worker-cs-18	Label-A	2002
2	pernode	worker-cs-18	Label-A	2001
2	pernode	worker-cs-18	Label-A	2001
2	pernode	worker-cs-18	Label-A	2002
2	pernode	worker-cs-18	Label-A	2002
2	pernode	worker-cs-18	Label-A	2001
2	pernode	worker-cs-18	Label-A	2001
2	pernode	worker-cs-18	Label-A	2002
2	pernode	worker-cs-18	Label-A	2001
2	pernode	worker-cs-18	Label-A	2000
2	pernode	worker-cs-18	Label-A	2002
2	pernode	worker-cs-18	Label-A	2001
2	pernode	worker-cs-18	Label-A	2001
2	pernode	worker-cs-18	Label-A	2001
2	pernode	worker-cs-18	Label-A	2002
2	pernode	worker-cs-18	Label-A	2002
2	pernode	worker-cs-18	Label-A	2001
2	pernode	worker-cs-18	Label-A	2001
2	pernode	worker-cs-18	Label-A	2002
2	pernode	worker-cs-18	Label-A	2002
2	pernode	worker-cs-18	Label-A	2002
2	pernode	worker-cs-18	Label-A	2001
2	pernode	worker-cs-18	Label-A	2001
2	pernode	worker-cs-18	Label-A	2001
2	pernode	worker-cs-18	Label-A	2001
2	pernode	worker-cs-18	Label-A	2001
2	pernode	worker-cs-18	Label-A	2001
2	pernode	worker-cs-18	Label-A	2002
2	pernode	worker-cs-18	Label-A	2002
2	pernode	worker-cs-18	Label-A	2002
2	pernode	worker-cs-18	Label-A	2002
2	pernode	worker-cs-18	Label-A	2002
2	pernode	worker-cs-18	Label-A	2002
2	pernode	worker-cs-18	Label-A	2003
2	pernode	worker-cs-18	Label-A	2002
2	pernode	worker-cs-18	Label-A	2002
2	pernode	worker-cs-18	Label-A	2001
2	pernode	worker-cs-18	Label-A	2001
2	pernode	worker-cs-18	Label-A	2001
2	pernode	worker-cs-18	Label-A	2003
2	pernode	worker-cs-18	Label-A	2001
2	pernode	worker-cs-18	Label-A	2002
2	pernode	worker-cs-18	Label-A	2001
2	pernode	worker-cs-18	Label-A	2002
2	pernode	worker-cs-18	Label-A	2002
2	pernode	worker-cs-18	Label-A	2003
2	pernode	worker-cs-18	Label-A	2001
2	pernode	worker-cs-18	Label-A	2002
2	pernode	worker-cs-18	Label-A	2001
2	pernode	worker-cs-18	Label-A	2001
2	pernode	worker-cs-18	Label-A	2001
2	pernode	worker-cs-18	Label-A	2001
2	pernode	worker-cs-18	Label-A	2001
2	pernode	worker-cs-18	Label-A	2001
2	pernode	worker-cs-18	Label-A	2002
2	pernode	worker-cs-18	Label-A	2002
2	pernode	worker-cs-18	Label-A	2002
2	pernode	worker-cs-18	Label-A	2001
2	pernode	worker-cs-18	Label-A	2002
2	pernode	worker-cs-18	Label-A	2001
2	pernode	worker-cs-18	Label-A	2002
2	pernode	worker-cs-18	Label-A	2002
2	pernode	worker-cs-18	Label-A	2002
2	pernode	worker-cs-18	Label-A	2002
2	pernode	worker-cs-18	Label-A	2002
2	pernode	worker-cs-18	Label-A	2001
2	pernode	worker-cs-18	Label-A	2002
2	pernode	worker-cs-18	Label-A	2002
2	pernode	worker-cs-18	Label-A	2003
2	pernode	worker-cs-18	Label-A	2002
2	pernode	worker-cs-18	Label-A	2002
2	pernode	worker-cs-18	Label-A	2002
2	pernode	worker-cs-18	Label-A	2001
2	pernode	worker-cs-18	Label-A	2001
2	pernode	worker-cs-18	Label-A	2002
2	pernode	worker-cs-18	Label-A	2001
2	pernode	worker-cs-18	Label-A	2002
2	pernode	worker-cs-18	Label-A	2001
2	pernode	worker-cs-18	Label-A	2001
2	pernode	worker-cs-18	Label-A	2002
2	pernode	worker-cs-18	Label-A	2002
2	pernode	worker-cs-18	Label-A	2001
2	pernode	worker-cs-18	Label-A	2001
2	pernode	worker-cs-18	Label-A	2001
2	pernode	worker-cs-18	Label-A	2002
2	pernode	worker-cs-18	Label-A	2001
2	pernode	worker-cs-18	Label-A	2001
2	pernode	worker-cs-18	Label-A	2002
2	pernode	worker-cs-18	Label-A	2002
2	pernode	worker-cs-18	Label-A	2002
2	pernode	worker-cs-18	Label-A	2001
2	pernode	worker-cs-18	Label-A	2001
2	pernode	worker-cs-18	Label-A	2001
2	pernode	worker-cs-18	Label-A	2001
2	pernode	worker-cs-18	Label-A	2002
2	pernode	worker-cs-18	Label-A	2002
2	pernode	worker-cs-18	Label-A	2001
2	pernode	worker-cs-18	Label-A	2001
2	pernode	worker-cs-18	Label-A	2002
2	pernode	worker-cs-18	Label-A	2002
2	pernode	worker-cs-18	Label-A	2002
2	pernode	worker-cs-18	Label-A	2002
2	pernode	worker-cs-18	Label-A	2001
2	pernode	worker-cs-18	Label-A	2002
2	pernode	worker-cs-18	Label-A	2001
2	pernode	worker-cs-18	Label-A	2002
2	pernode	worker-cs-18	Label-A	2001
2	pernode	worker-cs-18	Label-A	2001
2	pernode	worker-cs-18	Label-A	2002
2	pernode	worker-cs-18	Label-A	2001
2	pernode	worker-cs-18	Label-A	2001
2	pernode	worker-cs-18	Label-A	2002
2	pernode	worker-cs-18	Label-A	2002
2	pernode	worker-cs-18	Label-A	2002
2	pernode	worker-cs-18	Label-A	2002
2	pernode	worker-cs-18	Label-A	2001
2	pernode	worker-cs-18	Label-A	2002
2	pernode	worker-cs-18	Label-A	2002
2	pernode	worker-cs-18	Label-A	2001
2	pernode	worker-cs-18	Label-A	2001
2	pernode	worker-cs-18	Label-A	2001
2	pernode	worker-cs-18	Label-A	2001
2	pernode	worker-cs-18	Label-A	2001
2	pernode	worker-cs-18	Label-A	2002
2	pernode	worker-cs-18	Label-A	2001
2	pernode	worker-cs-18	Label-A	2001
2	pernode	worker-cs-18	Label-A	2001
2	pernode	worker-cs-18	Label-A	2002
2	pernode	worker-cs-18	Label-A	2001
2	pernode	worker-cs-18	Label-A	2001
2	pernode	worker-cs-18	Label-A	2002
2	pernode	worker-cs-18	Label-A	2002
2	pernode	worker-cs-18	Label-A	2002
2	pernode	worker-cs-18	Label-A	2002
2	pernode	worker-cs-18	Label-A	2002
2	pernode	worker-cs-18	Label-A	2001
2	pernode	worker-cs-18	Label-A	2002
2	pernode	worker-cs-18	Label-A	2002
2	pernode	worker-cs-18	Label-A	2002
2	pernode	worker-cs-18	Label-A	2002
2	pernode	worker-cs-18	Label-A	2002
2	pernode	worker-cs-18	Label-A	2002
2	pernode	worker-cs-18	Label-A	2002
2	pernode	worker-cs-18	Label-A	2002
2	pernode	worker-cs-18	Label-A	2001
2	pernode	worker-cs-18	Label-A	2001
2	pernode	worker-cs-18	Label-A	2002
2	pernode	worker-cs-18	Label-A	2003
2	pernode	worker-cs-18	Label-A	2002
2	pernode	worker-cs-18	Label-A	2002
2	pernode	worker-cs-18	Label-A	2002
2	pernode	worker-cs-18	Label-A	2002
2	pernode	worker-cs-18	Label-A	2002
2	pernode	worker-cs-18	Label-A	2001
2	pernode	worker-cs-18	Label-A	2001
2	pernode	worker-cs-18	Label-A	2002
2	pernode	worker-cs-18	Label-A	2002
2	pernode	worker-cs-18	Label-A	2002
2	pernode	worker-cs-18	Label-A	2002
2	pernode	worker-cs-18	Label-A	2002
2	pernode	worker-cs-18	Label-A	2002
2	pernode	worker-cs-18	Label-A	2002
2	pernode	worker-cs-18	Label-A	2001
2	pernode	worker-cs-18	Label-A	2002
2	pernode	worker-cs-18	Label-A	2002
2	pernode	worker-cs-18	Label-A	2001
2	pernode	worker-cs-18	Label-A	2003
2	pernode	worker-cs-18	Label-A	2001
2	pernode	worker-cs-18	Label-A	2002
2	pernode	worker-cs-18	Label-A	2001
2	pernode	worker-cs-18	Label-A	2001
2	pernode	worker-cs-18	Label-A	2002
2	pernode	worker-cs-18	Label-A	2003
2	pernode	worker-cs-18	Label-A	2001
2	pernode	worker-cs-18	Label-A	2001
2	pernode	worker-cs-18	Label-A	2002
2	pernode	worker-cs-18	Label-A	2001
2	pernode	worker-cs-18	Label-A	2001
2	pernode	worker-cs-18	Label-A	2001
2	pernode	worker-cs-18	Label-A	2001
2	pernode	worker-cs-18	Label-A	2002
2	pernode	worker-cs-18	Label-A	2002
2	pernode	worker-cs-18	Label-A	2002
2	pernode	worker-cs-18	Label-A	2001
2	pernode	worker-cs-18	Label-A	2002
2	pernode	worker-cs-18	Label-A	2001
2	pernode	worker-cs-18	Label-A	2002
2	pernode	worker-cs-18	Label-A	2001
2	pernode	worker-cs-18	Label-A	2002
2	pernode	worker-cs-18	Label-A	2001
2	pernode	worker-cs-18	Label-A	2002
2	pernode	worker-cs-18	Label-A	2002
2	pernode	worker-cs-18	Label-A	2001
2	pernode	worker-cs-18	Label-A	2001
2	pernode	worker-cs-18	Label-A	2001
2	pernode	worker-cs-18	Label-A	2001
2	pernode	worker-cs-18	Label-A	2001
2	pernode	worker-cs-18	Label-A	2002
2	pernode	worker-cs-18	Label-A	2001
2	pernode	worker-cs-18	Label-A	2001
2	pernode	worker-cs-18	Label-A	2001
2	pernode	worker-cs-18	Label-A	2001
2	pernode	worker-cs-18	Label-A	2002
2	pernode	worker-cs-18	Label-A	2002
2	pernode	worker-cs-18	Label-A	2001
2	pernode	worker-cs-18	Label-A	2002
2	pernode	worker-cs-18	Label-A	2001
2	pernode	worker-cs-18	Label-A	2002
2	pernode	worker-cs-18	Label-A	2001
2	pernode	worker-cs-18	Label-A	2002
2	pernode	worker-cs-18	Label-A	2002
2	pernode	worker-cs-18	Label-A	2002
2	pernode	worker-cs-18	Label-A	2002
2	pernode	worker-cs-18	Label-A	2002
2	pernode	worker-cs-18	Label-A	2001
2	pernode	worker-cs-18	Label-A	2002
2	pernode	worker-cs-18	Label-A	2001
2	pernode	worker-cs-18	Label-A	2001
2	pernode	worker-cs-18	Label-A	2001
2	pernode	worker-cs-18	Label-A	2002
2	pernode	worker-cs-18	Label-A	2002
2	pernode	worker-cs-18	Label-A	2001
2	pernode	worker-cs-18	Label-A	2001
2	pernode	worker-cs-18	Label-A	2002
2	pernode	worker-cs-18	Label-A	2001
2	pernode	worker-cs-18	Label-A	2001
2	pernode	worker-cs-18	Label-A	2002
2	pernode	worker-cs-18	Label-A	2001
2	pernode	worker-cs-18	Label-A	2001
2	pernode	worker-cs-18	Label-A	2001
2	pernode	worker-cs-18	Label-A	2002
2	pernode	worker-cs-18	Label-A	2001
2	pernode	worker-cs-18	Label-A	2002
2	pernode	worker-cs-18	Label-A	2001
2	pernode	worker-cs-18	Label-A	2001
2	pernode	worker-cs-18	Label-A	2002
2	pernode	worker-cs-18	Label-A	2001
2	pernode	worker-cs-18	Label-A	2002
2	pernode	worker-cs-18	Label-A	2001
2	pernode	worker-cs-18	Label-A	2001
2	pernode	worker-cs-18	Label-A	2001
2	pernode	worker-cs-18	Label-A	2001
2	pernode	worker-cs-18	Label-A	2002
2	pernode	worker-cs-18	Label-A	2002
2	pernode	worker-cs-18	Label-A	2001
2	pernode	worker-cs-18	Label-A	2002
2	pernode	worker-cs-18	Label-A	2002
2	pernode	worker-cs-18	Label-A	2002
2	pernode	worker-cs-18	Label-A	2002
2	pernode	worker-cs-18	Label-A	2001
2	pernode	worker-cs-18	Label-A	2002
2	pernode	worker-cs-18	Label-A	2001
2	pernode	worker-cs-18	Label-A	2001
2	pernode	worker-cs-18	Label-A	2001
2	pernode	worker-cs-18	Label-A	2001
2	pernode	worker-cs-18	Label-A	2001
2	pernode	worker-cs-18	Label-A	2002
2	pernode	worker-cs-18	Label-A	2001
2	pernode	worker-cs-18	Label-A	2002
2	pernode	worker-cs-18	Label-A	2003
2	pernode	worker-cs-18	Label-A	2001
2	pernode	worker-cs-18	Label-A	2002
2	pernode	worker-cs-18	Label-A	2002
2	pernode	worker-cs-18	Label-A	2002
2	pernode	worker-cs-18	Label-A	2001
2	pernode	worker-cs-18	Label-A	2002
2	pernode	worker-cs-18	Label-A	2001
2	pernode	worker-cs-18	Label-A	2002
2	pernode	worker-cs-18	Label-A	2003
2	pernode	worker-cs-18	Label-A	2002
2	pernode	worker-cs-18	Label-A	2001
2	pernode	worker-cs-18	Label-A	2002
2	pernode	worker-cs-18	Label-A	2002
2	pernode	worker-cs-18	Label-A	2002
2	pernode	worker-cs-18	Label-A	2003
2	pernode	worker-cs-18	Label-A	2001
2	pernode	worker-cs-18	Label-A	2001
2	pernode	worker-cs-18	Label-A	2002
2	pernode	worker-cs-18	Label-A	2002
2	pernode	worker-cs-18	Label-A	2001
2	pernode	worker-cs-18	Label-A	2002
2	pernode	worker-cs-18	Label-A	2001
2	pernode	worker-cs-18	Label-A	2002
2	pernode	worker-cs-18	Label-A	2001
2	pernode	worker-cs-18	Label-A	2001
2	pernode	worker-cs-18	Label-A	2001
2	pernode	worker-cs-18	Label-A	2001
2	pernode	worker-cs-18	Label-A	2001
2	pernode	worker-cs-18	Label-A	2002
2	pernode	worker-cs-18	Label-A	2001
2	pernode	worker-cs-18	Label-A	2001
2	pernode	worker-cs-18	Label-A	2001
2	pernode	worker-cs-18	Label-A	2000
2	pernode	worker-cs-18	Label-A	2003
2	pernode	worker-cs-18	Label-A	2002
2	pernode	worker-cs-18	Label-A	2002
2	pernode	worker-cs-18	Label-A	2001
2	pernode	worker-cs-18	Label-A	2001
2	pernode	worker-cs-18	Label-A	2002
2	pernode	worker-cs-18	Label-A	2001
2	pernode	worker-cs-18	Label-A	2001
2	pernode	worker-cs-18	Label-A	2001
2	pernode	worker-cs-18	Label-A	2001
2	pernode	worker-cs-18	Label-A	2001
2	pernode	worker-cs-18	Label-A	2001
2	pernode	worker-cs-18	Label-A	2002
2	pernode	worker-cs-18	Label-A	2002
2	pernode	worker-cs-18	Label-A	2001
2	pernode	worker-cs-18	Label-A	2001
2	pernode	worker-cs-18	Label-A	2002
2	pernode	worker-cs-18	Label-A	2001
2	pernode	worker-cs-18	Label-A	2001
2	pernode	worker-cs-18	Label-A	2002
2	pernode	worker-cs-18	Label-A	2002
2	pernode	worker-cs-18	Label-A	2002
2	pernode	worker-cs-18	Label-A	2002
2	pernode	worker-cs-18	Label-A	2002
2	pernode	worker-cs-18	Label-A	2002
2	pernode	worker-cs-18	Label-A	2001
2	pernode	worker-cs-18	Label-A	2002
2	pernode	worker-cs-18	Label-A	2002
2	pernode	worker-cs-18	Label-A	2002
2	pernode	worker-cs-18	Label-A	2002
2	pernode	worker-cs-18	Label-A	2001
2	pernode	worker-cs-18	Label-A	2002
2	pernode	worker-cs-18	Label-A	2001
2	pernode	worker-cs-18	Label-A	2001
2	pernode	worker-cs-18	Label-A	2002
2	pernode	worker-cs-18	Label-A	2002
2	pernode	worker-cs-18	Label-A	2001
2	pernode	worker-cs-18	Label-A	2001
2	pernode	worker-cs-18	Label-A	2001
2	pernode	worker-cs-18	Label-A	2001
2	pernode	worker-cs-18	Label-A	2001
2	pernode	worker-cs-18	Label-A	2002
2	pernode	worker-cs-18	Label-A	2001
2	pernode	worker-cs-18	Label-A	2001
2	pernode	worker-cs-18	Label-A	2001
2	pernode	worker-cs-18	Label-A	2001
2	pernode	worker-cs-18	Label-A	2002
2	pernode	worker-cs-18	Label-A	2001
2	pernode	worker-cs-18	Label-A	2002
2	pernode	worker-cs-18	Label-A	2000
2	pernode	worker-cs-18	Label-A	2002
2	pernode	worker-cs-18	Label-A	2001
2	pernode	worker-cs-18	Label-A	2001
2	pernode	worker-cs-18	Label-A	2002
2	pernode	worker-cs-18	Label-A	2001
2	pernode	worker-cs-18	Label-A	2001
2	pernode	worker-cs-18	Label-A	2002
2	pernode	worker-cs-18	Label-A	2001
2	pernode	worker-cs-18	Label-A	2002
2	pernode	worker-cs-18	Label-A	2002
2	pernode	worker-cs-18	Label-A	2003
2	pernode	worker-cs-18	Label-A	2002
2	pernode	worker-cs-18	Label-A	2001
2	pernode	worker-cs-18	Label-A	2001
2	pernode	worker-cs-18	Label-A	2002
2	pernode	worker-cs-18	Label-A	2003
2	pernode	worker-cs-18	Label-A	2001
2	pernode	worker-cs-18	Label-A	2001
2	pernode	worker-cs-18	Label-A	2001
2	pernode	worker-cs-18	Label-A	2002
2	pernode	worker-cs-18	Label-A	2002
2	pernode	worker-cs-18	Label-A	2001
2	pernode	worker-cs-18	Label-A	2001
2	pernode	worker-cs-18	Label-A	2001
2	pernode	worker-cs-18	Label-A	2003
2	pernode	worker-cs-18	Label-A	2001
2	pernode	worker-cs-18	Label-A	2001
2	pernode	worker-cs-18	Label-A	2002
2	pernode	worker-cs-18	Label-A	2001
2	pernode	worker-cs-18	Label-A	2001
2	pernode	worker-cs-18	Label-A	2001
2	pernode	worker-cs-18	Label-A	2001
2	pernode	worker-cs-18	Label-A	2001
2	pernode	worker-cs-18	Label-A	2004
2	pernode	worker-cs-18	Label-A	2002
2	pernode	worker-cs-18	Label-A	2002
2	pernode	worker-cs-18	Label-A	2001
2	pernode	worker-cs-18	Label-A	2002
2	pernode	worker-cs-18	Label-A	2007
2	pernode	worker-cs-18	Label-A	2002
2	pernode	worker-cs-18	Label-A	2004
2	pernode	worker-cs-18	Label-A	2002
2	pernode	worker-cs-18	Label-A	2002
2	pernode	worker-cs-18	Label-A	2001
2	pernode	worker-cs-18	Label-A	2001
2	pernode	worker-cs-18	Label-A	2002
2	pernode	worker-cs-18	Label-A	2002
2	pernode	worker-cs-18	Label-A	2002
2	pernode	worker-cs-18	Label-A	2001
2	pernode	worker-cs-18	Label-A	2002
2	pernode	worker-cs-18	Label-A	2002
2	pernode	worker-cs-18	Label-A	2001
2	pernode	worker-cs-18	Label-A	2002
2	pernode	worker-cs-18	Label-A	2001
2	pernode	worker-cs-18	Label-A	2001
2	pernode	worker-cs-18	Label-A	2001
2	pernode	worker-cs-18	Label-A	2002
2	pernode	worker-cs-18	Label-A	2003
2	pernode	worker-cs-18	Label-A	2001
2	pernode	worker-cs-18	Label-A	2002
2	pernode	worker-cs-18	Label-A	2002
2	pernode	worker-cs-18	Label-A	2002
2	pernode	worker-cs-18	Label-A	2002
2	pernode	worker-cs-18	Label-A	2002
2	pernode	worker-cs-18	Label-A	2002
2	pernode	worker-cs-18	Label-A	2001
2	pernode	worker-cs-18	Label-A	2001
2	pernode	worker-cs-18	Label-A	2001
2	pernode	worker-cs-18	Label-A	2001
2	pernode	worker-cs-18	Label-A	2002
2	pernode	worker-cs-18	Label-A	2001
2	pernode	worker-cs-18	Label-A	2002
2	pernode	worker-cs-18	Label-A	2002
2	pernode	worker-cs-18	Label-A	2001
2	pernode	worker-cs-18	Label-A	2002
2	pernode	worker-cs-18	Label-A	2002
2	pernode	worker-cs-18	Label-A	2002
2	pernode	worker-cs-18	Label-A	2003
2	pernode	worker-cs-18	Label-A	2001
2	pernode	worker-cs-18	Label-A	2001
2	pernode	worker-cs-18	Label-A	2001
2	pernode	worker-cs-18	Label-A	2001
2	pernode	worker-cs-18	Label-A	2001
2	pernode	worker-cs-18	Label-A	2001
2	pernode	worker-cs-18	Label-A	2002
2	pernode	worker-cs-18	Label-A	2001
2	pernode	worker-cs-18	Label-A	2002
2	pernode	worker-cs-18	Label-A	2001
2	pernode	worker-cs-18	Label-A	2001
2	pernode	worker-cs-18	Label-A	2001
2	pernode	worker-cs-18	Label-A	2001
2	pernode	worker-cs-18	Label-A	2001
2	pernode	worker-cs-18	Label-A	2001
2	pernode	worker-cs-18	Label-A	2001
2	pernode	worker-cs-18	Label-A	2001
2	pernode	worker-cs-18	Label-A	2001
2	pernode	worker-cs-18	Label-A	2001
2	pernode	worker-cs-18	Label-A	2001
2	pernode	worker-cs-18	Label-A	2001
2	pernode	worker-cs-18	Label-A	2001
2	pernode	worker-cs-18	Label-A	2002
2	pernode	worker-cs-18	Label-A	2002
2	pernode	worker-cs-18	Label-A	2002
2	pernode	worker-cs-18	Label-A	2002
2	pernode	worker-cs-18	Label-A	2002
2	pernode	worker-cs-18	Label-A	2001
2	pernode	worker-cs-18	Label-A	2001
2	pernode	worker-cs-18	Label-A	2002
2	pernode	worker-cs-18	Label-A	2001
2	pernode	worker-cs-18	Label-A	2001
2	pernode	worker-cs-18	Label-A	2002
2	pernode	worker-cs-18	Label-A	2002
2	pernode	worker-cs-18	Label-A	2001
2	pernode	worker-cs-18	Label-A	2002
2	pernode	worker-cs-18	Label-A	2001
2	pernode	worker-cs-18	Label-A	2000
2	pernode	worker-cs-18	Label-A	2001
2	pernode	worker-cs-18	Label-A	2002
2	pernode	worker-cs-18	Label-A	2002
2	pernode	worker-cs-18	Label-A	2001
2	pernode	worker-cs-18	Label-A	2002
2	pernode	worker-cs-18	Label-A	2002
2	pernode	worker-cs-18	Label-A	2001
2	pernode	worker-cs-18	Label-A	2002
2	pernode	worker-cs-18	Label-A	2001
2	pernode	worker-cs-18	Label-A	2002
2	pernode	worker-cs-18	Label-A	2002
2	pernode	worker-cs-18	Label-A	2002
2	pernode	worker-cs-18	Label-A	2002
2	pernode	worker-cs-18	Label-A	2002
2	pernode	worker-cs-18	Label-A	2001
2	pernode	worker-cs-18	Label-A	2002
2	pernode	worker-cs-18	Label-A	2000
2	pernode	worker-cs-18	Label-A	2002
2	pernode	worker-cs-18	Label-A	2001
2	pernode	worker-cs-18	Label-A	2001
2	pernode	worker-cs-18	Label-A	2002
2	pernode	worker-cs-18	Label-A	2002
2	pernode	worker-cs-18	Label-A	2002
2	pernode	worker-cs-18	Label-A	2002
2	pernode	worker-cs-18	Label-A	2002
2	pernode	worker-cs-18	Label-A	2001
2	pernode	worker-cs-18	Label-A	2002
2	pernode	worker-cs-18	Label-A	2001
2	pernode	worker-cs-18	Label-A	2002
2	pernode	worker-cs-18	Label-A	2001
2	pernode	worker-cs-18	Label-A	2001
2	pernode	worker-cs-18	Label-A	2001
2	pernode	worker-cs-18	Label-A	2001
2	pernode	worker-cs-18	Label-A	2002
2	pernode	worker-cs-18	Label-A	2001
2	pernode	worker-cs-18	Label-A	2002
2	pernode	worker-cs-18	Label-A	2001
2	pernode	worker-cs-18	Label-A	2001
2	pernode	worker-cs-18	Label-A	2002
2	pernode	worker-cs-18	Label-A	2001
2	pernode	worker-cs-18	Label-A	2002
2	pernode	worker-cs-18	Label-A	2001
2	pernode	worker-cs-18	Label-A	2001
2	pernode	worker-cs-18	Label-A	2001
2	pernode	worker-cs-18	Label-A	2001
2	pernode	worker-cs-18	Label-A	2002
2	pernode	worker-cs-18	Label-A	2002
2	pernode	worker-cs-18	Label-A	2002
2	pernode	worker-cs-18	Label-A	2001
2	pernode	worker-cs-18	Label-A	2002
2	pernode	worker-cs-18	Label-A	2001
2	pernode	worker-cs-18	Label-A	2002
2	pernode	worker-cs-18	Label-A	2002
2	pernode	worker-cs-18	Label-A	2001
2	pernode	worker-cs-18	Label-A	2002
2	pernode	worker-cs-18	Label-A	2001
2	pernode	worker-cs-18	Label-A	2001
2	pernode	worker-cs-18	Label-A	2002
2	pernode	worker-cs-18	Label-A	2003
2	pernode	worker-cs-18	Label-A	2002
2	pernode	worker-cs-18	Label-A	2002
2	pernode	worker-cs-18	Label-A	2002
2	pernode	worker-cs-18	Label-A	2001
2	pernode	worker-cs-18	Label-A	2002
2	pernode	worker-cs-18	Label-A	2002
2	pernode	worker-cs-18	Label-A	2002
2	pernode	worker-cs-18	Label-A	2002
2	pernode	worker-cs-18	Label-A	2002
2	pernode	worker-cs-18	Label-A	2001
2	pernode	worker-cs-18	Label-A	2001
2	pernode	worker-cs-18	Label-A	2001
2	pernode	worker-cs-18	Label-A	2002
2	pernode	worker-cs-18	Label-A	2001
2	pernode	worker-cs-18	Label-A	2001
2	pernode	worker-cs-18	Label-A	2002
2	pernode	worker-cs-18	Label-A	2002
2	pernode	worker-cs-18	Label-A	2001
2	pernode	worker-cs-18	Label-A	2001
2	pernode	worker-cs-18	Label-A	2001
2	pernode	worker-cs-18	Label-A	2002
2	pernode	worker-cs-18	Label-A	2001
2	pernode	worker-cs-18	Label-A	2002
2	pernode	worker-cs-18	Label-A	2001
2	pernode	worker-cs-18	Label-A	2001
2	pernode	worker-cs-18	Label-A	2002
2	pernode	worker-cs-18	Label-A	2002
2	pernode	worker-cs-18	Label-A	2001
2	pernode	worker-cs-18	Label-A	2002
2	pernode	worker-cs-18	Label-A	2002
2	pernode	worker-cs-18	Label-A	2002
2	pernode	worker-cs-18	Label-A	2002
2	pernode	worker-cs-18	Label-A	2002
2	pernode	worker-cs-18	Label-A	2002
2	pernode	worker-cs-18	Label-A	2001
2	pernode	worker-cs-18	Label-A	2002
2	pernode	worker-cs-18	Label-A	2001
2	pernode	worker-cs-18	Label-A	2001
2	pernode	worker-cs-18	Label-A	2002
2	pernode	worker-cs-18	Label-A	2001
2	pernode	worker-cs-18	Label-A	2001
2	pernode	worker-cs-18	Label-A	2002
2	pernode	worker-cs-18	Label-A	2002
2	pernode	worker-cs-18	Label-A	2001
2	pernode	worker-cs-1	Label-C	2003
2	pernode	worker-cs-1	Label-C	2002
2	pernode	worker-cs-1	Label-C	2002
2	pernode	worker-cs-1	Label-C	2002
2	pernode	worker-cs-1	Label-C	2002
2	pernode	worker-cs-1	Label-C	2002
2	pernode	worker-cs-1	Label-C	2002
2	pernode	worker-cs-1	Label-C	2002
2	pernode	worker-cs-1	Label-C	2001
2	pernode	worker-cs-1	Label-C	2002
2	pernode	worker-cs-1	Label-C	2002
2	pernode	worker-cs-1	Label-C	2001
2	pernode	worker-cs-1	Label-C	2001
2	pernode	worker-cs-1	Label-C	2002
2	pernode	worker-cs-1	Label-C	2012
2	pernode	worker-cs-1	Label-C	2001
2	pernode	worker-cs-1	Label-C	2003
2	pernode	worker-cs-1	Label-C	2002
2	pernode	worker-cs-1	Label-C	2001
2	pernode	worker-cs-1	Label-C	2002
2	pernode	worker-cs-1	Label-C	2002
2	pernode	worker-cs-1	Label-C	2002
2	pernode	worker-cs-1	Label-C	2002
2	pernode	worker-cs-1	Label-C	2003
2	pernode	worker-cs-1	Label-C	2001
2	pernode	worker-cs-1	Label-C	2002
2	pernode	worker-cs-1	Label-C	2002
2	pernode	worker-cs-1	Label-C	2001
2	pernode	worker-cs-1	Label-C	2003
2	pernode	worker-cs-1	Label-C	2002
2	pernode	worker-cs-1	Label-C	2002
2	pernode	worker-cs-1	Label-C	2001
2	pernode	worker-cs-1	Label-C	2002
2	pernode	worker-cs-1	Label-C	2003
2	pernode	worker-cs-1	Label-C	2001
2	pernode	worker-cs-1	Label-C	2003
2	pernode	worker-cs-1	Label-C	2002
2	pernode	worker-cs-1	Label-C	2002
2	pernode	worker-cs-1	Label-C	2002
2	pernode	worker-cs-1	Label-C	2002
2	pernode	worker-cs-1	Label-C	2002
2	pernode	worker-cs-1	Label-C	2002
2	pernode	worker-cs-1	Label-C	2003
2	pernode	worker-cs-1	Label-C	2001
2	pernode	worker-cs-1	Label-C	2002
2	pernode	worker-cs-1	Label-C	2001
2	pernode	worker-cs-1	Label-C	2003
2	pernode	worker-cs-1	Label-C	2001
2	pernode	worker-cs-1	Label-C	2001
2	pernode	worker-cs-1	Label-C	2002
2	pernode	worker-cs-1	Label-C	2002
2	pernode	worker-cs-1	Label-C	2002
2	pernode	worker-cs-1	Label-C	2002
2	pernode	worker-cs-1	Label-C	2002
2	pernode	worker-cs-1	Label-C	2002
2	pernode	worker-cs-1	Label-C	2003
2	pernode	worker-cs-1	Label-C	2002
2	pernode	worker-cs-1	Label-C	2001
2	pernode	worker-cs-1	Label-C	2001
2	pernode	worker-cs-1	Label-C	2002
2	pernode	worker-cs-1	Label-C	2002
2	pernode	worker-cs-1	Label-C	2002
2	pernode	worker-cs-1	Label-C	2001
2	pernode	worker-cs-1	Label-C	2002
2	pernode	worker-cs-1	Label-C	2003
2	pernode	worker-cs-1	Label-C	2002
2	pernode	worker-cs-1	Label-C	2002
2	pernode	worker-cs-1	Label-C	2002
2	pernode	worker-cs-1	Label-C	2002
2	pernode	worker-cs-1	Label-C	2002
2	pernode	worker-cs-1	Label-C	2003
2	pernode	worker-cs-1	Label-C	2001
2	pernode	worker-cs-1	Label-C	2002
2	pernode	worker-cs-1	Label-C	2002
2	pernode	worker-cs-1	Label-C	2002
2	pernode	worker-cs-1	Label-C	2002
2	pernode	worker-cs-1	Label-C	2002
2	pernode	worker-cs-1	Label-C	2001
2	pernode	worker-cs-1	Label-C	2002
2	pernode	worker-cs-1	Label-C	2002
2	pernode	worker-cs-1	Label-C	2003
2	pernode	worker-cs-1	Label-C	2002
2	pernode	worker-cs-1	Label-C	2002
2	pernode	worker-cs-1	Label-C	2002
2	pernode	worker-cs-1	Label-C	2002
2	pernode	worker-cs-1	Label-C	2002
2	pernode	worker-cs-1	Label-C	2002
2	pernode	worker-cs-1	Label-C	2002
2	pernode	worker-cs-1	Label-C	2003
2	pernode	worker-cs-1	Label-C	2002
2	pernode	worker-cs-1	Label-C	2003
2	pernode	worker-cs-1	Label-C	2001
2	pernode	worker-cs-1	Label-C	2001
2	pernode	worker-cs-1	Label-C	2002
2	pernode	worker-cs-1	Label-C	2002
2	pernode	worker-cs-1	Label-C	2002
2	pernode	worker-cs-1	Label-C	2002
2	pernode	worker-cs-1	Label-C	2002
2	pernode	worker-cs-1	Label-C	2002
2	pernode	worker-cs-1	Label-C	2001
2	pernode	worker-cs-1	Label-C	2002
2	pernode	worker-cs-1	Label-C	2002
2	pernode	worker-cs-1	Label-C	2002
2	pernode	worker-cs-1	Label-C	2002
2	pernode	worker-cs-1	Label-C	2002
2	pernode	worker-cs-1	Label-C	2001
2	pernode	worker-cs-1	Label-C	2002
2	pernode	worker-cs-1	Label-C	2002
2	pernode	worker-cs-1	Label-C	2003
2	pernode	worker-cs-1	Label-C	2005
2	pernode	worker-cs-1	Label-C	2002
2	pernode	worker-cs-1	Label-C	2001
2	pernode	worker-cs-1	Label-C	2003
2	pernode	worker-cs-1	Label-C	2001
2	pernode	worker-cs-1	Label-C	2002
2	pernode	worker-cs-1	Label-C	2002
2	pernode	worker-cs-1	Label-C	2002
2	pernode	worker-cs-1	Label-C	2002
2	pernode	worker-cs-1	Label-C	2003
2	pernode	worker-cs-1	Label-C	2003
2	pernode	worker-cs-1	Label-C	2003
2	pernode	worker-cs-1	Label-C	2002
2	pernode	worker-cs-1	Label-C	2003
2	pernode	worker-cs-1	Label-C	2002
2	pernode	worker-cs-1	Label-C	2002
2	pernode	worker-cs-1	Label-C	2002
2	pernode	worker-cs-1	Label-C	2002
2	pernode	worker-cs-1	Label-C	2004
2	pernode	worker-cs-1	Label-C	2001
2	pernode	worker-cs-1	Label-C	2002
2	pernode	worker-cs-1	Label-C	2002
2	pernode	worker-cs-1	Label-C	2001
2	pernode	worker-cs-1	Label-C	2003
2	pernode	worker-cs-1	Label-C	2002
2	pernode	worker-cs-1	Label-C	2003
2	pernode	worker-cs-1	Label-C	2002
2	pernode	worker-cs-1	Label-C	2002
2	pernode	worker-cs-1	Label-C	2002
2	pernode	worker-cs-1	Label-C	2002
2	pernode	worker-cs-1	Label-C	2002
2	pernode	worker-cs-1	Label-C	2002
2	pernode	worker-cs-1	Label-C	2002
2	pernode	worker-cs-1	Label-C	2002
2	pernode	worker-cs-1	Label-C	2002
2	pernode	worker-cs-1	Label-C	2002
2	pernode	worker-cs-1	Label-C	2001
2	pernode	worker-cs-1	Label-C	2002
2	pernode	worker-cs-1	Label-C	2001
2	pernode	worker-cs-1	Label-C	2001
2	pernode	worker-cs-1	Label-C	2006
2	pernode	worker-cs-1	Label-C	2003
2	pernode	worker-cs-1	Label-C	2002
2	pernode	worker-cs-1	Label-C	2002
2	pernode	worker-cs-1	Label-C	2003
2	pernode	worker-cs-1	Label-C	2001
2	pernode	worker-cs-1	Label-C	2002
2	pernode	worker-cs-1	Label-C	2002
2	pernode	worker-cs-1	Label-C	2002
2	pernode	worker-cs-1	Label-C	2002
2	pernode	worker-cs-1	Label-C	2002
2	pernode	worker-cs-1	Label-C	2002
2	pernode	worker-cs-1	Label-C	2003
2	pernode	worker-cs-1	Label-C	2002
2	pernode	worker-cs-1	Label-C	2001
2	pernode	worker-cs-1	Label-C	2001
2	pernode	worker-cs-1	Label-C	2002
2	pernode	worker-cs-1	Label-C	2001
2	pernode	worker-cs-1	Label-C	2003
2	pernode	worker-cs-1	Label-C	2002
2	pernode	worker-cs-1	Label-C	2002
2	pernode	worker-cs-1	Label-C	2002
2	pernode	worker-cs-1	Label-C	2002
2	pernode	worker-cs-1	Label-C	2002
2	pernode	worker-cs-1	Label-C	2002
2	pernode	worker-cs-1	Label-C	2002
2	pernode	worker-cs-1	Label-C	2002
2	pernode	worker-cs-1	Label-C	2002
2	pernode	worker-cs-1	Label-C	2002
2	pernode	worker-cs-1	Label-C	2003
2	pernode	worker-cs-1	Label-C	2002
2	pernode	worker-cs-1	Label-C	2003
2	pernode	worker-cs-1	Label-C	2002
2	pernode	worker-cs-1	Label-C	2001
2	pernode	worker-cs-1	Label-C	2001
2	pernode	worker-cs-1	Label-C	2002
2	pernode	worker-cs-1	Label-C	2002
2	pernode	worker-cs-1	Label-C	2002
2	pernode	worker-cs-1	Label-C	2002
2	pernode	worker-cs-1	Label-C	2002
2	pernode	worker-cs-1	Label-C	2002
2	pernode	worker-cs-1	Label-C	2002
2	pernode	worker-cs-1	Label-C	2002
2	pernode	worker-cs-1	Label-C	2003
2	pernode	worker-cs-1	Label-C	2002
2	pernode	worker-cs-1	Label-C	2002
2	pernode	worker-cs-1	Label-C	2002
2	pernode	worker-cs-1	Label-C	2002
2	pernode	worker-cs-1	Label-C	2002
2	pernode	worker-cs-1	Label-C	2002
2	pernode	worker-cs-1	Label-C	2002
2	pernode	worker-cs-1	Label-C	2002
2	pernode	worker-cs-1	Label-C	2002
2	pernode	worker-cs-1	Label-C	2002
2	pernode	worker-cs-1	Label-C	2005
2	pernode	worker-cs-1	Label-C	2003
2	pernode	worker-cs-1	Label-C	2002
2	pernode	worker-cs-1	Label-C	2003
2	pernode	worker-cs-1	Label-C	2003
2	pernode	worker-cs-1	Label-C	2002
2	pernode	worker-cs-1	Label-C	2002
2	pernode	worker-cs-1	Label-C	2002
2	pernode	worker-cs-1	Label-C	2012
2	pernode	worker-cs-1	Label-C	2004
2	pernode	worker-cs-1	Label-C	2002
2	pernode	worker-cs-1	Label-C	2002
2	pernode	worker-cs-1	Label-C	2001
2	pernode	worker-cs-1	Label-C	2002
2	pernode	worker-cs-1	Label-C	2001
2	pernode	worker-cs-1	Label-C	2002
2	pernode	worker-cs-1	Label-C	2002
2	pernode	worker-cs-1	Label-C	2001
2	pernode	worker-cs-1	Label-C	2002
2	pernode	worker-cs-1	Label-C	2002
2	pernode	worker-cs-1	Label-C	2002
2	pernode	worker-cs-1	Label-C	2001
2	pernode	worker-cs-1	Label-C	2003
2	pernode	worker-cs-1	Label-C	2001
2	pernode	worker-cs-1	Label-C	2002
2	pernode	worker-cs-1	Label-C	2001
2	pernode	worker-cs-1	Label-C	2002
2	pernode	worker-cs-1	Label-C	2002
2	pernode	worker-cs-1	Label-C	2002
2	pernode	worker-cs-1	Label-C	2002
2	pernode	worker-cs-1	Label-C	2002
2	pernode	worker-cs-1	Label-C	2002
2	pernode	worker-cs-1	Label-C	2002
2	pernode	worker-cs-1	Label-C	2002
2	pernode	worker-cs-1	Label-C	2003
2	pernode	worker-cs-1	Label-C	2003
2	pernode	worker-cs-1	Label-C	2002
2	pernode	worker-cs-1	Label-C	2001
2	pernode	worker-cs-1	Label-C	2002
2	pernode	worker-cs-1	Label-C	2003
2	pernode	worker-cs-1	Label-C	2003
2	pernode	worker-cs-1	Label-C	2002
2	pernode	worker-cs-1	Label-C	2001
2	pernode	worker-cs-1	Label-C	2002
2	pernode	worker-cs-1	Label-C	2002
2	pernode	worker-cs-1	Label-C	2002
2	pernode	worker-cs-1	Label-C	2001
2	pernode	worker-cs-1	Label-C	2002
2	pernode	worker-cs-1	Label-C	2001
2	pernode	worker-cs-1	Label-C	2002
2	pernode	worker-cs-1	Label-C	2001
2	pernode	worker-cs-1	Label-C	2002
2	pernode	worker-cs-1	Label-C	2004
2	pernode	worker-cs-1	Label-C	2002
2	pernode	worker-cs-1	Label-C	2002
2	pernode	worker-cs-1	Label-C	2001
2	pernode	worker-cs-1	Label-C	2002
2	pernode	worker-cs-1	Label-C	2001
2	pernode	worker-cs-1	Label-C	2003
2	pernode	worker-cs-1	Label-C	2002
2	pernode	worker-cs-1	Label-C	2001
2	pernode	worker-cs-1	Label-C	2002
2	pernode	worker-cs-1	Label-C	2002
2	pernode	worker-cs-1	Label-C	2002
2	pernode	worker-cs-1	Label-C	2005
2	pernode	worker-cs-1	Label-C	2002
2	pernode	worker-cs-1	Label-C	2002
2	pernode	worker-cs-1	Label-C	2001
2	pernode	worker-cs-1	Label-C	2002
2	pernode	worker-cs-1	Label-C	2002
2	pernode	worker-cs-1	Label-C	2002
2	pernode	worker-cs-1	Label-C	2002
2	pernode	worker-cs-1	Label-C	2001
2	pernode	worker-cs-1	Label-C	2004
2	pernode	worker-cs-1	Label-C	2003
2	pernode	worker-cs-1	Label-C	2002
2	pernode	worker-cs-1	Label-C	2002
2	pernode	worker-cs-1	Label-C	2002
2	pernode	worker-cs-1	Label-C	2003
2	pernode	worker-cs-1	Label-C	2002
2	pernode	worker-cs-1	Label-C	2003
2	pernode	worker-cs-1	Label-C	2001
2	pernode	worker-cs-1	Label-C	2002
2	pernode	worker-cs-1	Label-C	2003
2	pernode	worker-cs-1	Label-C	2002
2	pernode	worker-cs-1	Label-C	2002
2	pernode	worker-cs-1	Label-C	2002
2	pernode	worker-cs-1	Label-C	2002
2	pernode	worker-cs-1	Label-C	2002
2	pernode	worker-cs-1	Label-C	2002
2	pernode	worker-cs-1	Label-C	2003
2	pernode	worker-cs-1	Label-C	2002
2	pernode	worker-cs-1	Label-C	2002
2	pernode	worker-cs-1	Label-C	2002
2	pernode	worker-cs-1	Label-C	2003
2	pernode	worker-cs-1	Label-C	2002
2	pernode	worker-cs-1	Label-C	2001
2	pernode	worker-cs-1	Label-C	2002
2	pernode	worker-cs-1	Label-C	2001
2	pernode	worker-cs-1	Label-C	2002
2	pernode	worker-cs-1	Label-C	2002
2	pernode	worker-cs-1	Label-C	2002
2	pernode	worker-cs-1	Label-C	2002
2	pernode	worker-cs-1	Label-C	2003
2	pernode	worker-cs-1	Label-C	2001
2	pernode	worker-cs-1	Label-C	2002
2	pernode	worker-cs-1	Label-C	2003
2	pernode	worker-cs-1	Label-C	2002
2	pernode	worker-cs-1	Label-C	2002
2	pernode	worker-cs-1	Label-C	2001
2	pernode	worker-cs-1	Label-C	2001
2	pernode	worker-cs-1	Label-C	2001
2	pernode	worker-cs-1	Label-C	2001
2	pernode	worker-cs-1	Label-C	2002
2	pernode	worker-cs-1	Label-C	2003
2	pernode	worker-cs-1	Label-C	2002
2	pernode	worker-cs-1	Label-C	2002
2	pernode	worker-cs-1	Label-C	2002
2	pernode	worker-cs-1	Label-C	2002
2	pernode	worker-cs-1	Label-C	2003
2	pernode	worker-cs-1	Label-C	2001
2	pernode	worker-cs-1	Label-C	2002
2	pernode	worker-cs-1	Label-C	2002
2	pernode	worker-cs-1	Label-C	2003
2	pernode	worker-cs-1	Label-C	2002
2	pernode	worker-cs-1	Label-C	2001
2	pernode	worker-cs-1	Label-C	2001
2	pernode	worker-cs-1	Label-C	2002
2	pernode	worker-cs-1	Label-C	2002
2	pernode	worker-cs-1	Label-C	2002
2	pernode	worker-cs-1	Label-C	2002
2	pernode	worker-cs-1	Label-C	2002
2	pernode	worker-cs-1	Label-C	2002
2	pernode	worker-cs-1	Label-C	2002
2	pernode	worker-cs-1	Label-C	2002
2	pernode	worker-cs-1	Label-C	2002
2	pernode	worker-cs-1	Label-C	2002
2	pernode	worker-cs-1	Label-C	2002
2	pernode	worker-cs-1	Label-C	2001
2	pernode	worker-cs-1	Label-C	2002
2	pernode	worker-cs-1	Label-C	2002
2	pernode	worker-cs-1	Label-C	2001
2	pernode	worker-cs-1	Label-C	2003
2	pernode	worker-cs-1	Label-C	2002
2	pernode	worker-cs-1	Label-C	2002
2	pernode	worker-cs-1	Label-C	2002
2	pernode	worker-cs-1	Label-C	2001
2	pernode	worker-cs-1	Label-C	2002
2	pernode	worker-cs-1	Label-C	2002
2	pernode	worker-cs-1	Label-C	2002
2	pernode	worker-cs-1	Label-C	2001
2	pernode	worker-cs-1	Label-C	2002
2	pernode	worker-cs-1	Label-C	2003
2	pernode	worker-cs-1	Label-C	2004
2	pernode	worker-cs-1	Label-C	2002
2	pernode	worker-cs-1	Label-C	2002
2	pernode	worker-cs-1	Label-C	2001
2	pernode	worker-cs-1	Label-C	2002
2	pernode	worker-cs-1	Label-C	2002
2	pernode	worker-cs-1	Label-C	2002
2	pernode	worker-cs-1	Label-C	2001
2	pernode	worker-cs-1	Label-C	2003
2	pernode	worker-cs-1	Label-C	2001
2	pernode	worker-cs-1	Label-C	2002
2	pernode	worker-cs-1	Label-C	2002
2	pernode	worker-cs-1	Label-C	2002
2	pernode	worker-cs-1	Label-C	2002
2	pernode	worker-cs-1	Label-C	2002
2	pernode	worker-cs-1	Label-C	2002
2	pernode	worker-cs-1	Label-C	2002
2	pernode	worker-cs-1	Label-C	2002
2	pernode	worker-cs-1	Label-C	2002
2	pernode	worker-cs-1	Label-C	2002
2	pernode	worker-cs-1	Label-C	2001
2	pernode	worker-cs-1	Label-C	2001
2	pernode	worker-cs-1	Label-C	2002
2	pernode	worker-cs-1	Label-C	2002
2	pernode	worker-cs-1	Label-C	2002
2	pernode	worker-cs-1	Label-C	2001
2	pernode	worker-cs-1	Label-C	2002
2	pernode	worker-cs-1	Label-C	2002
2	pernode	worker-cs-1	Label-C	2001
2	pernode	worker-cs-1	Label-C	2002
2	pernode	worker-cs-1	Label-C	2002
2	pernode	worker-cs-1	Label-C	2002
2	pernode	worker-cs-1	Label-C	2001
2	pernode	worker-cs-1	Label-C	2002
2	pernode	worker-cs-1	Label-C	2003
2	pernode	worker-cs-1	Label-C	2003
2	pernode	worker-cs-1	Label-C	2002
2	pernode	worker-cs-1	Label-C	2003
2	pernode	worker-cs-1	Label-C	2002
2	pernode	worker-cs-1	Label-C	2002
2	pernode	worker-cs-1	Label-C	2001
2	pernode	worker-cs-1	Label-C	2002
2	pernode	worker-cs-1	Label-C	2002
2	pernode	worker-cs-1	Label-C	2001
2	pernode	worker-cs-1	Label-C	2002
2	pernode	worker-cs-1	Label-C	2002
2	pernode	worker-cs-1	Label-C	2002
2	pernode	worker-cs-1	Label-C	2001
2	pernode	worker-cs-1	Label-C	2003
2	pernode	worker-cs-1	Label-C	2002
2	pernode	worker-cs-1	Label-C	2001
2	pernode	worker-cs-1	Label-C	2003
2	pernode	worker-cs-1	Label-C	2002
2	pernode	worker-cs-1	Label-C	2002
2	pernode	worker-cs-1	Label-C	2002
2	pernode	worker-cs-1	Label-C	2004
2	pernode	worker-cs-1	Label-C	2001
2	pernode	worker-cs-1	Label-C	2003
2	pernode	worker-cs-1	Label-C	2002
2	pernode	worker-cs-1	Label-C	2002
2	pernode	worker-cs-1	Label-C	2002
2	pernode	worker-cs-1	Label-C	2002
2	pernode	worker-cs-1	Label-C	2001
2	pernode	worker-cs-1	Label-C	2002
2	pernode	worker-cs-1	Label-C	2003
2	pernode	worker-cs-1	Label-C	2002
2	pernode	worker-cs-1	Label-C	2002
2	pernode	worker-cs-1	Label-C	2005
2	pernode	worker-cs-1	Label-C	2002
2	pernode	worker-cs-1	Label-C	2003
2	pernode	worker-cs-1	Label-C	2002
2	pernode	worker-cs-1	Label-C	2002
2	pernode	worker-cs-1	Label-C	2002
2	pernode	worker-cs-1	Label-C	2002
2	pernode	worker-cs-1	Label-C	2002
2	pernode	worker-cs-1	Label-C	2003
2	pernode	worker-cs-1	Label-C	2002
2	pernode	worker-cs-1	Label-C	2002
2	pernode	worker-cs-1	Label-C	2002
2	pernode	worker-cs-1	Label-C	2001
2	pernode	worker-cs-1	Label-C	2002
2	pernode	worker-cs-1	Label-C	2002
2	pernode	worker-cs-1	Label-C	2002
2	pernode	worker-cs-1	Label-C	2002
2	pernode	worker-cs-1	Label-C	2002
2	pernode	worker-cs-1	Label-C	2001
2	pernode	worker-cs-1	Label-C	2003
2	pernode	worker-cs-1	Label-C	2002
2	pernode	worker-cs-1	Label-C	2003
2	pernode	worker-cs-1	Label-C	2003
2	pernode	worker-cs-1	Label-C	2002
2	pernode	worker-cs-1	Label-C	2002
2	pernode	worker-cs-1	Label-C	2003
2	pernode	worker-cs-1	Label-C	2002
2	pernode	worker-cs-1	Label-C	2003
2	pernode	worker-cs-1	Label-C	2002
2	pernode	worker-cs-1	Label-C	2002
2	pernode	worker-cs-1	Label-C	2002
2	pernode	worker-cs-1	Label-C	2002
2	pernode	worker-cs-1	Label-C	2003
2	pernode	worker-cs-1	Label-C	2001
2	pernode	worker-cs-1	Label-C	2002
2	pernode	worker-cs-1	Label-C	2002
2	pernode	worker-cs-1	Label-C	2002
2	pernode	worker-cs-1	Label-C	2002
2	pernode	worker-cs-1	Label-C	2002
2	pernode	worker-cs-1	Label-C	2003
2	pernode	worker-cs-1	Label-C	2001
2	pernode	worker-cs-1	Label-C	2002
2	pernode	worker-cs-1	Label-C	2001
2	pernode	worker-cs-1	Label-C	2002
2	pernode	worker-cs-1	Label-C	2002
2	pernode	worker-cs-1	Label-C	2002
2	pernode	worker-cs-1	Label-C	2002
2	pernode	worker-cs-1	Label-C	2002
2	pernode	worker-cs-1	Label-C	2002
2	pernode	worker-cs-1	Label-C	2002
2	pernode	worker-cs-1	Label-C	2002
2	pernode	worker-cs-1	Label-C	2002
2	pernode	worker-cs-1	Label-C	2001
2	pernode	worker-cs-1	Label-C	2002
2	pernode	worker-cs-1	Label-C	2002
2	pernode	worker-cs-1	Label-C	2001
2	pernode	worker-cs-1	Label-C	2002
2	pernode	worker-cs-1	Label-C	2002
2	pernode	worker-cs-1	Label-C	2002
2	pernode	worker-cs-1	Label-C	2001
2	pernode	worker-cs-1	Label-C	2002
2	pernode	worker-cs-1	Label-C	2001
2	pernode	worker-cs-1	Label-C	2002
2	pernode	worker-cs-1	Label-C	2001
2	pernode	worker-cs-1	Label-C	2001
2	pernode	worker-cs-1	Label-C	2003
2	pernode	worker-cs-1	Label-C	2002
2	pernode	worker-cs-1	Label-C	2002
2	pernode	worker-cs-1	Label-C	2002
2	pernode	worker-cs-1	Label-C	2001
2	pernode	worker-cs-1	Label-C	2001
2	pernode	worker-cs-1	Label-C	2002
2	pernode	worker-cs-1	Label-C	2002
2	pernode	worker-cs-1	Label-C	2001
2	pernode	worker-cs-1	Label-C	2001
2	pernode	worker-cs-1	Label-C	2003
2	pernode	worker-cs-1	Label-C	2002
2	pernode	worker-cs-1	Label-C	2002
2	pernode	worker-cs-1	Label-C	2004
2	pernode	worker-cs-1	Label-C	2002
2	pernode	worker-cs-1	Label-C	2001
2	pernode	worker-cs-1	Label-C	2001
2	pernode	worker-cs-1	Label-C	2002
2	pernode	worker-cs-1	Label-C	2002
2	pernode	worker-cs-1	Label-C	2002
2	pernode	worker-cs-1	Label-C	2003
2	pernode	worker-cs-1	Label-C	2002
2	pernode	worker-cs-1	Label-C	2003
2	pernode	worker-cs-1	Label-C	2002
2	pernode	worker-cs-1	Label-C	2002
2	pernode	worker-cs-1	Label-C	2002
2	pernode	worker-cs-1	Label-C	2002
2	pernode	worker-cs-1	Label-C	2002
2	pernode	worker-cs-1	Label-C	2003
2	pernode	worker-cs-1	Label-C	2002
2	pernode	worker-cs-1	Label-C	2002
2	pernode	worker-cs-1	Label-C	2002
2	pernode	worker-cs-1	Label-C	2002
2	pernode	worker-cs-1	Label-C	2001
2	pernode	worker-cs-1	Label-C	2002
2	pernode	worker-cs-1	Label-C	2002
2	pernode	worker-cs-1	Label-C	2001
2	pernode	worker-cs-1	Label-C	2002
2	pernode	worker-cs-1	Label-C	2002
2	pernode	worker-cs-1	Label-C	2002
2	pernode	worker-cs-1	Label-C	2002
2	pernode	worker-cs-1	Label-C	2002
2	pernode	worker-cs-1	Label-C	2002
2	pernode	worker-cs-1	Label-C	2002
2	pernode	worker-cs-1	Label-C	2001
2	pernode	worker-cs-1	Label-C	2002
2	pernode	worker-cs-1	Label-C	2002
2	pernode	worker-cs-1	Label-C	2001
2	pernode	worker-cs-1	Label-C	2001
2	pernode	worker-cs-1	Label-C	2002
2	pernode	worker-cs-1	Label-C	2002
2	pernode	worker-cs-1	Label-C	2009
2	pernode	worker-cs-1	Label-C	2002
2	pernode	worker-cs-1	Label-C	2002
2	pernode	worker-cs-1	Label-C	2002
2	pernode	worker-cs-1	Label-C	2002
2	pernode	worker-cs-1	Label-C	2002
2	pernode	worker-cs-1	Label-C	2002
2	pernode	worker-cs-1	Label-C	2002
2	pernode	worker-cs-1	Label-C	2003
2	pernode	worker-cs-1	Label-C	2002
2	pernode	worker-cs-1	Label-C	2002
2	pernode	worker-cs-1	Label-C	2002
2	pernode	worker-cs-1	Label-C	2002
2	pernode	worker-cs-1	Label-C	2003
2	pernode	worker-cs-1	Label-C	2002
2	pernode	worker-cs-1	Label-C	2001
2	pernode	worker-cs-1	Label-C	2002
2	pernode	worker-cs-1	Label-C	2000
2	pernode	worker-cs-1	Label-C	2002
2	pernode	worker-cs-1	Label-C	2003
2	pernode	worker-cs-1	Label-C	2001
2	pernode	worker-cs-1	Label-C	2002
2	pernode	worker-cs-1	Label-C	2002
2	pernode	worker-cs-1	Label-C	2002
2	pernode	worker-cs-1	Label-C	2002
2	pernode	worker-cs-1	Label-C	2002
2	pernode	worker-cs-1	Label-C	2002
2	pernode	worker-cs-1	Label-C	2002
2	pernode	worker-cs-1	Label-C	2003
2	pernode	worker-cs-1	Label-C	2002
2	pernode	worker-cs-1	Label-C	2002
2	pernode	worker-cs-1	Label-C	2002
2	pernode	worker-cs-1	Label-C	2003
2	pernode	worker-cs-1	Label-C	2002
2	pernode	worker-cs-1	Label-C	2002
2	pernode	worker-cs-1	Label-C	2002
2	pernode	worker-cs-1	Label-C	2001
2	pernode	worker-cs-1	Label-C	2001
2	pernode	worker-cs-1	Label-C	2001
2	pernode	worker-cs-1	Label-C	2001
2	pernode	worker-cs-1	Label-C	2002
2	pernode	worker-cs-1	Label-C	2002
2	pernode	worker-cs-1	Label-C	2002
2	pernode	worker-cs-1	Label-C	2002
2	pernode	worker-cs-1	Label-C	2001
2	pernode	worker-cs-1	Label-C	2002
2	pernode	worker-cs-1	Label-C	2002
2	pernode	worker-cs-1	Label-C	2001
2	pernode	worker-cs-1	Label-C	2002
2	pernode	worker-cs-1	Label-C	2003
2	pernode	worker-cs-1	Label-C	2002
2	pernode	worker-cs-1	Label-C	2002
2	pernode	worker-cs-1	Label-C	2002
2	pernode	worker-cs-1	Label-C	2002
2	pernode	worker-cs-1	Label-C	2002
2	pernode	worker-cs-24	Label-D	2001
2	pernode	worker-cs-24	Label-D	2002
2	pernode	worker-cs-24	Label-D	2002
2	pernode	worker-cs-24	Label-D	2002
2	pernode	worker-cs-24	Label-D	2001
2	pernode	worker-cs-24	Label-D	2002
2	pernode	worker-cs-24	Label-D	2001
2	pernode	worker-cs-24	Label-D	2001
2	pernode	worker-cs-24	Label-D	2001
2	pernode	worker-cs-24	Label-D	2001
2	pernode	worker-cs-24	Label-D	2002
2	pernode	worker-cs-24	Label-D	2002
2	pernode	worker-cs-24	Label-D	2002
2	pernode	worker-cs-24	Label-D	2001
2	pernode	worker-cs-24	Label-D	2002
2	pernode	worker-cs-24	Label-D	2002
2	pernode	worker-cs-24	Label-D	2001
2	pernode	worker-cs-24	Label-D	2002
2	pernode	worker-cs-24	Label-D	2001
2	pernode	worker-cs-24	Label-D	2002
2	pernode	worker-cs-24	Label-D	2002
2	pernode	worker-cs-24	Label-D	2002
2	pernode	worker-cs-24	Label-D	2001
2	pernode	worker-cs-24	Label-D	2002
2	pernode	worker-cs-24	Label-D	2002
2	pernode	worker-cs-24	Label-D	2002
2	pernode	worker-cs-24	Label-D	2002
2	pernode	worker-cs-24	Label-D	2001
2	pernode	worker-cs-24	Label-D	2002
2	pernode	worker-cs-24	Label-D	2002
2	pernode	worker-cs-24	Label-D	2001
2	pernode	worker-cs-24	Label-D	2001
2	pernode	worker-cs-24	Label-D	2002
2	pernode	worker-cs-24	Label-D	2001
2	pernode	worker-cs-24	Label-D	2002
2	pernode	worker-cs-24	Label-D	2002
2	pernode	worker-cs-24	Label-D	2002
2	pernode	worker-cs-24	Label-D	2001
2	pernode	worker-cs-24	Label-D	2002
2	pernode	worker-cs-24	Label-D	2002
2	pernode	worker-cs-24	Label-D	2002
2	pernode	worker-cs-24	Label-D	2002
2	pernode	worker-cs-24	Label-D	2002
2	pernode	worker-cs-24	Label-D	2001
2	pernode	worker-cs-24	Label-D	2001
2	pernode	worker-cs-24	Label-D	2002
2	pernode	worker-cs-24	Label-D	2002
2	pernode	worker-cs-24	Label-D	2000
2	pernode	worker-cs-24	Label-D	2001
2	pernode	worker-cs-24	Label-D	2001
2	pernode	worker-cs-24	Label-D	2002
2	pernode	worker-cs-24	Label-D	2002
2	pernode	worker-cs-24	Label-D	2001
2	pernode	worker-cs-24	Label-D	2002
2	pernode	worker-cs-24	Label-D	2002
2	pernode	worker-cs-24	Label-D	2001
2	pernode	worker-cs-24	Label-D	2001
2	pernode	worker-cs-24	Label-D	2003
2	pernode	worker-cs-24	Label-D	2001
2	pernode	worker-cs-24	Label-D	2002
2	pernode	worker-cs-24	Label-D	2004
2	pernode	worker-cs-24	Label-D	2002
2	pernode	worker-cs-24	Label-D	2002
2	pernode	worker-cs-24	Label-D	2002
2	pernode	worker-cs-24	Label-D	2001
2	pernode	worker-cs-24	Label-D	2001
2	pernode	worker-cs-24	Label-D	2001
2	pernode	worker-cs-24	Label-D	2002
2	pernode	worker-cs-24	Label-D	2001
2	pernode	worker-cs-24	Label-D	2001
2	pernode	worker-cs-24	Label-D	2001
2	pernode	worker-cs-24	Label-D	2002
2	pernode	worker-cs-24	Label-D	2001
2	pernode	worker-cs-24	Label-D	2002
2	pernode	worker-cs-24	Label-D	2001
2	pernode	worker-cs-24	Label-D	2002
2	pernode	worker-cs-24	Label-D	2001
2	pernode	worker-cs-24	Label-D	2001
2	pernode	worker-cs-24	Label-D	2001
2	pernode	worker-cs-24	Label-D	2001
2	pernode	worker-cs-24	Label-D	2001
2	pernode	worker-cs-24	Label-D	2002
2	pernode	worker-cs-24	Label-D	2002
2	pernode	worker-cs-24	Label-D	2002
2	pernode	worker-cs-24	Label-D	2001
2	pernode	worker-cs-24	Label-D	2001
2	pernode	worker-cs-24	Label-D	2002
2	pernode	worker-cs-24	Label-D	2001
2	pernode	worker-cs-24	Label-D	2001
2	pernode	worker-cs-24	Label-D	2002
2	pernode	worker-cs-24	Label-D	2002
2	pernode	worker-cs-24	Label-D	2000
2	pernode	worker-cs-24	Label-D	2002
2	pernode	worker-cs-24	Label-D	2002
2	pernode	worker-cs-24	Label-D	2002
2	pernode	worker-cs-24	Label-D	2002
2	pernode	worker-cs-24	Label-D	2001
2	pernode	worker-cs-24	Label-D	2002
2	pernode	worker-cs-24	Label-D	2002
2	pernode	worker-cs-24	Label-D	2001
2	pernode	worker-cs-24	Label-D	2001
2	pernode	worker-cs-24	Label-D	2001
2	pernode	worker-cs-24	Label-D	2003
2	pernode	worker-cs-24	Label-D	2002
2	pernode	worker-cs-24	Label-D	2002
2	pernode	worker-cs-24	Label-D	2001
2	pernode	worker-cs-24	Label-D	2001
2	pernode	worker-cs-24	Label-D	2002
2	pernode	worker-cs-24	Label-D	2002
2	pernode	worker-cs-24	Label-D	2001
2	pernode	worker-cs-24	Label-D	2002
2	pernode	worker-cs-24	Label-D	2001
2	pernode	worker-cs-24	Label-D	2003
2	pernode	worker-cs-24	Label-D	2002
2	pernode	worker-cs-24	Label-D	2002
2	pernode	worker-cs-24	Label-D	2002
2	pernode	worker-cs-24	Label-D	2001
2	pernode	worker-cs-24	Label-D	2001
2	pernode	worker-cs-24	Label-D	2002
2	pernode	worker-cs-24	Label-D	2002
2	pernode	worker-cs-24	Label-D	2002
2	pernode	worker-cs-24	Label-D	2002
2	pernode	worker-cs-24	Label-D	2001
2	pernode	worker-cs-24	Label-D	2002
2	pernode	worker-cs-24	Label-D	2001
2	pernode	worker-cs-24	Label-D	2001
2	pernode	worker-cs-24	Label-D	2001
2	pernode	worker-cs-24	Label-D	2002
2	pernode	worker-cs-24	Label-D	2002
2	pernode	worker-cs-24	Label-D	2001
2	pernode	worker-cs-24	Label-D	2001
2	pernode	worker-cs-24	Label-D	2002
2	pernode	worker-cs-24	Label-D	2001
2	pernode	worker-cs-24	Label-D	2001
2	pernode	worker-cs-24	Label-D	2001
2	pernode	worker-cs-24	Label-D	2002
2	pernode	worker-cs-24	Label-D	2001
2	pernode	worker-cs-24	Label-D	2002
2	pernode	worker-cs-24	Label-D	2001
2	pernode	worker-cs-24	Label-D	2001
2	pernode	worker-cs-24	Label-D	2002
2	pernode	worker-cs-24	Label-D	2002
2	pernode	worker-cs-24	Label-D	2001
2	pernode	worker-cs-24	Label-D	2002
2	pernode	worker-cs-24	Label-D	2001
2	pernode	worker-cs-24	Label-D	2002
2	pernode	worker-cs-24	Label-D	2002
2	pernode	worker-cs-24	Label-D	2001
2	pernode	worker-cs-24	Label-D	2002
2	pernode	worker-cs-24	Label-D	2001
2	pernode	worker-cs-24	Label-D	2002
2	pernode	worker-cs-24	Label-D	2001
2	pernode	worker-cs-24	Label-D	2001
2	pernode	worker-cs-24	Label-D	2000
2	pernode	worker-cs-24	Label-D	2001
2	pernode	worker-cs-24	Label-D	2002
2	pernode	worker-cs-24	Label-D	2002
2	pernode	worker-cs-24	Label-D	2001
2	pernode	worker-cs-24	Label-D	2002
2	pernode	worker-cs-24	Label-D	2002
2	pernode	worker-cs-24	Label-D	2001
2	pernode	worker-cs-24	Label-D	2002
2	pernode	worker-cs-24	Label-D	2002
2	pernode	worker-cs-24	Label-D	2002
2	pernode	worker-cs-24	Label-D	2001
2	pernode	worker-cs-24	Label-D	2001
2	pernode	worker-cs-24	Label-D	2001
2	pernode	worker-cs-24	Label-D	2001
2	pernode	worker-cs-24	Label-D	2002
2	pernode	worker-cs-24	Label-D	2001
2	pernode	worker-cs-24	Label-D	2002
2	pernode	worker-cs-24	Label-D	2002
2	pernode	worker-cs-24	Label-D	2001
2	pernode	worker-cs-24	Label-D	2002
2	pernode	worker-cs-24	Label-D	2001
2	pernode	worker-cs-24	Label-D	2002
2	pernode	worker-cs-24	Label-D	2002
2	pernode	worker-cs-24	Label-D	2001
2	pernode	worker-cs-24	Label-D	2001
2	pernode	worker-cs-24	Label-D	2002
2	pernode	worker-cs-24	Label-D	2002
2	pernode	worker-cs-24	Label-D	2002
2	pernode	worker-cs-24	Label-D	2002
2	pernode	worker-cs-24	Label-D	2002
2	pernode	worker-cs-24	Label-D	2001
2	pernode	worker-cs-24	Label-D	2002
2	pernode	worker-cs-24	Label-D	2002
2	pernode	worker-cs-24	Label-D	2002
2	pernode	worker-cs-24	Label-D	2001
2	pernode	worker-cs-24	Label-D	2002
2	pernode	worker-cs-24	Label-D	2003
2	pernode	worker-cs-24	Label-D	2001
2	pernode	worker-cs-24	Label-D	2002
2	pernode	worker-cs-24	Label-D	2002
2	pernode	worker-cs-24	Label-D	2002
2	pernode	worker-cs-24	Label-D	2002
2	pernode	worker-cs-24	Label-D	2001
2	pernode	worker-cs-24	Label-D	2001
2	pernode	worker-cs-24	Label-D	2002
2	pernode	worker-cs-24	Label-D	2001
2	pernode	worker-cs-24	Label-D	2001
2	pernode	worker-cs-24	Label-D	2001
2	pernode	worker-cs-24	Label-D	2001
2	pernode	worker-cs-24	Label-D	2002
2	pernode	worker-cs-24	Label-D	2002
2	pernode	worker-cs-24	Label-D	2002
2	pernode	worker-cs-24	Label-D	2001
2	pernode	worker-cs-24	Label-D	2001
2	pernode	worker-cs-24	Label-D	2001
2	pernode	worker-cs-24	Label-D	2001
2	pernode	worker-cs-24	Label-D	2002
2	pernode	worker-cs-24	Label-D	2001
2	pernode	worker-cs-24	Label-D	2002
2	pernode	worker-cs-24	Label-D	2001
2	pernode	worker-cs-26	Label-A	2003
2	pernode	worker-cs-26	Label-A	2001
2	pernode	worker-cs-26	Label-A	2002
2	pernode	worker-cs-26	Label-A	2001
2	pernode	worker-cs-26	Label-A	2001
2	pernode	worker-cs-26	Label-A	2002
2	pernode	worker-cs-26	Label-A	2002
2	pernode	worker-cs-26	Label-A	2001
2	pernode	worker-cs-26	Label-A	2002
2	pernode	worker-cs-26	Label-A	2003
2	pernode	worker-cs-26	Label-A	2003
2	pernode	worker-cs-26	Label-A	2002
2	pernode	worker-cs-26	Label-A	2002
2	pernode	worker-cs-26	Label-A	2002
2	pernode	worker-cs-26	Label-A	2002
2	pernode	worker-cs-26	Label-A	2002
2	pernode	worker-cs-26	Label-A	2002
2	pernode	worker-cs-26	Label-A	2001
2	pernode	worker-cs-26	Label-A	2002
2	pernode	worker-cs-26	Label-A	2001
2	pernode	worker-cs-26	Label-A	2002
2	pernode	worker-cs-26	Label-A	2002
2	pernode	worker-cs-26	Label-A	2002
2	pernode	worker-cs-26	Label-A	2002
2	pernode	worker-cs-26	Label-A	2001
2	pernode	worker-cs-26	Label-A	2001
2	pernode	worker-cs-26	Label-A	2001
2	pernode	worker-cs-26	Label-A	2002
2	pernode	worker-cs-26	Label-A	2005
2	pernode	worker-cs-26	Label-A	2002
2	pernode	worker-cs-26	Label-A	2002
2	pernode	worker-cs-26	Label-A	2002
2	pernode	worker-cs-26	Label-A	2001
2	pernode	worker-cs-26	Label-A	2002
2	pernode	worker-cs-26	Label-A	2002
2	pernode	worker-cs-26	Label-A	2002
2	pernode	worker-cs-26	Label-A	2002
2	pernode	worker-cs-26	Label-A	2002
2	pernode	worker-cs-26	Label-A	2001
2	pernode	worker-cs-26	Label-A	2002
2	pernode	worker-cs-26	Label-A	2002
2	pernode	worker-cs-26	Label-A	2001
2	pernode	worker-cs-26	Label-A	2001
2	pernode	worker-cs-26	Label-A	2002
2	pernode	worker-cs-26	Label-A	2003
2	pernode	worker-cs-26	Label-A	2002
2	pernode	worker-cs-26	Label-A	2002
2	pernode	worker-cs-26	Label-A	2002
2	pernode	worker-cs-26	Label-A	2003
2	pernode	worker-cs-26	Label-A	2002
2	pernode	worker-cs-26	Label-A	2002
2	pernode	worker-cs-26	Label-A	2002
2	pernode	worker-cs-26	Label-A	2002
2	pernode	worker-cs-26	Label-A	2002
2	pernode	worker-cs-26	Label-A	2002
2	pernode	worker-cs-26	Label-A	2005
2	pernode	worker-cs-26	Label-A	2002
2	pernode	worker-cs-26	Label-A	2002
2	pernode	worker-cs-26	Label-A	2001
2	pernode	worker-cs-26	Label-A	2002
2	pernode	worker-cs-26	Label-A	2002
2	pernode	worker-cs-26	Label-A	2002
2	pernode	worker-cs-26	Label-A	2001
2	pernode	worker-cs-26	Label-A	2005
2	pernode	worker-cs-26	Label-A	2001
2	pernode	worker-cs-26	Label-A	2000
2	pernode	worker-cs-26	Label-A	2002
2	pernode	worker-cs-26	Label-A	2002
2	pernode	worker-cs-26	Label-A	2001
2	pernode	worker-cs-26	Label-A	2002
2	pernode	worker-cs-26	Label-A	2003
2	pernode	worker-cs-26	Label-A	2002
2	pernode	worker-cs-26	Label-A	2002
2	pernode	worker-cs-26	Label-A	2004
2	pernode	worker-cs-26	Label-A	2002
2	pernode	worker-cs-26	Label-A	2002
2	pernode	worker-cs-26	Label-A	2001
2	pernode	worker-cs-26	Label-A	2001
2	pernode	worker-cs-26	Label-A	2001
2	pernode	worker-cs-26	Label-A	2001
2	pernode	worker-cs-26	Label-A	2002
2	pernode	worker-cs-26	Label-A	2002
2	pernode	worker-cs-26	Label-A	2001
2	pernode	worker-cs-26	Label-A	2002
2	pernode	worker-cs-26	Label-A	2002
2	pernode	worker-cs-26	Label-A	2004
2	pernode	worker-cs-26	Label-A	2001
2	pernode	worker-cs-26	Label-A	2002
2	pernode	worker-cs-26	Label-A	2002
2	pernode	worker-cs-26	Label-A	2001
2	pernode	worker-cs-26	Label-A	2002
2	pernode	worker-cs-26	Label-A	2002
2	pernode	worker-cs-26	Label-A	2002
2	pernode	worker-cs-26	Label-A	2002
2	pernode	worker-cs-26	Label-A	2002
2	pernode	worker-cs-26	Label-A	2002
2	pernode	worker-cs-26	Label-A	2002
2	pernode	worker-cs-26	Label-A	2002
2	pernode	worker-cs-26	Label-A	2001
2	pernode	worker-cs-26	Label-A	2002
2	pernode	worker-cs-26	Label-A	2002
2	pernode	worker-cs-26	Label-A	2001
2	pernode	worker-cs-26	Label-A	2002
2	pernode	worker-cs-26	Label-A	2002
2	pernode	worker-cs-26	Label-A	2002
2	pernode	worker-cs-26	Label-A	2001
2	pernode	worker-cs-26	Label-A	2002
2	pernode	worker-cs-26	Label-A	2001
2	pernode	worker-cs-26	Label-A	2002
2	pernode	worker-cs-26	Label-A	2003
2	pernode	worker-cs-26	Label-A	2002
2	pernode	worker-cs-26	Label-A	2002
2	pernode	worker-cs-26	Label-A	2002
2	pernode	worker-cs-26	Label-A	2001
2	pernode	worker-cs-26	Label-A	2001
2	pernode	worker-cs-26	Label-A	2002
2	pernode	worker-cs-26	Label-A	2001
2	pernode	worker-cs-26	Label-A	2002
2	pernode	worker-cs-26	Label-A	2002
2	pernode	worker-cs-26	Label-A	2003
2	pernode	worker-cs-26	Label-A	2003
2	pernode	worker-cs-26	Label-A	2002
2	pernode	worker-cs-26	Label-A	2001
2	pernode	worker-cs-26	Label-A	2002
2	pernode	worker-cs-26	Label-A	2002
2	pernode	worker-cs-26	Label-A	2003
2	pernode	worker-cs-26	Label-A	2001
2	pernode	worker-cs-26	Label-A	2002
2	pernode	worker-cs-26	Label-A	2002
2	pernode	worker-cs-26	Label-A	2002
2	pernode	worker-cs-26	Label-A	2002
2	pernode	worker-cs-26	Label-A	2002
2	pernode	worker-cs-26	Label-A	2001
2	pernode	worker-cs-26	Label-A	2002
2	pernode	worker-cs-26	Label-A	2002
2	pernode	worker-cs-26	Label-A	2002
2	pernode	worker-cs-26	Label-A	2002
2	pernode	worker-cs-26	Label-A	2002
2	pernode	worker-cs-26	Label-A	2001
2	pernode	worker-cs-26	Label-A	2002
2	pernode	worker-cs-26	Label-A	2002
2	pernode	worker-cs-26	Label-A	2001
2	pernode	worker-cs-26	Label-A	2002
2	pernode	worker-cs-26	Label-A	2002
2	pernode	worker-cs-26	Label-A	2002
2	pernode	worker-cs-26	Label-A	2001
2	pernode	worker-cs-26	Label-A	2001
2	pernode	worker-cs-26	Label-A	2001
2	pernode	worker-cs-26	Label-A	2001
2	pernode	worker-cs-26	Label-A	2002
2	pernode	worker-cs-26	Label-A	2003
2	pernode	worker-cs-26	Label-A	2002
2	pernode	worker-cs-26	Label-A	2002
2	pernode	worker-cs-26	Label-A	2001
2	pernode	worker-cs-26	Label-A	2001
2	pernode	worker-cs-26	Label-A	2002
2	pernode	worker-cs-26	Label-A	2002
2	pernode	worker-cs-26	Label-A	2003
2	pernode	worker-cs-26	Label-A	2002
2	pernode	worker-cs-26	Label-A	2002
2	pernode	worker-cs-26	Label-A	2002
2	pernode	worker-cs-26	Label-A	2002
2	pernode	worker-cs-26	Label-A	2003
2	pernode	worker-cs-26	Label-A	2002
2	pernode	worker-cs-26	Label-A	2002
2	pernode	worker-cs-26	Label-A	2002
2	pernode	worker-cs-26	Label-A	2002
2	pernode	worker-cs-26	Label-A	2002
2	pernode	worker-cs-26	Label-A	2002
2	pernode	worker-cs-26	Label-A	2003
2	pernode	worker-cs-26	Label-A	2002
2	pernode	worker-cs-26	Label-A	2001
2	pernode	worker-cs-26	Label-A	2002
2	pernode	worker-cs-26	Label-A	2002
2	pernode	worker-cs-26	Label-A	2002
2	pernode	worker-cs-26	Label-A	2003
2	pernode	worker-cs-26	Label-A	2003
2	pernode	worker-cs-26	Label-A	2003
2	pernode	worker-cs-26	Label-A	2002
2	pernode	worker-cs-26	Label-A	2003
2	pernode	worker-cs-26	Label-A	2002
2	pernode	worker-cs-26	Label-A	2003
2	pernode	worker-cs-26	Label-A	2001
2	pernode	worker-cs-26	Label-A	2001
2	pernode	worker-cs-26	Label-A	2002
2	pernode	worker-cs-26	Label-A	2001
2	pernode	worker-cs-26	Label-A	2003
2	pernode	worker-cs-26	Label-A	2001
2	pernode	worker-cs-26	Label-A	2002
2	pernode	worker-cs-26	Label-A	2001
2	pernode	worker-cs-26	Label-A	2001
2	pernode	worker-cs-26	Label-A	2002
2	pernode	worker-cs-26	Label-A	2001
2	pernode	worker-cs-26	Label-A	2002
2	pernode	worker-cs-26	Label-A	2002
2	pernode	worker-cs-26	Label-A	2002
2	pernode	worker-cs-26	Label-A	2002
2	pernode	worker-cs-26	Label-A	2002
2	pernode	worker-cs-26	Label-A	2003
2	pernode	worker-cs-26	Label-A	2003
2	pernode	worker-cs-26	Label-A	2002
2	pernode	worker-cs-26	Label-A	2001
2	pernode	worker-cs-26	Label-A	2001
2	pernode	worker-cs-26	Label-A	2003
2	pernode	worker-cs-26	Label-A	2002
2	pernode	worker-cs-26	Label-A	2001
2	pernode	worker-cs-26	Label-A	2002
2	pernode	worker-cs-26	Label-A	2001
2	pernode	worker-cs-26	Label-A	2001
2	pernode	worker-cs-26	Label-A	2002
2	pernode	worker-cs-26	Label-A	2002
2	pernode	worker-cs-26	Label-A	2002
2	pernode	worker-cs-26	Label-A	2001
2	pernode	worker-cs-26	Label-A	2002
2	pernode	worker-cs-26	Label-A	2002
2	pernode	worker-cs-26	Label-A	2002
2	pernode	worker-cs-26	Label-A	2002
2	pernode	worker-cs-26	Label-A	2003
2	pernode	worker-cs-26	Label-A	2002
2	pernode	worker-cs-26	Label-A	2002
2	pernode	worker-cs-26	Label-A	2002
2	pernode	worker-cs-26	Label-A	2002
2	pernode	worker-cs-26	Label-A	2002
2	pernode	worker-cs-26	Label-A	2002
2	pernode	worker-cs-26	Label-A	2001
2	pernode	worker-cs-26	Label-A	2002
2	pernode	worker-cs-26	Label-A	2002
2	pernode	worker-cs-26	Label-A	2001
2	pernode	worker-cs-26	Label-A	2002
2	pernode	worker-cs-26	Label-A	2001
2	pernode	worker-cs-26	Label-A	2002
2	pernode	worker-cs-26	Label-A	2003
2	pernode	worker-cs-26	Label-A	2002
2	pernode	worker-cs-26	Label-A	2002
2	pernode	worker-cs-26	Label-A	2002
2	pernode	worker-cs-26	Label-A	2001
2	pernode	worker-cs-26	Label-A	2002
2	pernode	worker-cs-26	Label-A	2002
2	pernode	worker-cs-26	Label-A	2002
2	pernode	worker-cs-26	Label-A	2003
2	pernode	worker-cs-26	Label-A	2002
2	pernode	worker-cs-26	Label-A	2002
2	pernode	worker-cs-26	Label-A	2002
2	pernode	worker-cs-26	Label-A	2002
2	pernode	worker-cs-26	Label-A	2002
2	pernode	worker-cs-26	Label-A	2002
2	pernode	worker-cs-26	Label-A	2002
2	pernode	worker-cs-26	Label-A	2001
2	pernode	worker-cs-26	Label-A	2002
2	pernode	worker-cs-26	Label-A	2001
2	pernode	worker-cs-26	Label-A	2001
2	pernode	worker-cs-26	Label-A	2002
2	pernode	worker-cs-26	Label-A	2001
2	pernode	worker-cs-26	Label-A	2012
2	pernode	worker-cs-26	Label-A	2002
2	pernode	worker-cs-26	Label-A	2002
2	pernode	worker-cs-26	Label-A	2002
2	pernode	worker-cs-26	Label-A	2001
2	pernode	worker-cs-26	Label-A	2002
2	pernode	worker-cs-26	Label-A	2002
2	pernode	worker-cs-26	Label-A	2002
2	pernode	worker-cs-26	Label-A	2001
2	pernode	worker-cs-26	Label-A	2001
2	pernode	worker-cs-26	Label-A	2002
2	pernode	worker-cs-26	Label-A	2002
2	pernode	worker-cs-26	Label-A	2003
2	pernode	worker-cs-26	Label-A	2001
2	pernode	worker-cs-26	Label-A	2002
2	pernode	worker-cs-26	Label-A	2002
2	pernode	worker-cs-26	Label-A	2002
2	pernode	worker-cs-26	Label-A	2002
2	pernode	worker-cs-26	Label-A	2002
2	pernode	worker-cs-26	Label-A	2001
2	pernode	worker-cs-26	Label-A	2003
2	pernode	worker-cs-26	Label-A	2001
2	pernode	worker-cs-26	Label-A	2002
2	pernode	worker-cs-26	Label-A	2002
2	pernode	worker-cs-26	Label-A	2001
2	pernode	worker-cs-26	Label-A	2001
2	pernode	worker-cs-26	Label-A	2001
2	pernode	worker-cs-26	Label-A	2002
2	pernode	worker-cs-26	Label-A	2001
2	pernode	worker-cs-26	Label-A	2002
2	pernode	worker-cs-26	Label-A	2002
2	pernode	worker-cs-26	Label-A	2002
2	pernode	worker-cs-26	Label-A	2002
2	pernode	worker-cs-26	Label-A	2002
2	pernode	worker-cs-26	Label-A	2002
2	pernode	worker-cs-26	Label-A	2002
2	pernode	worker-cs-26	Label-A	2002
2	pernode	worker-cs-26	Label-A	2001
2	pernode	worker-cs-26	Label-A	2002
2	pernode	worker-cs-26	Label-A	2001
2	pernode	worker-cs-26	Label-A	2002
2	pernode	worker-cs-26	Label-A	2001
2	pernode	worker-cs-26	Label-A	2002
2	pernode	worker-cs-26	Label-A	2001
2	pernode	worker-cs-26	Label-A	2002
2	pernode	worker-cs-26	Label-A	2001
2	pernode	worker-cs-26	Label-A	2002
2	pernode	worker-cs-26	Label-A	2002
2	pernode	worker-cs-26	Label-A	2002
2	pernode	worker-cs-26	Label-A	2002
2	pernode	worker-cs-26	Label-A	2002
2	pernode	worker-cs-26	Label-A	2002
2	pernode	worker-cs-26	Label-A	2001
2	pernode	worker-cs-26	Label-A	2002
2	pernode	worker-cs-26	Label-A	2002
2	pernode	worker-cs-26	Label-A	2002
2	pernode	worker-cs-26	Label-A	2006
2	pernode	worker-cs-26	Label-A	2002
2	pernode	worker-cs-26	Label-A	2002
2	pernode	worker-cs-26	Label-A	2002
2	pernode	worker-cs-26	Label-A	2002
2	pernode	worker-cs-26	Label-A	2003
2	pernode	worker-cs-26	Label-A	2002
2	pernode	worker-cs-26	Label-A	2002
2	pernode	worker-cs-26	Label-A	2002
2	pernode	worker-cs-26	Label-A	2002
2	pernode	worker-cs-26	Label-A	2004
2	pernode	worker-cs-26	Label-A	2002
2	pernode	worker-cs-26	Label-A	2003
2	pernode	worker-cs-26	Label-A	2002
2	pernode	worker-cs-26	Label-A	2001
2	pernode	worker-cs-26	Label-A	2002
2	pernode	worker-cs-26	Label-A	2001
2	pernode	worker-cs-26	Label-A	2002
2	pernode	worker-cs-26	Label-A	2002
2	pernode	worker-cs-26	Label-A	2002
2	pernode	worker-cs-26	Label-A	2002
2	pernode	worker-cs-26	Label-A	2002
2	pernode	worker-cs-26	Label-A	2002
2	pernode	worker-cs-26	Label-A	2002
2	pernode	worker-cs-26	Label-A	2002
2	pernode	worker-cs-26	Label-A	2002
2	pernode	worker-cs-26	Label-A	2003
2	pernode	worker-cs-26	Label-A	2002
2	pernode	worker-cs-26	Label-A	2002
2	pernode	worker-cs-26	Label-A	2002
2	pernode	worker-cs-26	Label-A	2001
2	pernode	worker-cs-26	Label-A	2003
2	pernode	worker-cs-26	Label-A	2002
2	pernode	worker-cs-26	Label-A	2001
2	pernode	worker-cs-26	Label-A	2001
2	pernode	worker-cs-26	Label-A	2002
2	pernode	worker-cs-26	Label-A	2001
2	pernode	worker-cs-26	Label-A	2002
2	pernode	worker-cs-26	Label-A	2003
2	pernode	worker-cs-26	Label-A	2002
2	pernode	worker-cs-26	Label-A	2002
2	pernode	worker-cs-26	Label-A	2001
2	pernode	worker-cs-26	Label-A	2001
2	pernode	worker-cs-26	Label-A	2002
2	pernode	worker-cs-26	Label-A	2001
2	pernode	worker-cs-26	Label-A	2002
2	pernode	worker-cs-26	Label-A	2002
2	pernode	worker-cs-26	Label-A	2001
2	pernode	worker-cs-26	Label-A	2002
2	pernode	worker-cs-26	Label-A	2002
2	pernode	worker-cs-26	Label-A	2002
2	pernode	worker-cs-26	Label-A	2002
2	pernode	worker-cs-26	Label-A	2002
2	pernode	worker-cs-26	Label-A	2002
2	pernode	worker-cs-26	Label-A	2001
2	pernode	worker-cs-26	Label-A	2001
2	pernode	worker-cs-26	Label-A	2002
2	pernode	worker-cs-26	Label-A	2002
2	pernode	worker-cs-26	Label-A	2002
2	pernode	worker-cs-26	Label-A	2001
2	pernode	worker-cs-26	Label-A	2002
2	pernode	worker-cs-26	Label-A	2001
2	pernode	worker-cs-26	Label-A	2001
2	pernode	worker-cs-26	Label-A	2002
2	pernode	worker-cs-26	Label-A	2002
2	pernode	worker-cs-26	Label-A	2001
2	pernode	worker-cs-26	Label-A	2002
2	pernode	worker-cs-26	Label-A	2003
2	pernode	worker-cs-26	Label-A	2002
2	pernode	worker-cs-26	Label-A	2002
2	pernode	worker-cs-26	Label-A	2002
2	pernode	worker-cs-26	Label-A	2001
2	pernode	worker-cs-26	Label-A	2002
2	pernode	worker-cs-26	Label-A	2003
2	pernode	worker-cs-26	Label-A	2001
2	pernode	worker-cs-26	Label-A	2002
2	pernode	worker-cs-26	Label-A	2002
2	pernode	worker-cs-26	Label-A	2002
2	pernode	worker-cs-26	Label-A	2002
2	pernode	worker-cs-26	Label-A	2002
2	pernode	worker-cs-26	Label-A	2001
2	pernode	worker-cs-26	Label-A	2002
2	pernode	worker-cs-26	Label-A	2003
2	pernode	worker-cs-26	Label-A	2001
2	pernode	worker-cs-26	Label-A	2001
2	pernode	worker-cs-26	Label-A	2002
2	pernode	worker-cs-26	Label-A	2002
2	pernode	worker-cs-26	Label-A	2001
2	pernode	worker-cs-26	Label-A	2001
2	pernode	worker-cs-26	Label-A	2001
2	pernode	worker-cs-26	Label-A	2002
2	pernode	worker-cs-26	Label-A	2001
2	pernode	worker-cs-26	Label-A	2002
2	pernode	worker-cs-26	Label-A	2002
2	pernode	worker-cs-26	Label-A	2002
2	pernode	worker-cs-26	Label-A	2002
2	pernode	worker-cs-26	Label-A	2002
2	pernode	worker-cs-26	Label-A	2002
2	pernode	worker-cs-26	Label-A	2003
2	pernode	worker-cs-26	Label-A	2002
2	pernode	worker-cs-26	Label-A	2002
2	pernode	worker-cs-26	Label-A	2002
2	pernode	worker-cs-26	Label-A	2001
2	pernode	worker-cs-26	Label-A	2001
2	pernode	worker-cs-26	Label-A	2004
2	pernode	worker-cs-26	Label-A	2002
2	pernode	worker-cs-26	Label-A	2003
2	pernode	worker-cs-26	Label-A	2002
2	pernode	worker-cs-26	Label-A	2002
2	pernode	worker-cs-26	Label-A	2005
2	pernode	worker-cs-26	Label-A	2002
2	pernode	worker-cs-26	Label-A	2001
2	pernode	worker-cs-26	Label-A	2002
2	pernode	worker-cs-26	Label-A	2001
2	pernode	worker-cs-26	Label-A	2002
2	pernode	worker-cs-26	Label-A	2002
2	pernode	worker-cs-26	Label-A	2001
2	pernode	worker-cs-26	Label-A	2001
2	pernode	worker-cs-26	Label-A	2002
2	pernode	worker-cs-26	Label-A	2002
2	pernode	worker-cs-26	Label-A	2002
2	pernode	worker-cs-26	Label-A	2002
2	pernode	worker-cs-26	Label-A	2002
2	pernode	worker-cs-26	Label-A	2002
2	pernode	worker-cs-26	Label-A	2001
2	pernode	worker-cs-26	Label-A	2003
2	pernode	worker-cs-26	Label-A	2002
2	pernode	worker-cs-26	Label-A	2001
2	pernode	worker-cs-26	Label-A	2001
2	pernode	worker-cs-26	Label-A	2002
2	pernode	worker-cs-26	Label-A	2001
2	pernode	worker-cs-26	Label-A	2002
2	pernode	worker-cs-26	Label-A	2002
2	pernode	worker-cs-26	Label-A	2002
2	pernode	worker-cs-26	Label-A	2002
2	pernode	worker-cs-26	Label-A	2002
2	pernode	worker-cs-26	Label-A	2002
2	pernode	worker-cs-26	Label-A	2002
2	pernode	worker-cs-26	Label-A	2002
2	pernode	worker-cs-26	Label-A	2002
2	pernode	worker-cs-26	Label-A	2002
2	pernode	worker-cs-26	Label-A	2002
2	pernode	worker-cs-26	Label-A	2001
2	pernode	worker-cs-26	Label-A	2002
2	pernode	worker-cs-26	Label-A	2002
2	pernode	worker-cs-26	Label-A	2002
2	pernode	worker-cs-26	Label-A	2008
2	pernode	worker-cs-26	Label-A	2003
2	pernode	worker-cs-26	Label-A	2002
2	pernode	worker-cs-26	Label-A	2002
2	pernode	worker-cs-26	Label-A	2002
2	pernode	worker-cs-26	Label-A	2001
2	pernode	worker-cs-26	Label-A	2002
2	pernode	worker-cs-26	Label-A	2001
2	pernode	worker-cs-26	Label-A	2001
2	pernode	worker-cs-26	Label-A	2005
2	pernode	worker-cs-26	Label-A	2002
2	pernode	worker-cs-26	Label-A	2002
2	pernode	worker-cs-26	Label-A	2003
2	pernode	worker-cs-26	Label-A	2001
2	pernode	worker-cs-26	Label-A	2001
2	pernode	worker-cs-26	Label-A	2002
2	pernode	worker-cs-26	Label-A	2002
2	pernode	worker-cs-26	Label-A	2002
2	pernode	worker-cs-26	Label-A	2002
2	pernode	worker-cs-26	Label-A	2002
2	pernode	worker-cs-26	Label-A	2001
2	pernode	worker-cs-26	Label-A	2001
2	pernode	worker-cs-26	Label-A	2002
2	pernode	worker-cs-26	Label-A	2002
2	pernode	worker-cs-26	Label-A	2002
2	pernode	worker-cs-26	Label-A	2002
2	pernode	worker-cs-26	Label-A	2002
2	pernode	worker-cs-26	Label-A	2002
2	pernode	worker-cs-26	Label-A	2002
2	pernode	worker-cs-26	Label-A	2003
2	pernode	worker-cs-26	Label-A	2001
2	pernode	worker-cs-26	Label-A	2003
2	pernode	worker-cs-26	Label-A	2002
2	pernode	worker-cs-26	Label-A	2002
2	pernode	worker-cs-26	Label-A	2002
2	pernode	worker-cs-26	Label-A	2001
2	pernode	worker-cs-26	Label-A	2002
2	pernode	worker-cs-26	Label-A	2001
2	pernode	worker-cs-26	Label-A	2003
2	pernode	worker-cs-26	Label-A	2002
2	pernode	worker-cs-26	Label-A	2003
2	pernode	worker-cs-26	Label-A	2002
2	pernode	worker-cs-26	Label-A	2002
2	pernode	worker-cs-26	Label-A	2002
2	pernode	worker-cs-26	Label-A	2002
2	pernode	worker-cs-26	Label-A	2003
2	pernode	worker-cs-26	Label-A	2007
2	pernode	worker-cs-26	Label-A	2002
2	pernode	worker-cs-26	Label-A	2003
2	pernode	worker-cs-26	Label-A	2002
2	pernode	worker-cs-26	Label-A	2002
2	pernode	worker-cs-26	Label-A	2002
2	pernode	worker-cs-26	Label-A	2002
2	pernode	worker-cs-26	Label-A	2001
2	pernode	worker-cs-26	Label-A	2002
2	pernode	worker-cs-26	Label-A	2002
2	pernode	worker-cs-26	Label-A	2002
2	pernode	worker-cs-26	Label-A	2002
2	pernode	worker-cs-26	Label-A	2001
2	pernode	worker-cs-26	Label-A	2001
2	pernode	worker-cs-26	Label-A	2001
2	pernode	worker-cs-26	Label-A	2002
2	pernode	worker-cs-26	Label-A	2002
2	pernode	worker-cs-26	Label-A	2002
2	pernode	worker-cs-26	Label-A	2002
2	pernode	worker-cs-26	Label-A	2002
2	pernode	worker-cs-26	Label-A	2003
2	pernode	worker-cs-26	Label-A	2002
2	pernode	worker-cs-26	Label-A	2001
2	pernode	worker-cs-26	Label-A	2002
2	pernode	worker-cs-26	Label-A	2002
2	pernode	worker-cs-26	Label-A	2002
2	pernode	worker-cs-26	Label-A	2002
2	pernode	worker-cs-26	Label-A	2002
2	pernode	worker-cs-26	Label-A	2002
2	pernode	worker-cs-26	Label-A	2001
2	pernode	worker-cs-26	Label-A	2002
2	pernode	worker-cs-26	Label-A	2002
2	pernode	worker-cs-26	Label-A	2003
2	pernode	worker-cs-26	Label-A	2002
2	pernode	worker-cs-26	Label-A	2002
2	pernode	worker-cs-26	Label-A	2001
2	pernode	worker-cs-26	Label-A	2001
2	pernode	worker-cs-26	Label-A	2001
2	pernode	worker-cs-26	Label-A	2001
2	pernode	worker-cs-26	Label-A	2003
2	pernode	worker-cs-26	Label-A	2001
2	pernode	worker-cs-26	Label-A	2002
2	pernode	worker-cs-26	Label-A	2003
2	pernode	worker-cs-26	Label-A	2002
2	pernode	worker-cs-26	Label-A	2002
2	pernode	worker-cs-26	Label-A	2003
2	pernode	worker-cs-26	Label-A	2002
2	pernode	worker-cs-26	Label-A	2001
2	pernode	worker-cs-26	Label-A	2001
2	pernode	worker-cs-26	Label-A	2002
2	pernode	worker-cs-26	Label-A	2001
2	pernode	worker-cs-26	Label-A	2002
2	pernode	worker-cs-26	Label-A	2002
2	pernode	worker-cs-26	Label-A	2002
2	pernode	worker-cs-26	Label-A	2001
2	pernode	worker-cs-26	Label-A	2001
2	pernode	worker-cs-26	Label-A	2001
2	pernode	worker-cs-26	Label-A	2002
2	pernode	worker-cs-26	Label-A	2002
2	pernode	worker-cs-26	Label-A	2002
2	pernode	worker-cs-26	Label-A	2002
2	pernode	worker-cs-26	Label-A	2001
2	pernode	worker-cs-26	Label-A	2002
2	pernode	worker-cs-26	Label-A	2002
2	pernode	worker-cs-26	Label-A	2002
2	pernode	worker-cs-26	Label-A	2002
2	pernode	worker-cs-26	Label-A	2002
2	pernode	worker-cs-26	Label-A	2002
2	pernode	worker-cs-26	Label-A	2002
2	pernode	worker-cs-26	Label-A	2001
2	pernode	worker-cs-26	Label-A	2003
2	pernode	worker-cs-26	Label-A	2004
2	pernode	worker-cs-26	Label-A	2002
2	pernode	worker-cs-26	Label-A	2002
2	pernode	worker-cs-26	Label-A	2001
2	pernode	worker-cs-26	Label-A	2001
2	pernode	worker-cs-26	Label-A	2001
2	pernode	worker-cs-26	Label-A	2001
2	pernode	worker-cs-26	Label-A	2003
2	pernode	worker-cs-26	Label-A	2002
2	pernode	worker-cs-26	Label-A	2002
2	pernode	worker-cs-26	Label-A	2002
2	pernode	worker-cs-26	Label-A	2002
2	pernode	worker-cs-26	Label-A	2002
2	pernode	worker-cs-26	Label-A	2001
2	pernode	worker-cs-26	Label-A	2002
2	pernode	worker-cs-26	Label-A	2001
2	pernode	worker-cs-26	Label-A	2002
2	pernode	worker-cs-26	Label-A	2002
2	pernode	worker-cs-26	Label-A	2002
2	pernode	worker-cs-26	Label-A	2005
2	pernode	worker-cs-26	Label-A	2002
2	pernode	worker-cs-26	Label-A	2001
2	pernode	worker-cs-26	Label-A	2001
2	pernode	worker-cs-26	Label-A	2002
2	pernode	worker-cs-26	Label-A	2002
2	pernode	worker-cs-26	Label-A	2003
2	pernode	worker-cs-26	Label-A	2002
2	pernode	worker-cs-26	Label-A	2002
2	pernode	worker-cs-26	Label-A	2001
2	pernode	worker-cs-26	Label-A	2002
2	pernode	worker-cs-26	Label-A	2002
2	pernode	worker-cs-26	Label-A	2001
2	pernode	worker-cs-26	Label-A	2002
2	pernode	worker-cs-26	Label-A	2001
2	pernode	worker-cs-26	Label-A	2003
2	pernode	worker-cs-26	Label-A	2002
2	pernode	worker-cs-26	Label-A	2002
2	pernode	worker-cs-26	Label-A	2008
2	pernode	worker-cs-26	Label-A	2002
2	pernode	worker-cs-26	Label-A	2001
2	pernode	worker-cs-26	Label-A	2003
2	pernode	worker-cs-26	Label-A	2002
2	pernode	worker-cs-26	Label-A	2002
2	pernode	worker-cs-26	Label-A	2002
2	pernode	worker-cs-26	Label-A	2002
2	pernode	worker-cs-26	Label-A	2001
2	pernode	worker-cs-26	Label-A	2002
2	pernode	worker-cs-26	Label-A	2002
2	pernode	worker-cs-26	Label-A	2002
2	pernode	worker-cs-26	Label-A	2002
2	pernode	worker-cs-26	Label-A	2002
2	pernode	worker-cs-26	Label-A	2002
2	pernode	worker-cs-26	Label-A	2002
2	pernode	worker-cs-26	Label-A	2002
2	pernode	worker-cs-26	Label-A	2002
3	pernode	worker-cs-0	Label-E	2002
3	pernode	worker-cs-0	Label-E	2001
3	pernode	worker-cs-0	Label-E	2001
3	pernode	worker-cs-0	Label-E	2003
3	pernode	worker-cs-0	Label-E	2000
3	pernode	worker-cs-0	Label-E	2001
3	pernode	worker-cs-0	Label-E	2001
3	pernode	worker-cs-0	Label-E	2001
3	pernode	worker-cs-0	Label-E	2001
3	pernode	worker-cs-0	Label-E	2001
3	pernode	worker-cs-0	Label-E	2000
3	pernode	worker-cs-0	Label-E	2001
3	pernode	worker-cs-0	Label-E	2016
3	pernode	worker-cs-0	Label-E	2000
3	pernode	worker-cs-0	Label-E	2001
3	pernode	worker-cs-0	Label-E	2000
3	pernode	worker-cs-0	Label-E	2001
3	pernode	worker-cs-0	Label-E	2000
3	pernode	worker-cs-0	Label-E	2001
3	pernode	worker-cs-0	Label-E	2001
3	pernode	worker-cs-0	Label-E	2002
3	pernode	worker-cs-0	Label-E	2001
3	pernode	worker-cs-0	Label-E	2001
3	pernode	worker-cs-0	Label-E	2002
3	pernode	worker-cs-0	Label-E	2006
3	pernode	worker-cs-0	Label-E	2001
3	pernode	worker-cs-0	Label-E	2006
3	pernode	worker-cs-0	Label-E	2001
3	pernode	worker-cs-0	Label-E	2001
3	pernode	worker-cs-0	Label-E	2001
3	pernode	worker-cs-0	Label-E	2003
3	pernode	worker-cs-0	Label-E	2001
3	pernode	worker-cs-0	Label-E	2002
3	pernode	worker-cs-0	Label-E	2001
3	pernode	worker-cs-0	Label-E	2001
3	pernode	worker-cs-0	Label-E	2001
3	pernode	worker-cs-0	Label-E	2003
3	pernode	worker-cs-0	Label-E	2000
3	pernode	worker-cs-0	Label-E	2001
3	pernode	worker-cs-0	Label-E	2000
3	pernode	worker-cs-0	Label-E	2001
3	pernode	worker-cs-0	Label-E	2002
3	pernode	worker-cs-0	Label-E	2003
3	pernode	worker-cs-0	Label-E	2001
3	pernode	worker-cs-0	Label-E	2002
3	pernode	worker-cs-0	Label-E	2000
3	pernode	worker-cs-0	Label-E	2003
3	pernode	worker-cs-0	Label-E	2001
3	pernode	worker-cs-0	Label-E	2001
3	pernode	worker-cs-0	Label-E	2002
3	pernode	worker-cs-0	Label-E	2001
3	pernode	worker-cs-0	Label-E	2002
3	pernode	worker-cs-0	Label-E	2002
3	pernode	worker-cs-0	Label-E	2001
3	pernode	worker-cs-0	Label-E	2001
3	pernode	worker-cs-0	Label-E	2000
3	pernode	worker-cs-0	Label-E	2002
3	pernode	worker-cs-0	Label-E	2001
3	pernode	worker-cs-0	Label-E	2001
3	pernode	worker-cs-0	Label-E	2001
3	pernode	worker-cs-0	Label-E	2001
3	pernode	worker-cs-0	Label-E	2003
3	pernode	worker-cs-0	Label-E	2002
3	pernode	worker-cs-0	Label-E	2001
3	pernode	worker-cs-0	Label-E	2001
3	pernode	worker-cs-0	Label-E	2002
3	pernode	worker-cs-0	Label-E	2001
3	pernode	worker-cs-0	Label-E	2002
3	pernode	worker-cs-0	Label-E	2001
3	pernode	worker-cs-0	Label-E	2001
3	pernode	worker-cs-0	Label-E	2002
3	pernode	worker-cs-0	Label-E	2000
3	pernode	worker-cs-0	Label-E	2001
3	pernode	worker-cs-0	Label-E	2001
3	pernode	worker-cs-0	Label-E	2001
3	pernode	worker-cs-0	Label-E	2002
3	pernode	worker-cs-0	Label-E	2001
3	pernode	worker-cs-0	Label-E	2002
3	pernode	worker-cs-0	Label-E	2000
3	pernode	worker-cs-0	Label-E	2001
3	pernode	worker-cs-0	Label-E	2006
3	pernode	worker-cs-0	Label-E	2001
3	pernode	worker-cs-0	Label-E	2000
3	pernode	worker-cs-0	Label-E	2000
3	pernode	worker-cs-0	Label-E	2001
3	pernode	worker-cs-0	Label-E	2002
3	pernode	worker-cs-0	Label-E	2002
3	pernode	worker-cs-0	Label-E	2000
3	pernode	worker-cs-0	Label-E	2003
3	pernode	worker-cs-0	Label-E	2000
3	pernode	worker-cs-0	Label-E	2001
3	pernode	worker-cs-0	Label-E	2001
3	pernode	worker-cs-0	Label-E	2001
3	pernode	worker-cs-0	Label-E	2004
3	pernode	worker-cs-0	Label-E	2002
3	pernode	worker-cs-0	Label-E	2001
3	pernode	worker-cs-0	Label-E	2000
3	pernode	worker-cs-0	Label-E	2003
3	pernode	worker-cs-0	Label-E	2001
3	pernode	worker-cs-0	Label-E	2001
3	pernode	worker-cs-0	Label-E	2002
3	pernode	worker-cs-0	Label-E	2002
3	pernode	worker-cs-0	Label-E	2002
3	pernode	worker-cs-14	Label-B	2002
3	pernode	worker-cs-14	Label-B	2002
3	pernode	worker-cs-14	Label-B	2001
3	pernode	worker-cs-14	Label-B	2001
3	pernode	worker-cs-14	Label-B	2002
3	pernode	worker-cs-14	Label-B	2002
3	pernode	worker-cs-14	Label-B	2002
3	pernode	worker-cs-14	Label-B	2001
3	pernode	worker-cs-14	Label-B	2001
3	pernode	worker-cs-14	Label-B	2002
3	pernode	worker-cs-14	Label-B	2002
3	pernode	worker-cs-14	Label-B	2002
3	pernode	worker-cs-14	Label-B	2002
3	pernode	worker-cs-14	Label-B	2002
3	pernode	worker-cs-14	Label-B	2002
3	pernode	worker-cs-14	Label-B	2002
3	pernode	worker-cs-14	Label-B	2002
3	pernode	worker-cs-14	Label-B	2001
3	pernode	worker-cs-14	Label-B	2002
3	pernode	worker-cs-14	Label-B	2001
3	pernode	worker-cs-14	Label-B	2002
3	pernode	worker-cs-14	Label-B	2002
3	pernode	worker-cs-14	Label-B	2002
3	pernode	worker-cs-14	Label-B	2002
3	pernode	worker-cs-14	Label-B	2001
3	pernode	worker-cs-14	Label-B	2002
3	pernode	worker-cs-14	Label-B	2003
3	pernode	worker-cs-14	Label-B	2002
3	pernode	worker-cs-14	Label-B	2002
3	pernode	worker-cs-14	Label-B	2000
3	pernode	worker-cs-14	Label-B	2002
3	pernode	worker-cs-14	Label-B	2002
3	pernode	worker-cs-14	Label-B	2001
3	pernode	worker-cs-14	Label-B	2002
3	pernode	worker-cs-14	Label-B	2001
3	pernode	worker-cs-14	Label-B	2001
3	pernode	worker-cs-14	Label-B	2002
3	pernode	worker-cs-14	Label-B	2001
3	pernode	worker-cs-14	Label-B	2003
3	pernode	worker-cs-14	Label-B	2001
3	pernode	worker-cs-14	Label-B	2002
3	pernode	worker-cs-14	Label-B	2001
3	pernode	worker-cs-14	Label-B	2002
3	pernode	worker-cs-14	Label-B	2001
3	pernode	worker-cs-14	Label-B	2001
3	pernode	worker-cs-14	Label-B	2001
3	pernode	worker-cs-14	Label-B	2003
3	pernode	worker-cs-14	Label-B	2001
3	pernode	worker-cs-14	Label-B	2002
3	pernode	worker-cs-14	Label-B	2002
3	pernode	worker-cs-14	Label-B	2001
3	pernode	worker-cs-14	Label-B	2001
3	pernode	worker-cs-14	Label-B	2001
3	pernode	worker-cs-14	Label-B	2002
3	pernode	worker-cs-14	Label-B	2000
3	pernode	worker-cs-14	Label-B	2001
3	pernode	worker-cs-14	Label-B	2002
3	pernode	worker-cs-14	Label-B	2001
3	pernode	worker-cs-14	Label-B	2001
3	pernode	worker-cs-14	Label-B	2001
3	pernode	worker-cs-14	Label-B	2001
3	pernode	worker-cs-14	Label-B	2001
3	pernode	worker-cs-14	Label-B	2001
3	pernode	worker-cs-14	Label-B	2001
3	pernode	worker-cs-14	Label-B	2001
3	pernode	worker-cs-14	Label-B	2001
3	pernode	worker-cs-14	Label-B	2002
3	pernode	worker-cs-14	Label-B	2002
3	pernode	worker-cs-14	Label-B	2001
3	pernode	worker-cs-14	Label-B	2002
3	pernode	worker-cs-14	Label-B	2002
3	pernode	worker-cs-14	Label-B	2001
3	pernode	worker-cs-14	Label-B	2002
3	pernode	worker-cs-14	Label-B	2002
3	pernode	worker-cs-14	Label-B	2002
3	pernode	worker-cs-14	Label-B	2002
3	pernode	worker-cs-14	Label-B	2001
3	pernode	worker-cs-14	Label-B	2002
3	pernode	worker-cs-14	Label-B	2002
3	pernode	worker-cs-14	Label-B	2002
3	pernode	worker-cs-14	Label-B	2002
3	pernode	worker-cs-14	Label-B	2002
3	pernode	worker-cs-14	Label-B	2001
3	pernode	worker-cs-14	Label-B	2001
3	pernode	worker-cs-14	Label-B	2002
3	pernode	worker-cs-14	Label-B	2001
3	pernode	worker-cs-14	Label-B	2001
3	pernode	worker-cs-14	Label-B	2001
3	pernode	worker-cs-14	Label-B	2002
3	pernode	worker-cs-14	Label-B	2002
3	pernode	worker-cs-14	Label-B	2001
3	pernode	worker-cs-14	Label-B	2002
3	pernode	worker-cs-14	Label-B	2002
3	pernode	worker-cs-14	Label-B	2001
3	pernode	worker-cs-14	Label-B	2002
3	pernode	worker-cs-14	Label-B	2002
3	pernode	worker-cs-14	Label-B	2001
3	pernode	worker-cs-14	Label-B	2002
3	pernode	worker-cs-14	Label-B	2002
3	pernode	worker-cs-14	Label-B	2002
3	pernode	worker-cs-14	Label-B	2002
3	pernode	worker-cs-14	Label-B	2001
3	pernode	worker-cs-14	Label-B	2001
3	pernode	worker-cs-14	Label-B	2001
3	pernode	worker-cs-14	Label-B	2002
3	pernode	worker-cs-14	Label-B	2001
3	pernode	worker-cs-14	Label-B	2002
3	pernode	worker-cs-14	Label-B	2002
3	pernode	worker-cs-14	Label-B	2002
3	pernode	worker-cs-14	Label-B	2001
3	pernode	worker-cs-14	Label-B	2002
3	pernode	worker-cs-14	Label-B	2002
3	pernode	worker-cs-14	Label-B	2002
3	pernode	worker-cs-14	Label-B	2001
3	pernode	worker-cs-14	Label-B	2001
3	pernode	worker-cs-14	Label-B	2001
3	pernode	worker-cs-14	Label-B	2002
3	pernode	worker-cs-14	Label-B	2001
3	pernode	worker-cs-14	Label-B	2001
3	pernode	worker-cs-14	Label-B	2002
3	pernode	worker-cs-14	Label-B	2002
3	pernode	worker-cs-14	Label-B	2001
3	pernode	worker-cs-14	Label-B	2002
3	pernode	worker-cs-14	Label-B	2002
3	pernode	worker-cs-14	Label-B	2001
3	pernode	worker-cs-14	Label-B	2001
3	pernode	worker-cs-14	Label-B	2002
3	pernode	worker-cs-14	Label-B	2001
3	pernode	worker-cs-14	Label-B	2002
3	pernode	worker-cs-14	Label-B	2002
3	pernode	worker-cs-14	Label-B	2001
3	pernode	worker-cs-14	Label-B	2002
3	pernode	worker-cs-14	Label-B	2001
3	pernode	worker-cs-14	Label-B	2001
3	pernode	worker-cs-14	Label-B	2001
3	pernode	worker-cs-14	Label-B	2002
3	pernode	worker-cs-14	Label-B	2002
3	pernode	worker-cs-14	Label-B	2001
3	pernode	worker-cs-14	Label-B	2001
3	pernode	worker-cs-14	Label-B	2002
3	pernode	worker-cs-14	Label-B	2002
3	pernode	worker-cs-14	Label-B	2001
3	pernode	worker-cs-14	Label-B	2002
3	pernode	worker-cs-14	Label-B	2002
3	pernode	worker-cs-14	Label-B	2002
3	pernode	worker-cs-14	Label-B	2002
3	pernode	worker-cs-14	Label-B	2002
3	pernode	worker-cs-14	Label-B	2002
3	pernode	worker-cs-14	Label-B	2002
3	pernode	worker-cs-14	Label-B	2001
3	pernode	worker-cs-14	Label-B	2002
3	pernode	worker-cs-14	Label-B	2001
3	pernode	worker-cs-14	Label-B	2002
3	pernode	worker-cs-14	Label-B	2001
3	pernode	worker-cs-14	Label-B	2002
3	pernode	worker-cs-14	Label-B	2003
3	pernode	worker-cs-14	Label-B	2002
3	pernode	worker-cs-14	Label-B	2002
3	pernode	worker-cs-14	Label-B	2002
3	pernode	worker-cs-14	Label-B	2001
3	pernode	worker-cs-14	Label-B	2002
3	pernode	worker-cs-14	Label-B	2001
3	pernode	worker-cs-14	Label-B	2001
3	pernode	worker-cs-14	Label-B	2002
3	pernode	worker-cs-14	Label-B	2002
3	pernode	worker-cs-14	Label-B	2002
3	pernode	worker-cs-14	Label-B	2002
3	pernode	worker-cs-14	Label-B	2002
3	pernode	worker-cs-14	Label-B	2001
3	pernode	worker-cs-14	Label-B	2001
3	pernode	worker-cs-14	Label-B	2002
3	pernode	worker-cs-14	Label-B	2001
3	pernode	worker-cs-14	Label-B	2001
3	pernode	worker-cs-14	Label-B	2001
3	pernode	worker-cs-14	Label-B	2001
3	pernode	worker-cs-14	Label-B	2001
3	pernode	worker-cs-14	Label-B	2001
3	pernode	worker-cs-14	Label-B	2001
3	pernode	worker-cs-14	Label-B	2002
3	pernode	worker-cs-14	Label-B	2001
3	pernode	worker-cs-14	Label-B	2001
3	pernode	worker-cs-14	Label-B	2002
3	pernode	worker-cs-14	Label-B	2002
3	pernode	worker-cs-14	Label-B	2002
3	pernode	worker-cs-14	Label-B	2001
3	pernode	worker-cs-14	Label-B	2003
3	pernode	worker-cs-14	Label-B	2002
3	pernode	worker-cs-14	Label-B	2002
3	pernode	worker-cs-14	Label-B	2002
3	pernode	worker-cs-14	Label-B	2002
3	pernode	worker-cs-14	Label-B	2002
3	pernode	worker-cs-14	Label-B	2001
3	pernode	worker-cs-14	Label-B	2002
3	pernode	worker-cs-14	Label-B	2002
3	pernode	worker-cs-14	Label-B	2001
3	pernode	worker-cs-14	Label-B	2002
3	pernode	worker-cs-14	Label-B	2002
3	pernode	worker-cs-14	Label-B	2002
3	pernode	worker-cs-14	Label-B	2002
3	pernode	worker-cs-14	Label-B	2002
3	pernode	worker-cs-14	Label-B	2002
3	pernode	worker-cs-14	Label-B	2002
3	pernode	worker-cs-14	Label-B	2002
3	pernode	worker-cs-14	Label-B	2001
3	pernode	worker-cs-14	Label-B	2002
3	pernode	worker-cs-14	Label-B	2002
3	pernode	worker-cs-14	Label-B	2001
3	pernode	worker-cs-14	Label-B	2002
3	pernode	worker-cs-14	Label-B	2001
3	pernode	worker-cs-14	Label-B	2003
3	pernode	worker-cs-14	Label-B	2002
3	pernode	worker-cs-14	Label-B	2001
3	pernode	worker-cs-14	Label-B	2002
3	pernode	worker-cs-14	Label-B	2003
3	pernode	worker-cs-14	Label-B	2001
3	pernode	worker-cs-14	Label-B	2001
3	pernode	worker-cs-14	Label-B	2001
3	pernode	worker-cs-14	Label-B	2001
3	pernode	worker-cs-14	Label-B	2001
3	pernode	worker-cs-14	Label-B	2002
3	pernode	worker-cs-14	Label-B	2001
3	pernode	worker-cs-14	Label-B	2002
3	pernode	worker-cs-14	Label-B	2001
3	pernode	worker-cs-14	Label-B	2001
3	pernode	worker-cs-14	Label-B	2001
3	pernode	worker-cs-14	Label-B	2001
3	pernode	worker-cs-14	Label-B	2002
3	pernode	worker-cs-14	Label-B	2001
3	pernode	worker-cs-14	Label-B	2001
3	pernode	worker-cs-14	Label-B	2001
3	pernode	worker-cs-14	Label-B	2001
3	pernode	worker-cs-14	Label-B	2001
3	pernode	worker-cs-14	Label-B	2001
3	pernode	worker-cs-14	Label-B	2002
3	pernode	worker-cs-14	Label-B	2003
3	pernode	worker-cs-14	Label-B	2003
3	pernode	worker-cs-14	Label-B	2002
3	pernode	worker-cs-14	Label-B	2001
3	pernode	worker-cs-14	Label-B	2002
3	pernode	worker-cs-14	Label-B	2002
3	pernode	worker-cs-14	Label-B	2001
3	pernode	worker-cs-14	Label-B	2002
3	pernode	worker-cs-14	Label-B	2002
3	pernode	worker-cs-14	Label-B	2002
3	pernode	worker-cs-14	Label-B	2001
3	pernode	worker-cs-14	Label-B	2001
3	pernode	worker-cs-14	Label-B	2002
3	pernode	worker-cs-14	Label-B	2001
3	pernode	worker-cs-14	Label-B	2001
3	pernode	worker-cs-14	Label-B	2002
3	pernode	worker-cs-14	Label-B	2001
3	pernode	worker-cs-14	Label-B	2001
3	pernode	worker-cs-14	Label-B	2002
3	pernode	worker-cs-14	Label-B	2001
3	pernode	worker-cs-14	Label-B	2002
3	pernode	worker-cs-14	Label-B	2002
3	pernode	worker-cs-14	Label-B	2001
3	pernode	worker-cs-14	Label-B	2002
3	pernode	worker-cs-14	Label-B	2002
3	pernode	worker-cs-14	Label-B	2001
3	pernode	worker-cs-14	Label-B	2001
3	pernode	worker-cs-14	Label-B	2002
3	pernode	worker-cs-14	Label-B	2001
3	pernode	worker-cs-14	Label-B	2002
3	pernode	worker-cs-14	Label-B	2002
3	pernode	worker-cs-14	Label-B	2001
3	pernode	worker-cs-14	Label-B	2002
3	pernode	worker-cs-14	Label-B	2002
3	pernode	worker-cs-14	Label-B	2001
3	pernode	worker-cs-14	Label-B	2002
3	pernode	worker-cs-14	Label-B	2002
3	pernode	worker-cs-14	Label-B	2001
3	pernode	worker-cs-14	Label-B	2002
3	pernode	worker-cs-14	Label-B	2002
3	pernode	worker-cs-14	Label-B	2001
3	pernode	worker-cs-14	Label-B	2002
3	pernode	worker-cs-14	Label-B	2003
3	pernode	worker-cs-14	Label-B	2001
3	pernode	worker-cs-14	Label-B	2002
3	pernode	worker-cs-14	Label-B	2001
3	pernode	worker-cs-14	Label-B	2001
3	pernode	worker-cs-14	Label-B	2001
3	pernode	worker-cs-14	Label-B	2001
3	pernode	worker-cs-14	Label-B	2001
3	pernode	worker-cs-14	Label-B	2002
3	pernode	worker-cs-14	Label-B	2002
3	pernode	worker-cs-14	Label-B	2002
3	pernode	worker-cs-14	Label-B	2002
3	pernode	worker-cs-14	Label-B	2002
3	pernode	worker-cs-14	Label-B	2002
3	pernode	worker-cs-14	Label-B	2001
3	pernode	worker-cs-14	Label-B	2002
3	pernode	worker-cs-14	Label-B	2001
3	pernode	worker-cs-14	Label-B	2003
3	pernode	worker-cs-14	Label-B	2002
3	pernode	worker-cs-14	Label-B	2002
3	pernode	worker-cs-14	Label-B	2002
3	pernode	worker-cs-14	Label-B	2002
3	pernode	worker-cs-14	Label-B	2001
3	pernode	worker-cs-14	Label-B	2001
3	pernode	worker-cs-14	Label-B	2002
3	pernode	worker-cs-14	Label-B	2002
3	pernode	worker-cs-14	Label-B	2001
3	pernode	worker-cs-14	Label-B	2001
3	pernode	worker-cs-14	Label-B	2002
3	pernode	worker-cs-14	Label-B	2001
3	pernode	worker-cs-14	Label-B	2001
3	pernode	worker-cs-14	Label-B	2003
3	pernode	worker-cs-14	Label-B	2001
3	pernode	worker-cs-14	Label-B	2001
3	pernode	worker-cs-14	Label-B	2001
3	pernode	worker-cs-14	Label-B	2002
3	pernode	worker-cs-14	Label-B	2002
3	pernode	worker-cs-14	Label-B	2002
3	pernode	worker-cs-14	Label-B	2002
3	pernode	worker-cs-14	Label-B	2001
3	pernode	worker-cs-14	Label-B	2002
3	pernode	worker-cs-14	Label-B	2002
3	pernode	worker-cs-14	Label-B	2002
3	pernode	worker-cs-14	Label-B	2002
3	pernode	worker-cs-14	Label-B	2002
3	pernode	worker-cs-14	Label-B	2002
3	pernode	worker-cs-14	Label-B	2001
3	pernode	worker-cs-14	Label-B	2002
3	pernode	worker-cs-14	Label-B	2001
3	pernode	worker-cs-14	Label-B	2002
3	pernode	worker-cs-14	Label-B	2001
3	pernode	worker-cs-14	Label-B	2001
3	pernode	worker-cs-14	Label-B	2001
3	pernode	worker-cs-14	Label-B	2003
3	pernode	worker-cs-14	Label-B	2001
3	pernode	worker-cs-14	Label-B	2002
3	pernode	worker-cs-14	Label-B	2002
3	pernode	worker-cs-14	Label-B	2002
3	pernode	worker-cs-14	Label-B	2001
3	pernode	worker-cs-14	Label-B	2001
3	pernode	worker-cs-14	Label-B	2002
3	pernode	worker-cs-14	Label-B	2002
3	pernode	worker-cs-14	Label-B	2002
3	pernode	worker-cs-14	Label-B	2002
3	pernode	worker-cs-14	Label-B	2002
3	pernode	worker-cs-14	Label-B	2001
3	pernode	worker-cs-14	Label-B	2002
3	pernode	worker-cs-14	Label-B	2002
3	pernode	worker-cs-14	Label-B	2001
3	pernode	worker-cs-14	Label-B	2001
3	pernode	worker-cs-14	Label-B	2001
3	pernode	worker-cs-14	Label-B	2001
3	pernode	worker-cs-14	Label-B	2001
3	pernode	worker-cs-14	Label-B	2002
3	pernode	worker-cs-14	Label-B	2001
3	pernode	worker-cs-14	Label-B	2001
3	pernode	worker-cs-14	Label-B	2002
3	pernode	worker-cs-14	Label-B	2002
3	pernode	worker-cs-14	Label-B	2001
3	pernode	worker-cs-14	Label-B	2001
3	pernode	worker-cs-14	Label-B	2002
3	pernode	worker-cs-14	Label-B	2002
3	pernode	worker-cs-14	Label-B	2002
3	pernode	worker-cs-14	Label-B	2001
3	pernode	worker-cs-14	Label-B	2002
3	pernode	worker-cs-14	Label-B	2002
3	pernode	worker-cs-14	Label-B	2001
3	pernode	worker-cs-14	Label-B	2001
3	pernode	worker-cs-14	Label-B	2002
3	pernode	worker-cs-14	Label-B	2001
3	pernode	worker-cs-14	Label-B	2001
3	pernode	worker-cs-14	Label-B	2001
3	pernode	worker-cs-14	Label-B	2002
3	pernode	worker-cs-14	Label-B	2001
3	pernode	worker-cs-14	Label-B	2001
3	pernode	worker-cs-14	Label-B	2001
3	pernode	worker-cs-14	Label-B	2003
3	pernode	worker-cs-14	Label-B	2001
3	pernode	worker-cs-14	Label-B	2002
3	pernode	worker-cs-14	Label-B	2002
3	pernode	worker-cs-14	Label-B	2002
3	pernode	worker-cs-14	Label-B	2001
3	pernode	worker-cs-14	Label-B	2002
3	pernode	worker-cs-14	Label-B	2003
3	pernode	worker-cs-14	Label-B	2001
3	pernode	worker-cs-14	Label-B	2001
3	pernode	worker-cs-14	Label-B	2002
3	pernode	worker-cs-14	Label-B	2002
3	pernode	worker-cs-14	Label-B	2001
3	pernode	worker-cs-14	Label-B	2002
3	pernode	worker-cs-14	Label-B	2002
3	pernode	worker-cs-14	Label-B	2002
3	pernode	worker-cs-14	Label-B	2001
3	pernode	worker-cs-14	Label-B	2002
3	pernode	worker-cs-14	Label-B	2001
3	pernode	worker-cs-14	Label-B	2001
3	pernode	worker-cs-14	Label-B	2001
3	pernode	worker-cs-14	Label-B	2001
3	pernode	worker-cs-14	Label-B	2002
3	pernode	worker-cs-14	Label-B	2002
3	pernode	worker-cs-14	Label-B	2001
3	pernode	worker-cs-14	Label-B	2002
3	pernode	worker-cs-14	Label-B	2001
3	pernode	worker-cs-14	Label-B	2002
3	pernode	worker-cs-14	Label-B	2002
3	pernode	worker-cs-14	Label-B	2002
3	pernode	worker-cs-14	Label-B	2002
3	pernode	worker-cs-14	Label-B	2001
3	pernode	worker-cs-14	Label-B	2002
3	pernode	worker-cs-14	Label-B	2002
3	pernode	worker-cs-14	Label-B	2001
3	pernode	worker-cs-14	Label-B	2002
3	pernode	worker-cs-14	Label-B	2002
3	pernode	worker-cs-14	Label-B	2001
3	pernode	worker-cs-14	Label-B	2001
3	pernode	worker-cs-14	Label-B	2002
3	pernode	worker-cs-14	Label-B	2001
3	pernode	worker-cs-14	Label-B	2001
3	pernode	worker-cs-14	Label-B	2001
3	pernode	worker-cs-14	Label-B	2001
3	pernode	worker-cs-14	Label-B	2001
3	pernode	worker-cs-14	Label-B	2001
3	pernode	worker-cs-14	Label-B	2001
3	pernode	worker-cs-14	Label-B	2002
3	pernode	worker-cs-14	Label-B	2002
3	pernode	worker-cs-14	Label-B	2002
3	pernode	worker-cs-14	Label-B	2002
3	pernode	worker-cs-14	Label-B	2002
3	pernode	worker-cs-14	Label-B	2001
3	pernode	worker-cs-14	Label-B	2004
3	pernode	worker-cs-14	Label-B	2001
3	pernode	worker-cs-14	Label-B	2002
3	pernode	worker-cs-14	Label-B	2001
3	pernode	worker-cs-14	Label-B	2002
3	pernode	worker-cs-14	Label-B	2002
3	pernode	worker-cs-14	Label-B	2002
3	pernode	worker-cs-14	Label-B	2003
3	pernode	worker-cs-14	Label-B	2003
3	pernode	worker-cs-14	Label-B	2002
3	pernode	worker-cs-14	Label-B	2002
3	pernode	worker-cs-14	Label-B	2002
3	pernode	worker-cs-14	Label-B	2001
3	pernode	worker-cs-14	Label-B	2002
3	pernode	worker-cs-14	Label-B	2001
3	pernode	worker-cs-14	Label-B	2002
3	pernode	worker-cs-14	Label-B	2002
3	pernode	worker-cs-14	Label-B	2002
3	pernode	worker-cs-14	Label-B	2002
3	pernode	worker-cs-14	Label-B	2002
3	pernode	worker-cs-14	Label-B	2002
3	pernode	worker-cs-14	Label-B	2003
3	pernode	worker-cs-14	Label-B	2003
3	pernode	worker-cs-14	Label-B	2001
3	pernode	worker-cs-14	Label-B	2002
3	pernode	worker-cs-14	Label-B	2002
3	pernode	worker-cs-14	Label-B	2002
3	pernode	worker-cs-14	Label-B	2002
3	pernode	worker-cs-14	Label-B	2001
3	pernode	worker-cs-14	Label-B	2001
3	pernode	worker-cs-14	Label-B	2001
3	pernode	worker-cs-14	Label-B	2002
3	pernode	worker-cs-14	Label-B	2002
3	pernode	worker-cs-14	Label-B	2002
3	pernode	worker-cs-14	Label-B	2001
3	pernode	worker-cs-14	Label-B	2002
3	pernode	worker-cs-14	Label-B	2002
3	pernode	worker-cs-14	Label-B	2001
3	pernode	worker-cs-14	Label-B	2002
3	pernode	worker-cs-14	Label-B	2002
3	pernode	worker-cs-14	Label-B	2001
3	pernode	worker-cs-14	Label-B	2004
3	pernode	worker-cs-14	Label-B	2001
3	pernode	worker-cs-14	Label-B	2001
3	pernode	worker-cs-14	Label-B	2001
3	pernode	worker-cs-14	Label-B	2001
3	pernode	worker-cs-14	Label-B	2001
3	pernode	worker-cs-14	Label-B	2001
3	pernode	worker-cs-14	Label-B	2001
3	pernode	worker-cs-14	Label-B	2001
3	pernode	worker-cs-14	Label-B	2002
3	pernode	worker-cs-14	Label-B	2001
3	pernode	worker-cs-14	Label-B	2001
3	pernode	worker-cs-14	Label-B	2002
3	pernode	worker-cs-14	Label-B	2002
3	pernode	worker-cs-14	Label-B	2001
3	pernode	worker-cs-14	Label-B	2001
3	pernode	worker-cs-14	Label-B	2001
3	pernode	worker-cs-14	Label-B	2002
3	pernode	worker-cs-14	Label-B	2004
3	pernode	worker-cs-14	Label-B	2001
3	pernode	worker-cs-14	Label-B	2002
3	pernode	worker-cs-14	Label-B	2002
3	pernode	worker-cs-14	Label-B	2002
3	pernode	worker-cs-14	Label-B	2002
3	pernode	worker-cs-14	Label-B	2001
3	pernode	worker-cs-14	Label-B	2005
3	pernode	worker-cs-14	Label-B	2002
3	pernode	worker-cs-14	Label-B	2002
3	pernode	worker-cs-14	Label-B	2001
3	pernode	worker-cs-14	Label-B	2001
3	pernode	worker-cs-14	Label-B	2001
3	pernode	worker-cs-14	Label-B	2001
3	pernode	worker-cs-14	Label-B	2001
3	pernode	worker-cs-14	Label-B	2002
3	pernode	worker-cs-14	Label-B	2001
3	pernode	worker-cs-14	Label-B	2002
3	pernode	worker-cs-14	Label-B	2001
3	pernode	worker-cs-14	Label-B	2001
3	pernode	worker-cs-14	Label-B	2001
3	pernode	worker-cs-14	Label-B	2001
3	pernode	worker-cs-14	Label-B	2002
3	pernode	worker-cs-14	Label-B	2002
3	pernode	worker-cs-14	Label-B	2002
3	pernode	worker-cs-14	Label-B	2002
3	pernode	worker-cs-14	Label-B	2001
3	pernode	worker-cs-14	Label-B	2002
3	pernode	worker-cs-14	Label-B	2002
3	pernode	worker-cs-14	Label-B	2001
3	pernode	worker-cs-14	Label-B	2001
3	pernode	worker-cs-14	Label-B	2002
3	pernode	worker-cs-14	Label-B	2002
3	pernode	worker-cs-14	Label-B	2001
3	pernode	worker-cs-14	Label-B	2002
3	pernode	worker-cs-14	Label-B	2002
3	pernode	worker-cs-14	Label-B	2002
3	pernode	worker-cs-14	Label-B	2002
3	pernode	worker-cs-14	Label-B	2001
3	pernode	worker-cs-14	Label-B	2002
3	pernode	worker-cs-14	Label-B	2001
3	pernode	worker-cs-14	Label-B	2002
3	pernode	worker-cs-14	Label-B	2001
3	pernode	worker-cs-14	Label-B	2001
3	pernode	worker-cs-14	Label-B	2002
3	pernode	worker-cs-14	Label-B	2001
3	pernode	worker-cs-14	Label-B	2002
3	pernode	worker-cs-14	Label-B	2002
3	pernode	worker-cs-14	Label-B	2003
3	pernode	worker-cs-14	Label-B	2002
3	pernode	worker-cs-14	Label-B	2001
3	pernode	worker-cs-14	Label-B	2002
3	pernode	worker-cs-14	Label-B	2001
3	pernode	worker-cs-14	Label-B	2002
3	pernode	worker-cs-14	Label-B	2002
3	pernode	worker-cs-14	Label-B	2001
3	pernode	worker-cs-14	Label-B	2001
3	pernode	worker-cs-14	Label-B	2002
3	pernode	worker-cs-14	Label-B	2001
3	pernode	worker-cs-14	Label-B	2002
3	pernode	worker-cs-14	Label-B	2001
3	pernode	worker-cs-14	Label-B	2002
3	pernode	worker-cs-14	Label-B	2002
3	pernode	worker-cs-14	Label-B	2002
3	pernode	worker-cs-14	Label-B	2001
3	pernode	worker-cs-14	Label-B	2000
3	pernode	worker-cs-14	Label-B	2001
3	pernode	worker-cs-14	Label-B	2001
3	pernode	worker-cs-14	Label-B	2002
3	pernode	worker-cs-14	Label-B	2001
3	pernode	worker-cs-14	Label-B	2001
3	pernode	worker-cs-14	Label-B	2001
3	pernode	worker-cs-14	Label-B	2001
3	pernode	worker-cs-14	Label-B	2002
3	pernode	worker-cs-14	Label-B	2002
3	pernode	worker-cs-14	Label-B	2002
3	pernode	worker-cs-14	Label-B	2001
3	pernode	worker-cs-14	Label-B	2002
3	pernode	worker-cs-14	Label-B	2002
3	pernode	worker-cs-14	Label-B	2001
3	pernode	worker-cs-14	Label-B	2003
3	pernode	worker-cs-14	Label-B	2003
3	pernode	worker-cs-14	Label-B	2002
3	pernode	worker-cs-14	Label-B	2002
3	pernode	worker-cs-14	Label-B	2002
3	pernode	worker-cs-14	Label-B	2001
3	pernode	worker-cs-14	Label-B	2001
3	pernode	worker-cs-14	Label-B	2001
3	pernode	worker-cs-14	Label-B	2001
3	pernode	worker-cs-14	Label-B	2002
3	pernode	worker-cs-14	Label-B	2001
3	pernode	worker-cs-14	Label-B	2002
3	pernode	worker-cs-14	Label-B	2001
3	pernode	worker-cs-14	Label-B	2001
3	pernode	worker-cs-14	Label-B	2001
3	pernode	worker-cs-14	Label-B	2001
3	pernode	worker-cs-14	Label-B	2004
3	pernode	worker-cs-14	Label-B	2002
3	pernode	worker-cs-14	Label-B	2002
3	pernode	worker-cs-14	Label-B	2001
3	pernode	worker-cs-14	Label-B	2001
3	pernode	worker-cs-14	Label-B	2002
3	pernode	worker-cs-14	Label-B	2002
3	pernode	worker-cs-14	Label-B	2002
3	pernode	worker-cs-14	Label-B	2001
3	pernode	worker-cs-14	Label-B	2002
3	pernode	worker-cs-14	Label-B	2002
3	pernode	worker-cs-14	Label-B	2001
3	pernode	worker-cs-14	Label-B	2003
3	pernode	worker-cs-14	Label-B	2002
3	pernode	worker-cs-14	Label-B	2001
3	pernode	worker-cs-14	Label-B	2002
3	pernode	worker-cs-14	Label-B	2002
3	pernode	worker-cs-14	Label-B	2001
3	pernode	worker-cs-14	Label-B	2002
3	pernode	worker-cs-14	Label-B	2001
3	pernode	worker-cs-14	Label-B	2001
3	pernode	worker-cs-14	Label-B	2001
3	pernode	worker-cs-14	Label-B	2001
3	pernode	worker-cs-14	Label-B	2002
3	pernode	worker-cs-14	Label-B	2002
3	pernode	worker-cs-14	Label-B	2002
3	pernode	worker-cs-14	Label-B	2002
3	pernode	worker-cs-14	Label-B	2002
3	pernode	worker-cs-14	Label-B	2001
3	pernode	worker-cs-14	Label-B	2002
3	pernode	worker-cs-14	Label-B	2003
3	pernode	worker-cs-14	Label-B	2001
3	pernode	worker-cs-14	Label-B	2001
3	pernode	worker-cs-14	Label-B	2002
3	pernode	worker-cs-14	Label-B	2001
3	pernode	worker-cs-14	Label-B	2002
3	pernode	worker-cs-14	Label-B	2002
3	pernode	worker-cs-14	Label-B	2001
3	pernode	worker-cs-14	Label-B	2002
3	pernode	worker-cs-14	Label-B	2002
3	pernode	worker-cs-14	Label-B	2002
3	pernode	worker-cs-14	Label-B	2001
3	pernode	worker-cs-14	Label-B	2000
3	pernode	worker-cs-14	Label-B	2004
3	pernode	worker-cs-14	Label-B	2002
3	pernode	worker-cs-14	Label-B	2001
3	pernode	worker-cs-14	Label-B	2001
3	pernode	worker-cs-14	Label-B	2002
3	pernode	worker-cs-14	Label-B	2002
3	pernode	worker-cs-14	Label-B	2001
3	pernode	worker-cs-14	Label-B	2002
3	pernode	worker-cs-14	Label-B	2002
3	pernode	worker-cs-14	Label-B	2002
3	pernode	worker-cs-14	Label-B	2002
3	pernode	worker-cs-14	Label-B	2002
3	pernode	worker-cs-14	Label-B	2001
3	pernode	worker-cs-14	Label-B	2002
3	pernode	worker-cs-14	Label-B	2001
3	pernode	worker-cs-14	Label-B	2002
3	pernode	worker-cs-14	Label-B	2002
3	pernode	worker-cs-14	Label-B	2001
3	pernode	worker-cs-14	Label-B	2002
3	pernode	worker-cs-14	Label-B	2001
3	pernode	worker-cs-14	Label-B	2001
3	pernode	worker-cs-14	Label-B	2002
3	pernode	worker-cs-14	Label-B	2002
3	pernode	worker-cs-14	Label-B	2002
3	pernode	worker-cs-14	Label-B	2001
3	pernode	worker-cs-14	Label-B	2002
3	pernode	worker-cs-14	Label-B	2002
3	pernode	worker-cs-14	Label-B	2002
3	pernode	worker-cs-14	Label-B	2002
3	pernode	worker-cs-14	Label-B	2001
3	pernode	worker-cs-14	Label-B	2001
3	pernode	worker-cs-14	Label-B	2001
3	pernode	worker-cs-14	Label-B	2002
3	pernode	worker-cs-14	Label-B	2001
3	pernode	worker-cs-14	Label-B	2002
3	pernode	worker-cs-14	Label-B	2002
3	pernode	worker-cs-14	Label-B	2001
3	pernode	worker-cs-14	Label-B	2002
3	pernode	worker-cs-14	Label-B	2002
3	pernode	worker-cs-14	Label-B	2001
3	pernode	worker-cs-14	Label-B	2002
3	pernode	worker-cs-14	Label-B	2002
3	pernode	worker-cs-14	Label-B	2003
3	pernode	worker-cs-14	Label-B	2004
3	pernode	worker-cs-14	Label-B	2002
3	pernode	worker-cs-14	Label-B	2001
3	pernode	worker-cs-14	Label-B	2002
3	pernode	worker-cs-14	Label-B	2001
3	pernode	worker-cs-14	Label-B	2001
3	pernode	worker-cs-14	Label-B	2002
3	pernode	worker-cs-14	Label-B	2001
3	pernode	worker-cs-14	Label-B	2002
3	pernode	worker-cs-14	Label-B	2001
3	pernode	worker-cs-14	Label-B	2002
3	pernode	worker-cs-14	Label-B	2002
3	pernode	worker-cs-14	Label-B	2001
3	pernode	worker-cs-14	Label-B	2001
3	pernode	worker-cs-14	Label-B	2001
3	pernode	worker-cs-14	Label-B	2001
3	pernode	worker-cs-14	Label-B	2002
3	pernode	worker-cs-14	Label-B	2002
3	pernode	worker-cs-14	Label-B	2003
3	pernode	worker-cs-14	Label-B	2002
3	pernode	worker-cs-14	Label-B	2002
3	pernode	worker-cs-14	Label-B	2002
3	pernode	worker-cs-14	Label-B	2002
3	pernode	worker-cs-14	Label-B	2002
3	pernode	worker-cs-14	Label-B	2001
3	pernode	worker-cs-14	Label-B	2002
3	pernode	worker-cs-14	Label-B	2002
3	pernode	worker-cs-14	Label-B	2002
3	pernode	worker-cs-14	Label-B	2003
3	pernode	worker-cs-14	Label-B	2001
3	pernode	worker-cs-14	Label-B	2002
3	pernode	worker-cs-14	Label-B	2002
3	pernode	worker-cs-14	Label-B	2002
3	pernode	worker-cs-14	Label-B	2001
3	pernode	worker-cs-14	Label-B	2002
3	pernode	worker-cs-14	Label-B	2002
3	pernode	worker-cs-14	Label-B	2002
3	pernode	worker-cs-14	Label-B	2002
3	pernode	worker-cs-14	Label-B	2001
3	pernode	worker-cs-14	Label-B	2002
3	pernode	worker-cs-14	Label-B	2001
3	pernode	worker-cs-14	Label-B	2002
3	pernode	worker-cs-14	Label-B	2002
3	pernode	worker-cs-14	Label-B	2002
3	pernode	worker-cs-14	Label-B	2002
3	pernode	worker-cs-14	Label-B	2001
3	pernode	worker-cs-14	Label-B	2001
3	pernode	worker-cs-14	Label-B	2000
3	pernode	worker-cs-14	Label-B	2002
3	pernode	worker-cs-14	Label-B	2001
3	pernode	worker-cs-14	Label-B	2001
3	pernode	worker-cs-14	Label-B	2002
3	pernode	worker-cs-14	Label-B	2002
3	pernode	worker-cs-14	Label-B	2001
3	pernode	worker-cs-14	Label-B	2001
3	pernode	worker-cs-14	Label-B	2002
3	pernode	worker-cs-14	Label-B	2002
3	pernode	worker-cs-14	Label-B	2000
3	pernode	worker-cs-14	Label-B	2001
3	pernode	worker-cs-14	Label-B	2001
3	pernode	worker-cs-14	Label-B	2002
3	pernode	worker-cs-14	Label-B	2002
3	pernode	worker-cs-14	Label-B	2002
3	pernode	worker-cs-14	Label-B	2002
3	pernode	worker-cs-14	Label-B	2002
3	pernode	worker-cs-14	Label-B	2002
3	pernode	worker-cs-14	Label-B	2001
3	pernode	worker-cs-14	Label-B	2002
3	pernode	worker-cs-14	Label-B	2002
3	pernode	worker-cs-14	Label-B	2002
3	pernode	worker-cs-14	Label-B	2001
3	pernode	worker-cs-14	Label-B	2002
3	pernode	worker-cs-14	Label-B	2002
3	pernode	worker-cs-14	Label-B	2002
3	pernode	worker-cs-14	Label-B	2003
3	pernode	worker-cs-14	Label-B	2002
3	pernode	worker-cs-14	Label-B	2001
3	pernode	worker-cs-14	Label-B	2001
3	pernode	worker-cs-14	Label-B	2002
3	pernode	worker-cs-14	Label-B	2001
3	pernode	worker-cs-14	Label-B	2002
3	pernode	worker-cs-14	Label-B	2001
3	pernode	worker-cs-14	Label-B	2000
3	pernode	worker-cs-14	Label-B	2002
3	pernode	worker-cs-14	Label-B	2002
3	pernode	worker-cs-14	Label-B	2000
3	pernode	worker-cs-14	Label-B	2001
3	pernode	worker-cs-14	Label-B	2001
3	pernode	worker-cs-14	Label-B	2001
3	pernode	worker-cs-14	Label-B	2002
3	pernode	worker-cs-14	Label-B	2001
3	pernode	worker-cs-14	Label-B	2003
3	pernode	worker-cs-14	Label-B	2002
3	pernode	worker-cs-14	Label-B	2002
3	pernode	worker-cs-14	Label-B	2002
3	pernode	worker-cs-14	Label-B	2002
3	pernode	worker-cs-14	Label-B	2001
3	pernode	worker-cs-14	Label-B	2002
3	pernode	worker-cs-14	Label-B	2002
3	pernode	worker-cs-14	Label-B	2002
3	pernode	worker-cs-14	Label-B	2002
3	pernode	worker-cs-14	Label-B	2002
3	pernode	worker-cs-14	Label-B	2002
3	pernode	worker-cs-14	Label-B	2002
3	pernode	worker-cs-14	Label-B	2001
3	pernode	worker-cs-14	Label-B	2002
3	pernode	worker-cs-14	Label-B	2001
3	pernode	worker-cs-14	Label-B	2002
3	pernode	worker-cs-14	Label-B	2001
3	pernode	worker-cs-14	Label-B	2002
3	pernode	worker-cs-14	Label-B	2000
3	pernode	worker-cs-14	Label-B	2001
3	pernode	worker-cs-14	Label-B	2001
3	pernode	worker-cs-14	Label-B	2001
3	pernode	worker-cs-14	Label-B	2001
3	pernode	worker-cs-14	Label-B	2002
3	pernode	worker-cs-14	Label-B	2002
3	pernode	worker-cs-14	Label-B	2002
3	pernode	worker-cs-14	Label-B	2002
3	pernode	worker-cs-14	Label-B	2002
3	pernode	worker-cs-14	Label-B	2002
3	pernode	worker-cs-14	Label-B	2001
3	pernode	worker-cs-14	Label-B	2002
3	pernode	worker-cs-14	Label-B	2001
3	pernode	worker-cs-14	Label-B	2002
3	pernode	worker-cs-14	Label-B	2001
3	pernode	worker-cs-14	Label-B	2002
3	pernode	worker-cs-14	Label-B	2002
3	pernode	worker-cs-14	Label-B	2001
3	pernode	worker-cs-14	Label-B	2002
3	pernode	worker-cs-14	Label-B	2002
3	pernode	worker-cs-14	Label-B	2001
3	pernode	worker-cs-14	Label-B	2002
3	pernode	worker-cs-14	Label-B	2002
3	pernode	worker-cs-14	Label-B	2001
3	pernode	worker-cs-14	Label-B	2001
3	pernode	worker-cs-14	Label-B	2002
3	pernode	worker-cs-14	Label-B	2001
3	pernode	worker-cs-14	Label-B	2001
3	pernode	worker-cs-14	Label-B	2002
3	pernode	worker-cs-14	Label-B	2002
3	pernode	worker-cs-14	Label-B	2002
3	pernode	worker-cs-14	Label-B	2001
3	pernode	worker-cs-14	Label-B	2002
3	pernode	worker-cs-14	Label-B	2002
3	pernode	worker-cs-14	Label-B	2002
3	pernode	worker-cs-14	Label-B	2001
3	pernode	worker-cs-14	Label-B	2001
3	pernode	worker-cs-14	Label-B	2001
3	pernode	worker-cs-14	Label-B	2001
3	pernode	worker-cs-14	Label-B	2002
3	pernode	worker-cs-14	Label-B	2002
3	pernode	worker-cs-14	Label-B	2001
3	pernode	worker-cs-14	Label-B	2002
3	pernode	worker-cs-14	Label-B	2002
3	pernode	worker-cs-14	Label-B	2002
3	pernode	worker-cs-14	Label-B	2002
3	pernode	worker-cs-14	Label-B	2002
3	pernode	worker-cs-14	Label-B	2001
3	pernode	worker-cs-14	Label-B	2002
3	pernode	worker-cs-14	Label-B	2002
3	pernode	worker-cs-14	Label-B	2002
3	pernode	worker-cs-14	Label-B	2002
3	pernode	worker-cs-14	Label-B	2002
3	pernode	worker-cs-14	Label-B	2001
3	pernode	worker-cs-14	Label-B	2002
3	pernode	worker-cs-14	Label-B	2002
3	pernode	worker-cs-14	Label-B	2000
3	pernode	worker-cs-14	Label-B	2000
3	pernode	worker-cs-14	Label-B	2002
3	pernode	worker-cs-14	Label-B	2001
3	pernode	worker-cs-14	Label-B	2001
3	pernode	worker-cs-14	Label-B	2002
3	pernode	worker-cs-14	Label-B	2002
3	pernode	worker-cs-14	Label-B	2001
3	pernode	worker-cs-14	Label-B	2002
3	pernode	worker-cs-14	Label-B	2002
3	pernode	worker-cs-14	Label-B	2001
3	pernode	worker-cs-14	Label-B	2002
3	pernode	worker-cs-14	Label-B	2001
3	pernode	worker-cs-14	Label-B	2003
3	pernode	worker-cs-14	Label-B	2002
3	pernode	worker-cs-14	Label-B	2002
3	pernode	worker-cs-14	Label-B	2002
3	pernode	worker-cs-14	Label-B	2002
3	pernode	worker-cs-14	Label-B	2002
3	pernode	worker-cs-14	Label-B	2001
3	pernode	worker-cs-14	Label-B	2001
3	pernode	worker-cs-14	Label-B	2001
3	pernode	worker-cs-14	Label-B	2002
3	pernode	worker-cs-14	Label-B	2003
3	pernode	worker-cs-14	Label-B	2002
3	pernode	worker-cs-14	Label-B	2001
3	pernode	worker-cs-14	Label-B	2001
3	pernode	worker-cs-14	Label-B	2002
3	pernode	worker-cs-14	Label-B	2001
3	pernode	worker-cs-14	Label-B	2002
3	pernode	worker-cs-14	Label-B	2001
3	pernode	worker-cs-14	Label-B	2001
3	pernode	worker-cs-14	Label-B	2001
3	pernode	worker-cs-14	Label-B	2001
3	pernode	worker-cs-14	Label-B	2002
3	pernode	worker-cs-14	Label-B	2001
3	pernode	worker-cs-14	Label-B	2000
3	pernode	worker-cs-14	Label-B	2002
3	pernode	worker-cs-14	Label-B	2001
3	pernode	worker-cs-14	Label-B	2001
3	pernode	worker-cs-14	Label-B	2002
3	pernode	worker-cs-14	Label-B	2002
3	pernode	worker-cs-14	Label-B	2001
3	pernode	worker-cs-14	Label-B	2002
3	pernode	worker-cs-14	Label-B	2002
3	pernode	worker-cs-14	Label-B	2002
3	pernode	worker-cs-14	Label-B	2001
3	pernode	worker-cs-14	Label-B	2002
3	pernode	worker-cs-14	Label-B	2002
3	pernode	worker-cs-14	Label-B	2002
3	pernode	worker-cs-14	Label-B	2001
3	pernode	worker-cs-14	Label-B	2003
3	pernode	worker-cs-14	Label-B	2003
3	pernode	worker-cs-14	Label-B	2002
3	pernode	worker-cs-14	Label-B	2001
3	pernode	worker-cs-14	Label-B	2001
3	pernode	worker-cs-14	Label-B	2001
3	pernode	worker-cs-14	Label-B	2002
3	pernode	worker-cs-14	Label-B	2002
3	pernode	worker-cs-14	Label-B	2001
3	pernode	worker-cs-14	Label-B	2002
3	pernode	worker-cs-14	Label-B	2002
3	pernode	worker-cs-14	Label-B	2002
3	pernode	worker-cs-14	Label-B	2001
3	pernode	worker-cs-14	Label-B	2002
3	pernode	worker-cs-14	Label-B	2002
3	pernode	worker-cs-14	Label-B	2001
3	pernode	worker-cs-14	Label-B	2002
3	pernode	worker-cs-14	Label-B	2002
3	pernode	worker-cs-14	Label-B	2001
3	pernode	worker-cs-14	Label-B	2002
3	pernode	worker-cs-14	Label-B	2003
3	pernode	worker-cs-18	Label-A	2002
3	pernode	worker-cs-18	Label-A	2002
3	pernode	worker-cs-18	Label-A	2001
3	pernode	worker-cs-18	Label-A	2002
3	pernode	worker-cs-18	Label-A	2001
3	pernode	worker-cs-18	Label-A	2002
3	pernode	worker-cs-18	Label-A	2001
3	pernode	worker-cs-18	Label-A	2002
3	pernode	worker-cs-18	Label-A	2006
3	pernode	worker-cs-18	Label-A	2003
3	pernode	worker-cs-18	Label-A	2001
3	pernode	worker-cs-18	Label-A	2002
3	pernode	worker-cs-18	Label-A	2002
3	pernode	worker-cs-18	Label-A	2001
3	pernode	worker-cs-18	Label-A	2002
3	pernode	worker-cs-18	Label-A	2002
3	pernode	worker-cs-18	Label-A	2001
3	pernode	worker-cs-18	Label-A	2002
3	pernode	worker-cs-18	Label-A	2002
3	pernode	worker-cs-18	Label-A	2001
3	pernode	worker-cs-18	Label-A	2002
3	pernode	worker-cs-18	Label-A	2002
3	pernode	worker-cs-18	Label-A	2001
3	pernode	worker-cs-18	Label-A	2001
3	pernode	worker-cs-18	Label-A	2002
3	pernode	worker-cs-18	Label-A	2002
3	pernode	worker-cs-18	Label-A	2001
3	pernode	worker-cs-18	Label-A	2001
3	pernode	worker-cs-18	Label-A	2002
3	pernode	worker-cs-18	Label-A	2001
3	pernode	worker-cs-18	Label-A	2002
3	pernode	worker-cs-18	Label-A	2001
3	pernode	worker-cs-18	Label-A	2001
3	pernode	worker-cs-18	Label-A	2002
3	pernode	worker-cs-18	Label-A	2001
3	pernode	worker-cs-18	Label-A	2001
3	pernode	worker-cs-18	Label-A	2000
3	pernode	worker-cs-18	Label-A	2001
3	pernode	worker-cs-18	Label-A	2002
3	pernode	worker-cs-18	Label-A	2002
3	pernode	worker-cs-18	Label-A	2003
3	pernode	worker-cs-18	Label-A	2001
3	pernode	worker-cs-18	Label-A	2002
3	pernode	worker-cs-18	Label-A	2001
3	pernode	worker-cs-18	Label-A	2002
3	pernode	worker-cs-18	Label-A	2002
3	pernode	worker-cs-18	Label-A	2002
3	pernode	worker-cs-18	Label-A	2002
3	pernode	worker-cs-18	Label-A	2002
3	pernode	worker-cs-18	Label-A	2002
3	pernode	worker-cs-18	Label-A	2002
3	pernode	worker-cs-18	Label-A	2002
3	pernode	worker-cs-18	Label-A	2002
3	pernode	worker-cs-18	Label-A	2001
3	pernode	worker-cs-18	Label-A	2002
3	pernode	worker-cs-18	Label-A	2002
3	pernode	worker-cs-18	Label-A	2001
3	pernode	worker-cs-18	Label-A	2002
3	pernode	worker-cs-18	Label-A	2002
3	pernode	worker-cs-18	Label-A	2002
3	pernode	worker-cs-18	Label-A	2002
3	pernode	worker-cs-18	Label-A	2001
3	pernode	worker-cs-18	Label-A	2001
3	pernode	worker-cs-18	Label-A	2002
3	pernode	worker-cs-18	Label-A	2001
3	pernode	worker-cs-18	Label-A	2002
3	pernode	worker-cs-18	Label-A	2002
3	pernode	worker-cs-18	Label-A	2002
3	pernode	worker-cs-18	Label-A	2001
3	pernode	worker-cs-18	Label-A	2001
3	pernode	worker-cs-18	Label-A	2000
3	pernode	worker-cs-18	Label-A	2002
3	pernode	worker-cs-18	Label-A	2001
3	pernode	worker-cs-18	Label-A	2001
3	pernode	worker-cs-18	Label-A	2001
3	pernode	worker-cs-18	Label-A	2002
3	pernode	worker-cs-18	Label-A	2002
3	pernode	worker-cs-18	Label-A	2001
3	pernode	worker-cs-18	Label-A	2002
3	pernode	worker-cs-18	Label-A	2002
3	pernode	worker-cs-18	Label-A	2001
3	pernode	worker-cs-18	Label-A	2001
3	pernode	worker-cs-18	Label-A	2001
3	pernode	worker-cs-18	Label-A	2002
3	pernode	worker-cs-18	Label-A	2001
3	pernode	worker-cs-18	Label-A	2001
3	pernode	worker-cs-18	Label-A	2002
3	pernode	worker-cs-18	Label-A	2002
3	pernode	worker-cs-18	Label-A	2002
3	pernode	worker-cs-18	Label-A	2003
3	pernode	worker-cs-18	Label-A	2001
3	pernode	worker-cs-18	Label-A	2002
3	pernode	worker-cs-18	Label-A	2002
3	pernode	worker-cs-18	Label-A	2002
3	pernode	worker-cs-18	Label-A	2002
3	pernode	worker-cs-18	Label-A	2001
3	pernode	worker-cs-18	Label-A	2002
3	pernode	worker-cs-18	Label-A	2002
3	pernode	worker-cs-18	Label-A	2002
3	pernode	worker-cs-18	Label-A	2001
3	pernode	worker-cs-18	Label-A	2001
3	pernode	worker-cs-18	Label-A	2002
3	pernode	worker-cs-18	Label-A	2002
3	pernode	worker-cs-18	Label-A	2001
3	pernode	worker-cs-18	Label-A	2001
3	pernode	worker-cs-18	Label-A	2001
3	pernode	worker-cs-18	Label-A	2002
3	pernode	worker-cs-18	Label-A	2001
3	pernode	worker-cs-18	Label-A	2002
3	pernode	worker-cs-18	Label-A	2001
3	pernode	worker-cs-18	Label-A	2002
3	pernode	worker-cs-18	Label-A	2002
3	pernode	worker-cs-18	Label-A	2002
3	pernode	worker-cs-18	Label-A	2001
3	pernode	worker-cs-18	Label-A	2002
3	pernode	worker-cs-18	Label-A	2002
3	pernode	worker-cs-18	Label-A	2002
3	pernode	worker-cs-18	Label-A	2001
3	pernode	worker-cs-18	Label-A	2001
3	pernode	worker-cs-18	Label-A	2002
3	pernode	worker-cs-18	Label-A	2002
3	pernode	worker-cs-18	Label-A	2001
3	pernode	worker-cs-18	Label-A	2002
3	pernode	worker-cs-18	Label-A	2001
3	pernode	worker-cs-18	Label-A	2002
3	pernode	worker-cs-18	Label-A	2002
3	pernode	worker-cs-18	Label-A	2001
3	pernode	worker-cs-18	Label-A	2001
3	pernode	worker-cs-18	Label-A	2001
3	pernode	worker-cs-18	Label-A	2001
3	pernode	worker-cs-18	Label-A	2002
3	pernode	worker-cs-18	Label-A	2002
3	pernode	worker-cs-18	Label-A	2001
3	pernode	worker-cs-18	Label-A	2001
3	pernode	worker-cs-18	Label-A	2003
3	pernode	worker-cs-18	Label-A	2001
3	pernode	worker-cs-18	Label-A	2002
3	pernode	worker-cs-18	Label-A	2002
3	pernode	worker-cs-18	Label-A	2002
3	pernode	worker-cs-18	Label-A	2003
3	pernode	worker-cs-18	Label-A	2002
3	pernode	worker-cs-18	Label-A	2001
3	pernode	worker-cs-18	Label-A	2001
3	pernode	worker-cs-18	Label-A	2002
3	pernode	worker-cs-18	Label-A	2002
3	pernode	worker-cs-18	Label-A	2003
3	pernode	worker-cs-18	Label-A	2001
3	pernode	worker-cs-18	Label-A	2002
3	pernode	worker-cs-18	Label-A	2002
3	pernode	worker-cs-18	Label-A	2001
3	pernode	worker-cs-18	Label-A	2001
3	pernode	worker-cs-18	Label-A	2002
3	pernode	worker-cs-18	Label-A	2002
3	pernode	worker-cs-18	Label-A	2001
3	pernode	worker-cs-18	Label-A	2002
3	pernode	worker-cs-18	Label-A	2001
3	pernode	worker-cs-18	Label-A	2001
3	pernode	worker-cs-18	Label-A	2001
3	pernode	worker-cs-18	Label-A	2002
3	pernode	worker-cs-18	Label-A	2002
3	pernode	worker-cs-18	Label-A	2002
3	pernode	worker-cs-18	Label-A	2002
3	pernode	worker-cs-18	Label-A	2001
3	pernode	worker-cs-18	Label-A	2002
3	pernode	worker-cs-18	Label-A	2002
3	pernode	worker-cs-18	Label-A	2002
3	pernode	worker-cs-18	Label-A	2002
3	pernode	worker-cs-18	Label-A	2001
3	pernode	worker-cs-18	Label-A	2001
3	pernode	worker-cs-18	Label-A	2002
3	pernode	worker-cs-18	Label-A	2001
3	pernode	worker-cs-18	Label-A	2001
3	pernode	worker-cs-18	Label-A	2002
3	pernode	worker-cs-18	Label-A	2002
3	pernode	worker-cs-18	Label-A	2001
3	pernode	worker-cs-18	Label-A	2002
3	pernode	worker-cs-18	Label-A	2002
3	pernode	worker-cs-18	Label-A	2002
3	pernode	worker-cs-18	Label-A	2002
3	pernode	worker-cs-18	Label-A	2004
3	pernode	worker-cs-18	Label-A	2002
3	pernode	worker-cs-18	Label-A	2001
3	pernode	worker-cs-18	Label-A	2001
3	pernode	worker-cs-18	Label-A	2001
3	pernode	worker-cs-18	Label-A	2001
3	pernode	worker-cs-18	Label-A	2001
3	pernode	worker-cs-18	Label-A	2002
3	pernode	worker-cs-18	Label-A	2001
3	pernode	worker-cs-18	Label-A	2001
3	pernode	worker-cs-18	Label-A	2002
3	pernode	worker-cs-18	Label-A	2002
3	pernode	worker-cs-18	Label-A	2001
3	pernode	worker-cs-18	Label-A	2002
3	pernode	worker-cs-18	Label-A	2002
3	pernode	worker-cs-18	Label-A	2001
3	pernode	worker-cs-18	Label-A	2002
3	pernode	worker-cs-18	Label-A	2002
3	pernode	worker-cs-18	Label-A	2001
3	pernode	worker-cs-18	Label-A	2001
3	pernode	worker-cs-18	Label-A	2002
3	pernode	worker-cs-18	Label-A	2002
3	pernode	worker-cs-18	Label-A	2001
3	pernode	worker-cs-18	Label-A	2001
3	pernode	worker-cs-18	Label-A	2001
3	pernode	worker-cs-18	Label-A	2002
3	pernode	worker-cs-18	Label-A	2002
3	pernode	worker-cs-18	Label-A	2001
3	pernode	worker-cs-18	Label-A	2000
3	pernode	worker-cs-18	Label-A	2001
3	pernode	worker-cs-18	Label-A	2001
3	pernode	worker-cs-18	Label-A	2001
3	pernode	worker-cs-18	Label-A	2001
3	pernode	worker-cs-18	Label-A	2001
3	pernode	worker-cs-18	Label-A	2002
3	pernode	worker-cs-18	Label-A	2001
3	pernode	worker-cs-18	Label-A	2002
3	pernode	worker-cs-18	Label-A	2002
3	pernode	worker-cs-18	Label-A	2002
3	pernode	worker-cs-18	Label-A	2002
3	pernode	worker-cs-18	Label-A	2001
3	pernode	worker-cs-18	Label-A	2002
3	pernode	worker-cs-18	Label-A	2001
3	pernode	worker-cs-18	Label-A	2002
3	pernode	worker-cs-18	Label-A	2002
3	pernode	worker-cs-18	Label-A	2002
3	pernode	worker-cs-18	Label-A	2000
3	pernode	worker-cs-18	Label-A	2002
3	pernode	worker-cs-18	Label-A	2002
3	pernode	worker-cs-18	Label-A	2002
3	pernode	worker-cs-18	Label-A	2002
3	pernode	worker-cs-18	Label-A	2001
3	pernode	worker-cs-18	Label-A	2001
3	pernode	worker-cs-18	Label-A	2001
3	pernode	worker-cs-18	Label-A	2001
3	pernode	worker-cs-18	Label-A	2002
3	pernode	worker-cs-18	Label-A	2002
3	pernode	worker-cs-18	Label-A	2002
3	pernode	worker-cs-18	Label-A	2001
3	pernode	worker-cs-18	Label-A	2001
3	pernode	worker-cs-18	Label-A	2002
3	pernode	worker-cs-18	Label-A	2002
3	pernode	worker-cs-18	Label-A	2001
3	pernode	worker-cs-18	Label-A	2002
3	pernode	worker-cs-18	Label-A	2002
3	pernode	worker-cs-18	Label-A	2001
3	pernode	worker-cs-18	Label-A	2002
3	pernode	worker-cs-18	Label-A	2001
3	pernode	worker-cs-18	Label-A	2002
3	pernode	worker-cs-18	Label-A	2003
3	pernode	worker-cs-18	Label-A	2001
3	pernode	worker-cs-18	Label-A	2002
3	pernode	worker-cs-18	Label-A	2001
3	pernode	worker-cs-18	Label-A	2002
3	pernode	worker-cs-18	Label-A	2001
3	pernode	worker-cs-18	Label-A	2002
3	pernode	worker-cs-18	Label-A	2001
3	pernode	worker-cs-18	Label-A	2002
3	pernode	worker-cs-18	Label-A	2002
3	pernode	worker-cs-18	Label-A	2002
3	pernode	worker-cs-18	Label-A	2002
3	pernode	worker-cs-18	Label-A	2001
3	pernode	worker-cs-18	Label-A	2002
3	pernode	worker-cs-18	Label-A	2001
3	pernode	worker-cs-18	Label-A	2001
3	pernode	worker-cs-18	Label-A	2001
3	pernode	worker-cs-18	Label-A	2001
3	pernode	worker-cs-18	Label-A	2001
3	pernode	worker-cs-18	Label-A	2002
3	pernode	worker-cs-18	Label-A	2002
3	pernode	worker-cs-18	Label-A	2002
3	pernode	worker-cs-18	Label-A	2004
3	pernode	worker-cs-18	Label-A	2004
3	pernode	worker-cs-18	Label-A	2002
3	pernode	worker-cs-18	Label-A	2001
3	pernode	worker-cs-18	Label-A	2002
3	pernode	worker-cs-18	Label-A	2002
3	pernode	worker-cs-18	Label-A	2002
3	pernode	worker-cs-18	Label-A	2001
3	pernode	worker-cs-18	Label-A	2001
3	pernode	worker-cs-18	Label-A	2001
3	pernode	worker-cs-18	Label-A	2002
3	pernode	worker-cs-18	Label-A	2002
3	pernode	worker-cs-18	Label-A	2001
3	pernode	worker-cs-18	Label-A	2001
3	pernode	worker-cs-18	Label-A	2001
3	pernode	worker-cs-18	Label-A	2001
3	pernode	worker-cs-18	Label-A	2001
3	pernode	worker-cs-18	Label-A	2002
3	pernode	worker-cs-18	Label-A	2002
3	pernode	worker-cs-18	Label-A	2001
3	pernode	worker-cs-18	Label-A	2002
3	pernode	worker-cs-18	Label-A	2002
3	pernode	worker-cs-18	Label-A	2002
3	pernode	worker-cs-18	Label-A	2000
3	pernode	worker-cs-18	Label-A	2002
3	pernode	worker-cs-18	Label-A	2001
3	pernode	worker-cs-18	Label-A	2002
3	pernode	worker-cs-18	Label-A	2001
3	pernode	worker-cs-18	Label-A	2001
3	pernode	worker-cs-18	Label-A	2002
3	pernode	worker-cs-18	Label-A	2002
3	pernode	worker-cs-18	Label-A	2002
3	pernode	worker-cs-18	Label-A	2002
3	pernode	worker-cs-18	Label-A	2001
3	pernode	worker-cs-18	Label-A	2001
3	pernode	worker-cs-18	Label-A	2002
3	pernode	worker-cs-18	Label-A	2002
3	pernode	worker-cs-18	Label-A	2001
3	pernode	worker-cs-18	Label-A	2001
3	pernode	worker-cs-18	Label-A	2001
3	pernode	worker-cs-18	Label-A	2002
3	pernode	worker-cs-18	Label-A	2001
3	pernode	worker-cs-18	Label-A	2001
3	pernode	worker-cs-18	Label-A	2001
3	pernode	worker-cs-18	Label-A	2002
3	pernode	worker-cs-18	Label-A	2001
3	pernode	worker-cs-18	Label-A	2000
3	pernode	worker-cs-18	Label-A	2002
3	pernode	worker-cs-18	Label-A	2001
3	pernode	worker-cs-18	Label-A	2001
3	pernode	worker-cs-18	Label-A	2001
3	pernode	worker-cs-18	Label-A	2001
3	pernode	worker-cs-18	Label-A	2002
3	pernode	worker-cs-18	Label-A	2002
3	pernode	worker-cs-18	Label-A	2002
3	pernode	worker-cs-18	Label-A	2002
3	pernode	worker-cs-18	Label-A	2002
3	pernode	worker-cs-18	Label-A	2002
3	pernode	worker-cs-18	Label-A	2002
3	pernode	worker-cs-18	Label-A	2002
3	pernode	worker-cs-18	Label-A	2001
3	pernode	worker-cs-18	Label-A	2002
3	pernode	worker-cs-18	Label-A	2001
3	pernode	worker-cs-18	Label-A	2001
3	pernode	worker-cs-18	Label-A	2001
3	pernode	worker-cs-18	Label-A	2002
3	pernode	worker-cs-18	Label-A	2002
3	pernode	worker-cs-18	Label-A	2001
3	pernode	worker-cs-18	Label-A	2001
3	pernode	worker-cs-18	Label-A	2002
3	pernode	worker-cs-18	Label-A	2002
3	pernode	worker-cs-18	Label-A	2002
3	pernode	worker-cs-18	Label-A	2002
3	pernode	worker-cs-18	Label-A	2000
3	pernode	worker-cs-18	Label-A	2001
3	pernode	worker-cs-18	Label-A	2002
3	pernode	worker-cs-18	Label-A	2001
3	pernode	worker-cs-18	Label-A	2001
3	pernode	worker-cs-18	Label-A	2001
3	pernode	worker-cs-18	Label-A	2001
3	pernode	worker-cs-18	Label-A	2001
3	pernode	worker-cs-18	Label-A	2001
3	pernode	worker-cs-18	Label-A	2001
3	pernode	worker-cs-18	Label-A	2001
3	pernode	worker-cs-18	Label-A	2002
3	pernode	worker-cs-18	Label-A	2001
3	pernode	worker-cs-18	Label-A	2002
3	pernode	worker-cs-18	Label-A	2002
3	pernode	worker-cs-18	Label-A	2004
3	pernode	worker-cs-18	Label-A	2001
3	pernode	worker-cs-18	Label-A	2000
3	pernode	worker-cs-18	Label-A	2001
3	pernode	worker-cs-18	Label-A	2000
3	pernode	worker-cs-18	Label-A	2002
3	pernode	worker-cs-18	Label-A	2002
3	pernode	worker-cs-18	Label-A	2002
3	pernode	worker-cs-18	Label-A	2001
3	pernode	worker-cs-18	Label-A	2002
3	pernode	worker-cs-18	Label-A	2002
3	pernode	worker-cs-18	Label-A	2002
3	pernode	worker-cs-18	Label-A	2001
3	pernode	worker-cs-18	Label-A	2001
3	pernode	worker-cs-18	Label-A	2002
3	pernode	worker-cs-18	Label-A	2001
3	pernode	worker-cs-18	Label-A	2001
3	pernode	worker-cs-18	Label-A	2002
3	pernode	worker-cs-18	Label-A	2001
3	pernode	worker-cs-18	Label-A	2002
3	pernode	worker-cs-18	Label-A	2002
3	pernode	worker-cs-18	Label-A	2001
3	pernode	worker-cs-18	Label-A	2001
3	pernode	worker-cs-18	Label-A	2000
3	pernode	worker-cs-18	Label-A	2002
3	pernode	worker-cs-18	Label-A	2001
3	pernode	worker-cs-18	Label-A	2002
3	pernode	worker-cs-18	Label-A	2002
3	pernode	worker-cs-18	Label-A	2001
3	pernode	worker-cs-18	Label-A	2001
3	pernode	worker-cs-18	Label-A	2001
3	pernode	worker-cs-18	Label-A	2001
3	pernode	worker-cs-18	Label-A	2002
3	pernode	worker-cs-18	Label-A	2002
3	pernode	worker-cs-18	Label-A	2001
3	pernode	worker-cs-18	Label-A	2002
3	pernode	worker-cs-18	Label-A	2001
3	pernode	worker-cs-18	Label-A	2002
3	pernode	worker-cs-18	Label-A	2003
3	pernode	worker-cs-18	Label-A	2002
3	pernode	worker-cs-18	Label-A	2001
3	pernode	worker-cs-18	Label-A	2002
3	pernode	worker-cs-18	Label-A	2003
3	pernode	worker-cs-18	Label-A	2001
3	pernode	worker-cs-18	Label-A	2001
3	pernode	worker-cs-18	Label-A	2002
3	pernode	worker-cs-18	Label-A	2001
3	pernode	worker-cs-18	Label-A	2002
3	pernode	worker-cs-18	Label-A	2002
3	pernode	worker-cs-18	Label-A	2001
3	pernode	worker-cs-18	Label-A	2001
3	pernode	worker-cs-18	Label-A	2001
3	pernode	worker-cs-18	Label-A	2002
3	pernode	worker-cs-18	Label-A	2001
3	pernode	worker-cs-18	Label-A	2002
3	pernode	worker-cs-18	Label-A	2002
3	pernode	worker-cs-18	Label-A	2001
3	pernode	worker-cs-18	Label-A	2000
3	pernode	worker-cs-18	Label-A	2001
3	pernode	worker-cs-18	Label-A	2002
3	pernode	worker-cs-18	Label-A	2002
3	pernode	worker-cs-18	Label-A	2002
3	pernode	worker-cs-18	Label-A	2002
3	pernode	worker-cs-18	Label-A	2001
3	pernode	worker-cs-18	Label-A	2002
3	pernode	worker-cs-18	Label-A	2002
3	pernode	worker-cs-18	Label-A	2001
3	pernode	worker-cs-18	Label-A	2001
3	pernode	worker-cs-18	Label-A	2002
3	pernode	worker-cs-18	Label-A	2001
3	pernode	worker-cs-18	Label-A	2002
3	pernode	worker-cs-18	Label-A	2002
3	pernode	worker-cs-18	Label-A	2002
3	pernode	worker-cs-18	Label-A	2001
3	pernode	worker-cs-18	Label-A	2002
3	pernode	worker-cs-18	Label-A	2002
3	pernode	worker-cs-18	Label-A	2002
3	pernode	worker-cs-18	Label-A	2003
3	pernode	worker-cs-18	Label-A	2002
3	pernode	worker-cs-18	Label-A	2001
3	pernode	worker-cs-18	Label-A	2002
3	pernode	worker-cs-18	Label-A	2001
3	pernode	worker-cs-18	Label-A	2002
3	pernode	worker-cs-18	Label-A	2001
3	pernode	worker-cs-18	Label-A	2002
3	pernode	worker-cs-18	Label-A	2001
3	pernode	worker-cs-18	Label-A	2001
3	pernode	worker-cs-18	Label-A	2001
3	pernode	worker-cs-18	Label-A	2003
3	pernode	worker-cs-18	Label-A	2001
3	pernode	worker-cs-18	Label-A	2002
3	pernode	worker-cs-18	Label-A	2001
3	pernode	worker-cs-18	Label-A	2001
3	pernode	worker-cs-18	Label-A	2001
3	pernode	worker-cs-18	Label-A	2002
3	pernode	worker-cs-18	Label-A	2002
3	pernode	worker-cs-18	Label-A	2001
3	pernode	worker-cs-18	Label-A	2002
3	pernode	worker-cs-18	Label-A	2001
3	pernode	worker-cs-18	Label-A	2001
3	pernode	worker-cs-18	Label-A	2003
3	pernode	worker-cs-18	Label-A	2002
3	pernode	worker-cs-18	Label-A	2001
3	pernode	worker-cs-18	Label-A	2002
3	pernode	worker-cs-18	Label-A	2002
3	pernode	worker-cs-18	Label-A	2002
3	pernode	worker-cs-18	Label-A	2001
3	pernode	worker-cs-18	Label-A	2001
3	pernode	worker-cs-18	Label-A	2002
3	pernode	worker-cs-18	Label-A	2001
3	pernode	worker-cs-18	Label-A	2001
3	pernode	worker-cs-18	Label-A	2001
3	pernode	worker-cs-18	Label-A	2002
3	pernode	worker-cs-18	Label-A	2002
3	pernode	worker-cs-18	Label-A	2001
3	pernode	worker-cs-18	Label-A	2001
3	pernode	worker-cs-18	Label-A	2002
3	pernode	worker-cs-18	Label-A	2002
3	pernode	worker-cs-18	Label-A	2001
3	pernode	worker-cs-18	Label-A	2002
3	pernode	worker-cs-18	Label-A	2002
3	pernode	worker-cs-18	Label-A	2001
3	pernode	worker-cs-18	Label-A	2002
3	pernode	worker-cs-18	Label-A	2002
3	pernode	worker-cs-18	Label-A	2002
3	pernode	worker-cs-18	Label-A	2001
3	pernode	worker-cs-18	Label-A	2002
3	pernode	worker-cs-18	Label-A	2002
3	pernode	worker-cs-18	Label-A	2002
3	pernode	worker-cs-18	Label-A	2001
3	pernode	worker-cs-18	Label-A	2001
3	pernode	worker-cs-18	Label-A	2002
3	pernode	worker-cs-18	Label-A	2001
3	pernode	worker-cs-18	Label-A	2002
3	pernode	worker-cs-18	Label-A	2001
3	pernode	worker-cs-18	Label-A	2002
3	pernode	worker-cs-18	Label-A	2001
3	pernode	worker-cs-18	Label-A	2002
3	pernode	worker-cs-18	Label-A	2001
3	pernode	worker-cs-18	Label-A	2002
3	pernode	worker-cs-18	Label-A	2002
3	pernode	worker-cs-18	Label-A	2002
3	pernode	worker-cs-18	Label-A	2002
3	pernode	worker-cs-18	Label-A	2002
3	pernode	worker-cs-18	Label-A	2002
3	pernode	worker-cs-18	Label-A	2002
3	pernode	worker-cs-18	Label-A	2001
3	pernode	worker-cs-18	Label-A	2002
3	pernode	worker-cs-18	Label-A	2002
3	pernode	worker-cs-18	Label-A	2001
3	pernode	worker-cs-18	Label-A	2001
3	pernode	worker-cs-18	Label-A	2001
3	pernode	worker-cs-18	Label-A	2002
3	pernode	worker-cs-18	Label-A	2001
3	pernode	worker-cs-18	Label-A	2001
3	pernode	worker-cs-18	Label-A	2001
3	pernode	worker-cs-18	Label-A	2001
3	pernode	worker-cs-18	Label-A	2002
3	pernode	worker-cs-18	Label-A	2002
3	pernode	worker-cs-18	Label-A	2001
3	pernode	worker-cs-18	Label-A	2001
3	pernode	worker-cs-18	Label-A	2002
3	pernode	worker-cs-18	Label-A	2000
3	pernode	worker-cs-18	Label-A	2000
3	pernode	worker-cs-18	Label-A	2001
3	pernode	worker-cs-18	Label-A	2001
3	pernode	worker-cs-18	Label-A	2000
3	pernode	worker-cs-18	Label-A	2001
3	pernode	worker-cs-18	Label-A	2002
3	pernode	worker-cs-1	Label-C	2001
3	pernode	worker-cs-1	Label-C	2002
3	pernode	worker-cs-1	Label-C	2002
3	pernode	worker-cs-1	Label-C	2001
3	pernode	worker-cs-1	Label-C	2003
3	pernode	worker-cs-1	Label-C	2003
3	pernode	worker-cs-1	Label-C	2002
3	pernode	worker-cs-1	Label-C	2001
3	pernode	worker-cs-1	Label-C	2001
3	pernode	worker-cs-1	Label-C	2002
3	pernode	worker-cs-1	Label-C	2002
3	pernode	worker-cs-1	Label-C	2003
3	pernode	worker-cs-1	Label-C	2002
3	pernode	worker-cs-1	Label-C	2002
3	pernode	worker-cs-1	Label-C	2002
3	pernode	worker-cs-1	Label-C	2004
3	pernode	worker-cs-1	Label-C	2002
3	pernode	worker-cs-1	Label-C	2003
3	pernode	worker-cs-1	Label-C	2003
3	pernode	worker-cs-1	Label-C	2002
3	pernode	worker-cs-1	Label-C	2002
3	pernode	worker-cs-1	Label-C	2002
3	pernode	worker-cs-1	Label-C	2002
3	pernode	worker-cs-1	Label-C	2003
3	pernode	worker-cs-1	Label-C	2002
3	pernode	worker-cs-1	Label-C	2001
3	pernode	worker-cs-1	Label-C	2002
3	pernode	worker-cs-1	Label-C	2003
3	pernode	worker-cs-1	Label-C	2001
3	pernode	worker-cs-1	Label-C	2002
3	pernode	worker-cs-1	Label-C	2001
3	pernode	worker-cs-1	Label-C	2002
3	pernode	worker-cs-1	Label-C	2002
3	pernode	worker-cs-1	Label-C	2003
3	pernode	worker-cs-1	Label-C	2002
3	pernode	worker-cs-1	Label-C	2003
3	pernode	worker-cs-1	Label-C	2003
3	pernode	worker-cs-1	Label-C	2001
3	pernode	worker-cs-1	Label-C	2001
3	pernode	worker-cs-1	Label-C	2001
3	pernode	worker-cs-1	Label-C	2002
3	pernode	worker-cs-1	Label-C	2002
3	pernode	worker-cs-1	Label-C	2002
3	pernode	worker-cs-1	Label-C	2001
3	pernode	worker-cs-1	Label-C	2001
3	pernode	worker-cs-1	Label-C	2002
3	pernode	worker-cs-1	Label-C	2002
3	pernode	worker-cs-1	Label-C	2001
3	pernode	worker-cs-1	Label-C	2002
3	pernode	worker-cs-1	Label-C	2001
3	pernode	worker-cs-1	Label-C	2002
3	pernode	worker-cs-1	Label-C	2002
3	pernode	worker-cs-1	Label-C	2002
3	pernode	worker-cs-1	Label-C	2002
3	pernode	worker-cs-1	Label-C	2002
3	pernode	worker-cs-1	Label-C	2002
3	pernode	worker-cs-1	Label-C	2002
3	pernode	worker-cs-1	Label-C	2002
3	pernode	worker-cs-1	Label-C	2002
3	pernode	worker-cs-1	Label-C	2002
3	pernode	worker-cs-1	Label-C	2001
3	pernode	worker-cs-1	Label-C	2003
3	pernode	worker-cs-1	Label-C	2003
3	pernode	worker-cs-1	Label-C	2002
3	pernode	worker-cs-1	Label-C	2002
3	pernode	worker-cs-1	Label-C	2002
3	pernode	worker-cs-1	Label-C	2000
3	pernode	worker-cs-1	Label-C	2002
3	pernode	worker-cs-1	Label-C	2003
3	pernode	worker-cs-1	Label-C	2002
3	pernode	worker-cs-1	Label-C	2002
3	pernode	worker-cs-1	Label-C	2001
3	pernode	worker-cs-1	Label-C	2002
3	pernode	worker-cs-1	Label-C	2003
3	pernode	worker-cs-1	Label-C	2002
3	pernode	worker-cs-1	Label-C	2005
3	pernode	worker-cs-1	Label-C	2002
3	pernode	worker-cs-1	Label-C	2001
3	pernode	worker-cs-1	Label-C	2002
3	pernode	worker-cs-1	Label-C	2002
3	pernode	worker-cs-1	Label-C	2001
3	pernode	worker-cs-1	Label-C	2001
3	pernode	worker-cs-1	Label-C	2003
3	pernode	worker-cs-1	Label-C	2002
3	pernode	worker-cs-1	Label-C	2001
3	pernode	worker-cs-1	Label-C	2002
3	pernode	worker-cs-1	Label-C	2001
3	pernode	worker-cs-1	Label-C	2002
3	pernode	worker-cs-1	Label-C	2002
3	pernode	worker-cs-1	Label-C	2002
3	pernode	worker-cs-1	Label-C	2002
3	pernode	worker-cs-1	Label-C	2002
3	pernode	worker-cs-1	Label-C	2003
3	pernode	worker-cs-1	Label-C	2002
3	pernode	worker-cs-1	Label-C	2003
3	pernode	worker-cs-1	Label-C	2002
3	pernode	worker-cs-1	Label-C	2002
3	pernode	worker-cs-1	Label-C	2002
3	pernode	worker-cs-1	Label-C	2002
3	pernode	worker-cs-1	Label-C	2001
3	pernode	worker-cs-1	Label-C	2002
3	pernode	worker-cs-1	Label-C	2002
3	pernode	worker-cs-1	Label-C	2001
3	pernode	worker-cs-1	Label-C	2002
3	pernode	worker-cs-1	Label-C	2002
3	pernode	worker-cs-1	Label-C	2002
3	pernode	worker-cs-1	Label-C	2002
3	pernode	worker-cs-1	Label-C	2002
3	pernode	worker-cs-1	Label-C	2001
3	pernode	worker-cs-1	Label-C	2001
3	pernode	worker-cs-1	Label-C	2001
3	pernode	worker-cs-1	Label-C	2003
3	pernode	worker-cs-1	Label-C	2002
3	pernode	worker-cs-1	Label-C	2002
3	pernode	worker-cs-1	Label-C	2002
3	pernode	worker-cs-1	Label-C	2002
3	pernode	worker-cs-1	Label-C	2002
3	pernode	worker-cs-1	Label-C	2001
3	pernode	worker-cs-1	Label-C	2003
3	pernode	worker-cs-1	Label-C	2002
3	pernode	worker-cs-1	Label-C	2001
3	pernode	worker-cs-1	Label-C	2003
3	pernode	worker-cs-1	Label-C	2003
3	pernode	worker-cs-1	Label-C	2002
3	pernode	worker-cs-1	Label-C	2002
3	pernode	worker-cs-1	Label-C	2002
3	pernode	worker-cs-1	Label-C	2002
3	pernode	worker-cs-1	Label-C	2001
3	pernode	worker-cs-1	Label-C	2001
3	pernode	worker-cs-1	Label-C	2002
3	pernode	worker-cs-1	Label-C	2001
3	pernode	worker-cs-1	Label-C	2002
3	pernode	worker-cs-1	Label-C	2001
3	pernode	worker-cs-1	Label-C	2001
3	pernode	worker-cs-1	Label-C	2002
3	pernode	worker-cs-1	Label-C	2002
3	pernode	worker-cs-1	Label-C	2002
3	pernode	worker-cs-1	Label-C	2002
3	pernode	worker-cs-1	Label-C	2002
3	pernode	worker-cs-1	Label-C	2001
3	pernode	worker-cs-1	Label-C	2002
3	pernode	worker-cs-1	Label-C	2002
3	pernode	worker-cs-1	Label-C	2001
3	pernode	worker-cs-1	Label-C	2002
3	pernode	worker-cs-1	Label-C	2002
3	pernode	worker-cs-1	Label-C	2002
3	pernode	worker-cs-1	Label-C	2002
3	pernode	worker-cs-1	Label-C	2002
3	pernode	worker-cs-1	Label-C	2001
3	pernode	worker-cs-1	Label-C	2001
3	pernode	worker-cs-1	Label-C	2001
3	pernode	worker-cs-1	Label-C	2002
3	pernode	worker-cs-1	Label-C	2003
3	pernode	worker-cs-1	Label-C	2003
3	pernode	worker-cs-1	Label-C	2002
3	pernode	worker-cs-1	Label-C	2003
3	pernode	worker-cs-1	Label-C	2003
3	pernode	worker-cs-1	Label-C	2002
3	pernode	worker-cs-1	Label-C	2002
3	pernode	worker-cs-1	Label-C	2002
3	pernode	worker-cs-1	Label-C	2002
3	pernode	worker-cs-1	Label-C	2002
3	pernode	worker-cs-1	Label-C	2002
3	pernode	worker-cs-1	Label-C	2001
3	pernode	worker-cs-1	Label-C	2000
3	pernode	worker-cs-1	Label-C	2003
3	pernode	worker-cs-1	Label-C	2002
3	pernode	worker-cs-1	Label-C	2001
3	pernode	worker-cs-1	Label-C	2002
3	pernode	worker-cs-1	Label-C	2002
3	pernode	worker-cs-1	Label-C	2003
3	pernode	worker-cs-1	Label-C	2002
3	pernode	worker-cs-1	Label-C	2002
3	pernode	worker-cs-1	Label-C	2002
3	pernode	worker-cs-1	Label-C	2003
3	pernode	worker-cs-1	Label-C	2002
3	pernode	worker-cs-1	Label-C	2002
3	pernode	worker-cs-1	Label-C	2002
3	pernode	worker-cs-1	Label-C	2002
3	pernode	worker-cs-1	Label-C	2002
3	pernode	worker-cs-1	Label-C	2002
3	pernode	worker-cs-1	Label-C	2002
3	pernode	worker-cs-1	Label-C	2001
3	pernode	worker-cs-1	Label-C	2002
3	pernode	worker-cs-1	Label-C	2002
3	pernode	worker-cs-1	Label-C	2002
3	pernode	worker-cs-1	Label-C	2002
3	pernode	worker-cs-1	Label-C	2001
3	pernode	worker-cs-1	Label-C	2002
3	pernode	worker-cs-1	Label-C	2002
3	pernode	worker-cs-1	Label-C	2002
3	pernode	worker-cs-1	Label-C	2001
3	pernode	worker-cs-1	Label-C	2003
3	pernode	worker-cs-1	Label-C	2001
3	pernode	worker-cs-1	Label-C	2004
3	pernode	worker-cs-1	Label-C	2001
3	pernode	worker-cs-1	Label-C	2002
3	pernode	worker-cs-1	Label-C	2002
3	pernode	worker-cs-1	Label-C	2001
3	pernode	worker-cs-1	Label-C	2002
3	pernode	worker-cs-1	Label-C	2001
3	pernode	worker-cs-1	Label-C	2004
3	pernode	worker-cs-1	Label-C	2002
3	pernode	worker-cs-1	Label-C	2002
3	pernode	worker-cs-1	Label-C	2003
3	pernode	worker-cs-1	Label-C	2002
3	pernode	worker-cs-1	Label-C	2002
3	pernode	worker-cs-1	Label-C	2001
3	pernode	worker-cs-1	Label-C	2001
3	pernode	worker-cs-1	Label-C	2002
3	pernode	worker-cs-1	Label-C	2002
3	pernode	worker-cs-1	Label-C	2001
3	pernode	worker-cs-1	Label-C	2002
3	pernode	worker-cs-1	Label-C	2002
3	pernode	worker-cs-1	Label-C	2002
3	pernode	worker-cs-1	Label-C	2002
3	pernode	worker-cs-1	Label-C	2002
3	pernode	worker-cs-1	Label-C	2002
3	pernode	worker-cs-1	Label-C	2003
3	pernode	worker-cs-1	Label-C	2002
3	pernode	worker-cs-1	Label-C	2002
3	pernode	worker-cs-1	Label-C	2003
3	pernode	worker-cs-1	Label-C	2003
3	pernode	worker-cs-1	Label-C	2004
3	pernode	worker-cs-1	Label-C	2002
3	pernode	worker-cs-1	Label-C	2002
3	pernode	worker-cs-1	Label-C	2002
3	pernode	worker-cs-1	Label-C	2002
3	pernode	worker-cs-1	Label-C	2003
3	pernode	worker-cs-1	Label-C	2002
3	pernode	worker-cs-1	Label-C	2002
3	pernode	worker-cs-1	Label-C	2002
3	pernode	worker-cs-1	Label-C	2003
3	pernode	worker-cs-1	Label-C	2002
3	pernode	worker-cs-1	Label-C	2002
3	pernode	worker-cs-1	Label-C	2003
3	pernode	worker-cs-1	Label-C	2002
3	pernode	worker-cs-1	Label-C	2002
3	pernode	worker-cs-1	Label-C	2003
3	pernode	worker-cs-1	Label-C	2001
3	pernode	worker-cs-1	Label-C	2003
3	pernode	worker-cs-1	Label-C	2002
3	pernode	worker-cs-1	Label-C	2002
3	pernode	worker-cs-1	Label-C	2002
3	pernode	worker-cs-1	Label-C	2001
3	pernode	worker-cs-1	Label-C	2001
3	pernode	worker-cs-1	Label-C	2002
3	pernode	worker-cs-1	Label-C	2002
3	pernode	worker-cs-1	Label-C	2003
3	pernode	worker-cs-1	Label-C	2002
3	pernode	worker-cs-1	Label-C	2001
3	pernode	worker-cs-1	Label-C	2001
3	pernode	worker-cs-1	Label-C	2004
3	pernode	worker-cs-1	Label-C	2002
3	pernode	worker-cs-1	Label-C	2002
3	pernode	worker-cs-1	Label-C	2002
3	pernode	worker-cs-1	Label-C	2002
3	pernode	worker-cs-1	Label-C	2001
3	pernode	worker-cs-1	Label-C	2002
3	pernode	worker-cs-1	Label-C	2002
3	pernode	worker-cs-1	Label-C	2003
3	pernode	worker-cs-1	Label-C	2002
3	pernode	worker-cs-1	Label-C	2002
3	pernode	worker-cs-1	Label-C	2003
3	pernode	worker-cs-1	Label-C	2001
3	pernode	worker-cs-1	Label-C	2001
3	pernode	worker-cs-1	Label-C	2001
3	pernode	worker-cs-1	Label-C	2002
3	pernode	worker-cs-1	Label-C	2002
3	pernode	worker-cs-1	Label-C	2002
3	pernode	worker-cs-1	Label-C	2002
3	pernode	worker-cs-1	Label-C	2002
3	pernode	worker-cs-1	Label-C	2002
3	pernode	worker-cs-1	Label-C	2002
3	pernode	worker-cs-1	Label-C	2001
3	pernode	worker-cs-1	Label-C	2002
3	pernode	worker-cs-1	Label-C	2001
3	pernode	worker-cs-1	Label-C	2002
3	pernode	worker-cs-1	Label-C	2002
3	pernode	worker-cs-1	Label-C	2002
3	pernode	worker-cs-1	Label-C	2002
3	pernode	worker-cs-1	Label-C	2002
3	pernode	worker-cs-1	Label-C	2002
3	pernode	worker-cs-1	Label-C	2002
3	pernode	worker-cs-1	Label-C	2004
3	pernode	worker-cs-1	Label-C	2002
3	pernode	worker-cs-1	Label-C	2002
3	pernode	worker-cs-1	Label-C	2002
3	pernode	worker-cs-1	Label-C	2003
3	pernode	worker-cs-1	Label-C	2001
3	pernode	worker-cs-1	Label-C	2002
3	pernode	worker-cs-1	Label-C	2003
3	pernode	worker-cs-1	Label-C	2002
3	pernode	worker-cs-1	Label-C	2002
3	pernode	worker-cs-1	Label-C	2003
3	pernode	worker-cs-1	Label-C	2002
3	pernode	worker-cs-1	Label-C	2002
3	pernode	worker-cs-1	Label-C	2002
3	pernode	worker-cs-1	Label-C	2002
3	pernode	worker-cs-1	Label-C	2002
3	pernode	worker-cs-1	Label-C	2000
3	pernode	worker-cs-1	Label-C	2001
3	pernode	worker-cs-1	Label-C	2002
3	pernode	worker-cs-1	Label-C	2002
3	pernode	worker-cs-1	Label-C	2003
3	pernode	worker-cs-1	Label-C	2001
3	pernode	worker-cs-1	Label-C	2002
3	pernode	worker-cs-1	Label-C	2002
3	pernode	worker-cs-1	Label-C	2002
3	pernode	worker-cs-1	Label-C	2002
3	pernode	worker-cs-1	Label-C	2001
3	pernode	worker-cs-1	Label-C	2002
3	pernode	worker-cs-1	Label-C	2002
3	pernode	worker-cs-1	Label-C	2002
3	pernode	worker-cs-1	Label-C	2001
3	pernode	worker-cs-1	Label-C	2002
3	pernode	worker-cs-1	Label-C	2002
3	pernode	worker-cs-1	Label-C	2001
3	pernode	worker-cs-1	Label-C	2001
3	pernode	worker-cs-1	Label-C	2002
3	pernode	worker-cs-1	Label-C	2001
3	pernode	worker-cs-1	Label-C	2002
3	pernode	worker-cs-1	Label-C	2003
3	pernode	worker-cs-1	Label-C	2003
3	pernode	worker-cs-1	Label-C	2001
3	pernode	worker-cs-1	Label-C	2002
3	pernode	worker-cs-1	Label-C	2002
3	pernode	worker-cs-1	Label-C	2002
3	pernode	worker-cs-1	Label-C	2003
3	pernode	worker-cs-1	Label-C	2001
3	pernode	worker-cs-1	Label-C	2002
3	pernode	worker-cs-1	Label-C	2003
3	pernode	worker-cs-1	Label-C	2003
3	pernode	worker-cs-1	Label-C	2001
3	pernode	worker-cs-1	Label-C	2002
3	pernode	worker-cs-1	Label-C	2002
3	pernode	worker-cs-1	Label-C	2002
3	pernode	worker-cs-1	Label-C	2002
3	pernode	worker-cs-1	Label-C	2002
3	pernode	worker-cs-1	Label-C	2002
3	pernode	worker-cs-1	Label-C	2002
3	pernode	worker-cs-1	Label-C	2002
3	pernode	worker-cs-1	Label-C	2002
3	pernode	worker-cs-1	Label-C	2002
3	pernode	worker-cs-1	Label-C	2001
3	pernode	worker-cs-1	Label-C	2002
3	pernode	worker-cs-1	Label-C	2003
3	pernode	worker-cs-1	Label-C	2003
3	pernode	worker-cs-1	Label-C	2002
3	pernode	worker-cs-1	Label-C	2002
3	pernode	worker-cs-1	Label-C	2002
3	pernode	worker-cs-1	Label-C	2002
3	pernode	worker-cs-1	Label-C	2003
3	pernode	worker-cs-1	Label-C	2002
3	pernode	worker-cs-1	Label-C	2002
3	pernode	worker-cs-1	Label-C	2002
3	pernode	worker-cs-1	Label-C	2000
3	pernode	worker-cs-1	Label-C	2001
3	pernode	worker-cs-1	Label-C	2002
3	pernode	worker-cs-1	Label-C	2003
3	pernode	worker-cs-1	Label-C	2001
3	pernode	worker-cs-1	Label-C	2002
3	pernode	worker-cs-1	Label-C	2002
3	pernode	worker-cs-1	Label-C	2002
3	pernode	worker-cs-1	Label-C	2003
3	pernode	worker-cs-1	Label-C	2003
3	pernode	worker-cs-1	Label-C	2002
3	pernode	worker-cs-1	Label-C	2002
3	pernode	worker-cs-1	Label-C	2002
3	pernode	worker-cs-1	Label-C	2002
3	pernode	worker-cs-1	Label-C	2002
3	pernode	worker-cs-1	Label-C	2002
3	pernode	worker-cs-1	Label-C	2002
3	pernode	worker-cs-1	Label-C	2002
3	pernode	worker-cs-1	Label-C	2005
3	pernode	worker-cs-1	Label-C	2002
3	pernode	worker-cs-1	Label-C	2002
3	pernode	worker-cs-1	Label-C	2002
3	pernode	worker-cs-1	Label-C	2002
3	pernode	worker-cs-1	Label-C	2002
3	pernode	worker-cs-1	Label-C	2002
3	pernode	worker-cs-1	Label-C	2002
3	pernode	worker-cs-1	Label-C	2002
3	pernode	worker-cs-1	Label-C	2003
3	pernode	worker-cs-1	Label-C	2004
3	pernode	worker-cs-1	Label-C	2002
3	pernode	worker-cs-1	Label-C	2002
3	pernode	worker-cs-1	Label-C	2002
3	pernode	worker-cs-1	Label-C	2002
3	pernode	worker-cs-1	Label-C	2001
3	pernode	worker-cs-1	Label-C	2002
3	pernode	worker-cs-1	Label-C	2002
3	pernode	worker-cs-1	Label-C	2002
3	pernode	worker-cs-1	Label-C	2012
3	pernode	worker-cs-1	Label-C	2003
3	pernode	worker-cs-1	Label-C	2002
3	pernode	worker-cs-1	Label-C	2002
3	pernode	worker-cs-1	Label-C	2002
3	pernode	worker-cs-1	Label-C	2002
3	pernode	worker-cs-1	Label-C	2002
3	pernode	worker-cs-1	Label-C	2002
3	pernode	worker-cs-1	Label-C	2002
3	pernode	worker-cs-1	Label-C	2003
3	pernode	worker-cs-1	Label-C	2001
3	pernode	worker-cs-1	Label-C	2002
3	pernode	worker-cs-1	Label-C	2002
3	pernode	worker-cs-1	Label-C	2002
3	pernode	worker-cs-1	Label-C	2002
3	pernode	worker-cs-1	Label-C	2001
3	pernode	worker-cs-1	Label-C	2002
3	pernode	worker-cs-1	Label-C	2001
3	pernode	worker-cs-1	Label-C	2002
3	pernode	worker-cs-1	Label-C	2001
3	pernode	worker-cs-1	Label-C	2001
3	pernode	worker-cs-1	Label-C	2002
3	pernode	worker-cs-1	Label-C	2002
3	pernode	worker-cs-1	Label-C	2002
3	pernode	worker-cs-1	Label-C	2001
3	pernode	worker-cs-1	Label-C	2002
3	pernode	worker-cs-1	Label-C	2002
3	pernode	worker-cs-1	Label-C	2002
3	pernode	worker-cs-1	Label-C	2002
3	pernode	worker-cs-1	Label-C	2002
3	pernode	worker-cs-1	Label-C	2002
3	pernode	worker-cs-1	Label-C	2001
3	pernode	worker-cs-1	Label-C	2002
3	pernode	worker-cs-1	Label-C	2002
3	pernode	worker-cs-1	Label-C	2001
3	pernode	worker-cs-1	Label-C	2001
3	pernode	worker-cs-1	Label-C	2002
3	pernode	worker-cs-1	Label-C	2003
3	pernode	worker-cs-1	Label-C	2003
3	pernode	worker-cs-1	Label-C	2001
3	pernode	worker-cs-1	Label-C	2002
3	pernode	worker-cs-1	Label-C	2001
3	pernode	worker-cs-1	Label-C	2002
3	pernode	worker-cs-1	Label-C	2003
3	pernode	worker-cs-1	Label-C	2002
3	pernode	worker-cs-1	Label-C	2002
3	pernode	worker-cs-1	Label-C	2002
3	pernode	worker-cs-1	Label-C	2002
3	pernode	worker-cs-1	Label-C	2006
3	pernode	worker-cs-1	Label-C	2002
3	pernode	worker-cs-1	Label-C	2002
3	pernode	worker-cs-1	Label-C	2002
3	pernode	worker-cs-1	Label-C	2001
3	pernode	worker-cs-1	Label-C	2004
3	pernode	worker-cs-1	Label-C	2002
3	pernode	worker-cs-1	Label-C	2003
3	pernode	worker-cs-1	Label-C	2002
3	pernode	worker-cs-1	Label-C	2003
3	pernode	worker-cs-1	Label-C	2003
3	pernode	worker-cs-1	Label-C	2002
3	pernode	worker-cs-1	Label-C	2002
3	pernode	worker-cs-1	Label-C	2002
3	pernode	worker-cs-1	Label-C	2002
3	pernode	worker-cs-1	Label-C	2002
3	pernode	worker-cs-1	Label-C	2002
3	pernode	worker-cs-1	Label-C	2003
3	pernode	worker-cs-1	Label-C	2001
3	pernode	worker-cs-1	Label-C	2001
3	pernode	worker-cs-1	Label-C	2002
3	pernode	worker-cs-1	Label-C	2001
3	pernode	worker-cs-1	Label-C	2001
3	pernode	worker-cs-1	Label-C	2002
3	pernode	worker-cs-1	Label-C	2002
3	pernode	worker-cs-1	Label-C	2001
3	pernode	worker-cs-1	Label-C	2002
3	pernode	worker-cs-1	Label-C	2004
3	pernode	worker-cs-1	Label-C	2003
3	pernode	worker-cs-1	Label-C	2002
3	pernode	worker-cs-1	Label-C	2007
3	pernode	worker-cs-1	Label-C	2003
3	pernode	worker-cs-1	Label-C	2002
3	pernode	worker-cs-1	Label-C	2002
3	pernode	worker-cs-1	Label-C	2002
3	pernode	worker-cs-1	Label-C	2002
3	pernode	worker-cs-1	Label-C	2003
3	pernode	worker-cs-1	Label-C	2002
3	pernode	worker-cs-1	Label-C	2002
3	pernode	worker-cs-1	Label-C	2002
3	pernode	worker-cs-1	Label-C	2002
3	pernode	worker-cs-1	Label-C	2003
3	pernode	worker-cs-1	Label-C	2002
3	pernode	worker-cs-1	Label-C	2001
3	pernode	worker-cs-1	Label-C	2002
3	pernode	worker-cs-1	Label-C	2002
3	pernode	worker-cs-1	Label-C	2002
3	pernode	worker-cs-1	Label-C	2003
3	pernode	worker-cs-1	Label-C	2002
3	pernode	worker-cs-1	Label-C	2003
3	pernode	worker-cs-1	Label-C	2001
3	pernode	worker-cs-1	Label-C	2002
3	pernode	worker-cs-1	Label-C	2003
3	pernode	worker-cs-1	Label-C	2002
3	pernode	worker-cs-1	Label-C	2002
3	pernode	worker-cs-1	Label-C	2001
3	pernode	worker-cs-1	Label-C	2003
3	pernode	worker-cs-1	Label-C	2003
3	pernode	worker-cs-1	Label-C	2002
3	pernode	worker-cs-1	Label-C	2001
3	pernode	worker-cs-1	Label-C	2003
3	pernode	worker-cs-1	Label-C	2003
3	pernode	worker-cs-1	Label-C	2001
3	pernode	worker-cs-1	Label-C	2002
3	pernode	worker-cs-1	Label-C	2002
3	pernode	worker-cs-1	Label-C	2002
3	pernode	worker-cs-1	Label-C	2002
3	pernode	worker-cs-1	Label-C	2002
3	pernode	worker-cs-1	Label-C	2002
3	pernode	worker-cs-1	Label-C	2002
3	pernode	worker-cs-1	Label-C	2001
3	pernode	worker-cs-1	Label-C	2002
3	pernode	worker-cs-1	Label-C	2001
3	pernode	worker-cs-1	Label-C	2002
3	pernode	worker-cs-1	Label-C	2002
3	pernode	worker-cs-1	Label-C	2002
3	pernode	worker-cs-1	Label-C	2003
3	pernode	worker-cs-1	Label-C	2002
3	pernode	worker-cs-1	Label-C	2002
3	pernode	worker-cs-1	Label-C	2001
3	pernode	worker-cs-1	Label-C	2002
3	pernode	worker-cs-1	Label-C	2002
3	pernode	worker-cs-1	Label-C	2002
3	pernode	worker-cs-1	Label-C	2002
3	pernode	worker-cs-1	Label-C	2002
3	pernode	worker-cs-1	Label-C	2003
3	pernode	worker-cs-1	Label-C	2001
3	pernode	worker-cs-1	Label-C	2002
3	pernode	worker-cs-1	Label-C	2003
3	pernode	worker-cs-1	Label-C	2002
3	pernode	worker-cs-1	Label-C	2002
3	pernode	worker-cs-1	Label-C	2002
3	pernode	worker-cs-1	Label-C	2003
3	pernode	worker-cs-1	Label-C	2002
3	pernode	worker-cs-1	Label-C	2003
3	pernode	worker-cs-1	Label-C	2002
3	pernode	worker-cs-1	Label-C	2002
3	pernode	worker-cs-1	Label-C	2002
3	pernode	worker-cs-1	Label-C	2003
3	pernode	worker-cs-1	Label-C	2003
3	pernode	worker-cs-1	Label-C	2001
3	pernode	worker-cs-1	Label-C	2001
3	pernode	worker-cs-1	Label-C	2001
3	pernode	worker-cs-1	Label-C	2007
3	pernode	worker-cs-1	Label-C	2001
3	pernode	worker-cs-1	Label-C	2001
3	pernode	worker-cs-1	Label-C	2002
3	pernode	worker-cs-1	Label-C	2003
3	pernode	worker-cs-1	Label-C	2011
3	pernode	worker-cs-1	Label-C	2002
3	pernode	worker-cs-1	Label-C	2003
3	pernode	worker-cs-1	Label-C	2003
3	pernode	worker-cs-1	Label-C	2002
3	pernode	worker-cs-1	Label-C	2003
3	pernode	worker-cs-1	Label-C	2002
3	pernode	worker-cs-1	Label-C	2002
3	pernode	worker-cs-1	Label-C	2002
3	pernode	worker-cs-1	Label-C	2002
3	pernode	worker-cs-1	Label-C	2003
3	pernode	worker-cs-1	Label-C	2002
3	pernode	worker-cs-1	Label-C	2002
3	pernode	worker-cs-1	Label-C	2002
3	pernode	worker-cs-1	Label-C	2001
3	pernode	worker-cs-1	Label-C	2003
3	pernode	worker-cs-1	Label-C	2002
3	pernode	worker-cs-1	Label-C	2002
3	pernode	worker-cs-1	Label-C	2001
3	pernode	worker-cs-1	Label-C	2004
3	pernode	worker-cs-1	Label-C	2002
3	pernode	worker-cs-1	Label-C	2001
3	pernode	worker-cs-1	Label-C	2002
3	pernode	worker-cs-1	Label-C	2002
3	pernode	worker-cs-1	Label-C	2003
3	pernode	worker-cs-1	Label-C	2002
3	pernode	worker-cs-1	Label-C	2002
3	pernode	worker-cs-1	Label-C	2003
3	pernode	worker-cs-1	Label-C	2002
3	pernode	worker-cs-1	Label-C	2002
3	pernode	worker-cs-1	Label-C	2002
3	pernode	worker-cs-1	Label-C	2002
3	pernode	worker-cs-1	Label-C	2002
3	pernode	worker-cs-1	Label-C	2003
3	pernode	worker-cs-1	Label-C	2001
3	pernode	worker-cs-1	Label-C	2002
3	pernode	worker-cs-1	Label-C	2002
3	pernode	worker-cs-1	Label-C	2001
3	pernode	worker-cs-1	Label-C	2004
3	pernode	worker-cs-1	Label-C	2002
3	pernode	worker-cs-1	Label-C	2002
3	pernode	worker-cs-1	Label-C	2002
3	pernode	worker-cs-24	Label-D	2001
3	pernode	worker-cs-24	Label-D	2002
3	pernode	worker-cs-24	Label-D	2001
3	pernode	worker-cs-24	Label-D	2002
3	pernode	worker-cs-24	Label-D	2002
3	pernode	worker-cs-24	Label-D	2002
3	pernode	worker-cs-24	Label-D	2002
3	pernode	worker-cs-24	Label-D	2001
3	pernode	worker-cs-24	Label-D	2001
3	pernode	worker-cs-24	Label-D	2001
3	pernode	worker-cs-24	Label-D	2002
3	pernode	worker-cs-24	Label-D	2002
3	pernode	worker-cs-24	Label-D	2001
3	pernode	worker-cs-24	Label-D	2003
3	pernode	worker-cs-24	Label-D	2001
3	pernode	worker-cs-24	Label-D	2002
3	pernode	worker-cs-24	Label-D	2002
3	pernode	worker-cs-24	Label-D	2002
3	pernode	worker-cs-24	Label-D	2002
3	pernode	worker-cs-24	Label-D	2002
3	pernode	worker-cs-24	Label-D	2002
3	pernode	worker-cs-24	Label-D	2002
3	pernode	worker-cs-24	Label-D	2002
3	pernode	worker-cs-24	Label-D	2002
3	pernode	worker-cs-24	Label-D	2002
3	pernode	worker-cs-24	Label-D	2001
3	pernode	worker-cs-24	Label-D	2002
3	pernode	worker-cs-24	Label-D	2001
3	pernode	worker-cs-24	Label-D	2001
3	pernode	worker-cs-24	Label-D	2001
3	pernode	worker-cs-24	Label-D	2001
3	pernode	worker-cs-24	Label-D	2002
3	pernode	worker-cs-24	Label-D	2001
3	pernode	worker-cs-24	Label-D	2002
3	pernode	worker-cs-24	Label-D	2003
3	pernode	worker-cs-24	Label-D	2002
3	pernode	worker-cs-24	Label-D	2002
3	pernode	worker-cs-24	Label-D	2002
3	pernode	worker-cs-24	Label-D	2001
3	pernode	worker-cs-24	Label-D	2001
3	pernode	worker-cs-24	Label-D	2002
3	pernode	worker-cs-24	Label-D	2001
3	pernode	worker-cs-24	Label-D	2001
3	pernode	worker-cs-24	Label-D	2002
3	pernode	worker-cs-24	Label-D	2001
3	pernode	worker-cs-24	Label-D	2001
3	pernode	worker-cs-24	Label-D	2002
3	pernode	worker-cs-24	Label-D	2002
3	pernode	worker-cs-24	Label-D	2001
3	pernode	worker-cs-24	Label-D	2002
3	pernode	worker-cs-24	Label-D	2001
3	pernode	worker-cs-24	Label-D	2002
3	pernode	worker-cs-24	Label-D	2002
3	pernode	worker-cs-24	Label-D	2001
3	pernode	worker-cs-24	Label-D	2003
3	pernode	worker-cs-24	Label-D	2002
3	pernode	worker-cs-24	Label-D	2002
3	pernode	worker-cs-24	Label-D	2000
3	pernode	worker-cs-24	Label-D	2001
3	pernode	worker-cs-24	Label-D	2002
3	pernode	worker-cs-24	Label-D	2002
3	pernode	worker-cs-24	Label-D	2000
3	pernode	worker-cs-24	Label-D	2002
3	pernode	worker-cs-24	Label-D	2001
3	pernode	worker-cs-24	Label-D	2002
3	pernode	worker-cs-24	Label-D	2002
3	pernode	worker-cs-24	Label-D	2002
3	pernode	worker-cs-24	Label-D	2001
3	pernode	worker-cs-24	Label-D	2002
3	pernode	worker-cs-24	Label-D	2001
3	pernode	worker-cs-24	Label-D	2002
3	pernode	worker-cs-24	Label-D	2002
3	pernode	worker-cs-24	Label-D	2002
3	pernode	worker-cs-24	Label-D	2002
3	pernode	worker-cs-24	Label-D	2001
3	pernode	worker-cs-24	Label-D	2002
3	pernode	worker-cs-24	Label-D	2003
3	pernode	worker-cs-24	Label-D	2002
3	pernode	worker-cs-24	Label-D	2002
3	pernode	worker-cs-24	Label-D	2001
3	pernode	worker-cs-24	Label-D	2001
3	pernode	worker-cs-24	Label-D	2003
3	pernode	worker-cs-24	Label-D	2002
3	pernode	worker-cs-24	Label-D	2001
3	pernode	worker-cs-24	Label-D	2001
3	pernode	worker-cs-24	Label-D	2001
3	pernode	worker-cs-24	Label-D	2001
3	pernode	worker-cs-24	Label-D	2001
3	pernode	worker-cs-24	Label-D	2002
3	pernode	worker-cs-24	Label-D	2001
3	pernode	worker-cs-24	Label-D	2002
3	pernode	worker-cs-24	Label-D	2002
3	pernode	worker-cs-24	Label-D	2002
3	pernode	worker-cs-24	Label-D	2001
3	pernode	worker-cs-24	Label-D	2002
3	pernode	worker-cs-24	Label-D	2002
3	pernode	worker-cs-24	Label-D	2001
3	pernode	worker-cs-24	Label-D	2002
3	pernode	worker-cs-24	Label-D	2002
3	pernode	worker-cs-24	Label-D	2001
3	pernode	worker-cs-24	Label-D	2002
3	pernode	worker-cs-24	Label-D	2002
3	pernode	worker-cs-24	Label-D	2001
3	pernode	worker-cs-24	Label-D	2002
3	pernode	worker-cs-24	Label-D	2002
3	pernode	worker-cs-24	Label-D	2002
3	pernode	worker-cs-24	Label-D	2002
3	pernode	worker-cs-24	Label-D	2002
3	pernode	worker-cs-24	Label-D	2002
3	pernode	worker-cs-24	Label-D	2001
3	pernode	worker-cs-24	Label-D	2002
3	pernode	worker-cs-24	Label-D	2002
3	pernode	worker-cs-24	Label-D	2002
3	pernode	worker-cs-24	Label-D	2002
3	pernode	worker-cs-24	Label-D	2000
3	pernode	worker-cs-24	Label-D	2002
3	pernode	worker-cs-24	Label-D	2002
3	pernode	worker-cs-24	Label-D	2001
3	pernode	worker-cs-24	Label-D	2001
3	pernode	worker-cs-24	Label-D	2002
3	pernode	worker-cs-24	Label-D	2001
3	pernode	worker-cs-24	Label-D	2003
3	pernode	worker-cs-24	Label-D	2001
3	pernode	worker-cs-24	Label-D	2001
3	pernode	worker-cs-24	Label-D	2002
3	pernode	worker-cs-24	Label-D	2001
3	pernode	worker-cs-24	Label-D	2001
3	pernode	worker-cs-24	Label-D	2000
3	pernode	worker-cs-24	Label-D	2001
3	pernode	worker-cs-24	Label-D	2001
3	pernode	worker-cs-24	Label-D	2002
3	pernode	worker-cs-24	Label-D	2001
3	pernode	worker-cs-24	Label-D	2002
3	pernode	worker-cs-24	Label-D	2001
3	pernode	worker-cs-24	Label-D	2001
3	pernode	worker-cs-24	Label-D	2002
3	pernode	worker-cs-24	Label-D	2002
3	pernode	worker-cs-24	Label-D	2002
3	pernode	worker-cs-24	Label-D	2001
3	pernode	worker-cs-24	Label-D	2002
3	pernode	worker-cs-24	Label-D	2003
3	pernode	worker-cs-24	Label-D	2001
3	pernode	worker-cs-24	Label-D	2001
3	pernode	worker-cs-24	Label-D	2002
3	pernode	worker-cs-24	Label-D	2002
3	pernode	worker-cs-24	Label-D	2002
3	pernode	worker-cs-24	Label-D	2002
3	pernode	worker-cs-24	Label-D	2001
3	pernode	worker-cs-24	Label-D	2001
3	pernode	worker-cs-24	Label-D	2002
3	pernode	worker-cs-24	Label-D	2002
3	pernode	worker-cs-24	Label-D	2001
3	pernode	worker-cs-24	Label-D	2001
3	pernode	worker-cs-24	Label-D	2002
3	pernode	worker-cs-24	Label-D	2002
3	pernode	worker-cs-24	Label-D	2001
3	pernode	worker-cs-24	Label-D	2002
3	pernode	worker-cs-24	Label-D	2002
3	pernode	worker-cs-24	Label-D	2002
3	pernode	worker-cs-24	Label-D	2001
3	pernode	worker-cs-24	Label-D	2001
3	pernode	worker-cs-24	Label-D	2003
3	pernode	worker-cs-24	Label-D	2001
3	pernode	worker-cs-24	Label-D	2000
3	pernode	worker-cs-24	Label-D	2001
3	pernode	worker-cs-24	Label-D	2001
3	pernode	worker-cs-24	Label-D	2002
3	pernode	worker-cs-24	Label-D	2001
3	pernode	worker-cs-24	Label-D	2002
3	pernode	worker-cs-24	Label-D	2001
3	pernode	worker-cs-24	Label-D	2001
3	pernode	worker-cs-24	Label-D	2002
3	pernode	worker-cs-24	Label-D	2002
3	pernode	worker-cs-24	Label-D	2002
3	pernode	worker-cs-24	Label-D	2002
3	pernode	worker-cs-24	Label-D	2002
3	pernode	worker-cs-24	Label-D	2003
3	pernode	worker-cs-24	Label-D	2002
3	pernode	worker-cs-24	Label-D	2001
3	pernode	worker-cs-24	Label-D	2002
3	pernode	worker-cs-24	Label-D	2001
3	pernode	worker-cs-24	Label-D	2001
3	pernode	worker-cs-24	Label-D	2001
3	pernode	worker-cs-24	Label-D	2002
3	pernode	worker-cs-24	Label-D	2002
3	pernode	worker-cs-24	Label-D	2001
3	pernode	worker-cs-24	Label-D	2002
3	pernode	worker-cs-24	Label-D	2001
3	pernode	worker-cs-24	Label-D	2002
3	pernode	worker-cs-24	Label-D	2002
3	pernode	worker-cs-24	Label-D	2002
3	pernode	worker-cs-24	Label-D	2001
3	pernode	worker-cs-24	Label-D	2002
3	pernode	worker-cs-24	Label-D	2002
3	pernode	worker-cs-24	Label-D	2002
3	pernode	worker-cs-24	Label-D	2001
3	pernode	worker-cs-24	Label-D	2002
3	pernode	worker-cs-24	Label-D	2001
3	pernode	worker-cs-24	Label-D	2001
3	pernode	worker-cs-24	Label-D	2001
3	pernode	worker-cs-24	Label-D	2000
3	pernode	worker-cs-24	Label-D	2001
3	pernode	worker-cs-24	Label-D	2002
3	pernode	worker-cs-26	Label-A	2001
3	pernode	worker-cs-26	Label-A	2002
3	pernode	worker-cs-26	Label-A	2003
3	pernode	worker-cs-26	Label-A	2002
3	pernode	worker-cs-26	Label-A	2002
3	pernode	worker-cs-26	Label-A	2001
3	pernode	worker-cs-26	Label-A	2002
3	pernode	worker-cs-26	Label-A	2002
3	pernode	worker-cs-26	Label-A	2002
3	pernode	worker-cs-26	Label-A	2002
3	pernode	worker-cs-26	Label-A	2003
3	pernode	worker-cs-26	Label-A	2001
3	pernode	worker-cs-26	Label-A	2001
3	pernode	worker-cs-26	Label-A	2002
3	pernode	worker-cs-26	Label-A	2001
3	pernode	worker-cs-26	Label-A	2001
3	pernode	worker-cs-26	Label-A	2002
3	pernode	worker-cs-26	Label-A	2001
3	pernode	worker-cs-26	Label-A	2001
3	pernode	worker-cs-26	Label-A	2002
3	pernode	worker-cs-26	Label-A	2001
3	pernode	worker-cs-26	Label-A	2002
3	pernode	worker-cs-26	Label-A	2002
3	pernode	worker-cs-26	Label-A	2001
3	pernode	worker-cs-26	Label-A	2002
3	pernode	worker-cs-26	Label-A	2002
3	pernode	worker-cs-26	Label-A	2001
3	pernode	worker-cs-26	Label-A	2002
3	pernode	worker-cs-26	Label-A	2002
3	pernode	worker-cs-26	Label-A	2001
3	pernode	worker-cs-26	Label-A	2002
3	pernode	worker-cs-26	Label-A	2002
3	pernode	worker-cs-26	Label-A	2001
3	pernode	worker-cs-26	Label-A	2003
3	pernode	worker-cs-26	Label-A	2001
3	pernode	worker-cs-26	Label-A	2001
3	pernode	worker-cs-26	Label-A	2001
3	pernode	worker-cs-26	Label-A	2002
3	pernode	worker-cs-26	Label-A	2002
3	pernode	worker-cs-26	Label-A	2001
3	pernode	worker-cs-26	Label-A	2001
3	pernode	worker-cs-26	Label-A	2002
3	pernode	worker-cs-26	Label-A	2002
3	pernode	worker-cs-26	Label-A	2001
3	pernode	worker-cs-26	Label-A	2002
3	pernode	worker-cs-26	Label-A	2002
3	pernode	worker-cs-26	Label-A	2002
3	pernode	worker-cs-26	Label-A	2002
3	pernode	worker-cs-26	Label-A	2002
3	pernode	worker-cs-26	Label-A	2002
3	pernode	worker-cs-26	Label-A	2001
3	pernode	worker-cs-26	Label-A	2001
3	pernode	worker-cs-26	Label-A	2002
3	pernode	worker-cs-26	Label-A	2003
3	pernode	worker-cs-26	Label-A	2002
3	pernode	worker-cs-26	Label-A	2002
3	pernode	worker-cs-26	Label-A	2002
3	pernode	worker-cs-26	Label-A	2002
3	pernode	worker-cs-26	Label-A	2002
3	pernode	worker-cs-26	Label-A	2002
3	pernode	worker-cs-26	Label-A	2005
3	pernode	worker-cs-26	Label-A	2002
3	pernode	worker-cs-26	Label-A	2002
3	pernode	worker-cs-26	Label-A	2001
3	pernode	worker-cs-26	Label-A	2002
3	pernode	worker-cs-26	Label-A	2002
3	pernode	worker-cs-26	Label-A	2002
3	pernode	worker-cs-26	Label-A	2001
3	pernode	worker-cs-26	Label-A	2001
3	pernode	worker-cs-26	Label-A	2002
3	pernode	worker-cs-26	Label-A	2002
3	pernode	worker-cs-26	Label-A	2001
3	pernode	worker-cs-26	Label-A	2001
3	pernode	worker-cs-26	Label-A	2001
3	pernode	worker-cs-26	Label-A	2002
3	pernode	worker-cs-26	Label-A	2002
3	pernode	worker-cs-26	Label-A	2002
3	pernode	worker-cs-26	Label-A	2002
3	pernode	worker-cs-26	Label-A	2002
3	pernode	worker-cs-26	Label-A	2003
3	pernode	worker-cs-26	Label-A	2002
3	pernode	worker-cs-26	Label-A	2002
3	pernode	worker-cs-26	Label-A	2001
3	pernode	worker-cs-26	Label-A	2002
3	pernode	worker-cs-26	Label-A	2002
3	pernode	worker-cs-26	Label-A	2001
3	pernode	worker-cs-26	Label-A	2002
3	pernode	worker-cs-26	Label-A	2001
3	pernode	worker-cs-26	Label-A	2002
3	pernode	worker-cs-26	Label-A	2003
3	pernode	worker-cs-26	Label-A	2002
3	pernode	worker-cs-26	Label-A	2002
3	pernode	worker-cs-26	Label-A	2002
3	pernode	worker-cs-26	Label-A	2002
3	pernode	worker-cs-26	Label-A	2001
3	pernode	worker-cs-26	Label-A	2001
3	pernode	worker-cs-26	Label-A	2002
3	pernode	worker-cs-26	Label-A	2002
3	pernode	worker-cs-26	Label-A	2003
3	pernode	worker-cs-26	Label-A	2002
3	pernode	worker-cs-26	Label-A	2002
3	pernode	worker-cs-26	Label-A	2001
3	pernode	worker-cs-26	Label-A	2001
3	pernode	worker-cs-26	Label-A	2001
3	pernode	worker-cs-26	Label-A	2002
3	pernode	worker-cs-26	Label-A	2001
3	pernode	worker-cs-26	Label-A	2002
3	pernode	worker-cs-26	Label-A	2001
3	pernode	worker-cs-26	Label-A	2002
3	pernode	worker-cs-26	Label-A	2002
3	pernode	worker-cs-26	Label-A	2002
3	pernode	worker-cs-26	Label-A	2002
3	pernode	worker-cs-26	Label-A	2002
3	pernode	worker-cs-26	Label-A	2002
3	pernode	worker-cs-26	Label-A	2002
3	pernode	worker-cs-26	Label-A	2001
3	pernode	worker-cs-26	Label-A	2002
3	pernode	worker-cs-26	Label-A	2002
3	pernode	worker-cs-26	Label-A	2001
3	pernode	worker-cs-26	Label-A	2002
3	pernode	worker-cs-26	Label-A	2002
3	pernode	worker-cs-26	Label-A	2002
3	pernode	worker-cs-26	Label-A	2002
3	pernode	worker-cs-26	Label-A	2002
3	pernode	worker-cs-26	Label-A	2001
3	pernode	worker-cs-26	Label-A	2002
3	pernode	worker-cs-26	Label-A	2002
3	pernode	worker-cs-26	Label-A	2003
3	pernode	worker-cs-26	Label-A	2002
3	pernode	worker-cs-26	Label-A	2002
3	pernode	worker-cs-26	Label-A	2002
3	pernode	worker-cs-26	Label-A	2001
3	pernode	worker-cs-26	Label-A	2002
3	pernode	worker-cs-26	Label-A	2002
3	pernode	worker-cs-26	Label-A	2001
3	pernode	worker-cs-26	Label-A	2002
3	pernode	worker-cs-26	Label-A	2002
3	pernode	worker-cs-26	Label-A	2002
3	pernode	worker-cs-26	Label-A	2002
3	pernode	worker-cs-26	Label-A	2002
3	pernode	worker-cs-26	Label-A	2001
3	pernode	worker-cs-26	Label-A	2001
3	pernode	worker-cs-26	Label-A	2002
3	pernode	worker-cs-26	Label-A	2002
3	pernode	worker-cs-26	Label-A	2002
3	pernode	worker-cs-26	Label-A	2002
3	pernode	worker-cs-26	Label-A	2002
3	pernode	worker-cs-26	Label-A	2002
3	pernode	worker-cs-26	Label-A	2003
3	pernode	worker-cs-26	Label-A	2002
3	pernode	worker-cs-26	Label-A	2002
3	pernode	worker-cs-26	Label-A	2002
3	pernode	worker-cs-26	Label-A	2001
3	pernode	worker-cs-26	Label-A	2002
3	pernode	worker-cs-26	Label-A	2002
3	pernode	worker-cs-26	Label-A	2004
3	pernode	worker-cs-26	Label-A	2002
3	pernode	worker-cs-26	Label-A	2004
3	pernode	worker-cs-26	Label-A	2002
3	pernode	worker-cs-26	Label-A	2003
3	pernode	worker-cs-26	Label-A	2002
3	pernode	worker-cs-26	Label-A	2002
3	pernode	worker-cs-26	Label-A	2002
3	pernode	worker-cs-26	Label-A	2001
3	pernode	worker-cs-26	Label-A	2002
3	pernode	worker-cs-26	Label-A	2003
3	pernode	worker-cs-26	Label-A	2002
3	pernode	worker-cs-26	Label-A	2002
3	pernode	worker-cs-26	Label-A	2002
3	pernode	worker-cs-26	Label-A	2002
3	pernode	worker-cs-26	Label-A	2002
3	pernode	worker-cs-26	Label-A	2003
3	pernode	worker-cs-26	Label-A	2001
3	pernode	worker-cs-26	Label-A	2001
3	pernode	worker-cs-26	Label-A	2001
3	pernode	worker-cs-26	Label-A	2003
3	pernode	worker-cs-26	Label-A	2002
3	pernode	worker-cs-26	Label-A	2002
3	pernode	worker-cs-26	Label-A	2002
3	pernode	worker-cs-26	Label-A	2002
3	pernode	worker-cs-26	Label-A	2002
3	pernode	worker-cs-26	Label-A	2001
3	pernode	worker-cs-26	Label-A	2002
3	pernode	worker-cs-26	Label-A	2002
3	pernode	worker-cs-26	Label-A	2002
3	pernode	worker-cs-26	Label-A	2002
3	pernode	worker-cs-26	Label-A	2002
3	pernode	worker-cs-26	Label-A	2002
3	pernode	worker-cs-26	Label-A	2009
3	pernode	worker-cs-26	Label-A	2001
3	pernode	worker-cs-26	Label-A	2001
3	pernode	worker-cs-26	Label-A	2002
3	pernode	worker-cs-26	Label-A	2001
3	pernode	worker-cs-26	Label-A	2001
3	pernode	worker-cs-26	Label-A	2002
3	pernode	worker-cs-26	Label-A	2002
3	pernode	worker-cs-26	Label-A	2001
3	pernode	worker-cs-26	Label-A	2002
3	pernode	worker-cs-26	Label-A	2001
3	pernode	worker-cs-26	Label-A	2002
3	pernode	worker-cs-26	Label-A	2003
3	pernode	worker-cs-26	Label-A	2002
3	pernode	worker-cs-26	Label-A	2003
3	pernode	worker-cs-26	Label-A	2002
3	pernode	worker-cs-26	Label-A	2002
3	pernode	worker-cs-26	Label-A	2002
3	pernode	worker-cs-26	Label-A	2002
3	pernode	worker-cs-26	Label-A	2002
3	pernode	worker-cs-26	Label-A	2001
3	pernode	worker-cs-26	Label-A	2002
3	pernode	worker-cs-26	Label-A	2001
3	pernode	worker-cs-26	Label-A	2002
3	pernode	worker-cs-26	Label-A	2002
3	pernode	worker-cs-26	Label-A	2002
3	pernode	worker-cs-26	Label-A	2002
3	pernode	worker-cs-26	Label-A	2002
3	pernode	worker-cs-26	Label-A	2002
3	pernode	worker-cs-26	Label-A	2002
3	pernode	worker-cs-26	Label-A	2001
3	pernode	worker-cs-26	Label-A	2004
3	pernode	worker-cs-26	Label-A	2001
3	pernode	worker-cs-26	Label-A	2003
3	pernode	worker-cs-26	Label-A	2002
3	pernode	worker-cs-26	Label-A	2002
3	pernode	worker-cs-26	Label-A	2002
3	pernode	worker-cs-26	Label-A	2001
3	pernode	worker-cs-26	Label-A	2002
3	pernode	worker-cs-26	Label-A	2002
3	pernode	worker-cs-26	Label-A	2002
3	pernode	worker-cs-26	Label-A	2003
3	pernode	worker-cs-26	Label-A	2001
3	pernode	worker-cs-26	Label-A	2002
3	pernode	worker-cs-26	Label-A	2003
3	pernode	worker-cs-26	Label-A	2001
3	pernode	worker-cs-26	Label-A	2004
3	pernode	worker-cs-26	Label-A	2002
3	pernode	worker-cs-26	Label-A	2002
3	pernode	worker-cs-26	Label-A	2002
3	pernode	worker-cs-26	Label-A	2000
3	pernode	worker-cs-26	Label-A	2002
3	pernode	worker-cs-26	Label-A	2002
3	pernode	worker-cs-26	Label-A	2001
3	pernode	worker-cs-26	Label-A	2002
3	pernode	worker-cs-26	Label-A	2002
3	pernode	worker-cs-26	Label-A	2002
3	pernode	worker-cs-26	Label-A	2002
3	pernode	worker-cs-26	Label-A	2002
3	pernode	worker-cs-26	Label-A	2001
3	pernode	worker-cs-26	Label-A	2002
3	pernode	worker-cs-26	Label-A	2002
3	pernode	worker-cs-26	Label-A	2001
3	pernode	worker-cs-26	Label-A	2001
3	pernode	worker-cs-26	Label-A	2002
3	pernode	worker-cs-26	Label-A	2001
3	pernode	worker-cs-26	Label-A	2001
3	pernode	worker-cs-26	Label-A	2002
3	pernode	worker-cs-26	Label-A	2002
3	pernode	worker-cs-26	Label-A	2002
3	pernode	worker-cs-26	Label-A	2002
3	pernode	worker-cs-26	Label-A	2002
3	pernode	worker-cs-26	Label-A	2002
3	pernode	worker-cs-26	Label-A	2001
3	pernode	worker-cs-26	Label-A	2001
3	pernode	worker-cs-26	Label-A	2002
3	pernode	worker-cs-26	Label-A	2001
3	pernode	worker-cs-26	Label-A	2001
3	pernode	worker-cs-26	Label-A	2002
3	pernode	worker-cs-26	Label-A	2002
3	pernode	worker-cs-26	Label-A	2002
3	pernode	worker-cs-26	Label-A	2001
3	pernode	worker-cs-26	Label-A	2002
3	pernode	worker-cs-26	Label-A	2002
3	pernode	worker-cs-26	Label-A	2002
3	pernode	worker-cs-26	Label-A	2002
3	pernode	worker-cs-26	Label-A	2002
3	pernode	worker-cs-26	Label-A	2002
3	pernode	worker-cs-26	Label-A	2002
3	pernode	worker-cs-26	Label-A	2002
3	pernode	worker-cs-26	Label-A	2002
3	pernode	worker-cs-26	Label-A	2001
3	pernode	worker-cs-26	Label-A	2002
3	pernode	worker-cs-26	Label-A	2002
3	pernode	worker-cs-26	Label-A	2002
3	pernode	worker-cs-26	Label-A	2002
3	pernode	worker-cs-26	Label-A	2001
3	pernode	worker-cs-26	Label-A	2002
3	pernode	worker-cs-26	Label-A	2002
3	pernode	worker-cs-26	Label-A	2001
3	pernode	worker-cs-26	Label-A	2001
3	pernode	worker-cs-26	Label-A	2001
3	pernode	worker-cs-26	Label-A	2002
3	pernode	worker-cs-26	Label-A	2002
3	pernode	worker-cs-26	Label-A	2003
3	pernode	worker-cs-26	Label-A	2002
3	pernode	worker-cs-26	Label-A	2001
3	pernode	worker-cs-26	Label-A	2003
3	pernode	worker-cs-26	Label-A	2004
3	pernode	worker-cs-26	Label-A	2003
3	pernode	worker-cs-26	Label-A	2002
3	pernode	worker-cs-26	Label-A	2002
3	pernode	worker-cs-26	Label-A	2002
3	pernode	worker-cs-26	Label-A	2001
3	pernode	worker-cs-26	Label-A	2002
3	pernode	worker-cs-26	Label-A	2001
3	pernode	worker-cs-26	Label-A	2001
3	pernode	worker-cs-26	Label-A	2001
3	pernode	worker-cs-26	Label-A	2001
3	pernode	worker-cs-26	Label-A	2002
3	pernode	worker-cs-26	Label-A	2003
3	pernode	worker-cs-26	Label-A	2002
3	pernode	worker-cs-26	Label-A	2001
3	pernode	worker-cs-26	Label-A	2002
3	pernode	worker-cs-26	Label-A	2002
3	pernode	worker-cs-26	Label-A	2002
3	pernode	worker-cs-26	Label-A	2003
3	pernode	worker-cs-26	Label-A	2002
3	pernode	worker-cs-26	Label-A	2002
3	pernode	worker-cs-26	Label-A	2001
3	pernode	worker-cs-26	Label-A	2002
3	pernode	worker-cs-26	Label-A	2002
3	pernode	worker-cs-26	Label-A	2002
3	pernode	worker-cs-26	Label-A	2002
3	pernode	worker-cs-26	Label-A	2002
3	pernode	worker-cs-26	Label-A	2003
3	pernode	worker-cs-26	Label-A	2001
3	pernode	worker-cs-26	Label-A	2001
3	pernode	worker-cs-26	Label-A	2002
3	pernode	worker-cs-26	Label-A	2001
3	pernode	worker-cs-26	Label-A	2001
3	pernode	worker-cs-26	Label-A	2001
3	pernode	worker-cs-26	Label-A	2002
3	pernode	worker-cs-26	Label-A	2002
3	pernode	worker-cs-26	Label-A	2002
3	pernode	worker-cs-26	Label-A	2002
3	pernode	worker-cs-26	Label-A	2002
3	pernode	worker-cs-26	Label-A	2002
3	pernode	worker-cs-26	Label-A	2002
3	pernode	worker-cs-26	Label-A	2002
3	pernode	worker-cs-26	Label-A	2002
3	pernode	worker-cs-26	Label-A	2003
3	pernode	worker-cs-26	Label-A	2001
3	pernode	worker-cs-26	Label-A	2002
3	pernode	worker-cs-26	Label-A	2001
3	pernode	worker-cs-26	Label-A	2002
3	pernode	worker-cs-26	Label-A	2001
3	pernode	worker-cs-26	Label-A	2002
3	pernode	worker-cs-26	Label-A	2003
3	pernode	worker-cs-26	Label-A	2003
3	pernode	worker-cs-26	Label-A	2001
3	pernode	worker-cs-26	Label-A	2002
3	pernode	worker-cs-26	Label-A	2002
3	pernode	worker-cs-26	Label-A	2001
3	pernode	worker-cs-26	Label-A	2001
3	pernode	worker-cs-26	Label-A	2001
3	pernode	worker-cs-26	Label-A	2002
3	pernode	worker-cs-26	Label-A	2002
3	pernode	worker-cs-26	Label-A	2003
3	pernode	worker-cs-26	Label-A	2002
3	pernode	worker-cs-26	Label-A	2002
3	pernode	worker-cs-26	Label-A	2001
3	pernode	worker-cs-26	Label-A	2002
3	pernode	worker-cs-26	Label-A	2001
3	pernode	worker-cs-26	Label-A	2002
3	pernode	worker-cs-26	Label-A	2002
3	pernode	worker-cs-26	Label-A	2002
3	pernode	worker-cs-26	Label-A	2001
3	pernode	worker-cs-26	Label-A	2001
3	pernode	worker-cs-26	Label-A	2001
3	pernode	worker-cs-26	Label-A	2002
3	pernode	worker-cs-26	Label-A	2002
3	pernode	worker-cs-26	Label-A	2002
3	pernode	worker-cs-26	Label-A	2002
3	pernode	worker-cs-26	Label-A	2002
3	pernode	worker-cs-26	Label-A	2001
3	pernode	worker-cs-26	Label-A	2000
3	pernode	worker-cs-26	Label-A	2002
3	pernode	worker-cs-26	Label-A	2002
3	pernode	worker-cs-26	Label-A	2002
3	pernode	worker-cs-26	Label-A	2002
3	pernode	worker-cs-26	Label-A	2002
3	pernode	worker-cs-26	Label-A	2001
3	pernode	worker-cs-26	Label-A	2001
3	pernode	worker-cs-26	Label-A	2002
3	pernode	worker-cs-26	Label-A	2002
3	pernode	worker-cs-26	Label-A	2002
3	pernode	worker-cs-26	Label-A	2002
3	pernode	worker-cs-26	Label-A	2003
3	pernode	worker-cs-26	Label-A	2001
3	pernode	worker-cs-26	Label-A	2002
3	pernode	worker-cs-26	Label-A	2002
3	pernode	worker-cs-26	Label-A	2003
3	pernode	worker-cs-26	Label-A	2002
3	pernode	worker-cs-26	Label-A	2002
3	pernode	worker-cs-26	Label-A	2002
3	pernode	worker-cs-26	Label-A	2001
3	pernode	worker-cs-26	Label-A	2001
3	pernode	worker-cs-26	Label-A	2002
3	pernode	worker-cs-26	Label-A	2002
3	pernode	worker-cs-26	Label-A	2002
3	pernode	worker-cs-26	Label-A	2002
3	pernode	worker-cs-26	Label-A	2002
3	pernode	worker-cs-26	Label-A	2002
3	pernode	worker-cs-26	Label-A	2002
3	pernode	worker-cs-26	Label-A	2002
3	pernode	worker-cs-26	Label-A	2002
3	pernode	worker-cs-26	Label-A	2002
3	pernode	worker-cs-26	Label-A	2002
3	pernode	worker-cs-26	Label-A	2003
3	pernode	worker-cs-26	Label-A	2001
3	pernode	worker-cs-26	Label-A	2002
3	pernode	worker-cs-26	Label-A	2001
3	pernode	worker-cs-26	Label-A	2001
3	pernode	worker-cs-26	Label-A	2002
3	pernode	worker-cs-26	Label-A	2002
3	pernode	worker-cs-26	Label-A	2001
3	pernode	worker-cs-26	Label-A	2002
3	pernode	worker-cs-26	Label-A	2002
3	pernode	worker-cs-26	Label-A	2002
3	pernode	worker-cs-26	Label-A	2001
3	pernode	worker-cs-26	Label-A	2002
3	pernode	worker-cs-26	Label-A	2002
3	pernode	worker-cs-26	Label-A	2002
3	pernode	worker-cs-26	Label-A	2002
3	pernode	worker-cs-26	Label-A	2002
3	pernode	worker-cs-26	Label-A	2002
3	pernode	worker-cs-26	Label-A	2002
3	pernode	worker-cs-26	Label-A	2003
3	pernode	worker-cs-26	Label-A	2002
3	pernode	worker-cs-26	Label-A	2002
3	pernode	worker-cs-26	Label-A	2001
3	pernode	worker-cs-26	Label-A	2002
3	pernode	worker-cs-26	Label-A	2002
3	pernode	worker-cs-26	Label-A	2002
3	pernode	worker-cs-26	Label-A	2002
3	pernode	worker-cs-26	Label-A	2002
3	pernode	worker-cs-26	Label-A	2004
3	pernode	worker-cs-26	Label-A	2001
3	pernode	worker-cs-26	Label-A	2002
3	pernode	worker-cs-26	Label-A	2001
3	pernode	worker-cs-26	Label-A	2001
3	pernode	worker-cs-26	Label-A	2002
3	pernode	worker-cs-26	Label-A	2002
3	pernode	worker-cs-26	Label-A	2002
3	pernode	worker-cs-26	Label-A	2002
3	pernode	worker-cs-26	Label-A	2001
3	pernode	worker-cs-26	Label-A	2002
3	pernode	worker-cs-26	Label-A	2002
3	pernode	worker-cs-26	Label-A	2001
3	pernode	worker-cs-26	Label-A	2002
3	pernode	worker-cs-26	Label-A	2001
3	pernode	worker-cs-26	Label-A	2003
3	pernode	worker-cs-26	Label-A	2002
3	pernode	worker-cs-26	Label-A	2001
3	pernode	worker-cs-26	Label-A	2001
3	pernode	worker-cs-26	Label-A	2002
3	pernode	worker-cs-26	Label-A	2001
3	pernode	worker-cs-26	Label-A	2002
3	pernode	worker-cs-26	Label-A	2000
3	pernode	worker-cs-26	Label-A	2002
3	pernode	worker-cs-26	Label-A	2002
3	pernode	worker-cs-26	Label-A	2002
3	pernode	worker-cs-26	Label-A	2001
3	pernode	worker-cs-26	Label-A	2002
3	pernode	worker-cs-26	Label-A	2001
3	pernode	worker-cs-26	Label-A	2002
3	pernode	worker-cs-26	Label-A	2001
3	pernode	worker-cs-26	Label-A	2002
3	pernode	worker-cs-26	Label-A	2002
3	pernode	worker-cs-26	Label-A	2002
3	pernode	worker-cs-26	Label-A	2002
3	pernode	worker-cs-26	Label-A	2002
3	pernode	worker-cs-26	Label-A	2002
3	pernode	worker-cs-26	Label-A	2001
3	pernode	worker-cs-26	Label-A	2002
3	pernode	worker-cs-26	Label-A	2001
3	pernode	worker-cs-26	Label-A	2002
3	pernode	worker-cs-26	Label-A	2002
3	pernode	worker-cs-26	Label-A	2001
3	pernode	worker-cs-26	Label-A	2002
3	pernode	worker-cs-26	Label-A	2002
3	pernode	worker-cs-26	Label-A	2003
3	pernode	worker-cs-26	Label-A	2002
3	pernode	worker-cs-26	Label-A	2001
3	pernode	worker-cs-26	Label-A	2001
3	pernode	worker-cs-26	Label-A	2002
3	pernode	worker-cs-26	Label-A	2002
3	pernode	worker-cs-26	Label-A	2002
3	pernode	worker-cs-26	Label-A	2002
3	pernode	worker-cs-26	Label-A	2002
3	pernode	worker-cs-26	Label-A	2002
3	pernode	worker-cs-26	Label-A	2002
3	pernode	worker-cs-26	Label-A	2001
3	pernode	worker-cs-26	Label-A	2002
3	pernode	worker-cs-26	Label-A	2001
3	pernode	worker-cs-26	Label-A	2001
3	pernode	worker-cs-26	Label-A	2001
3	pernode	worker-cs-26	Label-A	2002
3	pernode	worker-cs-26	Label-A	2001
3	pernode	worker-cs-26	Label-A	2002
3	pernode	worker-cs-26	Label-A	2002
3	pernode	worker-cs-26	Label-A	2003
3	pernode	worker-cs-26	Label-A	2002
3	pernode	worker-cs-26	Label-A	2002
3	pernode	worker-cs-26	Label-A	2001
3	pernode	worker-cs-26	Label-A	2002
3	pernode	worker-cs-26	Label-A	2002
3	pernode	worker-cs-26	Label-A	2002
3	pernode	worker-cs-26	Label-A	2002
3	pernode	worker-cs-26	Label-A	2003
3	pernode	worker-cs-26	Label-A	2002
3	pernode	worker-cs-26	Label-A	2001
3	pernode	worker-cs-26	Label-A	2002
3	pernode	worker-cs-26	Label-A	2002
3	pernode	worker-cs-26	Label-A	2002
3	pernode	worker-cs-26	Label-A	2002
3	pernode	worker-cs-26	Label-A	2001
3	pernode	worker-cs-26	Label-A	2002
3	pernode	worker-cs-26	Label-A	2002
3	pernode	worker-cs-26	Label-A	2002
3	pernode	worker-cs-26	Label-A	2002
3	pernode	worker-cs-26	Label-A	2002
3	pernode	worker-cs-26	Label-A	2002
3	pernode	worker-cs-26	Label-A	2002
3	pernode	worker-cs-26	Label-A	2002
3	pernode	worker-cs-26	Label-A	2002
3	pernode	worker-cs-26	Label-A	2003
3	pernode	worker-cs-26	Label-A	2002
3	pernode	worker-cs-26	Label-A	2001
3	pernode	worker-cs-26	Label-A	2000
3	pernode	worker-cs-26	Label-A	2002
3	pernode	worker-cs-26	Label-A	2002
3	pernode	worker-cs-26	Label-A	2001
3	pernode	worker-cs-26	Label-A	2001
3	pernode	worker-cs-26	Label-A	2001
3	pernode	worker-cs-26	Label-A	2001
3	pernode	worker-cs-26	Label-A	2001
3	pernode	worker-cs-26	Label-A	2001
3	pernode	worker-cs-26	Label-A	2003
3	pernode	worker-cs-26	Label-A	2002
3	pernode	worker-cs-26	Label-A	2002
3	pernode	worker-cs-26	Label-A	2002
3	pernode	worker-cs-26	Label-A	2003
3	pernode	worker-cs-26	Label-A	2001
3	pernode	worker-cs-26	Label-A	2002
3	pernode	worker-cs-26	Label-A	2002
3	pernode	worker-cs-26	Label-A	2003
3	pernode	worker-cs-26	Label-A	2002
3	pernode	worker-cs-26	Label-A	2001
3	pernode	worker-cs-26	Label-A	2002
3	pernode	worker-cs-26	Label-A	2002
3	pernode	worker-cs-26	Label-A	2002
3	pernode	worker-cs-26	Label-A	2002
3	pernode	worker-cs-26	Label-A	2001
3	pernode	worker-cs-26	Label-A	2002
3	pernode	worker-cs-26	Label-A	2001
3	pernode	worker-cs-26	Label-A	2003
3	pernode	worker-cs-26	Label-A	2003
3	pernode	worker-cs-26	Label-A	2004
3	pernode	worker-cs-26	Label-A	2002
3	pernode	worker-cs-26	Label-A	2002
3	pernode	worker-cs-26	Label-A	2001
3	pernode	worker-cs-26	Label-A	2001
3	pernode	worker-cs-26	Label-A	2002
3	pernode	worker-cs-26	Label-A	2002
3	pernode	worker-cs-26	Label-A	2002
3	pernode	worker-cs-26	Label-A	2002
3	pernode	worker-cs-26	Label-A	2002
3	pernode	worker-cs-26	Label-A	2002
3	pernode	worker-cs-26	Label-A	2003
3	pernode	worker-cs-26	Label-A	2002
3	pernode	worker-cs-26	Label-A	2001
3	pernode	worker-cs-26	Label-A	2002
3	pernode	worker-cs-26	Label-A	2002
3	pernode	worker-cs-26	Label-A	2002
3	pernode	worker-cs-26	Label-A	2002
3	pernode	worker-cs-26	Label-A	2003
3	pernode	worker-cs-26	Label-A	2002
3	pernode	worker-cs-26	Label-A	2003
3	pernode	worker-cs-26	Label-A	2002
3	pernode	worker-cs-26	Label-A	2002
3	pernode	worker-cs-26	Label-A	2002
3	pernode	worker-cs-26	Label-A	2001
3	pernode	worker-cs-26	Label-A	2002
3	pernode	worker-cs-26	Label-A	2002
3	pernode	worker-cs-26	Label-A	2003
3	pernode	worker-cs-26	Label-A	2002
3	pernode	worker-cs-26	Label-A	2002
3	pernode	worker-cs-26	Label-A	2002
3	pernode	worker-cs-26	Label-A	2001
3	pernode	worker-cs-26	Label-A	2002
3	pernode	worker-cs-26	Label-A	2002
3	pernode	worker-cs-26	Label-A	2002
3	pernode	worker-cs-26	Label-A	2002
3	pernode	worker-cs-26	Label-A	2002
3	pernode	worker-cs-26	Label-A	2002
3	pernode	worker-cs-26	Label-A	2002
3	pernode	worker-cs-26	Label-A	2001
3	pernode	worker-cs-26	Label-A	2001
3	pernode	worker-cs-26	Label-A	2002
3	pernode	worker-cs-26	Label-A	2002
3	pernode	worker-cs-26	Label-A	2001
3	pernode	worker-cs-26	Label-A	2002
3	pernode	worker-cs-26	Label-A	2002
3	pernode	worker-cs-26	Label-A	2002
3	pernode	worker-cs-26	Label-A	2002
3	pernode	worker-cs-26	Label-A	2002
3	pernode	worker-cs-26	Label-A	2002
3	pernode	worker-cs-26	Label-A	2002
3	pernode	worker-cs-26	Label-A	2002
3	pernode	worker-cs-26	Label-A	2002
3	pernode	worker-cs-26	Label-A	2001
3	pernode	worker-cs-26	Label-A	2002
3	pernode	worker-cs-26	Label-A	2002
3	pernode	worker-cs-26	Label-A	2003
3	pernode	worker-cs-26	Label-A	2002
3	pernode	worker-cs-26	Label-A	2001
3	pernode	worker-cs-26	Label-A	2002
3	pernode	worker-cs-26	Label-A	2002
3	pernode	worker-cs-26	Label-A	2003
3	pernode	worker-cs-26	Label-A	2002
3	pernode	worker-cs-26	Label-A	2002
3	pernode	worker-cs-26	Label-A	2002
3	pernode	worker-cs-26	Label-A	2002
3	pernode	worker-cs-26	Label-A	2002
3	pernode	worker-cs-26	Label-A	2003
3	pernode	worker-cs-26	Label-A	2002
3	pernode	worker-cs-26	Label-A	2002
3	pernode	worker-cs-26	Label-A	2001
3	pernode	worker-cs-26	Label-A	2003
3	pernode	worker-cs-26	Label-A	2002
3	pernode	worker-cs-26	Label-A	2002
3	pernode	worker-cs-26	Label-A	2002
3	pernode	worker-cs-26	Label-A	2002
3	pernode	worker-cs-26	Label-A	2002
3	pernode	worker-cs-26	Label-A	2002
3	pernode	worker-cs-26	Label-A	2001
3	pernode	worker-cs-26	Label-A	2002
3	pernode	worker-cs-26	Label-A	2002
3	pernode	worker-cs-26	Label-A	2001
3	pernode	worker-cs-26	Label-A	2002
3	pernode	worker-cs-26	Label-A	2001
3	pernode	worker-cs-26	Label-A	2002
3	pernode	worker-cs-26	Label-A	2002
3	pernode	worker-cs-26	Label-A	2003
3	pernode	worker-cs-26	Label-A	2002
3	pernode	worker-cs-26	Label-A	2005
3	pernode	worker-cs-26	Label-A	2003
3	pernode	worker-cs-26	Label-A	2002
3	pernode	worker-cs-26	Label-A	2001
3	pernode	worker-cs-26	Label-A	2002
3	pernode	worker-cs-26	Label-A	2002
3	pernode	worker-cs-26	Label-A	2002
3	pernode	worker-cs-26	Label-A	2002
3	pernode	worker-cs-26	Label-A	2001
3	pernode	worker-cs-26	Label-A	2002
3	pernode	worker-cs-26	Label-A	2001
3	pernode	worker-cs-26	Label-A	2002
3	pernode	worker-cs-26	Label-A	2002
3	pernode	worker-cs-26	Label-A	2001
3	pernode	worker-cs-26	Label-A	2002
3	pernode	worker-cs-26	Label-A	2002
3	pernode	worker-cs-26	Label-A	2002
3	pernode	worker-cs-26	Label-A	2002
3	pernode	worker-cs-26	Label-A	2002
3	pernode	worker-cs-26	Label-A	2000
3	pernode	worker-cs-26	Label-A	2002
3	pernode	worker-cs-26	Label-A	2002
3	pernode	worker-cs-26	Label-A	2002
3	pernode	worker-cs-26	Label-A	2002
3	pernode	worker-cs-26	Label-A	2002
