1	baseline	worker-cs-0	Label-10	2000
1	baseline	worker-cs-0	Label-15	2000
1	baseline	worker-cs-0	Label-10	45000
1	baseline	worker-cs-0	Label-06	45000
1	baseline	worker-cs-0	Label-03	45000
1	baseline	worker-cs-0	Label-04	44999
1	baseline	worker-cs-0	Label-13	180000
1	baseline	worker-cs-0	Label-07	45000
1	baseline	worker-cs-0	Label-05	45000
1	baseline	worker-cs-0	Label-03	45000
1	baseline	worker-cs-0	Label-10	45000
1	baseline	worker-cs-0	Label-02	2000
1	baseline	worker-cs-0	Label-02	45000
1	baseline	worker-cs-0	Label-01	2000
1	baseline	worker-cs-0	Label-15	180000
1	baseline	worker-cs-0	Label-02	1999
1	baseline	worker-cs-0	Label-06	45000
1	baseline	worker-cs-0	Label-01	45000
1	baseline	worker-cs-0	Label-02	45000
1	baseline	worker-cs-0	Label-10	2000
1	baseline	worker-cs-0	Label-08	2000
1	baseline	worker-cs-0	Label-10	45002
1	baseline	worker-cs-0	Label-08	1999
1	baseline	worker-cs-0	Label-08	45001
1	baseline	worker-cs-0	Label-08	1999
1	baseline	worker-cs-0	Label-06	44999
1	baseline	worker-cs-0	Label-11	1999
1	baseline	worker-cs-0	Label-06	1999
1	baseline	worker-cs-0	Label-11	45000
1	baseline	worker-cs-0	Label-09	2000
1	baseline	worker-cs-0	Label-09	44999
1	baseline	worker-cs-0	Label-03	45000
1	baseline	worker-cs-0	Label-02	2000
1	baseline	worker-cs-0	Label-02	45000
1	baseline	worker-cs-0	Label-13	179999
1	baseline	worker-cs-0	Label-06	44999
1	baseline	worker-cs-0	Label-01	2000
1	baseline	worker-cs-0	Label-05	2000
1	baseline	worker-cs-0	Label-11	45000
1	baseline	worker-cs-0	Label-12	45000
1	baseline	worker-cs-0	Label-01	44999
1	baseline	worker-cs-0	Label-05	45000
1	baseline	worker-cs-0	Label-04	45000
1	baseline	worker-cs-0	Label-08	44999
1	baseline	worker-cs-0	Label-12	44999
1	baseline	worker-cs-0	Label-07	44999
1	baseline	worker-cs-0	Label-02	45000
1	baseline	worker-cs-0	Label-04	45000
1	baseline	worker-cs-0	Label-11	2000
1	baseline	worker-cs-0	Label-11	45000
1	baseline	worker-cs-0	Label-08	45000
1	baseline	worker-cs-0	Label-05	45000
1	baseline	worker-cs-0	Label-12	45000
1	baseline	worker-cs-0	Label-14	180000
1	baseline	worker-cs-0	Label-03	45000
1	baseline	worker-cs-0	Label-02	2000
1	baseline	worker-cs-0	Label-13	179999
1	baseline	worker-cs-0	Label-01	45000
1	baseline	worker-cs-0	Label-03	1999
1	baseline	worker-cs-0	Label-03	1999
1	baseline	worker-cs-0	Label-04	45000
1	baseline	worker-cs-0	Label-04	1999
1	baseline	worker-cs-0	Label-01	2000
1	baseline	worker-cs-0	Label-09	2000
1	baseline	worker-cs-0	Label-02	45001
1	baseline	worker-cs-0	Label-11	45001
1	baseline	worker-cs-0	Label-03	45000
1	baseline	worker-cs-0	Label-09	45000
1	baseline	worker-cs-0	Label-05	45000
1	baseline	worker-cs-0	Label-07	2000
1	baseline	worker-cs-0	Label-05	1999
1	baseline	worker-cs-0	Label-04	45000
1	baseline	worker-cs-0	Label-03	2000
1	baseline	worker-cs-0	Label-07	44999
1	baseline	worker-cs-0	Label-10	45000
1	baseline	worker-cs-0	Label-01	1999
1	baseline	worker-cs-0	Label-03	45000
1	baseline	worker-cs-0	Label-08	2000
1	baseline	worker-cs-0	Label-14	2000
1	baseline	worker-cs-0	Label-05	45000
1	baseline	worker-cs-0	Label-01	45000
1	baseline	worker-cs-0	Label-08	45000
1	baseline	worker-cs-0	Label-04	44999
1	baseline	worker-cs-0	Label-07	45000
1	baseline	worker-cs-0	Label-10	1999
1	baseline	worker-cs-0	Label-10	45000
1	baseline	worker-cs-0	Label-05	45000
1	baseline	worker-cs-0	Label-05	1999
1	baseline	worker-cs-0	Label-09	44999
1	baseline	worker-cs-0	Label-04	45000
1	baseline	worker-cs-0	Label-11	45000
1	baseline	worker-cs-0	Label-01	2000
1	baseline	worker-cs-0	Label-01	44999
1	baseline	worker-cs-0	Label-14	180000
1	baseline	worker-cs-0	Label-11	2000
1	baseline	worker-cs-0	Label-10	45000
1	baseline	worker-cs-0	Label-11	2000
1	baseline	worker-cs-0	Label-08	1999
1	baseline	worker-cs-0	Label-08	45000
1	baseline	worker-cs-0	Label-06	1999
1	baseline	worker-cs-0	Label-02	45000
1	baseline	worker-cs-0	Label-06	1999
1	baseline	worker-cs-0	Label-06	2000
1	baseline	worker-cs-0	Label-11	44999
1	baseline	worker-cs-0	Label-06	44999
1	baseline	worker-cs-0	Label-12	45000
1	baseline	worker-cs-0	Label-03	45001
1	baseline	worker-cs-0	Label-03	2000
1	baseline	worker-cs-0	Label-07	45000
1	baseline	worker-cs-0	Label-04	45000
1	baseline	worker-cs-0	Label-09	45001
1	baseline	worker-cs-0	Label-09	2000
1	baseline	worker-cs-0	Label-06	44999
1	baseline	worker-cs-0	Label-06	1999
1	baseline	worker-cs-0	Label-02	44999
1	baseline	worker-cs-0	Label-02	2000
1	baseline	worker-cs-0	Label-05	44999
1	baseline	worker-cs-0	Label-08	45000
1	baseline	worker-cs-0	Label-03	45001
1	baseline	worker-cs-0	Label-12	44999
1	baseline	worker-cs-0	Label-02	45000
1	baseline	worker-cs-0	Label-01	1999
1	baseline	worker-cs-0	Label-01	44999
1	baseline	worker-cs-0	Label-09	45000
1	baseline	worker-cs-0	Label-05	45000
1	baseline	worker-cs-0	Label-13	180000
1	baseline	worker-cs-0	Label-06	45000
1	baseline	worker-cs-0	Label-01	45000
1	baseline	worker-cs-0	Label-06	1999
1	baseline	worker-cs-0	Label-15	2000
1	baseline	worker-cs-0	Label-06	2000
1	baseline	worker-cs-0	Label-11	45000
1	baseline	worker-cs-0	Label-09	45000
1	baseline	worker-cs-0	Label-02	45000
1	baseline	worker-cs-0	Label-12	45000
1	baseline	worker-cs-0	Label-02	2000
1	baseline	worker-cs-0	Label-02	1999
1	baseline	worker-cs-0	Label-15	180000
1	baseline	worker-cs-0	Label-03	45001
1	baseline	worker-cs-0	Label-10	45000
1	baseline	worker-cs-0	Label-06	44999
1	baseline	worker-cs-0	Label-11	2000
1	baseline	worker-cs-0	Label-04	44999
1	baseline	worker-cs-0	Label-09	45000
1	baseline	worker-cs-0	Label-06	2000
1	baseline	worker-cs-0	Label-09	2000
1	baseline	worker-cs-0	Label-11	44999
1	baseline	worker-cs-0	Label-12	44999
1	baseline	worker-cs-0	Label-06	44999
1	baseline	worker-cs-0	Label-06	2000
1	baseline	worker-cs-0	Label-04	45000
1	baseline	worker-cs-0	Label-12	2000
1	baseline	worker-cs-0	Label-09	2000
1	baseline	worker-cs-0	Label-09	2000
1	baseline	worker-cs-0	Label-12	2001
1	baseline	worker-cs-0	Label-09	44999
1	baseline	worker-cs-0	Label-12	45000
1	baseline	worker-cs-0	Label-09	1999
1	baseline	worker-cs-0	Label-04	2000
1	baseline	worker-cs-0	Label-04	45000
1	baseline	worker-cs-0	Label-11	45000
1	baseline	worker-cs-0	Label-06	44999
1	baseline	worker-cs-0	Label-01	2001
1	baseline	worker-cs-0	Label-01	45000
1	baseline	worker-cs-0	Label-15	179999
1	baseline	worker-cs-0	Label-03	2001
1	baseline	worker-cs-0	Label-03	45000
1	baseline	worker-cs-0	Label-14	180000
1	baseline	worker-cs-0	Label-04	2000
1	baseline	worker-cs-0	Label-05	44999
1	baseline	worker-cs-0	Label-04	45000
1	baseline	worker-cs-0	Label-02	45000
1	baseline	worker-cs-0	Label-11	1999
1	baseline	worker-cs-0	Label-02	2000
1	baseline	worker-cs-0	Label-09	1999
1	baseline	worker-cs-0	Label-11	44999
1	baseline	worker-cs-0	Label-06	45001
1	baseline	worker-cs-0	Label-09	45000
1	baseline	worker-cs-0	Label-07	45000
1	baseline	worker-cs-0	Label-02	2000
1	baseline	worker-cs-0	Label-02	45000
1	baseline	worker-cs-0	Label-08	2000
1	baseline	worker-cs-0	Label-14	2000
1	baseline	worker-cs-0	Label-08	44999
1	baseline	worker-cs-0	Label-13	180000
1	baseline	worker-cs-0	Label-01	45000
1	baseline	worker-cs-0	Label-07	45000
1	baseline	worker-cs-0	Label-06	1999
1	baseline	worker-cs-0	Label-06	45000
1	baseline	worker-cs-0	Label-03	45000
1	baseline	worker-cs-0	Label-01	45000
1	baseline	worker-cs-0	Label-02	44999
1	baseline	worker-cs-0	Label-07	44999
1	baseline	worker-cs-0	Label-12	45000
1	baseline	worker-cs-0	Label-14	180000
1	baseline	worker-cs-0	Label-04	44999
1	baseline	worker-cs-0	Label-10	45000
1	baseline	worker-cs-0	Label-10	2000
1	baseline	worker-cs-0	Label-15	2000
1	baseline	worker-cs-0	Label-02	45000
1	baseline	worker-cs-0	Label-12	2000
1	baseline	worker-cs-0	Label-02	2000
1	baseline	worker-cs-0	Label-11	45000
1	baseline	worker-cs-0	Label-08	45000
1	baseline	worker-cs-0	Label-12	44999
1	baseline	worker-cs-0	Label-15	180000
1	baseline	worker-cs-0	Label-05	45001
1	baseline	worker-cs-0	Label-11	45000
1	baseline	worker-cs-0	Label-02	2000
1	baseline	worker-cs-0	Label-03	45000
1	baseline	worker-cs-0	Label-02	45000
1	baseline	worker-cs-0	Label-09	2000
1	baseline	worker-cs-0	Label-05	2000
1	baseline	worker-cs-0	Label-05	44999
1	baseline	worker-cs-0	Label-15	2000
1	baseline	worker-cs-0	Label-09	45000
1	baseline	worker-cs-0	Label-11	44999
1	baseline	worker-cs-0	Label-11	2000
1	baseline	worker-cs-0	Label-03	45000
1	baseline	worker-cs-0	Label-14	180001
1	baseline	worker-cs-0	Label-12	44999
1	baseline	worker-cs-0	Label-09	45000
1	baseline	worker-cs-0	Label-03	2000
1	baseline	worker-cs-0	Label-13	179999
1	baseline	worker-cs-0	Label-10	2000
1	baseline	worker-cs-1	Label-05	2000
1	baseline	worker-cs-1	Label-10	45000
1	baseline	worker-cs-1	Label-14	180000
1	baseline	worker-cs-1	Label-14	2000
1	baseline	worker-cs-1	Label-04	44999
1	baseline	worker-cs-1	Label-07	45000
1	baseline	worker-cs-1	Label-09	45000
1	baseline	worker-cs-1	Label-12	45000
1	baseline	worker-cs-1	Label-01	44999
1	baseline	worker-cs-1	Label-01	2000
1	baseline	worker-cs-1	Label-03	44999
1	baseline	worker-cs-1	Label-05	45000
1	baseline	worker-cs-1	Label-06	45000
1	baseline	worker-cs-1	Label-10	44999
1	baseline	worker-cs-1	Label-08	2000
1	baseline	worker-cs-1	Label-08	45000
1	baseline	worker-cs-1	Label-11	45000
1	baseline	worker-cs-1	Label-02	45000
1	baseline	worker-cs-1	Label-13	180000
1	baseline	worker-cs-1	Label-06	2000
1	baseline	worker-cs-1	Label-15	2000
1	baseline	worker-cs-1	Label-06	45000
1	baseline	worker-cs-1	Label-04	1999
1	baseline	worker-cs-1	Label-04	1999
1	baseline	worker-cs-1	Label-10	2000
1	baseline	worker-cs-1	Label-04	44999
1	baseline	worker-cs-1	Label-10	45000
1	baseline	worker-cs-1	Label-05	2000
1	baseline	worker-cs-1	Label-03	45000
1	baseline	worker-cs-1	Label-05	44999
1	baseline	worker-cs-1	Label-09	45000
1	baseline	worker-cs-1	Label-06	44998
1	baseline	worker-cs-1	Label-10	44999
1	baseline	worker-cs-1	Label-12	45000
1	baseline	worker-cs-1	Label-01	2000
1	baseline	worker-cs-1	Label-12	2000
1	baseline	worker-cs-1	Label-15	180000
1	baseline	worker-cs-1	Label-15	1999
1	baseline	worker-cs-1	Label-03	1999
1	baseline	worker-cs-1	Label-15	2000
1	baseline	worker-cs-1	Label-01	45000
1	baseline	worker-cs-1	Label-06	1999
1	baseline	worker-cs-1	Label-02	45000
1	baseline	worker-cs-1	Label-03	45000
1	baseline	worker-cs-1	Label-06	1999
1	baseline	worker-cs-1	Label-06	45000
1	baseline	worker-cs-1	Label-11	45000
1	baseline	worker-cs-1	Label-03	2001
1	baseline	worker-cs-1	Label-10	45000
1	baseline	worker-cs-1	Label-09	2000
1	baseline	worker-cs-1	Label-09	45000
1	baseline	worker-cs-1	Label-03	2000
1	baseline	worker-cs-1	Label-03	45000
1	baseline	worker-cs-1	Label-07	45000
1	baseline	worker-cs-1	Label-01	45000
1	baseline	worker-cs-1	Label-04	44999
1	baseline	worker-cs-1	Label-12	45001
1	baseline	worker-cs-1	Label-11	44999
1	baseline	worker-cs-1	Label-09	45000
1	baseline	worker-cs-1	Label-13	179999
1	baseline	worker-cs-1	Label-03	2000
1	baseline	worker-cs-1	Label-03	44999
1	baseline	worker-cs-1	Label-12	45000
1	baseline	worker-cs-1	Label-09	2000
1	baseline	worker-cs-1	Label-09	2000
1	baseline	worker-cs-1	Label-08	45000
1	baseline	worker-cs-1	Label-15	2000
1	baseline	worker-cs-1	Label-09	44999
1	baseline	worker-cs-1	Label-09	2000
1	baseline	worker-cs-1	Label-07	45000
1	baseline	worker-cs-1	Label-08	45001
1	baseline	worker-cs-1	Label-01	45000
1	baseline	worker-cs-1	Label-14	179999
1	baseline	worker-cs-1	Label-05	45000
1	baseline	worker-cs-1	Label-15	180000
1	baseline	worker-cs-1	Label-05	1999
1	baseline	worker-cs-1	Label-11	2000
1	baseline	worker-cs-1	Label-05	2000
1	baseline	worker-cs-1	Label-09	45000
1	baseline	worker-cs-1	Label-09	2000
1	baseline	worker-cs-1	Label-04	44999
1	baseline	worker-cs-1	Label-05	2000
1	baseline	worker-cs-1	Label-03	2000
1	baseline	worker-cs-1	Label-11	45000
1	baseline	worker-cs-1	Label-06	2000
1	baseline	worker-cs-1	Label-11	1999
1	baseline	worker-cs-1	Label-03	2001
1	baseline	worker-cs-1	Label-06	45000
1	baseline	worker-cs-1	Label-07	45000
1	baseline	worker-cs-1	Label-03	2000
1	baseline	worker-cs-1	Label-03	44999
1	baseline	worker-cs-1	Label-11	2000
1	baseline	worker-cs-1	Label-01	44999
1	baseline	worker-cs-1	Label-09	2000
1	baseline	worker-cs-1	Label-09	45000
1	baseline	worker-cs-1	Label-12	45000
1	baseline	worker-cs-1	Label-08	45000
1	baseline	worker-cs-1	Label-06	45000
1	baseline	worker-cs-1	Label-05	44999
1	baseline	worker-cs-1	Label-12	2000
1	baseline	worker-cs-1	Label-11	45000
1	baseline	worker-cs-1	Label-09	1999
1	baseline	worker-cs-1	Label-12	44999
1	baseline	worker-cs-1	Label-12	2000
1	baseline	worker-cs-1	Label-09	45000
1	baseline	worker-cs-1	Label-01	45001
1	baseline	worker-cs-1	Label-04	45000
1	baseline	worker-cs-1	Label-02	45000
1	baseline	worker-cs-1	Label-06	45000
1	baseline	worker-cs-1	Label-03	45001
1	baseline	worker-cs-1	Label-03	2000
1	baseline	worker-cs-1	Label-14	180000
1	baseline	worker-cs-1	Label-01	45000
1	baseline	worker-cs-1	Label-09	2001
1	baseline	worker-cs-1	Label-09	44999
1	baseline	worker-cs-1	Label-09	2000
1	baseline	worker-cs-1	Label-04	45000
1	baseline	worker-cs-1	Label-07	1999
1	baseline	worker-cs-1	Label-05	44999
1	baseline	worker-cs-1	Label-07	45000
1	baseline	worker-cs-1	Label-13	180000
1	baseline	worker-cs-1	Label-03	45000
1	baseline	worker-cs-1	Label-06	44999
1	baseline	worker-cs-1	Label-03	2000
1	baseline	worker-cs-1	Label-10	45000
1	baseline	worker-cs-1	Label-01	45000
1	baseline	worker-cs-1	Label-07	2000
1	baseline	worker-cs-1	Label-07	45000
1	baseline	worker-cs-1	Label-08	45001
1	baseline	worker-cs-1	Label-15	2000
1	baseline	worker-cs-1	Label-04	2000
1	baseline	worker-cs-1	Label-04	45000
1	baseline	worker-cs-1	Label-15	180000
1	baseline	worker-cs-1	Label-09	45000
1	baseline	worker-cs-1	Label-05	44999
1	baseline	worker-cs-1	Label-03	44999
1	baseline	worker-cs-1	Label-04	45000
1	baseline	worker-cs-1	Label-11	44999
1	baseline	worker-cs-1	Label-01	45000
1	baseline	worker-cs-1	Label-06	44999
1	baseline	worker-cs-1	Label-07	2000
1	baseline	worker-cs-1	Label-09	1999
1	baseline	worker-cs-1	Label-06	2000
1	baseline	worker-cs-1	Label-09	45000
1	baseline	worker-cs-1	Label-07	45000
1	baseline	worker-cs-1	Label-13	180000
1	baseline	worker-cs-1	Label-10	45000
1	baseline	worker-cs-1	Label-01	1999
1	baseline	worker-cs-1	Label-01	45001
1	baseline	worker-cs-1	Label-02	1999
1	baseline	worker-cs-1	Label-02	1999
1	baseline	worker-cs-1	Label-04	45001
1	baseline	worker-cs-1	Label-02	44999
1	baseline	worker-cs-1	Label-03	45000
1	baseline	worker-cs-1	Label-09	1999
1	baseline	worker-cs-1	Label-03	2001
1	baseline	worker-cs-1	Label-11	2000
1	baseline	worker-cs-1	Label-12	45000
1	baseline	worker-cs-1	Label-11	45000
1	baseline	worker-cs-1	Label-05	2000
1	baseline	worker-cs-1	Label-09	45000
1	baseline	worker-cs-1	Label-05	2001
1	baseline	worker-cs-1	Label-06	2000
1	baseline	worker-cs-1	Label-05	45000
1	baseline	worker-cs-1	Label-06	45000
1	baseline	worker-cs-1	Label-03	2000
1	baseline	worker-cs-1	Label-07	44999
1	baseline	worker-cs-1	Label-03	45000
1	baseline	worker-cs-1	Label-04	45000
1	baseline	worker-cs-1	Label-02	45000
1	baseline	worker-cs-1	Label-11	45000
1	baseline	worker-cs-1	Label-08	45000
1	baseline	worker-cs-1	Label-09	45000
1	baseline	worker-cs-1	Label-09	2000
1	baseline	worker-cs-1	Label-12	2000
1	baseline	worker-cs-1	Label-03	45000
1	baseline	worker-cs-1	Label-12	2000
1	baseline	worker-cs-1	Label-06	45000
1	baseline	worker-cs-1	Label-12	45000
1	baseline	worker-cs-1	Label-10	45000
1	baseline	worker-cs-1	Label-15	180000
1	baseline	worker-cs-1	Label-07	45000
1	baseline	worker-cs-1	Label-11	45000
1	baseline	worker-cs-1	Label-05	45000
1	baseline	worker-cs-1	Label-14	2000
1	baseline	worker-cs-1	Label-04	44999
1	baseline	worker-cs-1	Label-06	45000
1	baseline	worker-cs-1	Label-03	2000
1	baseline	worker-cs-1	Label-07	45000
1	baseline	worker-cs-1	Label-03	45000
1	baseline	worker-cs-1	Label-01	45000
1	baseline	worker-cs-1	Label-11	45000
1	baseline	worker-cs-1	Label-14	179999
1	baseline	worker-cs-1	Label-08	1999
1	baseline	worker-cs-1	Label-08	2000
1	baseline	worker-cs-1	Label-08	45001
1	baseline	worker-cs-1	Label-09	45000
1	baseline	worker-cs-1	Label-01	44999
1	baseline	worker-cs-1	Label-11	45000
1	baseline	worker-cs-1	Label-06	45000
1	baseline	worker-cs-1	Label-02	2000
1	baseline	worker-cs-1	Label-13	180000
1	baseline	worker-cs-1	Label-10	2000
1	baseline	worker-cs-1	Label-02	45000
1	baseline	worker-cs-1	Label-12	45001
1	baseline	worker-cs-1	Label-10	2000
1	baseline	worker-cs-1	Label-10	1999
1	baseline	worker-cs-1	Label-10	45000
1	baseline	worker-cs-1	Label-01	45001
1	baseline	worker-cs-1	Label-07	2000
1	baseline	worker-cs-1	Label-07	45000
1	baseline	worker-cs-1	Label-09	44999
1	baseline	worker-cs-1	Label-12	45001
1	baseline	worker-cs-1	Label-04	45000
1	baseline	worker-cs-1	Label-03	44998
1	baseline	worker-cs-1	Label-08	45000
1	baseline	worker-cs-1	Label-10	45001
1	baseline	worker-cs-1	Label-10	1999
1	baseline	worker-cs-1	Label-14	180000
1	baseline	worker-cs-1	Label-07	1998
1	baseline	worker-cs-1	Label-07	45000
1	baseline	worker-cs-1	Label-11	45000
1	baseline	worker-cs-1	Label-13	2000
1	baseline	worker-cs-1	Label-06	44999
1	baseline	worker-cs-1	Label-10	45000
1	baseline	worker-cs-1	Label-10	2000
1	baseline	worker-cs-1	Label-11	2000
1	baseline	worker-cs-1	Label-11	45000
1	baseline	worker-cs-1	Label-08	44999
1	baseline	worker-cs-2	Label-04	45000
1	baseline	worker-cs-2	Label-09	1999
1	baseline	worker-cs-2	Label-12	45000
1	baseline	worker-cs-2	Label-03	45000
1	baseline	worker-cs-2	Label-06	44999
1	baseline	worker-cs-2	Label-02	2000
1	baseline	worker-cs-2	Label-02	45000
1	baseline	worker-cs-2	Label-13	179999
1	baseline	worker-cs-2	Label-15	2000
1	baseline	worker-cs-2	Label-01	1999
1	baseline	worker-cs-2	Label-01	44999
1	baseline	worker-cs-2	Label-11	1999
1	baseline	worker-cs-2	Label-11	44999
1	baseline	worker-cs-2	Label-06	45000
1	baseline	worker-cs-2	Label-08	44999
1	baseline	worker-cs-2	Label-08	2000
1	baseline	worker-cs-2	Label-10	45000
1	baseline	worker-cs-2	Label-02	2000
1	baseline	worker-cs-2	Label-02	44999
1	baseline	worker-cs-2	Label-12	45000
1	baseline	worker-cs-2	Label-15	2000
1	baseline	worker-cs-2	Label-15	179999
1	baseline	worker-cs-2	Label-10	2000
1	baseline	worker-cs-2	Label-11	44999
1	baseline	worker-cs-2	Label-01	44999
1	baseline	worker-cs-2	Label-14	2000
1	baseline	worker-cs-2	Label-10	45000
1	baseline	worker-cs-2	Label-03	45000
1	baseline	worker-cs-2	Label-09	45000
1	baseline	worker-cs-2	Label-12	44999
1	baseline	worker-cs-2	Label-11	44999
1	baseline	worker-cs-2	Label-04	45000
1	baseline	worker-cs-2	Label-02	45000
1	baseline	worker-cs-2	Label-01	45000
1	baseline	worker-cs-2	Label-14	180000
1	baseline	worker-cs-2	Label-12	45000
1	baseline	worker-cs-2	Label-05	45000
1	baseline	worker-cs-2	Label-07	44999
1	baseline	worker-cs-2	Label-02	45000
1	baseline	worker-cs-2	Label-10	45000
1	baseline	worker-cs-2	Label-04	45000
1	baseline	worker-cs-2	Label-08	45000
1	baseline	worker-cs-2	Label-06	1999
1	baseline	worker-cs-2	Label-15	180000
1	baseline	worker-cs-2	Label-06	1999
1	baseline	worker-cs-2	Label-11	45000
1	baseline	worker-cs-2	Label-06	45000
1	baseline	worker-cs-2	Label-13	180000
1	baseline	worker-cs-2	Label-02	2000
1	baseline	worker-cs-2	Label-02	45003
1	baseline	worker-cs-2	Label-10	45000
1	baseline	worker-cs-2	Label-03	45000
1	baseline	worker-cs-2	Label-04	45000
1	baseline	worker-cs-2	Label-11	44999
1	baseline	worker-cs-2	Label-13	1999
1	baseline	worker-cs-2	Label-06	45000
1	baseline	worker-cs-2	Label-10	45000
1	baseline	worker-cs-2	Label-01	2000
1	baseline	worker-cs-2	Label-08	45000
1	baseline	worker-cs-2	Label-01	2000
1	baseline	worker-cs-2	Label-01	45000
1	baseline	worker-cs-2	Label-04	45000
1	baseline	worker-cs-2	Label-14	2000
1	baseline	worker-cs-2	Label-14	180000
1	baseline	worker-cs-2	Label-06	45001
1	baseline	worker-cs-2	Label-03	44999
1	baseline	worker-cs-2	Label-14	2001
1	baseline	worker-cs-2	Label-05	45000
1	baseline	worker-cs-2	Label-01	2000
1	baseline	worker-cs-2	Label-08	45000
1	baseline	worker-cs-2	Label-01	2000
1	baseline	worker-cs-2	Label-13	180000
1	baseline	worker-cs-2	Label-04	1999
1	baseline	worker-cs-2	Label-01	45000
1	baseline	worker-cs-2	Label-01	2000
1	baseline	worker-cs-2	Label-01	2000
1	baseline	worker-cs-2	Label-04	45000
1	baseline	worker-cs-2	Label-10	45000
1	baseline	worker-cs-2	Label-11	45000
1	baseline	worker-cs-2	Label-06	45000
1	baseline	worker-cs-2	Label-02	44999
1	baseline	worker-cs-2	Label-09	1999
1	baseline	worker-cs-2	Label-03	45001
1	baseline	worker-cs-2	Label-02	2000
1	baseline	worker-cs-2	Label-09	45000
1	baseline	worker-cs-2	Label-10	44999
1	baseline	worker-cs-2	Label-04	44999
1	baseline	worker-cs-2	Label-01	44999
1	baseline	worker-cs-2	Label-04	2000
1	baseline	worker-cs-2	Label-14	2000
1	baseline	worker-cs-2	Label-11	2000
1	baseline	worker-cs-2	Label-14	180000
1	baseline	worker-cs-2	Label-11	45000
1	baseline	worker-cs-2	Label-01	45000
1	baseline	worker-cs-2	Label-04	44999
1	baseline	worker-cs-2	Label-08	45000
1	baseline	worker-cs-2	Label-06	45000
1	baseline	worker-cs-2	Label-14	2000
1	baseline	worker-cs-2	Label-03	44999
1	baseline	worker-cs-2	Label-10	44999
1	baseline	worker-cs-2	Label-02	2000
1	baseline	worker-cs-2	Label-02	45000
1	baseline	worker-cs-2	Label-05	45000
1	baseline	worker-cs-2	Label-09	45000
1	baseline	worker-cs-2	Label-04	45000
1	baseline	worker-cs-2	Label-13	180000
1	baseline	worker-cs-2	Label-11	45000
1	baseline	worker-cs-2	Label-12	44999
1	baseline	worker-cs-2	Label-03	45000
1	baseline	worker-cs-2	Label-08	45000
1	baseline	worker-cs-2	Label-08	2000
1	baseline	worker-cs-2	Label-14	179999
1	baseline	worker-cs-2	Label-02	45000
1	baseline	worker-cs-2	Label-02	1999
1	baseline	worker-cs-2	Label-04	45000
1	baseline	worker-cs-2	Label-11	44999
1	baseline	worker-cs-2	Label-05	44999
1	baseline	worker-cs-2	Label-03	45000
1	baseline	worker-cs-2	Label-01	2000
1	baseline	worker-cs-2	Label-01	44999
1	baseline	worker-cs-2	Label-05	2001
1	baseline	worker-cs-2	Label-04	44999
1	baseline	worker-cs-2	Label-04	2001
1	baseline	worker-cs-2	Label-15	1999
1	baseline	worker-cs-2	Label-04	2001
1	baseline	worker-cs-2	Label-10	2000
1	baseline	worker-cs-2	Label-10	44999
1	baseline	worker-cs-2	Label-05	45000
1	baseline	worker-cs-2	Label-09	44999
1	baseline	worker-cs-2	Label-02	2000
1	baseline	worker-cs-2	Label-11	45000
1	baseline	worker-cs-2	Label-02	45000
1	baseline	worker-cs-2	Label-11	2001
1	baseline	worker-cs-2	Label-11	2000
1	baseline	worker-cs-2	Label-15	1999
1	baseline	worker-cs-2	Label-09	45000
1	baseline	worker-cs-2	Label-12	44999
1	baseline	worker-cs-2	Label-07	44999
1	baseline	worker-cs-2	Label-03	1999
1	baseline	worker-cs-2	Label-14	2000
1	baseline	worker-cs-2	Label-15	179999
1	baseline	worker-cs-2	Label-03	44999
1	baseline	worker-cs-2	Label-03	1999
1	baseline	worker-cs-2	Label-15	1999
1	baseline	worker-cs-2	Label-03	2000
1	baseline	worker-cs-2	Label-14	1999
1	baseline	worker-cs-2	Label-09	45000
1	baseline	worker-cs-2	Label-04	2000
1	baseline	worker-cs-2	Label-04	44998
1	baseline	worker-cs-2	Label-01	45000
1	baseline	worker-cs-2	Label-13	180000
1	baseline	worker-cs-2	Label-02	44999
1	baseline	worker-cs-2	Label-07	1999
1	baseline	worker-cs-2	Label-07	44999
1	baseline	worker-cs-2	Label-11	45000
1	baseline	worker-cs-2	Label-03	45000
1	baseline	worker-cs-2	Label-12	45000
1	baseline	worker-cs-2	Label-04	2000
1	baseline	worker-cs-2	Label-04	44999
1	baseline	worker-cs-2	Label-01	45000
1	baseline	worker-cs-2	Label-05	1999
1	baseline	worker-cs-2	Label-14	180000
1	baseline	worker-cs-2	Label-06	45000
1	baseline	worker-cs-2	Label-15	2000
1	baseline	worker-cs-2	Label-09	45000
1	baseline	worker-cs-2	Label-05	44999
1	baseline	worker-cs-2	Label-03	2000
1	baseline	worker-cs-2	Label-09	2000
1	baseline	worker-cs-2	Label-10	1999
1	baseline	worker-cs-2	Label-15	2001
1	baseline	worker-cs-2	Label-03	44999
1	baseline	worker-cs-2	Label-10	45001
1	baseline	worker-cs-2	Label-02	2000
1	baseline	worker-cs-2	Label-01	1999
1	baseline	worker-cs-2	Label-02	45000
1	baseline	worker-cs-2	Label-10	2000
1	baseline	worker-cs-2	Label-01	45000
1	baseline	worker-cs-2	Label-06	45000
1	baseline	worker-cs-2	Label-12	45000
1	baseline	worker-cs-2	Label-09	44999
1	baseline	worker-cs-2	Label-08	45000
1	baseline	worker-cs-2	Label-07	45000
1	baseline	worker-cs-2	Label-11	44999
1	baseline	worker-cs-2	Label-11	2000
1	baseline	worker-cs-2	Label-15	180000
1	baseline	worker-cs-2	Label-09	45000
1	baseline	worker-cs-2	Label-09	2000
1	baseline	worker-cs-2	Label-04	45000
1	baseline	worker-cs-2	Label-05	45000
1	baseline	worker-cs-2	Label-11	44999
1	baseline	worker-cs-2	Label-09	2000
1	baseline	worker-cs-2	Label-03	44999
1	baseline	worker-cs-2	Label-09	45000
1	baseline	worker-cs-2	Label-09	2000
1	baseline	worker-cs-2	Label-13	180001
1	baseline	worker-cs-2	Label-14	2000
1	baseline	worker-cs-2	Label-05	45000
1	baseline	worker-cs-2	Label-02	2000
1	baseline	worker-cs-2	Label-12	2000
1	baseline	worker-cs-2	Label-12	45000
1	baseline	worker-cs-2	Label-02	44999
1	baseline	worker-cs-2	Label-07	45000
1	baseline	worker-cs-2	Label-04	2000
1	baseline	worker-cs-2	Label-08	45000
1	baseline	worker-cs-2	Label-01	45001
1	baseline	worker-cs-2	Label-01	2000
1	baseline	worker-cs-2	Label-04	45000
1	baseline	worker-cs-2	Label-14	180000
1	baseline	worker-cs-2	Label-09	45000
1	baseline	worker-cs-2	Label-06	44999
1	baseline	worker-cs-2	Label-11	45000
1	baseline	worker-cs-2	Label-04	44999
1	baseline	worker-cs-2	Label-10	45000
1	baseline	worker-cs-3	Label-03	2001
1	baseline	worker-cs-3	Label-05	2000
1	baseline	worker-cs-3	Label-05	2000
1	baseline	worker-cs-3	Label-11	2000
1	baseline	worker-cs-3	Label-03	45000
1	baseline	worker-cs-3	Label-04	2000
1	baseline	worker-cs-3	Label-05	44999
1	baseline	worker-cs-3	Label-11	45000
1	baseline	worker-cs-3	Label-04	2000
1	baseline	worker-cs-3	Label-09	2000
1	baseline	worker-cs-3	Label-13	180000
1	baseline	worker-cs-3	Label-04	45000
1	baseline	worker-cs-3	Label-09	45000
1	baseline	worker-cs-3	Label-10	45000
1	baseline	worker-cs-3	Label-01	2000
1	baseline	worker-cs-3	Label-03	2001
1	baseline	worker-cs-3	Label-10	2000
1	baseline	worker-cs-3	Label-05	1999
1	baseline	worker-cs-3	Label-05	45000
1	baseline	worker-cs-3	Label-07	45000
1	baseline	worker-cs-3	Label-01	2000
1	baseline	worker-cs-3	Label-01	45000
1	baseline	worker-cs-3	Label-01	2000
1	baseline	worker-cs-3	Label-03	44999
1	baseline	worker-cs-3	Label-03	1999
1	baseline	worker-cs-3	Label-01	2000
1	baseline	worker-cs-3	Label-09	45000
1	baseline	worker-cs-3	Label-04	44999
1	baseline	worker-cs-3	Label-02	1999
1	baseline	worker-cs-3	Label-01	45000
1	baseline	worker-cs-3	Label-02	45001
1	baseline	worker-cs-3	Label-10	45000
1	baseline	worker-cs-3	Label-03	45000
1	baseline	worker-cs-3	Label-08	44999
1	baseline	worker-cs-3	Label-05	44999
1	baseline	worker-cs-3	Label-15	180000
1	baseline	worker-cs-3	Label-11	45000
1	baseline	worker-cs-3	Label-14	180000
1	baseline	worker-cs-3	Label-14	2000
1	baseline	worker-cs-3	Label-04	45000
1	baseline	worker-cs-3	Label-12	44999
1	baseline	worker-cs-3	Label-03	2000
1	baseline	worker-cs-3	Label-03	44999
1	baseline	worker-cs-3	Label-09	1999
1	baseline	worker-cs-3	Label-07	45000
1	baseline	worker-cs-3	Label-10	2000
1	baseline	worker-cs-3	Label-10	2000
1	baseline	worker-cs-3	Label-10	45000
1	baseline	worker-cs-3	Label-09	45000
1	baseline	worker-cs-3	Label-06	45000
1	baseline	worker-cs-3	Label-03	45000
1	baseline	worker-cs-3	Label-01	45001
1	baseline	worker-cs-3	Label-08	45000
1	baseline	worker-cs-3	Label-09	1999
1	baseline	worker-cs-3	Label-07	45000
1	baseline	worker-cs-3	Label-13	180000
1	baseline	worker-cs-3	Label-09	44999
1	baseline	worker-cs-3	Label-12	2000
1	baseline	worker-cs-3	Label-06	45000
1	baseline	worker-cs-3	Label-03	2000
1	baseline	worker-cs-3	Label-09	1999
1	baseline	worker-cs-3	Label-05	45000
1	baseline	worker-cs-3	Label-03	45000
1	baseline	worker-cs-3	Label-12	1999
1	baseline	worker-cs-3	Label-12	44999
1	baseline	worker-cs-3	Label-02	45000
1	baseline	worker-cs-3	Label-06	45000
1	baseline	worker-cs-3	Label-01	44999
1	baseline	worker-cs-3	Label-07	45000
1	baseline	worker-cs-3	Label-10	2000
1	baseline	worker-cs-3	Label-10	45000
1	baseline	worker-cs-3	Label-04	45000
1	baseline	worker-cs-3	Label-02	2000
1	baseline	worker-cs-3	Label-15	1999
1	baseline	worker-cs-3	Label-08	45000
1	baseline	worker-cs-3	Label-02	44999
1	baseline	worker-cs-3	Label-04	45001
1	baseline	worker-cs-3	Label-11	44999
1	baseline	worker-cs-3	Label-11	2000
1	baseline	worker-cs-3	Label-14	180000
1	baseline	worker-cs-3	Label-15	180000
1	baseline	worker-cs-3	Label-06	2000
1	baseline	worker-cs-3	Label-06	44999
1	baseline	worker-cs-3	Label-09	44999
1	baseline	worker-cs-3	Label-05	45000
1	baseline	worker-cs-3	Label-06	2000
1	baseline	worker-cs-3	Label-03	2000
1	baseline	worker-cs-3	Label-04	2001
1	baseline	worker-cs-3	Label-03	45000
1	baseline	worker-cs-3	Label-11	45000
1	baseline	worker-cs-3	Label-02	44999
1	baseline	worker-cs-3	Label-04	44999
1	baseline	worker-cs-3	Label-01	44999
1	baseline	worker-cs-3	Label-07	45000
1	baseline	worker-cs-3	Label-08	45000
1	baseline	worker-cs-3	Label-04	2000
1	baseline	worker-cs-3	Label-05	45000
1	baseline	worker-cs-3	Label-04	1999
1	baseline	worker-cs-3	Label-05	2000
1	baseline	worker-cs-3	Label-02	1999
1	baseline	worker-cs-3	Label-04	2000
1	baseline	worker-cs-3	Label-02	2000
1	baseline	worker-cs-3	Label-03	2000
1	baseline	worker-cs-3	Label-06	1999
1	baseline	worker-cs-3	Label-09	2000
1	baseline	worker-cs-3	Label-06	2000
1	baseline	worker-cs-3	Label-09	1999
1	baseline	worker-cs-3	Label-09	45000
1	baseline	worker-cs-3	Label-02	45000
1	baseline	worker-cs-3	Label-01	2000
1	baseline	worker-cs-3	Label-08	2000
1	baseline	worker-cs-3	Label-11	45000
1	baseline	worker-cs-3	Label-01	44999
1	baseline	worker-cs-3	Label-04	2000
1	baseline	worker-cs-3	Label-09	1999
1	baseline	worker-cs-3	Label-08	2000
1	baseline	worker-cs-3	Label-10	2001
1	baseline	worker-cs-3	Label-08	44999
1	baseline	worker-cs-3	Label-06	2000
1	baseline	worker-cs-3	Label-07	44999
1	baseline	worker-cs-3	Label-10	44999
1	baseline	worker-cs-3	Label-03	2000
1	baseline	worker-cs-3	Label-03	44999
1	baseline	worker-cs-3	Label-02	44999
1	baseline	worker-cs-3	Label-08	45000
1	baseline	worker-cs-3	Label-06	45000
1	baseline	worker-cs-3	Label-12	2000
1	baseline	worker-cs-3	Label-12	45000
1	baseline	worker-cs-3	Label-01	45001
1	baseline	worker-cs-3	Label-02	2000
1	baseline	worker-cs-3	Label-02	44999
1	baseline	worker-cs-3	Label-05	2000
1	baseline	worker-cs-3	Label-04	44999
1	baseline	worker-cs-3	Label-06	45000
1	baseline	worker-cs-3	Label-05	2000
1	baseline	worker-cs-3	Label-05	45000
1	baseline	worker-cs-3	Label-05	1999
1	baseline	worker-cs-3	Label-12	44999
1	baseline	worker-cs-3	Label-10	45000
1	baseline	worker-cs-3	Label-11	45000
1	baseline	worker-cs-3	Label-15	179999
1	baseline	worker-cs-3	Label-08	2000
1	baseline	worker-cs-3	Label-07	44999
1	baseline	worker-cs-3	Label-07	2000
1	baseline	worker-cs-3	Label-07	2000
1	baseline	worker-cs-3	Label-08	45000
1	baseline	worker-cs-3	Label-04	45000
1	baseline	worker-cs-3	Label-09	45000
1	baseline	worker-cs-3	Label-06	44999
1	baseline	worker-cs-3	Label-05	2000
1	baseline	worker-cs-3	Label-12	44999
1	baseline	worker-cs-3	Label-05	45000
1	baseline	worker-cs-3	Label-02	45000
1	baseline	worker-cs-3	Label-06	44999
1	baseline	worker-cs-3	Label-14	2000
1	baseline	worker-cs-3	Label-03	45000
1	baseline	worker-cs-3	Label-12	45000
1	baseline	worker-cs-3	Label-13	179999
1	baseline	worker-cs-3	Label-01	2000
1	baseline	worker-cs-3	Label-04	45000
1	baseline	worker-cs-3	Label-14	180000
1	baseline	worker-cs-3	Label-14	2000
1	baseline	worker-cs-3	Label-08	2000
1	baseline	worker-cs-3	Label-01	45000
1	baseline	worker-cs-3	Label-08	2000
1	baseline	worker-cs-3	Label-09	45000
1	baseline	worker-cs-3	Label-08	1999
1	baseline	worker-cs-3	Label-01	2000
1	baseline	worker-cs-3	Label-01	2001
1	baseline	worker-cs-3	Label-08	2000
1	baseline	worker-cs-3	Label-08	45000
1	baseline	worker-cs-3	Label-09	1999
1	baseline	worker-cs-3	Label-08	1999
1	baseline	worker-cs-3	Label-05	2000
1	baseline	worker-cs-3	Label-05	2000
1	baseline	worker-cs-3	Label-15	179999
1	baseline	worker-cs-3	Label-07	44998
1	baseline	worker-cs-3	Label-06	2001
1	baseline	worker-cs-3	Label-06	45000
1	baseline	worker-cs-3	Label-05	45000
1	baseline	worker-cs-3	Label-12	2000
1	baseline	worker-cs-3	Label-10	45000
1	baseline	worker-cs-3	Label-12	2000
1	baseline	worker-cs-3	Label-12	44999
1	baseline	worker-cs-3	Label-08	45000
1	baseline	worker-cs-3	Label-07	2000
1	baseline	worker-cs-3	Label-02	45000
1	baseline	worker-cs-3	Label-05	44999
1	baseline	worker-cs-3	Label-07	45001
1	baseline	worker-cs-3	Label-07	1999
1	baseline	worker-cs-3	Label-11	44999
1	baseline	worker-cs-3	Label-12	44999
1	baseline	worker-cs-3	Label-06	44999
1	baseline	worker-cs-3	Label-09	1999
1	baseline	worker-cs-3	Label-10	44999
1	baseline	worker-cs-3	Label-09	45000
1	baseline	worker-cs-3	Label-11	44999
1	baseline	worker-cs-3	Label-02	44999
1	baseline	worker-cs-3	Label-14	180001
1	baseline	worker-cs-3	Label-04	45000
1	baseline	worker-cs-3	Label-03	44999
1	baseline	worker-cs-3	Label-11	45000
1	baseline	worker-cs-3	Label-07	44999
1	baseline	worker-cs-3	Label-13	180000
1	baseline	worker-cs-3	Label-04	2000
1	baseline	worker-cs-3	Label-03	2000
1	baseline	worker-cs-3	Label-04	45000
1	baseline	worker-cs-3	Label-03	44999
1	baseline	worker-cs-3	Label-03	2000
1	baseline	worker-cs-3	Label-06	44999
1	baseline	worker-cs-3	Label-05	44999
1	baseline	worker-cs-3	Label-11	45000
1	baseline	worker-cs-3	Label-01	1999
1	baseline	worker-cs-3	Label-07	45000
1	baseline	worker-cs-3	Label-08	45001
1	baseline	worker-cs-3	Label-01	1999
1	baseline	worker-cs-3	Label-08	2000
1	baseline	worker-cs-3	Label-06	1999
1	baseline	worker-cs-3	Label-15	180000
1	baseline	worker-cs-3	Label-01	45000
1	baseline	worker-cs-3	Label-06	45000
1	baseline	worker-cs-3	Label-12	2000
1	baseline	worker-cs-3	Label-11	44999
1	baseline	worker-cs-3	Label-05	1999
1	baseline	worker-cs-3	Label-12	1999
1	baseline	worker-cs-3	Label-06	2000
1	baseline	worker-cs-3	Label-12	2000
1	baseline	worker-cs-3	Label-05	45000
1	baseline	worker-cs-3	Label-06	2001
1	baseline	worker-cs-3	Label-12	45000
1	baseline	worker-cs-3	Label-06	2000
1	baseline	worker-cs-3	Label-10	45000
1	baseline	worker-cs-3	Label-10	2001
1	baseline	worker-cs-3	Label-09	44999
1	baseline	worker-cs-3	Label-01	2001
1	baseline	worker-cs-3	Label-12	2000
1	baseline	worker-cs-3	Label-01	44999
1	baseline	worker-cs-3	Label-07	44999
1	baseline	worker-cs-3	Label-15	2000
1	baseline	worker-cs-3	Label-12	45000
1	baseline	worker-cs-3	Label-15	1998
1	baseline	worker-cs-3	Label-12	2000
1	baseline	worker-cs-3	Label-11	44999
1	baseline	worker-cs-3	Label-10	45000
1	baseline	worker-cs-3	Label-04	45000
1	baseline	worker-cs-3	Label-11	2000
1	baseline	worker-cs-3	Label-10	1999
1	baseline	worker-cs-3	Label-05	45000
1	baseline	worker-cs-3	Label-06	45000
1	baseline	worker-cs-3	Label-07	45000
1	baseline	worker-cs-3	Label-02	44999
1	baseline	worker-cs-4	Label-12	2000
1	baseline	worker-cs-4	Label-12	45000
1	baseline	worker-cs-4	Label-13	2000
1	baseline	worker-cs-4	Label-13	179999
1	baseline	worker-cs-4	Label-01	45000
1	baseline	worker-cs-4	Label-11	45000
1	baseline	worker-cs-4	Label-04	2000
1	baseline	worker-cs-4	Label-04	45000
1	baseline	worker-cs-4	Label-03	45000
1	baseline	worker-cs-4	Label-09	2000
1	baseline	worker-cs-4	Label-05	45000
1	baseline	worker-cs-4	Label-02	2000
1	baseline	worker-cs-4	Label-09	1999
1	baseline	worker-cs-4	Label-05	2000
1	baseline	worker-cs-4	Label-02	45000
1	baseline	worker-cs-4	Label-14	179999
1	baseline	worker-cs-4	Label-09	45000
1	baseline	worker-cs-4	Label-12	1999
1	baseline	worker-cs-4	Label-01	45000
1	baseline	worker-cs-4	Label-12	2000
1	baseline	worker-cs-4	Label-11	44999
1	baseline	worker-cs-4	Label-12	44999
1	baseline	worker-cs-4	Label-04	44999
1	baseline	worker-cs-4	Label-10	44999
1	baseline	worker-cs-4	Label-09	2001
1	baseline	worker-cs-4	Label-02	2000
1	baseline	worker-cs-4	Label-08	2000
1	baseline	worker-cs-4	Label-02	45000
1	baseline	worker-cs-4	Label-08	45000
1	baseline	worker-cs-4	Label-06	45000
1	baseline	worker-cs-4	Label-01	44999
1	baseline	worker-cs-4	Label-04	2000
1	baseline	worker-cs-4	Label-07	1999
1	baseline	worker-cs-4	Label-04	1999
1	baseline	worker-cs-4	Label-04	1999
1	baseline	worker-cs-4	Label-11	45000
1	baseline	worker-cs-4	Label-07	44999
1	baseline	worker-cs-4	Label-12	1999
1	baseline	worker-cs-4	Label-05	45001
1	baseline	worker-cs-4	Label-04	45000
1	baseline	worker-cs-4	Label-12	2000
1	baseline	worker-cs-4	Label-10	45000
1	baseline	worker-cs-4	Label-06	1999
1	baseline	worker-cs-4	Label-03	45000
1	baseline	worker-cs-4	Label-03	2000
1	baseline	worker-cs-4	Label-10	2000
1	baseline	worker-cs-4	Label-08	2000
1	baseline	worker-cs-4	Label-01	45000
1	baseline	worker-cs-4	Label-06	1999
1	baseline	worker-cs-4	Label-08	45000
1	baseline	worker-cs-4	Label-03	1999
1	baseline	worker-cs-4	Label-08	2000
1	baseline	worker-cs-4	Label-06	45000
1	baseline	worker-cs-4	Label-08	2000
1	baseline	worker-cs-4	Label-06	1999
1	baseline	worker-cs-4	Label-02	45000
1	baseline	worker-cs-4	Label-12	1999
1	baseline	worker-cs-4	Label-03	44999
1	baseline	worker-cs-4	Label-01	2000
1	baseline	worker-cs-4	Label-11	44999
1	baseline	worker-cs-4	Label-01	45000
1	baseline	worker-cs-4	Label-03	2000
1	baseline	worker-cs-4	Label-02	45000
1	baseline	worker-cs-4	Label-03	45000
1	baseline	worker-cs-4	Label-06	45000
1	baseline	worker-cs-4	Label-08	45000
1	baseline	worker-cs-4	Label-02	45000
1	baseline	worker-cs-4	Label-05	45000
1	baseline	worker-cs-4	Label-14	179999
1	baseline	worker-cs-4	Label-11	2000
1	baseline	worker-cs-4	Label-08	2001
1	baseline	worker-cs-4	Label-08	2000
1	baseline	worker-cs-4	Label-03	45000
1	baseline	worker-cs-4	Label-11	45003
1	baseline	worker-cs-4	Label-08	2000
1	baseline	worker-cs-4	Label-13	180000
1	baseline	worker-cs-4	Label-08	45000
1	baseline	worker-cs-4	Label-02	45000
1	baseline	worker-cs-4	Label-15	1999
1	baseline	worker-cs-4	Label-09	45001
1	baseline	worker-cs-4	Label-01	44999
1	baseline	worker-cs-4	Label-11	44999
1	baseline	worker-cs-4	Label-06	45000
1	baseline	worker-cs-4	Label-12	45000
1	baseline	worker-cs-4	Label-02	44999
1	baseline	worker-cs-4	Label-01	1999
1	baseline	worker-cs-4	Label-01	44999
1	baseline	worker-cs-4	Label-11	45000
1	baseline	worker-cs-4	Label-04	45000
1	baseline	worker-cs-4	Label-08	45000
1	baseline	worker-cs-4	Label-03	44999
1	baseline	worker-cs-4	Label-07	45000
1	baseline	worker-cs-4	Label-12	45000
1	baseline	worker-cs-4	Label-07	2000
1	baseline	worker-cs-4	Label-07	2000
1	baseline	worker-cs-4	Label-12	2000
1	baseline	worker-cs-4	Label-12	1999
1	baseline	worker-cs-4	Label-15	179998
1	baseline	worker-cs-4	Label-12	2000
1	baseline	worker-cs-4	Label-05	2000
1	baseline	worker-cs-4	Label-05	2000
1	baseline	worker-cs-4	Label-11	45000
1	baseline	worker-cs-4	Label-05	2001
1	baseline	worker-cs-4	Label-10	45000
1	baseline	worker-cs-4	Label-02	44999
1	baseline	worker-cs-4	Label-05	45001
1	baseline	worker-cs-4	Label-14	1999
1	baseline	worker-cs-4	Label-05	2000
1	baseline	worker-cs-4	Label-04	45000
1	baseline	worker-cs-4	Label-05	2000
1	baseline	worker-cs-4	Label-07	45000
1	baseline	worker-cs-4	Label-09	45000
1	baseline	worker-cs-4	Label-10	44999
1	baseline	worker-cs-4	Label-04	44999
1	baseline	worker-cs-4	Label-06	44999
1	baseline	worker-cs-4	Label-01	45000
1	baseline	worker-cs-4	Label-03	44999
1	baseline	worker-cs-4	Label-08	45000
1	baseline	worker-cs-4	Label-05	44999
1	baseline	worker-cs-4	Label-02	45000
1	baseline	worker-cs-4	Label-11	45000
1	baseline	worker-cs-4	Label-14	179999
1	baseline	worker-cs-4	Label-06	45001
1	baseline	worker-cs-4	Label-03	45000
1	baseline	worker-cs-4	Label-08	44999
1	baseline	worker-cs-4	Label-08	1999
1	baseline	worker-cs-4	Label-12	44999
1	baseline	worker-cs-4	Label-12	2000
1	baseline	worker-cs-4	Label-03	2000
1	baseline	worker-cs-4	Label-11	45000
1	baseline	worker-cs-4	Label-02	44999
1	baseline	worker-cs-4	Label-05	2000
1	baseline	worker-cs-4	Label-15	1999
1	baseline	worker-cs-4	Label-03	45000
1	baseline	worker-cs-4	Label-07	45000
1	baseline	worker-cs-4	Label-05	44999
1	baseline	worker-cs-4	Label-07	2000
1	baseline	worker-cs-4	Label-07	1999
1	baseline	worker-cs-4	Label-09	44999
1	baseline	worker-cs-4	Label-15	179999
1	baseline	worker-cs-4	Label-01	45000
1	baseline	worker-cs-4	Label-04	45000
1	baseline	worker-cs-4	Label-01	1999
1	baseline	worker-cs-4	Label-10	1999
1	baseline	worker-cs-4	Label-11	45000
1	baseline	worker-cs-4	Label-05	45000
1	baseline	worker-cs-4	Label-02	45001
1	baseline	worker-cs-4	Label-05	2000
1	baseline	worker-cs-4	Label-12	2001
1	baseline	worker-cs-4	Label-10	45000
1	baseline	worker-cs-4	Label-10	2000
1	baseline	worker-cs-4	Label-12	44999
1	baseline	worker-cs-4	Label-08	2000
1	baseline	worker-cs-4	Label-08	45001
1	baseline	worker-cs-4	Label-11	45000
1	baseline	worker-cs-4	Label-03	45000
1	baseline	worker-cs-4	Label-05	45000
1	baseline	worker-cs-4	Label-07	45000
1	baseline	worker-cs-4	Label-10	45000
1	baseline	worker-cs-4	Label-02	45000
1	baseline	worker-cs-4	Label-02	2000
1	baseline	worker-cs-4	Label-06	45000
1	baseline	worker-cs-4	Label-06	2000
1	baseline	worker-cs-4	Label-13	1999
1	baseline	worker-cs-4	Label-13	1999
1	baseline	worker-cs-4	Label-09	1999
1	baseline	worker-cs-4	Label-14	2000
1	baseline	worker-cs-4	Label-01	1999
1	baseline	worker-cs-4	Label-01	2000
1	baseline	worker-cs-4	Label-13	2000
1	baseline	worker-cs-4	Label-13	180000
1	baseline	worker-cs-4	Label-01	45000
1	baseline	worker-cs-4	Label-14	1999
1	baseline	worker-cs-4	Label-09	45001
1	baseline	worker-cs-4	Label-14	180000
1	baseline	worker-cs-4	Label-03	45000
1	baseline	worker-cs-4	Label-10	45000
1	baseline	worker-cs-4	Label-06	45000
1	baseline	worker-cs-4	Label-08	45000
1	baseline	worker-cs-4	Label-12	44999
1	baseline	worker-cs-4	Label-12	1999
1	baseline	worker-cs-4	Label-15	2001
1	baseline	worker-cs-4	Label-04	44999
1	baseline	worker-cs-4	Label-11	44999
1	baseline	worker-cs-4	Label-05	45000
1	baseline	worker-cs-4	Label-07	2000
1	baseline	worker-cs-4	Label-07	45000
1	baseline	worker-cs-4	Label-12	44999
1	baseline	worker-cs-4	Label-01	1999
1	baseline	worker-cs-4	Label-01	45000
1	baseline	worker-cs-4	Label-05	44999
1	baseline	worker-cs-4	Label-09	45000
1	baseline	worker-cs-4	Label-10	45000
1	baseline	worker-cs-4	Label-10	1999
1	baseline	worker-cs-4	Label-10	2001
1	baseline	worker-cs-4	Label-08	44999
1	baseline	worker-cs-4	Label-15	2000
1	baseline	worker-cs-4	Label-06	2000
1	baseline	worker-cs-4	Label-06	44999
1	baseline	worker-cs-4	Label-15	180000
1	baseline	worker-cs-4	Label-14	180000
1	baseline	worker-cs-4	Label-03	2000
1	baseline	worker-cs-4	Label-04	45000
1	baseline	worker-cs-4	Label-03	45000
1	baseline	worker-cs-4	Label-08	45000
1	baseline	worker-cs-4	Label-09	45000
1	baseline	worker-cs-4	Label-05	45000
1	baseline	worker-cs-4	Label-01	1999
1	baseline	worker-cs-4	Label-01	45000
1	baseline	worker-cs-4	Label-04	45000
1	baseline	worker-cs-4	Label-08	45000
1	baseline	worker-cs-4	Label-08	1999
1	baseline	worker-cs-4	Label-08	2000
1	baseline	worker-cs-4	Label-08	2000
1	baseline	worker-cs-4	Label-02	45000
1	baseline	worker-cs-4	Label-02	2000
1	baseline	worker-cs-4	Label-09	45000
1	baseline	worker-cs-4	Label-11	44999
1	baseline	worker-cs-4	Label-07	45000
1	baseline	worker-cs-4	Label-01	45000
1	baseline	worker-cs-4	Label-10	2000
1	baseline	worker-cs-4	Label-02	44999
1	baseline	worker-cs-4	Label-01	2000
1	baseline	worker-cs-4	Label-10	45000
1	baseline	worker-cs-4	Label-12	45000
1	baseline	worker-cs-4	Label-11	45000
1	baseline	worker-cs-4	Label-06	45000
1	baseline	worker-cs-4	Label-14	180000
1	baseline	worker-cs-4	Label-05	1999
1	baseline	worker-cs-4	Label-05	44999
1	baseline	worker-cs-4	Label-09	45000
1	baseline	worker-cs-4	Label-03	44999
1	baseline	worker-cs-4	Label-12	45000
1	baseline	worker-cs-4	Label-04	45000
1	baseline	worker-cs-4	Label-02	45000
1	baseline	worker-cs-4	Label-05	45000
1	baseline	worker-cs-4	Label-09	1999
1	baseline	worker-cs-4	Label-09	45000
1	baseline	worker-cs-4	Label-09	2000
1	baseline	worker-cs-4	Label-11	44999
1	baseline	worker-cs-4	Label-13	2000
1	baseline	worker-cs-4	Label-04	45001
1	baseline	worker-cs-4	Label-04	1999
1	baseline	worker-cs-5	Label-06	1999
1	baseline	worker-cs-5	Label-09	2000
1	baseline	worker-cs-5	Label-06	2000
1	baseline	worker-cs-5	Label-09	2000
1	baseline	worker-cs-5	Label-09	44999
1	baseline	worker-cs-5	Label-02	45000
1	baseline	worker-cs-5	Label-07	45000
1	baseline	worker-cs-5	Label-01	45000
1	baseline	worker-cs-5	Label-05	44999
1	baseline	worker-cs-5	Label-04	2000
1	baseline	worker-cs-5	Label-04	45000
1	baseline	worker-cs-5	Label-09	2000
1	baseline	worker-cs-5	Label-03	45001
1	baseline	worker-cs-5	Label-09	45000
1	baseline	worker-cs-5	Label-09	1999
1	baseline	worker-cs-5	Label-07	44999
1	baseline	worker-cs-5	Label-04	44999
1	baseline	worker-cs-5	Label-02	44999
1	baseline	worker-cs-5	Label-12	45001
1	baseline	worker-cs-5	Label-05	45002
1	baseline	worker-cs-5	Label-09	45000
1	baseline	worker-cs-5	Label-15	179999
1	baseline	worker-cs-5	Label-01	44999
1	baseline	worker-cs-5	Label-03	2000
1	baseline	worker-cs-5	Label-10	45000
1	baseline	worker-cs-5	Label-11	2000
1	baseline	worker-cs-5	Label-11	1999
1	baseline	worker-cs-5	Label-08	45000
1	baseline	worker-cs-5	Label-03	44999
1	baseline	worker-cs-5	Label-14	180000
1	baseline	worker-cs-5	Label-11	45000
1	baseline	worker-cs-5	Label-09	45001
1	baseline	worker-cs-5	Label-06	45000
1	baseline	worker-cs-5	Label-12	45000
1	baseline	worker-cs-5	Label-08	44999
1	baseline	worker-cs-5	Label-11	45000
1	baseline	worker-cs-5	Label-02	45000
1	baseline	worker-cs-5	Label-04	45000
1	baseline	worker-cs-5	Label-05	44999
1	baseline	worker-cs-5	Label-14	2000
1	baseline	worker-cs-5	Label-03	45000
1	baseline	worker-cs-5	Label-03	1999
1	baseline	worker-cs-5	Label-05	2000
1	baseline	worker-cs-5	Label-12	2000
1	baseline	worker-cs-5	Label-12	1999
1	baseline	worker-cs-5	Label-12	45000
1	baseline	worker-cs-5	Label-05	45000
1	baseline	worker-cs-5	Label-14	2000
1	baseline	worker-cs-5	Label-02	45000
1	baseline	worker-cs-5	Label-11	45000
1	baseline	worker-cs-5	Label-15	180000
1	baseline	worker-cs-5	Label-10	44999
1	baseline	worker-cs-5	Label-14	180000
1	baseline	worker-cs-5	Label-08	45000
1	baseline	worker-cs-5	Label-12	45000
1	baseline	worker-cs-5	Label-04	1999
1	baseline	worker-cs-5	Label-04	44999
1	baseline	worker-cs-5	Label-07	45000
1	baseline	worker-cs-5	Label-03	45000
1	baseline	worker-cs-5	Label-09	2000
1	baseline	worker-cs-5	Label-01	45000
1	baseline	worker-cs-5	Label-02	45000
1	baseline	worker-cs-5	Label-07	2000
1	baseline	worker-cs-5	Label-09	45000
1	baseline	worker-cs-5	Label-08	44999
1	baseline	worker-cs-5	Label-07	45000
1	baseline	worker-cs-5	Label-03	45001
1	baseline	worker-cs-5	Label-05	45000
1	baseline	worker-cs-5	Label-11	45000
1	baseline	worker-cs-5	Label-10	45000
1	baseline	worker-cs-5	Label-12	1999
1	baseline	worker-cs-5	Label-12	45000
1	baseline	worker-cs-5	Label-03	45000
1	baseline	worker-cs-5	Label-15	180000
1	baseline	worker-cs-5	Label-04	44999
1	baseline	worker-cs-5	Label-08	45000
1	baseline	worker-cs-5	Label-05	45000
1	baseline	worker-cs-5	Label-06	45000
1	baseline	worker-cs-5	Label-10	44999
1	baseline	worker-cs-5	Label-03	45000
1	baseline	worker-cs-5	Label-07	1999
1	baseline	worker-cs-5	Label-14	180000
1	baseline	worker-cs-5	Label-07	44999
1	baseline	worker-cs-5	Label-11	45000
1	baseline	worker-cs-5	Label-05	2001
1	baseline	worker-cs-5	Label-10	44999
1	baseline	worker-cs-5	Label-05	45000
1	baseline	worker-cs-5	Label-08	44999
1	baseline	worker-cs-5	Label-08	2000
1	baseline	worker-cs-5	Label-03	45000
1	baseline	worker-cs-5	Label-07	2000
1	baseline	worker-cs-5	Label-03	1999
1	baseline	worker-cs-5	Label-06	45000
1	baseline	worker-cs-5	Label-07	45001
1	baseline	worker-cs-5	Label-02	44999
1	baseline	worker-cs-5	Label-12	44999
1	baseline	worker-cs-5	Label-07	2000
1	baseline	worker-cs-5	Label-03	45000
1	baseline	worker-cs-5	Label-01	45000
1	baseline	worker-cs-5	Label-07	45000
1	baseline	worker-cs-5	Label-07	2000
1	baseline	worker-cs-5	Label-15	180000
1	baseline	worker-cs-5	Label-06	44999
1	baseline	worker-cs-5	Label-11	45000
1	baseline	worker-cs-5	Label-05	45000
1	baseline	worker-cs-5	Label-10	2001
1	baseline	worker-cs-5	Label-03	44999
1	baseline	worker-cs-5	Label-10	45000
1	baseline	worker-cs-5	Label-02	45000
1	baseline	worker-cs-5	Label-07	45000
1	baseline	worker-cs-5	Label-04	45000
1	baseline	worker-cs-5	Label-01	45001
1	baseline	worker-cs-5	Label-12	45000
1	baseline	worker-cs-5	Label-06	44999
1	baseline	worker-cs-5	Label-05	45001
1	baseline	worker-cs-5	Label-02	44999
1	baseline	worker-cs-5	Label-09	45000
1	baseline	worker-cs-5	Label-02	2000
1	baseline	worker-cs-5	Label-04	45000
1	baseline	worker-cs-5	Label-12	45000
1	baseline	worker-cs-5	Label-12	2000
1	baseline	worker-cs-5	Label-07	45000
1	baseline	worker-cs-5	Label-05	45000
1	baseline	worker-cs-5	Label-13	2000
1	baseline	worker-cs-5	Label-01	45000
1	baseline	worker-cs-5	Label-11	45000
1	baseline	worker-cs-5	Label-08	45000
1	baseline	worker-cs-5	Label-07	45000
1	baseline	worker-cs-5	Label-13	179999
1	baseline	worker-cs-5	Label-09	45000
1	baseline	worker-cs-5	Label-10	2000
1	baseline	worker-cs-5	Label-06	45000
1	baseline	worker-cs-5	Label-10	2000
1	baseline	worker-cs-5	Label-04	2000
1	baseline	worker-cs-5	Label-10	44999
1	baseline	worker-cs-5	Label-04	45000
1	baseline	worker-cs-5	Label-01	45000
1	baseline	worker-cs-5	Label-02	2001
1	baseline	worker-cs-5	Label-03	44999
1	baseline	worker-cs-5	Label-02	2000
1	baseline	worker-cs-5	Label-12	1999
1	baseline	worker-cs-5	Label-02	45000
1	baseline	worker-cs-5	Label-12	44999
1	baseline	worker-cs-5	Label-14	180000
1	baseline	worker-cs-5	Label-10	45000
1	baseline	worker-cs-5	Label-04	45000
1	baseline	worker-cs-5	Label-01	44999
1	baseline	worker-cs-5	Label-11	45000
1	baseline	worker-cs-5	Label-09	45000
1	baseline	worker-cs-5	Label-07	45000
1	baseline	worker-cs-5	Label-03	45000
1	baseline	worker-cs-5	Label-15	180000
1	baseline	worker-cs-5	Label-04	45000
1	baseline	worker-cs-5	Label-02	45000
1	baseline	worker-cs-5	Label-01	45000
1	baseline	worker-cs-5	Label-05	1999
1	baseline	worker-cs-5	Label-10	45000
1	baseline	worker-cs-5	Label-06	2000
1	baseline	worker-cs-5	Label-05	45000
1	baseline	worker-cs-5	Label-01	2000
1	baseline	worker-cs-5	Label-11	45000
1	baseline	worker-cs-5	Label-06	45000
1	baseline	worker-cs-5	Label-01	2000
1	baseline	worker-cs-5	Label-01	45000
1	baseline	worker-cs-5	Label-12	45000
1	baseline	worker-cs-5	Label-14	180000
1	baseline	worker-cs-5	Label-04	45000
1	baseline	worker-cs-5	Label-11	45000
1	baseline	worker-cs-5	Label-04	1999
1	baseline	worker-cs-5	Label-05	45000
1	baseline	worker-cs-5	Label-06	2000
1	baseline	worker-cs-5	Label-01	2001
1	baseline	worker-cs-5	Label-15	2000
1	baseline	worker-cs-5	Label-01	2000
1	baseline	worker-cs-5	Label-12	45000
1	baseline	worker-cs-5	Label-06	45000
1	baseline	worker-cs-5	Label-01	45000
1	baseline	worker-cs-5	Label-01	2000
1	baseline	worker-cs-5	Label-08	45000
1	baseline	worker-cs-5	Label-10	44999
1	baseline	worker-cs-5	Label-02	45000
1	baseline	worker-cs-5	Label-01	45000
1	baseline	worker-cs-5	Label-07	45000
1	baseline	worker-cs-5	Label-06	45000
1	baseline	worker-cs-5	Label-15	179999
1	baseline	worker-cs-5	Label-05	45000
1	baseline	worker-cs-5	Label-10	44999
1	baseline	worker-cs-5	Label-02	45000
1	baseline	worker-cs-5	Label-04	2000
1	baseline	worker-cs-5	Label-04	45001
1	baseline	worker-cs-5	Label-14	2000
1	baseline	worker-cs-5	Label-12	45000
1	baseline	worker-cs-5	Label-14	180000
1	baseline	worker-cs-5	Label-12	2000
1	baseline	worker-cs-5	Label-07	44999
1	baseline	worker-cs-5	Label-10	45000
1	baseline	worker-cs-5	Label-02	2000
1	baseline	worker-cs-5	Label-06	45000
1	baseline	worker-cs-5	Label-02	45001
1	baseline	worker-cs-5	Label-12	45000
1	baseline	worker-cs-5	Label-09	44998
1	baseline	worker-cs-5	Label-03	45000
1	baseline	worker-cs-5	Label-13	1999
1	baseline	worker-cs-5	Label-06	44999
1	baseline	worker-cs-5	Label-02	2001
1	baseline	worker-cs-5	Label-02	2000
1	baseline	worker-cs-6	Label-08	2000
1	baseline	worker-cs-6	Label-08	44999
1	baseline	worker-cs-6	Label-09	2000
1	baseline	worker-cs-6	Label-02	45000
1	baseline	worker-cs-6	Label-09	44999
1	baseline	worker-cs-6	Label-08	45000
1	baseline	worker-cs-6	Label-10	44999
1	baseline	worker-cs-6	Label-04	45000
1	baseline	worker-cs-6	Label-09	45000
1	baseline	worker-cs-6	Label-08	45000
1	baseline	worker-cs-6	Label-15	2000
1	baseline	worker-cs-6	Label-15	2000
1	baseline	worker-cs-6	Label-07	45000
1	baseline	worker-cs-6	Label-11	45005
1	baseline	worker-cs-6	Label-04	1999
1	baseline	worker-cs-6	Label-04	1999
1	baseline	worker-cs-6	Label-01	45000
1	baseline	worker-cs-6	Label-04	44999
1	baseline	worker-cs-6	Label-13	180001
1	baseline	worker-cs-6	Label-15	180001
1	baseline	worker-cs-6	Label-11	2000
1	baseline	worker-cs-6	Label-11	2000
1	baseline	worker-cs-6	Label-07	44999
1	baseline	worker-cs-6	Label-10	45000
1	baseline	worker-cs-6	Label-02	44999
1	baseline	worker-cs-6	Label-11	45000
1	baseline	worker-cs-6	Label-11	2000
1	baseline	worker-cs-6	Label-07	1999
1	baseline	worker-cs-6	Label-01	45000
1	baseline	worker-cs-6	Label-06	44999
1	baseline	worker-cs-6	Label-06	2000
1	baseline	worker-cs-6	Label-07	45000
1	baseline	worker-cs-6	Label-07	2000
1	baseline	worker-cs-6	Label-07	1999
1	baseline	worker-cs-6	Label-03	45000
1	baseline	worker-cs-6	Label-10	2000
1	baseline	worker-cs-6	Label-13	1999
1	baseline	worker-cs-6	Label-09	2000
1	baseline	worker-cs-6	Label-12	44999
1	baseline	worker-cs-6	Label-09	44999
1	baseline	worker-cs-6	Label-10	45001
1	baseline	worker-cs-6	Label-05	45000
1	baseline	worker-cs-6	Label-03	1999
1	baseline	worker-cs-6	Label-03	45000
1	baseline	worker-cs-6	Label-11	45000
1	baseline	worker-cs-6	Label-14	2000
1	baseline	worker-cs-6	Label-02	45000
1	baseline	worker-cs-6	Label-03	45000
1	baseline	worker-cs-6	Label-10	1999
1	baseline	worker-cs-6	Label-13	180000
1	baseline	worker-cs-6	Label-10	45000
1	baseline	worker-cs-6	Label-01	45000
1	baseline	worker-cs-6	Label-14	180000
1	baseline	worker-cs-6	Label-05	44999
1	baseline	worker-cs-6	Label-09	44996
1	baseline	worker-cs-6	Label-12	45000
1	baseline	worker-cs-6	Label-15	180000
1	baseline	worker-cs-6	Label-06	45000
1	baseline	worker-cs-6	Label-03	2000
1	baseline	worker-cs-6	Label-03	45000
1	baseline	worker-cs-6	Label-08	45000
1	baseline	worker-cs-6	Label-09	45000
1	baseline	worker-cs-6	Label-07	45000
1	baseline	worker-cs-6	Label-12	45000
1	baseline	worker-cs-6	Label-08	2000
1	baseline	worker-cs-6	Label-11	44999
1	baseline	worker-cs-6	Label-03	2000
1	baseline	worker-cs-6	Label-03	45000
1	baseline	worker-cs-6	Label-08	45000
1	baseline	worker-cs-6	Label-06	44999
1	baseline	worker-cs-6	Label-02	45000
1	baseline	worker-cs-6	Label-02	2000
1	baseline	worker-cs-6	Label-11	44999
1	baseline	worker-cs-6	Label-01	45000
1	baseline	worker-cs-6	Label-09	45000
1	baseline	worker-cs-6	Label-07	45000
1	baseline	worker-cs-6	Label-12	44999
1	baseline	worker-cs-6	Label-14	180000
1	baseline	worker-cs-6	Label-05	45000
1	baseline	worker-cs-6	Label-03	45000
1	baseline	worker-cs-6	Label-12	45000
1	baseline	worker-cs-6	Label-15	180000
1	baseline	worker-cs-6	Label-10	2000
1	baseline	worker-cs-6	Label-01	45000
1	baseline	worker-cs-6	Label-09	44999
1	baseline	worker-cs-6	Label-10	44999
1	baseline	worker-cs-6	Label-08	44999
1	baseline	worker-cs-6	Label-03	44999
1	baseline	worker-cs-6	Label-06	44999
1	baseline	worker-cs-6	Label-07	45000
1	baseline	worker-cs-6	Label-09	45000
1	baseline	worker-cs-6	Label-05	45000
1	baseline	worker-cs-6	Label-05	1998
1	baseline	worker-cs-6	Label-13	180000
1	baseline	worker-cs-6	Label-03	45000
1	baseline	worker-cs-6	Label-03	2000
1	baseline	worker-cs-6	Label-12	45000
1	baseline	worker-cs-6	Label-12	2000
1	baseline	worker-cs-6	Label-05	2000
1	baseline	worker-cs-6	Label-08	1999
1	baseline	worker-cs-6	Label-08	44999
1	baseline	worker-cs-6	Label-05	44999
1	baseline	worker-cs-6	Label-10	45000
1	baseline	worker-cs-6	Label-07	45002
1	baseline	worker-cs-6	Label-09	45003
1	baseline	worker-cs-6	Label-09	2001
1	baseline	worker-cs-6	Label-01	45000
1	baseline	worker-cs-6	Label-03	45000
1	baseline	worker-cs-6	Label-10	2000
1	baseline	worker-cs-6	Label-14	1999
1	baseline	worker-cs-6	Label-05	44999
1	baseline	worker-cs-6	Label-04	44999
1	baseline	worker-cs-6	Label-10	45000
1	baseline	worker-cs-6	Label-14	179999
1	baseline	worker-cs-6	Label-09	1999
1	baseline	worker-cs-6	Label-09	45000
1	baseline	worker-cs-6	Label-12	1999
1	baseline	worker-cs-6	Label-02	2000
1	baseline	worker-cs-6	Label-01	1999
1	baseline	worker-cs-6	Label-01	45001
1	baseline	worker-cs-6	Label-02	45001
1	baseline	worker-cs-6	Label-08	2000
1	baseline	worker-cs-6	Label-08	1999
1	baseline	worker-cs-6	Label-12	45000
1	baseline	worker-cs-6	Label-10	45000
1	baseline	worker-cs-6	Label-05	1999
1	baseline	worker-cs-6	Label-08	45000
1	baseline	worker-cs-6	Label-04	45001
1	baseline	worker-cs-6	Label-05	45000
1	baseline	worker-cs-6	Label-07	1999
1	baseline	worker-cs-6	Label-03	2001
1	baseline	worker-cs-6	Label-03	1999
1	baseline	worker-cs-6	Label-06	1999
1	baseline	worker-cs-6	Label-07	2001
1	baseline	worker-cs-6	Label-03	45000
1	baseline	worker-cs-6	Label-06	45000
1	baseline	worker-cs-6	Label-07	45000
1	baseline	worker-cs-6	Label-14	2000
1	baseline	worker-cs-6	Label-01	2000
1	baseline	worker-cs-6	Label-02	45000
1	baseline	worker-cs-6	Label-01	45000
1	baseline	worker-cs-6	Label-02	2000
1	baseline	worker-cs-6	Label-03	45000
1	baseline	worker-cs-6	Label-11	45000
1	baseline	worker-cs-6	Label-10	1999
1	baseline	worker-cs-6	Label-08	44999
1	baseline	worker-cs-6	Label-04	45000
1	baseline	worker-cs-6	Label-04	2000
1	baseline	worker-cs-6	Label-10	45000
1	baseline	worker-cs-6	Label-14	2000
1	baseline	worker-cs-6	Label-14	179999
1	baseline	worker-cs-6	Label-08	45000
1	baseline	worker-cs-6	Label-06	45000
1	baseline	worker-cs-6	Label-07	45000
1	baseline	worker-cs-6	Label-12	45000
1	baseline	worker-cs-6	Label-13	2000
1	baseline	worker-cs-6	Label-04	44999
1	baseline	worker-cs-6	Label-01	45000
1	baseline	worker-cs-6	Label-08	45000
1	baseline	worker-cs-6	Label-07	44999
1	baseline	worker-cs-6	Label-06	2000
1	baseline	worker-cs-6	Label-10	44999
1	baseline	worker-cs-6	Label-02	44999
1	baseline	worker-cs-6	Label-06	45000
1	baseline	worker-cs-6	Label-13	180000
1	baseline	worker-cs-6	Label-13	1999
1	baseline	worker-cs-6	Label-01	45000
1	baseline	worker-cs-6	Label-10	2000
1	baseline	worker-cs-6	Label-11	45000
1	baseline	worker-cs-6	Label-12	45000
1	baseline	worker-cs-6	Label-10	2000
1	baseline	worker-cs-6	Label-07	45000
1	baseline	worker-cs-6	Label-01	2000
1	baseline	worker-cs-6	Label-08	1999
1	baseline	worker-cs-6	Label-06	1999
1	baseline	worker-cs-6	Label-10	45000
1	baseline	worker-cs-6	Label-03	44999
1	baseline	worker-cs-6	Label-08	2000
1	baseline	worker-cs-6	Label-08	44999
1	baseline	worker-cs-6	Label-06	44999
1	baseline	worker-cs-6	Label-12	45000
1	baseline	worker-cs-6	Label-12	2000
1	baseline	worker-cs-6	Label-05	44999
1	baseline	worker-cs-6	Label-07	45000
1	baseline	worker-cs-6	Label-11	45000
1	baseline	worker-cs-6	Label-11	2000
1	baseline	worker-cs-6	Label-10	44999
1	baseline	worker-cs-6	Label-03	45000
1	baseline	worker-cs-6	Label-06	45000
1	baseline	worker-cs-6	Label-02	45001
1	baseline	worker-cs-6	Label-08	44999
1	baseline	worker-cs-6	Label-07	2000
1	baseline	worker-cs-6	Label-03	44999
1	baseline	worker-cs-6	Label-15	2000
1	baseline	worker-cs-6	Label-07	45000
1	baseline	worker-cs-6	Label-15	179999
1	baseline	worker-cs-6	Label-09	2000
1	baseline	worker-cs-6	Label-09	45000
1	baseline	worker-cs-6	Label-04	45000
1	baseline	worker-cs-6	Label-04	1999
1	baseline	worker-cs-6	Label-01	45000
1	baseline	worker-cs-6	Label-10	44999
1	baseline	worker-cs-6	Label-10	2000
1	baseline	worker-cs-6	Label-10	2000
1	baseline	worker-cs-6	Label-05	45001
1	baseline	worker-cs-6	Label-11	2000
1	baseline	worker-cs-6	Label-09	45001
1	baseline	worker-cs-6	Label-11	45000
1	baseline	worker-cs-6	Label-06	1999
1	baseline	worker-cs-6	Label-12	2000
1	baseline	worker-cs-6	Label-13	180000
1	baseline	worker-cs-6	Label-06	45000
1	baseline	worker-cs-6	Label-06	1999
1	baseline	worker-cs-6	Label-12	2000
1	baseline	worker-cs-6	Label-06	1999
1	baseline	worker-cs-6	Label-12	45000
1	baseline	worker-cs-6	Label-14	2000
1	baseline	worker-cs-6	Label-02	44999
1	baseline	worker-cs-6	Label-03	44999
1	baseline	worker-cs-6	Label-04	45000
1	baseline	worker-cs-6	Label-08	45000
1	baseline	worker-cs-6	Label-02	2000
1	baseline	worker-cs-6	Label-01	45000
1	baseline	worker-cs-6	Label-02	44999
1	baseline	worker-cs-6	Label-14	179999
1	baseline	worker-cs-6	Label-06	45000
1	baseline	worker-cs-7	Label-12	2000
1	baseline	worker-cs-7	Label-01	44998
1	baseline	worker-cs-7	Label-09	45000
1	baseline	worker-cs-7	Label-02	1999
1	baseline	worker-cs-7	Label-12	45000
1	baseline	worker-cs-7	Label-02	44999
1	baseline	worker-cs-7	Label-06	44999
1	baseline	worker-cs-7	Label-04	2000
1	baseline	worker-cs-7	Label-07	45000
1	baseline	worker-cs-7	Label-08	2000
1	baseline	worker-cs-7	Label-08	45000
1	baseline	worker-cs-7	Label-09	1999
1	baseline	worker-cs-7	Label-04	45000
1	baseline	worker-cs-7	Label-05	2000
1	baseline	worker-cs-7	Label-12	2000
1	baseline	worker-cs-7	Label-08	2000
1	baseline	worker-cs-7	Label-03	45000
1	baseline	worker-cs-7	Label-09	45001
1	baseline	worker-cs-7	Label-09	2000
1	baseline	worker-cs-7	Label-11	45000
1	baseline	worker-cs-7	Label-02	2000
1	baseline	worker-cs-7	Label-14	2000
1	baseline	worker-cs-7	Label-06	1999
1	baseline	worker-cs-7	Label-06	2000
1	baseline	worker-cs-7	Label-06	45000
1	baseline	worker-cs-7	Label-02	45000
1	baseline	worker-cs-7	Label-12	45000
1	baseline	worker-cs-7	Label-10	45000
1	baseline	worker-cs-7	Label-03	44999
1	baseline	worker-cs-7	Label-06	45000
1	baseline	worker-cs-7	Label-11	44999
1	baseline	worker-cs-7	Label-11	2000
1	baseline	worker-cs-7	Label-09	45000
1	baseline	worker-cs-7	Label-10	2000
1	baseline	worker-cs-7	Label-02	45000
1	baseline	worker-cs-7	Label-10	45000
1	baseline	worker-cs-7	Label-04	2000
1	baseline	worker-cs-7	Label-04	44999
1	baseline	worker-cs-7	Label-14	180000
1	baseline	worker-cs-7	Label-07	2000
1	baseline	worker-cs-7	Label-07	45000
1	baseline	worker-cs-7	Label-12	45000
1	baseline	worker-cs-7	Label-12	1999
1	baseline	worker-cs-7	Label-01	1999
1	baseline	worker-cs-7	Label-05	45000
1	baseline	worker-cs-7	Label-11	2000
1	baseline	worker-cs-7	Label-01	2000
1	baseline	worker-cs-7	Label-01	44999
1	baseline	worker-cs-7	Label-02	45000
1	baseline	worker-cs-7	Label-11	44999
1	baseline	worker-cs-7	Label-03	45000
1	baseline	worker-cs-7	Label-12	45000
1	baseline	worker-cs-7	Label-12	2000
1	baseline	worker-cs-7	Label-12	2000
1	baseline	worker-cs-7	Label-12	2000
1	baseline	worker-cs-7	Label-09	45000
1	baseline	worker-cs-7	Label-07	2000
1	baseline	worker-cs-7	Label-08	44999
1	baseline	worker-cs-7	Label-15	2000
1	baseline	worker-cs-7	Label-04	45000
1	baseline	worker-cs-7	Label-07	45000
1	baseline	worker-cs-7	Label-02	2001
1	baseline	worker-cs-7	Label-10	45000
1	baseline	worker-cs-7	Label-11	45001
1	baseline	worker-cs-7	Label-02	44999
1	baseline	worker-cs-7	Label-09	44999
1	baseline	worker-cs-7	Label-06	45000
1	baseline	worker-cs-7	Label-15	2000
1	baseline	worker-cs-7	Label-05	45001
1	baseline	worker-cs-7	Label-11	45000
1	baseline	worker-cs-7	Label-06	44999
1	baseline	worker-cs-7	Label-02	44999
1	baseline	worker-cs-7	Label-15	180000
1	baseline	worker-cs-7	Label-03	45000
1	baseline	worker-cs-7	Label-05	45000
1	baseline	worker-cs-7	Label-06	45000
1	baseline	worker-cs-7	Label-12	45000
1	baseline	worker-cs-7	Label-13	180000
1	baseline	worker-cs-7	Label-08	45000
1	baseline	worker-cs-7	Label-02	1999
1	baseline	worker-cs-7	Label-04	2000
1	baseline	worker-cs-7	Label-04	45000
1	baseline	worker-cs-7	Label-10	2000
1	baseline	worker-cs-7	Label-04	2000
1	baseline	worker-cs-7	Label-04	2000
1	baseline	worker-cs-7	Label-02	44999
1	baseline	worker-cs-7	Label-11	2000
1	baseline	worker-cs-7	Label-01	45001
1	baseline	worker-cs-7	Label-10	45000
1	baseline	worker-cs-7	Label-11	45000
1	baseline	worker-cs-7	Label-05	45000
1	baseline	worker-cs-7	Label-07	2001
1	baseline	worker-cs-7	Label-06	45000
1	baseline	worker-cs-7	Label-07	45000
1	baseline	worker-cs-7	Label-08	45000
1	baseline	worker-cs-7	Label-01	45000
1	baseline	worker-cs-7	Label-03	45000
1	baseline	worker-cs-7	Label-02	45000
1	baseline	worker-cs-7	Label-07	44999
1	baseline	worker-cs-7	Label-01	45000
1	baseline	worker-cs-7	Label-04	45000
1	baseline	worker-cs-7	Label-03	45000
1	baseline	worker-cs-7	Label-09	44999
1	baseline	worker-cs-7	Label-15	180000
1	baseline	worker-cs-7	Label-10	2000
1	baseline	worker-cs-7	Label-06	45001
1	baseline	worker-cs-7	Label-01	45000
1	baseline	worker-cs-7	Label-14	180000
1	baseline	worker-cs-7	Label-10	45001
1	baseline	worker-cs-7	Label-03	2000
1	baseline	worker-cs-7	Label-12	45000
1	baseline	worker-cs-7	Label-10	2000
1	baseline	worker-cs-7	Label-09	45000
1	baseline	worker-cs-7	Label-03	45000
1	baseline	worker-cs-7	Label-07	45000
1	baseline	worker-cs-7	Label-11	2000
1	baseline	worker-cs-7	Label-09	2000
1	baseline	worker-cs-7	Label-07	2000
1	baseline	worker-cs-7	Label-02	2000
1	baseline	worker-cs-7	Label-05	45000
1	baseline	worker-cs-7	Label-11	45000
1	baseline	worker-cs-7	Label-08	45000
1	baseline	worker-cs-7	Label-02	45000
1	baseline	worker-cs-7	Label-02	2000
1	baseline	worker-cs-7	Label-09	45000
1	baseline	worker-cs-7	Label-03	45001
1	baseline	worker-cs-7	Label-11	45000
1	baseline	worker-cs-7	Label-06	44999
1	baseline	worker-cs-7	Label-13	2000
1	baseline	worker-cs-7	Label-03	45000
1	baseline	worker-cs-7	Label-04	45000
1	baseline	worker-cs-7	Label-13	180000
1	baseline	worker-cs-7	Label-15	179999
1	baseline	worker-cs-7	Label-11	2000
1	baseline	worker-cs-7	Label-11	45000
1	baseline	worker-cs-7	Label-03	44999
1	baseline	worker-cs-7	Label-14	180000
1	baseline	worker-cs-7	Label-01	44999
1	baseline	worker-cs-7	Label-02	44999
1	baseline	worker-cs-7	Label-06	45000
1	baseline	worker-cs-7	Label-15	1999
1	baseline	worker-cs-7	Label-07	45001
1	baseline	worker-cs-7	Label-08	45000
1	baseline	worker-cs-7	Label-11	2000
1	baseline	worker-cs-7	Label-11	45000
1	baseline	worker-cs-7	Label-04	45000
1	baseline	worker-cs-7	Label-05	44999
1	baseline	worker-cs-7	Label-02	44999
1	baseline	worker-cs-7	Label-03	44999
1	baseline	worker-cs-7	Label-04	2000
1	baseline	worker-cs-7	Label-04	45000
1	baseline	worker-cs-7	Label-15	180000
1	baseline	worker-cs-7	Label-11	44999
1	baseline	worker-cs-7	Label-13	1999
1	baseline	worker-cs-7	Label-11	2000
1	baseline	worker-cs-7	Label-12	44999
1	baseline	worker-cs-7	Label-07	45001
1	baseline	worker-cs-7	Label-13	2000
1	baseline	worker-cs-7	Label-03	44999
1	baseline	worker-cs-7	Label-04	45000
1	baseline	worker-cs-7	Label-13	180000
1	baseline	worker-cs-7	Label-08	45000
1	baseline	worker-cs-7	Label-01	44999
1	baseline	worker-cs-7	Label-06	2001
1	baseline	worker-cs-7	Label-06	45000
1	baseline	worker-cs-7	Label-06	2000
1	baseline	worker-cs-7	Label-10	45000
1	baseline	worker-cs-7	Label-03	2000
1	baseline	worker-cs-7	Label-04	45000
1	baseline	worker-cs-7	Label-03	45001
1	baseline	worker-cs-7	Label-10	2000
1	baseline	worker-cs-7	Label-08	44999
1	baseline	worker-cs-7	Label-10	44999
1	baseline	worker-cs-7	Label-02	45001
1	baseline	worker-cs-7	Label-14	2000
1	baseline	worker-cs-7	Label-15	2001
1	baseline	worker-cs-7	Label-01	2000
1	baseline	worker-cs-7	Label-15	180000
1	baseline	worker-cs-7	Label-01	45000
1	baseline	worker-cs-7	Label-01	2000
1	baseline	worker-cs-7	Label-07	44999
1	baseline	worker-cs-7	Label-01	1999
1	baseline	worker-cs-7	Label-07	2000
1	baseline	worker-cs-7	Label-11	2000
1	baseline	worker-cs-7	Label-14	2000
1	baseline	worker-cs-7	Label-01	2000
1	baseline	worker-cs-7	Label-14	2001
1	baseline	worker-cs-7	Label-11	2000
1	baseline	worker-cs-7	Label-11	44999
1	baseline	worker-cs-7	Label-06	44999
1	baseline	worker-cs-7	Label-10	2001
1	baseline	worker-cs-7	Label-04	45001
1	baseline	worker-cs-7	Label-04	2000
1	baseline	worker-cs-7	Label-03	44999
1	baseline	worker-cs-7	Label-10	2001
1	baseline	worker-cs-7	Label-10	45000
1	baseline	worker-cs-7	Label-04	2000
1	baseline	worker-cs-7	Label-10	2000
1	baseline	worker-cs-7	Label-14	179999
1	baseline	worker-cs-7	Label-07	2000
1	baseline	worker-cs-7	Label-07	45000
1	baseline	worker-cs-7	Label-03	2000
1	baseline	worker-cs-7	Label-05	45000
1	baseline	worker-cs-7	Label-03	45000
1	baseline	worker-cs-7	Label-08	44999
1	baseline	worker-cs-7	Label-11	45001
1	baseline	worker-cs-7	Label-02	45000
1	baseline	worker-cs-7	Label-09	2000
1	baseline	worker-cs-7	Label-09	45000
1	baseline	worker-cs-7	Label-07	45000
1	baseline	worker-cs-7	Label-01	45000
1	baseline	worker-cs-7	Label-03	2000
1	baseline	worker-cs-7	Label-11	45000
1	baseline	worker-cs-7	Label-04	45000
1	baseline	worker-cs-7	Label-03	44999
1	baseline	worker-cs-7	Label-09	2000
1	baseline	worker-cs-7	Label-08	45000
1	baseline	worker-cs-7	Label-03	1999
1	baseline	worker-cs-7	Label-09	2000
1	baseline	worker-cs-7	Label-09	45000
1	baseline	worker-cs-7	Label-05	44999
1	baseline	worker-cs-7	Label-03	2000
1	baseline	worker-cs-7	Label-11	45000
1	baseline	worker-cs-7	Label-03	45000
1	baseline	worker-cs-7	Label-06	44999
1	baseline	worker-cs-7	Label-09	45000
1	baseline	worker-cs-7	Label-13	180000
1	baseline	worker-cs-7	Label-08	45000
1	baseline	worker-cs-7	Label-07	45000
1	baseline	worker-cs-8	Label-05	1999
1	baseline	worker-cs-8	Label-09	45000
1	baseline	worker-cs-8	Label-05	45000
1	baseline	worker-cs-8	Label-06	45000
1	baseline	worker-cs-8	Label-14	2001
1	baseline	worker-cs-8	Label-08	44999
1	baseline	worker-cs-8	Label-14	2000
1	baseline	worker-cs-8	Label-15	179999
1	baseline	worker-cs-8	Label-14	1999
1	baseline	worker-cs-8	Label-11	45000
1	baseline	worker-cs-8	Label-09	45000
1	baseline	worker-cs-8	Label-07	44999
1	baseline	worker-cs-8	Label-13	180000
1	baseline	worker-cs-8	Label-13	2000
1	baseline	worker-cs-8	Label-08	45000
1	baseline	worker-cs-8	Label-03	45001
1	baseline	worker-cs-8	Label-04	44999
1	baseline	worker-cs-8	Label-14	180000
1	baseline	worker-cs-8	Label-09	45000
1	baseline	worker-cs-8	Label-10	44999
1	baseline	worker-cs-8	Label-12	45000
1	baseline	worker-cs-8	Label-03	1999
1	baseline	worker-cs-8	Label-07	2000
1	baseline	worker-cs-8	Label-03	44999
1	baseline	worker-cs-8	Label-03	2000
1	baseline	worker-cs-8	Label-06	45000
1	baseline	worker-cs-8	Label-07	45000
1	baseline	worker-cs-8	Label-14	2000
1	baseline	worker-cs-8	Label-11	45000
1	baseline	worker-cs-8	Label-08	44999
1	baseline	worker-cs-8	Label-09	45000
1	baseline	worker-cs-8	Label-08	1999
1	baseline	worker-cs-8	Label-02	44999
1	baseline	worker-cs-8	Label-04	44999
1	baseline	worker-cs-8	Label-04	2000
1	baseline	worker-cs-8	Label-01	45000
1	baseline	worker-cs-8	Label-10	45000
1	baseline	worker-cs-8	Label-01	1999
1	baseline	worker-cs-8	Label-08	44999
1	baseline	worker-cs-8	Label-02	45000
1	baseline	worker-cs-8	Label-04	44999
1	baseline	worker-cs-8	Label-12	44999
1	baseline	worker-cs-8	Label-12	2000
1	baseline	worker-cs-8	Label-05	1999
1	baseline	worker-cs-8	Label-14	179999
1	baseline	worker-cs-8	Label-01	44999
1	baseline	worker-cs-8	Label-03	2000
1	baseline	worker-cs-8	Label-05	44999
1	baseline	worker-cs-8	Label-03	2000
1	baseline	worker-cs-8	Label-03	2000
1	baseline	worker-cs-8	Label-03	45000
1	baseline	worker-cs-8	Label-05	1999
1	baseline	worker-cs-8	Label-06	45000
1	baseline	worker-cs-8	Label-12	45000
1	baseline	worker-cs-8	Label-08	45000
1	baseline	worker-cs-8	Label-04	44999
1	baseline	worker-cs-8	Label-11	45000
1	baseline	worker-cs-8	Label-05	2000
1	baseline	worker-cs-8	Label-07	44999
1	baseline	worker-cs-8	Label-01	45000
1	baseline	worker-cs-8	Label-09	1999
1	baseline	worker-cs-8	Label-05	2000
1	baseline	worker-cs-8	Label-01	2000
1	baseline	worker-cs-8	Label-09	45000
1	baseline	worker-cs-8	Label-03	2000
1	baseline	worker-cs-8	Label-10	44999
1	baseline	worker-cs-8	Label-04	44999
1	baseline	worker-cs-8	Label-04	1999
1	baseline	worker-cs-8	Label-08	44999
1	baseline	worker-cs-8	Label-10	1999
1	baseline	worker-cs-8	Label-14	1999
1	baseline	worker-cs-8	Label-07	45000
1	baseline	worker-cs-8	Label-06	45000
1	baseline	worker-cs-8	Label-09	45000
1	baseline	worker-cs-8	Label-08	45000
1	baseline	worker-cs-8	Label-10	1999
1	baseline	worker-cs-8	Label-12	45000
1	baseline	worker-cs-8	Label-10	45000
1	baseline	worker-cs-8	Label-05	45000
1	baseline	worker-cs-8	Label-03	45000
1	baseline	worker-cs-8	Label-01	45000
1	baseline	worker-cs-8	Label-09	45000
1	baseline	worker-cs-8	Label-08	45000
1	baseline	worker-cs-8	Label-11	45000
1	baseline	worker-cs-8	Label-02	2000
1	baseline	worker-cs-8	Label-10	45000
1	baseline	worker-cs-8	Label-14	180000
1	baseline	worker-cs-8	Label-02	45000
1	baseline	worker-cs-8	Label-06	44999
1	baseline	worker-cs-8	Label-09	45000
1	baseline	worker-cs-8	Label-05	44999
1	baseline	worker-cs-8	Label-04	45003
1	baseline	worker-cs-8	Label-01	45000
1	baseline	worker-cs-8	Label-07	45000
1	baseline	worker-cs-8	Label-02	45000
1	baseline	worker-cs-8	Label-06	45000
1	baseline	worker-cs-8	Label-09	44999
1	baseline	worker-cs-8	Label-09	2000
1	baseline	worker-cs-8	Label-15	2000
1	baseline	worker-cs-8	Label-09	1999
1	baseline	worker-cs-8	Label-07	45000
1	baseline	worker-cs-8	Label-05	45000
1	baseline	worker-cs-8	Label-13	180000
1	baseline	worker-cs-8	Label-10	44999
1	baseline	worker-cs-8	Label-01	45000
1	baseline	worker-cs-8	Label-09	45000
1	baseline	worker-cs-8	Label-15	179999
1	baseline	worker-cs-8	Label-14	1999
1	baseline	worker-cs-8	Label-05	44999
1	baseline	worker-cs-8	Label-06	44999
1	baseline	worker-cs-8	Label-07	44999
1	baseline	worker-cs-8	Label-10	1999
1	baseline	worker-cs-8	Label-14	180000
1	baseline	worker-cs-8	Label-03	45000
1	baseline	worker-cs-8	Label-10	45000
1	baseline	worker-cs-8	Label-07	45001
1	baseline	worker-cs-8	Label-02	45000
1	baseline	worker-cs-8	Label-11	2000
1	baseline	worker-cs-8	Label-11	1999
1	baseline	worker-cs-8	Label-01	2000
1	baseline	worker-cs-8	Label-01	45000
1	baseline	worker-cs-8	Label-03	44999
1	baseline	worker-cs-8	Label-11	45000
1	baseline	worker-cs-8	Label-08	45000
1	baseline	worker-cs-8	Label-12	45000
1	baseline	worker-cs-8	Label-04	45000
1	baseline	worker-cs-8	Label-05	45000
1	baseline	worker-cs-8	Label-11	45000
1	baseline	worker-cs-8	Label-03	45000
1	baseline	worker-cs-8	Label-15	180001
1	baseline	worker-cs-8	Label-06	45000
1	baseline	worker-cs-8	Label-09	45000
1	baseline	worker-cs-8	Label-09	1999
1	baseline	worker-cs-8	Label-10	45000
1	baseline	worker-cs-8	Label-07	45001
1	baseline	worker-cs-8	Label-11	45000
1	baseline	worker-cs-8	Label-14	1999
1	baseline	worker-cs-8	Label-06	45000
1	baseline	worker-cs-8	Label-02	2000
1	baseline	worker-cs-8	Label-01	45000
1	baseline	worker-cs-8	Label-02	44999
1	baseline	worker-cs-8	Label-02	2000
1	baseline	worker-cs-8	Label-03	1999
1	baseline	worker-cs-8	Label-04	45000
1	baseline	worker-cs-8	Label-14	179999
1	baseline	worker-cs-8	Label-03	45000
1	baseline	worker-cs-8	Label-12	45000
1	baseline	worker-cs-8	Label-10	45000
1	baseline	worker-cs-8	Label-11	45001
1	baseline	worker-cs-8	Label-15	2000
1	baseline	worker-cs-8	Label-15	180000
1	baseline	worker-cs-8	Label-01	2000
1	baseline	worker-cs-8	Label-10	1999
1	baseline	worker-cs-8	Label-07	45000
1	baseline	worker-cs-8	Label-10	44999
1	baseline	worker-cs-8	Label-01	44998
1	baseline	worker-cs-8	Label-01	2000
1	baseline	worker-cs-8	Label-11	1999
1	baseline	worker-cs-8	Label-03	44999
1	baseline	worker-cs-8	Label-11	45000
1	baseline	worker-cs-8	Label-12	45000
1	baseline	worker-cs-8	Label-08	45000
1	baseline	worker-cs-8	Label-08	2000
1	baseline	worker-cs-8	Label-08	2001
1	baseline	worker-cs-8	Label-08	2000
1	baseline	worker-cs-8	Label-01	45001
1	baseline	worker-cs-8	Label-05	2000
1	baseline	worker-cs-8	Label-14	2001
1	baseline	worker-cs-8	Label-03	44999
1	baseline	worker-cs-8	Label-13	179999
1	baseline	worker-cs-8	Label-05	44999
1	baseline	worker-cs-8	Label-06	45000
1	baseline	worker-cs-8	Label-12	44999
1	baseline	worker-cs-8	Label-09	45001
1	baseline	worker-cs-8	Label-01	45001
1	baseline	worker-cs-8	Label-02	2000
1	baseline	worker-cs-8	Label-07	45000
1	baseline	worker-cs-8	Label-02	44999
1	baseline	worker-cs-8	Label-02	1999
1	baseline	worker-cs-8	Label-14	2000
1	baseline	worker-cs-8	Label-10	45000
1	baseline	worker-cs-8	Label-03	2001
1	baseline	worker-cs-8	Label-03	45000
1	baseline	worker-cs-8	Label-08	44999
1	baseline	worker-cs-8	Label-14	2000
1	baseline	worker-cs-8	Label-14	179999
1	baseline	worker-cs-8	Label-15	2000
1	baseline	worker-cs-8	Label-05	45000
1	baseline	worker-cs-8	Label-12	2000
1	baseline	worker-cs-8	Label-12	1999
1	baseline	worker-cs-8	Label-12	45000
1	baseline	worker-cs-8	Label-12	1999
1	baseline	worker-cs-8	Label-08	45000
1	baseline	worker-cs-8	Label-15	180000
1	baseline	worker-cs-8	Label-02	45000
1	baseline	worker-cs-8	Label-13	180000
1	baseline	worker-cs-8	Label-06	44999
1	baseline	worker-cs-8	Label-11	45000
1	baseline	worker-cs-8	Label-09	45000
1	baseline	worker-cs-8	Label-05	44999
1	baseline	worker-cs-8	Label-14	2000
1	baseline	worker-cs-8	Label-08	2000
1	baseline	worker-cs-8	Label-08	2000
1	baseline	worker-cs-8	Label-08	45000
1	baseline	worker-cs-8	Label-08	2000
1	baseline	worker-cs-8	Label-08	1999
1	baseline	worker-cs-8	Label-15	2001
1	baseline	worker-cs-8	Label-03	2000
1	baseline	worker-cs-8	Label-07	44999
1	baseline	worker-cs-8	Label-14	180000
1	baseline	worker-cs-8	Label-03	44999
1	baseline	worker-cs-8	Label-06	45000
1	baseline	worker-cs-8	Label-08	45000
1	baseline	worker-cs-8	Label-04	45000
1	baseline	worker-cs-9	Label-09	2000
1	baseline	worker-cs-9	Label-01	2000
1	baseline	worker-cs-9	Label-01	1998
1	baseline	worker-cs-9	Label-04	2000
1	baseline	worker-cs-9	Label-09	45000
1	baseline	worker-cs-9	Label-02	2000
1	baseline	worker-cs-9	Label-02	1999
1	baseline	worker-cs-9	Label-10	2000
1	baseline	worker-cs-9	Label-02	45000
1	baseline	worker-cs-9	Label-01	1999
1	baseline	worker-cs-9	Label-09	2000
1	baseline	worker-cs-9	Label-06	1999
1	baseline	worker-cs-9	Label-10	45000
1	baseline	worker-cs-9	Label-10	1999
1	baseline	worker-cs-9	Label-04	2000
1	baseline	worker-cs-9	Label-01	2000
1	baseline	worker-cs-9	Label-10	2000
1	baseline	worker-cs-9	Label-04	2000
1	baseline	worker-cs-9	Label-11	45000
1	baseline	worker-cs-9	Label-03	2001
1	baseline	worker-cs-9	Label-06	2000
1	baseline	worker-cs-9	Label-02	2000
1	baseline	worker-cs-9	Label-01	1999
1	baseline	worker-cs-9	Label-01	2000
1	baseline	worker-cs-9	Label-07	45000
1	baseline	worker-cs-9	Label-10	1999
1	baseline	worker-cs-9	Label-04	2000
1	baseline	worker-cs-9	Label-05	45000
1	baseline	worker-cs-9	Label-05	2000
1	baseline	worker-cs-9	Label-10	2000
1	baseline	worker-cs-9	Label-04	1999
1	baseline	worker-cs-9	Label-01	1999
1	baseline	worker-cs-9	Label-04	1999
1	baseline	worker-cs-9	Label-03	1999
1	baseline	worker-cs-9	Label-06	1999
1	baseline	worker-cs-9	Label-08	45000
1	baseline	worker-cs-9	Label-10	2000
1	baseline	worker-cs-9	Label-04	2000
1	baseline	worker-cs-9	Label-07	44999
1	baseline	worker-cs-9	Label-04	2000
1	baseline	worker-cs-9	Label-12	1999
1	baseline	worker-cs-9	Label-02	2000
1	baseline	worker-cs-9	Label-12	45000
1	baseline	worker-cs-9	Label-10	2000
1	baseline	worker-cs-9	Label-08	2000
1	baseline	worker-cs-9	Label-02	45000
1	baseline	worker-cs-9	Label-08	44999
1	baseline	worker-cs-9	Label-09	44999
1	baseline	worker-cs-9	Label-11	1999
1	baseline	worker-cs-9	Label-05	45000
1	baseline	worker-cs-9	Label-11	45000
1	baseline	worker-cs-9	Label-02	45000
1	baseline	worker-cs-9	Label-03	45000
1	baseline	worker-cs-9	Label-12	45000
1	baseline	worker-cs-9	Label-09	2000
1	baseline	worker-cs-9	Label-09	44999
1	baseline	worker-cs-9	Label-07	45000
1	baseline	worker-cs-9	Label-07	2000
1	baseline	worker-cs-9	Label-07	2000
1	baseline	worker-cs-9	Label-10	44999
1	baseline	worker-cs-9	Label-08	45000
1	baseline	worker-cs-9	Label-03	45000
1	baseline	worker-cs-9	Label-04	45000
1	baseline	worker-cs-9	Label-15	2000
1	baseline	worker-cs-9	Label-07	45000
1	baseline	worker-cs-9	Label-11	2000
1	baseline	worker-cs-9	Label-15	1999
1	baseline	worker-cs-9	Label-11	44999
1	baseline	worker-cs-9	Label-05	44999
1	baseline	worker-cs-9	Label-06	1999
1	baseline	worker-cs-9	Label-06	45000
1	baseline	worker-cs-9	Label-12	44999
1	baseline	worker-cs-9	Label-10	44999
1	baseline	worker-cs-9	Label-15	180000
1	baseline	worker-cs-9	Label-01	45000
1	baseline	worker-cs-9	Label-11	44999
1	baseline	worker-cs-9	Label-06	45000
1	baseline	worker-cs-9	Label-08	2000
1	baseline	worker-cs-9	Label-05	45000
1	baseline	worker-cs-9	Label-08	45000
1	baseline	worker-cs-9	Label-04	45000
1	baseline	worker-cs-9	Label-09	45000
1	baseline	worker-cs-9	Label-06	1999
1	baseline	worker-cs-9	Label-10	2000
1	baseline	worker-cs-9	Label-07	45000
1	baseline	worker-cs-9	Label-04	2000
1	baseline	worker-cs-9	Label-04	2000
1	baseline	worker-cs-9	Label-10	2000
1	baseline	worker-cs-9	Label-04	2000
1	baseline	worker-cs-9	Label-10	44999
1	baseline	worker-cs-9	Label-06	2000
1	baseline	worker-cs-9	Label-06	45000
1	baseline	worker-cs-9	Label-02	45000
1	baseline	worker-cs-9	Label-12	45000
1	baseline	worker-cs-9	Label-14	1999
1	baseline	worker-cs-9	Label-09	44999
1	baseline	worker-cs-9	Label-08	44999
1	baseline	worker-cs-9	Label-10	45000
1	baseline	worker-cs-9	Label-05	45000
1	baseline	worker-cs-9	Label-09	44999
1	baseline	worker-cs-9	Label-11	1999
1	baseline	worker-cs-9	Label-11	44999
1	baseline	worker-cs-9	Label-03	45001
1	baseline	worker-cs-9	Label-08	45000
1	baseline	worker-cs-9	Label-08	2000
1	baseline	worker-cs-9	Label-02	45000
1	baseline	worker-cs-9	Label-14	180000
1	baseline	worker-cs-9	Label-04	44999
1	baseline	worker-cs-9	Label-05	1999
1	baseline	worker-cs-9	Label-05	1999
1	baseline	worker-cs-9	Label-12	45000
1	baseline	worker-cs-9	Label-05	45000
1	baseline	worker-cs-9	Label-05	1999
1	baseline	worker-cs-9	Label-13	180000
1	baseline	worker-cs-9	Label-11	45001
1	baseline	worker-cs-9	Label-06	2000
1	baseline	worker-cs-9	Label-07	1999
1	baseline	worker-cs-9	Label-06	44999
1	baseline	worker-cs-9	Label-10	45000
1	baseline	worker-cs-9	Label-07	44999
1	baseline	worker-cs-9	Label-09	45000
1	baseline	worker-cs-9	Label-01	45000
1	baseline	worker-cs-9	Label-04	44999
1	baseline	worker-cs-9	Label-12	45000
1	baseline	worker-cs-9	Label-07	44999
1	baseline	worker-cs-9	Label-09	45000
1	baseline	worker-cs-9	Label-09	2000
1	baseline	worker-cs-9	Label-11	45000
1	baseline	worker-cs-9	Label-04	45000
1	baseline	worker-cs-9	Label-05	45000
1	baseline	worker-cs-9	Label-05	1999
1	baseline	worker-cs-9	Label-08	44999
1	baseline	worker-cs-9	Label-12	45000
1	baseline	worker-cs-9	Label-04	45000
1	baseline	worker-cs-9	Label-09	45000
1	baseline	worker-cs-9	Label-02	2000
1	baseline	worker-cs-9	Label-14	180000
1	baseline	worker-cs-9	Label-13	179999
1	baseline	worker-cs-9	Label-02	45000
1	baseline	worker-cs-9	Label-06	45000
1	baseline	worker-cs-9	Label-07	45001
1	baseline	worker-cs-9	Label-01	45000
1	baseline	worker-cs-9	Label-03	44999
1	baseline	worker-cs-9	Label-04	2000
1	baseline	worker-cs-9	Label-10	45000
1	baseline	worker-cs-9	Label-11	1999
1	baseline	worker-cs-9	Label-04	2000
1	baseline	worker-cs-9	Label-09	2000
1	baseline	worker-cs-9	Label-09	45000
1	baseline	worker-cs-9	Label-03	2000
1	baseline	worker-cs-9	Label-04	44999
1	baseline	worker-cs-9	Label-03	1999
1	baseline	worker-cs-9	Label-11	45000
1	baseline	worker-cs-9	Label-03	45000
1	baseline	worker-cs-9	Label-07	45000
1	baseline	worker-cs-9	Label-05	2000
1	baseline	worker-cs-9	Label-09	45000
1	baseline	worker-cs-9	Label-04	2000
1	baseline	worker-cs-9	Label-04	2000
1	baseline	worker-cs-9	Label-04	45000
1	baseline	worker-cs-9	Label-05	45000
1	baseline	worker-cs-9	Label-10	45000
1	baseline	worker-cs-9	Label-02	1999
1	baseline	worker-cs-9	Label-07	45000
1	baseline	worker-cs-9	Label-02	45000
1	baseline	worker-cs-9	Label-03	44999
1	baseline	worker-cs-9	Label-15	179999
1	baseline	worker-cs-9	Label-11	44999
1	baseline	worker-cs-9	Label-04	45000
1	baseline	worker-cs-9	Label-12	45000
1	baseline	worker-cs-9	Label-10	45000
1	baseline	worker-cs-9	Label-03	45000
1	baseline	worker-cs-9	Label-02	1999
1	baseline	worker-cs-9	Label-11	45000
1	baseline	worker-cs-9	Label-02	45000
1	baseline	worker-cs-9	Label-10	44999
1	baseline	worker-cs-9	Label-05	2000
1	baseline	worker-cs-9	Label-05	45000
1	baseline	worker-cs-9	Label-07	1999
1	baseline	worker-cs-9	Label-08	2000
1	baseline	worker-cs-9	Label-08	1999
1	baseline	worker-cs-9	Label-07	45000
1	baseline	worker-cs-9	Label-08	45000
1	baseline	worker-cs-9	Label-15	2000
1	baseline	worker-cs-9	Label-01	44999
1	baseline	worker-cs-9	Label-14	180001
1	baseline	worker-cs-9	Label-03	45000
1	baseline	worker-cs-9	Label-10	1999
1	baseline	worker-cs-9	Label-07	2000
1	baseline	worker-cs-9	Label-10	45000
1	baseline	worker-cs-9	Label-06	2000
1	baseline	worker-cs-9	Label-07	2000
1	baseline	worker-cs-9	Label-07	45000
1	baseline	worker-cs-9	Label-06	44999
1	baseline	worker-cs-9	Label-15	180000
1	baseline	worker-cs-9	Label-03	45000
1	baseline	worker-cs-9	Label-12	45000
1	baseline	worker-cs-9	Label-01	45000
1	baseline	worker-cs-9	Label-04	45000
1	baseline	worker-cs-9	Label-12	2000
1	baseline	worker-cs-9	Label-05	45001
1	baseline	worker-cs-9	Label-12	2000
1	baseline	worker-cs-9	Label-03	45001
1	baseline	worker-cs-9	Label-05	1999
1	baseline	worker-cs-9	Label-06	2000
1	baseline	worker-cs-9	Label-12	45001
1	baseline	worker-cs-9	Label-06	45000
1	baseline	worker-cs-9	Label-09	45000
1	baseline	worker-cs-9	Label-03	1999
1	baseline	worker-cs-9	Label-01	45000
1	baseline	worker-cs-9	Label-02	45000
1	baseline	worker-cs-9	Label-03	45000
1	baseline	worker-cs-9	Label-11	2000
1	baseline	worker-cs-9	Label-14	180001
1	baseline	worker-cs-9	Label-11	45000
1	baseline	worker-cs-9	Label-12	45000
1	baseline	worker-cs-9	Label-10	45000
1	baseline	worker-cs-9	Label-08	45001
1	baseline	worker-cs-9	Label-02	2000
1	baseline	worker-cs-9	Label-02	45000
1	baseline	worker-cs-9	Label-01	2000
1	baseline	worker-cs-9	Label-01	45000
1	baseline	worker-cs-9	Label-01	1999
1	baseline	worker-cs-9	Label-05	2000
1	baseline	worker-cs-9	Label-07	2000
1	baseline	worker-cs-9	Label-07	45000
1	baseline	worker-cs-9	Label-05	45000
1	baseline	worker-cs-9	Label-11	45000
1	baseline	worker-cs-9	Label-07	45000
1	baseline	worker-cs-9	Label-07	2000
1	baseline	worker-cs-9	Label-13	179999
1	baseline	worker-cs-9	Label-13	1999
1	baseline	worker-cs-9	Label-05	44999
1	baseline	worker-cs-9	Label-01	45001
1	baseline	worker-cs-9	Label-04	45000
1	baseline	worker-cs-9	Label-09	45000
2	baseline	worker-cs-0	Label-04	1999
2	baseline	worker-cs-0	Label-11	45000
2	baseline	worker-cs-0	Label-06	2000
2	baseline	worker-cs-0	Label-11	2000
2	baseline	worker-cs-0	Label-04	44999
2	baseline	worker-cs-0	Label-06	45000
2	baseline	worker-cs-0	Label-15	179999
2	baseline	worker-cs-0	Label-05	2000
2	baseline	worker-cs-0	Label-07	45000
2	baseline	worker-cs-0	Label-02	1999
2	baseline	worker-cs-0	Label-07	2000
2	baseline	worker-cs-0	Label-02	44999
2	baseline	worker-cs-0	Label-05	45000
2	baseline	worker-cs-0	Label-04	45000
2	baseline	worker-cs-0	Label-06	1999
2	baseline	worker-cs-0	Label-09	45001
2	baseline	worker-cs-0	Label-12	45000
2	baseline	worker-cs-0	Label-06	45001
2	baseline	worker-cs-0	Label-06	2001
2	baseline	worker-cs-0	Label-01	44999
2	baseline	worker-cs-0	Label-08	45000
2	baseline	worker-cs-0	Label-02	45000
2	baseline	worker-cs-0	Label-04	45000
2	baseline	worker-cs-0	Label-11	45000
2	baseline	worker-cs-0	Label-09	44999
2	baseline	worker-cs-0	Label-14	180000
2	baseline	worker-cs-0	Label-07	45000
2	baseline	worker-cs-0	Label-08	45001
2	baseline	worker-cs-0	Label-02	1999
2	baseline	worker-cs-0	Label-02	45000
2	baseline	worker-cs-0	Label-06	44999
2	baseline	worker-cs-0	Label-10	2000
2	baseline	worker-cs-0	Label-12	45000
2	baseline	worker-cs-0	Label-05	45001
2	baseline	worker-cs-0	Label-05	2000
2	baseline	worker-cs-0	Label-10	45000
2	baseline	worker-cs-0	Label-09	44999
2	baseline	worker-cs-0	Label-02	1999
2	baseline	worker-cs-0	Label-04	45001
2	baseline	worker-cs-0	Label-12	45000
2	baseline	worker-cs-0	Label-15	180000
2	baseline	worker-cs-0	Label-02	45000
2	baseline	worker-cs-0	Label-07	2000
2	baseline	worker-cs-0	Label-02	2000
2	baseline	worker-cs-0	Label-07	45000
2	baseline	worker-cs-0	Label-03	45000
2	baseline	worker-cs-0	Label-12	2000
2	baseline	worker-cs-0	Label-08	2001
2	baseline	worker-cs-0	Label-02	1999
2	baseline	worker-cs-0	Label-04	44999
2	baseline	worker-cs-0	Label-12	1999
2	baseline	worker-cs-0	Label-01	2000
2	baseline	worker-cs-0	Label-12	45000
2	baseline	worker-cs-0	Label-08	2000
2	baseline	worker-cs-0	Label-06	2000
2	baseline	worker-cs-0	Label-07	2000
2	baseline	worker-cs-0	Label-12	1999
2	baseline	worker-cs-0	Label-01	45000
2	baseline	worker-cs-0	Label-06	1999
2	baseline	worker-cs-0	Label-08	45000
2	baseline	worker-cs-0	Label-01	1999
2	baseline	worker-cs-0	Label-06	2000
2	baseline	worker-cs-0	Label-07	45000
2	baseline	worker-cs-0	Label-06	44999
2	baseline	worker-cs-0	Label-05	45000
2	baseline	worker-cs-0	Label-09	2000
2	baseline	worker-cs-0	Label-09	2000
2	baseline	worker-cs-0	Label-04	45000
2	baseline	worker-cs-0	Label-01	45000
2	baseline	worker-cs-0	Label-09	2000
2	baseline	worker-cs-0	Label-09	45000
2	baseline	worker-cs-0	Label-03	1999
2	baseline	worker-cs-0	Label-03	45000
2	baseline	worker-cs-0	Label-03	2000
2	baseline	worker-cs-0	Label-07	45000
2	baseline	worker-cs-0	Label-06	44999
2	baseline	worker-cs-0	Label-06	2000
2	baseline	worker-cs-0	Label-01	45000
2	baseline	worker-cs-0	Label-05	45000
2	baseline	worker-cs-0	Label-10	45001
2	baseline	worker-cs-0	Label-08	45000
2	baseline	worker-cs-0	Label-07	2000
2	baseline	worker-cs-0	Label-06	45000
2	baseline	worker-cs-0	Label-12	45000
2	baseline	worker-cs-0	Label-07	45000
2	baseline	worker-cs-0	Label-14	180000
2	baseline	worker-cs-0	Label-15	2001
2	baseline	worker-cs-0	Label-01	44999
2	baseline	worker-cs-0	Label-15	2000
2	baseline	worker-cs-0	Label-05	45000
2	baseline	worker-cs-0	Label-06	45000
2	baseline	worker-cs-0	Label-02	45000
2	baseline	worker-cs-0	Label-08	45000
2	baseline	worker-cs-0	Label-05	45000
2	baseline	worker-cs-0	Label-11	45000
2	baseline	worker-cs-0	Label-02	45000
2	baseline	worker-cs-0	Label-12	44999
2	baseline	worker-cs-0	Label-15	179999
2	baseline	worker-cs-0	Label-05	45000
2	baseline	worker-cs-0	Label-08	2000
2	baseline	worker-cs-0	Label-11	45000
2	baseline	worker-cs-0	Label-08	44999
2	baseline	worker-cs-0	Label-13	180001
2	baseline	worker-cs-0	Label-06	45000
2	baseline	worker-cs-0	Label-01	44999
2	baseline	worker-cs-0	Label-09	1999
2	baseline	worker-cs-0	Label-04	1999
2	baseline	worker-cs-0	Label-04	2000
2	baseline	worker-cs-0	Label-04	2001
2	baseline	worker-cs-0	Label-02	45000
2	baseline	worker-cs-0	Label-04	45000
2	baseline	worker-cs-0	Label-07	45000
2	baseline	worker-cs-0	Label-09	44999
2	baseline	worker-cs-0	Label-11	45000
2	baseline	worker-cs-0	Label-05	45000
2	baseline	worker-cs-0	Label-08	45000
2	baseline	worker-cs-0	Label-03	45001
2	baseline	worker-cs-0	Label-09	45000
2	baseline	worker-cs-0	Label-06	45000
2	baseline	worker-cs-0	Label-04	2000
2	baseline	worker-cs-0	Label-01	44998
2	baseline	worker-cs-0	Label-04	45000
2	baseline	worker-cs-0	Label-08	45000
2	baseline	worker-cs-0	Label-05	44999
2	baseline	worker-cs-0	Label-06	45000
2	baseline	worker-cs-0	Label-01	2000
2	baseline	worker-cs-0	Label-01	44999
2	baseline	worker-cs-0	Label-07	45000
2	baseline	worker-cs-0	Label-09	2000
2	baseline	worker-cs-0	Label-14	180001
2	baseline	worker-cs-0	Label-03	2000
2	baseline	worker-cs-0	Label-13	2000
2	baseline	worker-cs-0	Label-09	45000
2	baseline	worker-cs-0	Label-09	2000
2	baseline	worker-cs-0	Label-03	44999
2	baseline	worker-cs-0	Label-03	1999
2	baseline	worker-cs-0	Label-05	45000
2	baseline	worker-cs-0	Label-08	1999
2	baseline	worker-cs-0	Label-13	1999
2	baseline	worker-cs-0	Label-08	44999
2	baseline	worker-cs-0	Label-11	44999
2	baseline	worker-cs-0	Label-04	45000
2	baseline	worker-cs-0	Label-10	45000
2	baseline	worker-cs-0	Label-07	1999
2	baseline	worker-cs-0	Label-05	45000
2	baseline	worker-cs-0	Label-07	45000
2	baseline	worker-cs-0	Label-02	45000
2	baseline	worker-cs-0	Label-09	45000
2	baseline	worker-cs-0	Label-09	2000
2	baseline	worker-cs-0	Label-08	45000
2	baseline	worker-cs-0	Label-13	179999
2	baseline	worker-cs-0	Label-10	45000
2	baseline	worker-cs-0	Label-07	45000
2	baseline	worker-cs-0	Label-05	45000
2	baseline	worker-cs-0	Label-11	45000
2	baseline	worker-cs-0	Label-12	45000
2	baseline	worker-cs-0	Label-15	180000
2	baseline	worker-cs-0	Label-09	2000
2	baseline	worker-cs-0	Label-09	45000
2	baseline	worker-cs-0	Label-08	44999
2	baseline	worker-cs-0	Label-04	1999
2	baseline	worker-cs-0	Label-04	45000
2	baseline	worker-cs-0	Label-08	2000
2	baseline	worker-cs-0	Label-02	45000
2	baseline	worker-cs-0	Label-05	44999
2	baseline	worker-cs-0	Label-01	44999
2	baseline	worker-cs-0	Label-15	1999
2	baseline	worker-cs-0	Label-11	44999
2	baseline	worker-cs-0	Label-07	45000
2	baseline	worker-cs-0	Label-12	45001
2	baseline	worker-cs-0	Label-06	2000
2	baseline	worker-cs-0	Label-05	45000
2	baseline	worker-cs-0	Label-13	1999
2	baseline	worker-cs-0	Label-06	45000
2	baseline	worker-cs-0	Label-15	2000
2	baseline	worker-cs-0	Label-02	1999
2	baseline	worker-cs-0	Label-11	45000
2	baseline	worker-cs-0	Label-02	45000
2	baseline	worker-cs-0	Label-03	44999
2	baseline	worker-cs-0	Label-09	45000
2	baseline	worker-cs-0	Label-12	2000
2	baseline	worker-cs-0	Label-12	45000
2	baseline	worker-cs-0	Label-07	45001
2	baseline	worker-cs-0	Label-13	180001
2	baseline	worker-cs-0	Label-15	179999
2	baseline	worker-cs-0	Label-01	44999
2	baseline	worker-cs-0	Label-05	45000
2	baseline	worker-cs-0	Label-01	2000
2	baseline	worker-cs-0	Label-10	45000
2	baseline	worker-cs-0	Label-05	2000
2	baseline	worker-cs-0	Label-12	2000
2	baseline	worker-cs-0	Label-13	2000
2	baseline	worker-cs-0	Label-05	2001
2	baseline	worker-cs-0	Label-11	45000
2	baseline	worker-cs-0	Label-12	45000
2	baseline	worker-cs-0	Label-08	45000
2	baseline	worker-cs-0	Label-01	45000
2	baseline	worker-cs-0	Label-05	45000
2	baseline	worker-cs-0	Label-02	44999
2	baseline	worker-cs-0	Label-09	45000
2	baseline	worker-cs-0	Label-09	2001
2	baseline	worker-cs-0	Label-07	45000
2	baseline	worker-cs-0	Label-12	45000
2	baseline	worker-cs-0	Label-01	2001
2	baseline	worker-cs-0	Label-01	45000
2	baseline	worker-cs-0	Label-06	2000
2	baseline	worker-cs-0	Label-06	45000
2	baseline	worker-cs-0	Label-02	2000
2	baseline	worker-cs-0	Label-03	45000
2	baseline	worker-cs-0	Label-08	2000
2	baseline	worker-cs-0	Label-02	44999
2	baseline	worker-cs-0	Label-08	44999
2	baseline	worker-cs-0	Label-04	45001
2	baseline	worker-cs-0	Label-13	180000
2	baseline	worker-cs-0	Label-11	44999
2	baseline	worker-cs-0	Label-01	45000
2	baseline	worker-cs-0	Label-10	44999
2	baseline	worker-cs-0	Label-04	2000
2	baseline	worker-cs-0	Label-12	45000
2	baseline	worker-cs-0	Label-04	45000
2	baseline	worker-cs-0	Label-09	45000
2	baseline	worker-cs-0	Label-14	2000
2	baseline	worker-cs-0	Label-07	45000
2	baseline	worker-cs-0	Label-11	45000
2	baseline	worker-cs-0	Label-10	45000
2	baseline	worker-cs-0	Label-10	2000
2	baseline	worker-cs-0	Label-03	2000
2	baseline	worker-cs-0	Label-10	2000
2	baseline	worker-cs-0	Label-01	45000
2	baseline	worker-cs-0	Label-08	45000
2	baseline	worker-cs-0	Label-08	2000
2	baseline	worker-cs-0	Label-11	1999
2	baseline	worker-cs-0	Label-03	45000
2	baseline	worker-cs-0	Label-08	1999
2	baseline	worker-cs-0	Label-12	45000
2	baseline	worker-cs-0	Label-11	44999
2	baseline	worker-cs-0	Label-14	180000
2	baseline	worker-cs-0	Label-07	2000
2	baseline	worker-cs-1	Label-07	44999
2	baseline	worker-cs-1	Label-13	180000
2	baseline	worker-cs-1	Label-14	2000
2	baseline	worker-cs-1	Label-14	2000
2	baseline	worker-cs-1	Label-01	44999
2	baseline	worker-cs-1	Label-01	2000
2	baseline	worker-cs-1	Label-02	45000
2	baseline	worker-cs-1	Label-11	45001
2	baseline	worker-cs-1	Label-11	2000
2	baseline	worker-cs-1	Label-03	45000
2	baseline	worker-cs-1	Label-12	44999
2	baseline	worker-cs-1	Label-14	180000
2	baseline	worker-cs-1	Label-10	2000
2	baseline	worker-cs-1	Label-08	2000
2	baseline	worker-cs-1	Label-08	45000
2	baseline	worker-cs-1	Label-08	2000
2	baseline	worker-cs-1	Label-10	45000
2	baseline	worker-cs-1	Label-09	1999
2	baseline	worker-cs-1	Label-10	2000
2	baseline	worker-cs-1	Label-10	2000
2	baseline	worker-cs-1	Label-09	44999
2	baseline	worker-cs-1	Label-15	2000
2	baseline	worker-cs-1	Label-04	45000
2	baseline	worker-cs-1	Label-09	2000
2	baseline	worker-cs-1	Label-07	44999
2	baseline	worker-cs-1	Label-05	45000
2	baseline	worker-cs-1	Label-08	45000
2	baseline	worker-cs-1	Label-03	45000
2	baseline	worker-cs-1	Label-03	2000
2	baseline	worker-cs-1	Label-08	2001
2	baseline	worker-cs-1	Label-09	2000
2	baseline	worker-cs-1	Label-09	1998
2	baseline	worker-cs-1	Label-03	2000
2	baseline	worker-cs-1	Label-11	44999
2	baseline	worker-cs-1	Label-15	180000
2	baseline	worker-cs-1	Label-09	45001
2	baseline	worker-cs-1	Label-05	45000
2	baseline	worker-cs-1	Label-10	45000
2	baseline	worker-cs-1	Label-12	45000
2	baseline	worker-cs-1	Label-04	45000
2	baseline	worker-cs-1	Label-06	45000
2	baseline	worker-cs-1	Label-03	45000
2	baseline	worker-cs-1	Label-07	45000
2	baseline	worker-cs-1	Label-01	45000
2	baseline	worker-cs-1	Label-01	2000
2	baseline	worker-cs-1	Label-10	45000
2	baseline	worker-cs-1	Label-13	1999
2	baseline	worker-cs-1	Label-08	2000
2	baseline	worker-cs-1	Label-08	44999
2	baseline	worker-cs-1	Label-05	2000
2	baseline	worker-cs-1	Label-05	45000
2	baseline	worker-cs-1	Label-05	2000
2	baseline	worker-cs-1	Label-03	45001
2	baseline	worker-cs-1	Label-15	2000
2	baseline	worker-cs-1	Label-02	45001
2	baseline	worker-cs-1	Label-10	44999
2	baseline	worker-cs-1	Label-08	45000
2	baseline	worker-cs-1	Label-03	45000
2	baseline	worker-cs-1	Label-01	45001
2	baseline	worker-cs-1	Label-08	2000
2	baseline	worker-cs-1	Label-12	2000
2	baseline	worker-cs-1	Label-13	179999
2	baseline	worker-cs-1	Label-12	44999
2	baseline	worker-cs-1	Label-06	44999
2	baseline	worker-cs-1	Label-07	45002
2	baseline	worker-cs-1	Label-09	45000
2	baseline	worker-cs-1	Label-03	1999
2	baseline	worker-cs-1	Label-15	180000
2	baseline	worker-cs-1	Label-03	45000
2	baseline	worker-cs-1	Label-11	45000
2	baseline	worker-cs-1	Label-10	45000
2	baseline	worker-cs-1	Label-04	45000
2	baseline	worker-cs-1	Label-05	2000
2	baseline	worker-cs-1	Label-01	44999
2	baseline	worker-cs-1	Label-09	2000
2	baseline	worker-cs-1	Label-09	44999
2	baseline	worker-cs-1	Label-05	45000
2	baseline	worker-cs-1	Label-03	1999
2	baseline	worker-cs-1	Label-11	44999
2	baseline	worker-cs-1	Label-04	45000
2	baseline	worker-cs-1	Label-03	45000
2	baseline	worker-cs-1	Label-04	2000
2	baseline	worker-cs-1	Label-10	45000
2	baseline	worker-cs-1	Label-14	180001
2	baseline	worker-cs-1	Label-15	2001
2	baseline	worker-cs-1	Label-05	45000
2	baseline	worker-cs-1	Label-09	45000
2	baseline	worker-cs-1	Label-07	44999
2	baseline	worker-cs-1	Label-02	45000
2	baseline	worker-cs-1	Label-11	45000
2	baseline	worker-cs-1	Label-03	45000
2	baseline	worker-cs-1	Label-09	45000
2	baseline	worker-cs-1	Label-12	45000
2	baseline	worker-cs-1	Label-08	2000
2	baseline	worker-cs-1	Label-08	45000
2	baseline	worker-cs-1	Label-08	2000
2	baseline	worker-cs-1	Label-05	44999
2	baseline	worker-cs-1	Label-12	2000
2	baseline	worker-cs-1	Label-12	2000
2	baseline	worker-cs-1	Label-15	180000
2	baseline	worker-cs-1	Label-12	45000
2	baseline	worker-cs-1	Label-02	45000
2	baseline	worker-cs-1	Label-05	45000
2	baseline	worker-cs-1	Label-07	45000
2	baseline	worker-cs-1	Label-03	44999
2	baseline	worker-cs-1	Label-09	45001
2	baseline	worker-cs-1	Label-11	45000
2	baseline	worker-cs-1	Label-10	45000
2	baseline	worker-cs-1	Label-04	45000
2	baseline	worker-cs-1	Label-01	45000
2	baseline	worker-cs-1	Label-05	1999
2	baseline	worker-cs-1	Label-12	45000
2	baseline	worker-cs-1	Label-12	2000
2	baseline	worker-cs-1	Label-14	180000
2	baseline	worker-cs-1	Label-09	2000
2	baseline	worker-cs-1	Label-05	2000
2	baseline	worker-cs-1	Label-05	45000
2	baseline	worker-cs-1	Label-02	1999
2	baseline	worker-cs-1	Label-02	44999
2	baseline	worker-cs-1	Label-09	45000
2	baseline	worker-cs-1	Label-12	45000
2	baseline	worker-cs-1	Label-03	45001
2	baseline	worker-cs-1	Label-05	45000
2	baseline	worker-cs-1	Label-09	45000
2	baseline	worker-cs-1	Label-11	45000
2	baseline	worker-cs-1	Label-12	45000
2	baseline	worker-cs-1	Label-06	45001
2	baseline	worker-cs-1	Label-08	44999
2	baseline	worker-cs-1	Label-07	45001
2	baseline	worker-cs-1	Label-15	180001
2	baseline	worker-cs-1	Label-04	44999
2	baseline	worker-cs-1	Label-06	45000
2	baseline	worker-cs-1	Label-13	180000
2	baseline	worker-cs-1	Label-01	2001
2	baseline	worker-cs-1	Label-05	45000
2	baseline	worker-cs-1	Label-01	45000
2	baseline	worker-cs-1	Label-03	45000
2	baseline	worker-cs-1	Label-12	45001
2	baseline	worker-cs-1	Label-10	2000
2	baseline	worker-cs-1	Label-10	45000
2	baseline	worker-cs-1	Label-08	44999
2	baseline	worker-cs-1	Label-02	45000
2	baseline	worker-cs-1	Label-05	45000
2	baseline	worker-cs-1	Label-04	44999
2	baseline	worker-cs-1	Label-05	2004
2	baseline	worker-cs-1	Label-05	2000
2	baseline	worker-cs-1	Label-14	180000
2	baseline	worker-cs-1	Label-02	2000
2	baseline	worker-cs-1	Label-12	45000
2	baseline	worker-cs-1	Label-09	45000
2	baseline	worker-cs-1	Label-02	45000
2	baseline	worker-cs-1	Label-02	2000
2	baseline	worker-cs-1	Label-01	45001
2	baseline	worker-cs-1	Label-01	2000
2	baseline	worker-cs-1	Label-12	2000
2	baseline	worker-cs-1	Label-12	45001
2	baseline	worker-cs-1	Label-07	1999
2	baseline	worker-cs-1	Label-07	45000
2	baseline	worker-cs-1	Label-01	44999
2	baseline	worker-cs-1	Label-05	44999
2	baseline	worker-cs-1	Label-04	45000
2	baseline	worker-cs-1	Label-13	180000
2	baseline	worker-cs-1	Label-11	45000
2	baseline	worker-cs-1	Label-12	45000
2	baseline	worker-cs-1	Label-10	45000
2	baseline	worker-cs-1	Label-02	44999
2	baseline	worker-cs-1	Label-14	1999
2	baseline	worker-cs-1	Label-06	45000
2	baseline	worker-cs-1	Label-14	180001
2	baseline	worker-cs-1	Label-07	45000
2	baseline	worker-cs-1	Label-09	45000
2	baseline	worker-cs-1	Label-11	44999
2	baseline	worker-cs-1	Label-01	2003
2	baseline	worker-cs-1	Label-01	44999
2	baseline	worker-cs-1	Label-05	45001
2	baseline	worker-cs-1	Label-05	2000
2	baseline	worker-cs-1	Label-07	45000
2	baseline	worker-cs-1	Label-04	45000
2	baseline	worker-cs-1	Label-01	45000
2	baseline	worker-cs-1	Label-02	44999
2	baseline	worker-cs-1	Label-13	1999
2	baseline	worker-cs-1	Label-06	1999
2	baseline	worker-cs-1	Label-05	44999
2	baseline	worker-cs-1	Label-13	179999
2	baseline	worker-cs-1	Label-14	2000
2	baseline	worker-cs-1	Label-06	45000
2	baseline	worker-cs-1	Label-09	44999
2	baseline	worker-cs-1	Label-05	45000
2	baseline	worker-cs-1	Label-11	45000
2	baseline	worker-cs-1	Label-15	180000
2	baseline	worker-cs-1	Label-03	2000
2	baseline	worker-cs-1	Label-03	45001
2	baseline	worker-cs-1	Label-03	2000
2	baseline	worker-cs-1	Label-12	44999
2	baseline	worker-cs-1	Label-10	2000
2	baseline	worker-cs-1	Label-06	45000
2	baseline	worker-cs-1	Label-10	45000
2	baseline	worker-cs-1	Label-06	1999
2	baseline	worker-cs-1	Label-10	1999
2	baseline	worker-cs-1	Label-05	1999
2	baseline	worker-cs-1	Label-01	45000
2	baseline	worker-cs-1	Label-01	2000
2	baseline	worker-cs-1	Label-01	2001
2	baseline	worker-cs-1	Label-09	1999
2	baseline	worker-cs-1	Label-09	45001
2	baseline	worker-cs-1	Label-05	45000
2	baseline	worker-cs-1	Label-12	2000
2	baseline	worker-cs-1	Label-12	44999
2	baseline	worker-cs-1	Label-03	45000
2	baseline	worker-cs-1	Label-10	2000
2	baseline	worker-cs-1	Label-14	179999
2	baseline	worker-cs-1	Label-10	45001
2	baseline	worker-cs-1	Label-01	2000
2	baseline	worker-cs-1	Label-02	2000
2	baseline	worker-cs-1	Label-08	45000
2	baseline	worker-cs-1	Label-01	45000
2	baseline	worker-cs-1	Label-07	2000
2	baseline	worker-cs-1	Label-02	45000
2	baseline	worker-cs-1	Label-10	2001
2	baseline	worker-cs-1	Label-10	2000
2	baseline	worker-cs-1	Label-07	2000
2	baseline	worker-cs-1	Label-07	45000
2	baseline	worker-cs-1	Label-10	2000
2	baseline	worker-cs-1	Label-12	44999
2	baseline	worker-cs-1	Label-11	44999
2	baseline	worker-cs-1	Label-04	45000
2	baseline	worker-cs-1	Label-09	2000
2	baseline	worker-cs-1	Label-07	2000
2	baseline	worker-cs-1	Label-06	1999
2	baseline	worker-cs-2	Label-01	45000
2	baseline	worker-cs-2	Label-02	2000
2	baseline	worker-cs-2	Label-04	45000
2	baseline	worker-cs-2	Label-02	45000
2	baseline	worker-cs-2	Label-06	2000
2	baseline	worker-cs-2	Label-15	2000
2	baseline	worker-cs-2	Label-15	180000
2	baseline	worker-cs-2	Label-06	44999
2	baseline	worker-cs-2	Label-10	2000
2	baseline	worker-cs-2	Label-10	1999
2	baseline	worker-cs-2	Label-04	45000
2	baseline	worker-cs-2	Label-10	45000
2	baseline	worker-cs-2	Label-11	1999
2	baseline	worker-cs-2	Label-14	2001
2	baseline	worker-cs-2	Label-01	1999
2	baseline	worker-cs-2	Label-01	44999
2	baseline	worker-cs-2	Label-14	179999
2	baseline	worker-cs-2	Label-11	45000
2	baseline	worker-cs-2	Label-07	45000
2	baseline	worker-cs-2	Label-08	2000
2	baseline	worker-cs-2	Label-07	2000
2	baseline	worker-cs-2	Label-02	45000
2	baseline	worker-cs-2	Label-08	44999
2	baseline	worker-cs-2	Label-01	45000
2	baseline	worker-cs-2	Label-06	45000
2	baseline	worker-cs-2	Label-04	44999
2	baseline	worker-cs-2	Label-10	45000
2	baseline	worker-cs-2	Label-07	1999
2	baseline	worker-cs-2	Label-07	44999
2	baseline	worker-cs-2	Label-05	45000
2	baseline	worker-cs-2	Label-04	1999
2	baseline	worker-cs-2	Label-03	44999
2	baseline	worker-cs-2	Label-04	44999
2	baseline	worker-cs-2	Label-04	2000
2	baseline	worker-cs-2	Label-08	45000
2	baseline	worker-cs-2	Label-12	44999
2	baseline	worker-cs-2	Label-09	45000
2	baseline	worker-cs-2	Label-02	45000
2	baseline	worker-cs-2	Label-13	180000
2	baseline	worker-cs-2	Label-11	45000
2	baseline	worker-cs-2	Label-03	45000
2	baseline	worker-cs-2	Label-09	45000
2	baseline	worker-cs-2	Label-08	45000
2	baseline	worker-cs-2	Label-15	180000
2	baseline	worker-cs-2	Label-04	45000
2	baseline	worker-cs-2	Label-12	44999
2	baseline	worker-cs-2	Label-10	45000
2	baseline	worker-cs-2	Label-09	45000
2	baseline	worker-cs-2	Label-02	45000
2	baseline	worker-cs-2	Label-11	45000
2	baseline	worker-cs-2	Label-07	45000
2	baseline	worker-cs-2	Label-01	45000
2	baseline	worker-cs-2	Label-10	45000
2	baseline	worker-cs-2	Label-02	45000
2	baseline	worker-cs-2	Label-04	1999
2	baseline	worker-cs-2	Label-04	2000
2	baseline	worker-cs-2	Label-02	2000
2	baseline	worker-cs-2	Label-08	45000
2	baseline	worker-cs-2	Label-04	44999
2	baseline	worker-cs-2	Label-08	2000
2	baseline	worker-cs-2	Label-13	2000
2	baseline	worker-cs-2	Label-04	2000
2	baseline	worker-cs-2	Label-09	2000
2	baseline	worker-cs-2	Label-03	2000
2	baseline	worker-cs-2	Label-03	44999
2	baseline	worker-cs-2	Label-03	1999
2	baseline	worker-cs-2	Label-09	2001
2	baseline	worker-cs-2	Label-13	179999
2	baseline	worker-cs-2	Label-09	45000
2	baseline	worker-cs-2	Label-02	45000
2	baseline	worker-cs-2	Label-02	1999
2	baseline	worker-cs-2	Label-11	1999
2	baseline	worker-cs-2	Label-04	45001
2	baseline	worker-cs-2	Label-11	45000
2	baseline	worker-cs-2	Label-10	2000
2	baseline	worker-cs-2	Label-06	45000
2	baseline	worker-cs-2	Label-03	44999
2	baseline	worker-cs-2	Label-14	1999
2	baseline	worker-cs-2	Label-10	45000
2	baseline	worker-cs-2	Label-12	45000
2	baseline	worker-cs-2	Label-09	45000
2	baseline	worker-cs-2	Label-08	2000
2	baseline	worker-cs-2	Label-11	45000
2	baseline	worker-cs-2	Label-08	45001
2	baseline	worker-cs-2	Label-14	2000
2	baseline	worker-cs-2	Label-15	180000
2	baseline	worker-cs-2	Label-05	45000
2	baseline	worker-cs-2	Label-07	45000
2	baseline	worker-cs-2	Label-06	45002
2	baseline	worker-cs-2	Label-08	45000
2	baseline	worker-cs-2	Label-08	1999
2	baseline	worker-cs-2	Label-10	45000
2	baseline	worker-cs-2	Label-11	1999
2	baseline	worker-cs-2	Label-03	45000
2	baseline	worker-cs-2	Label-14	180000
2	baseline	worker-cs-2	Label-09	45000
2	baseline	worker-cs-2	Label-12	2000
2	baseline	worker-cs-2	Label-11	45000
2	baseline	worker-cs-2	Label-02	45000
2	baseline	worker-cs-2	Label-08	2000
2	baseline	worker-cs-2	Label-07	45000
2	baseline	worker-cs-2	Label-12	45000
2	baseline	worker-cs-2	Label-08	44999
2	baseline	worker-cs-2	Label-08	2000
2	baseline	worker-cs-2	Label-01	44999
2	baseline	worker-cs-2	Label-12	2000
2	baseline	worker-cs-2	Label-06	45000
2	baseline	worker-cs-2	Label-02	45001
2	baseline	worker-cs-2	Label-08	2000
2	baseline	worker-cs-2	Label-05	2000
2	baseline	worker-cs-2	Label-08	2000
2	baseline	worker-cs-2	Label-08	2000
2	baseline	worker-cs-2	Label-03	45000
2	baseline	worker-cs-2	Label-06	2001
2	baseline	worker-cs-2	Label-05	44999
2	baseline	worker-cs-2	Label-04	45000
2	baseline	worker-cs-2	Label-06	2001
2	baseline	worker-cs-2	Label-10	44999
2	baseline	worker-cs-2	Label-06	45000
2	baseline	worker-cs-2	Label-07	2000
2	baseline	worker-cs-2	Label-07	45000
2	baseline	worker-cs-2	Label-04	2000
2	baseline	worker-cs-2	Label-07	2000
2	baseline	worker-cs-2	Label-11	2000
2	baseline	worker-cs-2	Label-15	2000
2	baseline	worker-cs-2	Label-04	45000
2	baseline	worker-cs-2	Label-11	45000
2	baseline	worker-cs-2	Label-09	2000
2	baseline	worker-cs-2	Label-03	45000
2	baseline	worker-cs-2	Label-09	45000
2	baseline	worker-cs-2	Label-08	2000
2	baseline	worker-cs-2	Label-08	45000
2	baseline	worker-cs-2	Label-04	1999
2	baseline	worker-cs-2	Label-04	45000
2	baseline	worker-cs-2	Label-10	45000
2	baseline	worker-cs-2	Label-07	45000
2	baseline	worker-cs-2	Label-02	45000
2	baseline	worker-cs-2	Label-15	180000
2	baseline	worker-cs-2	Label-12	44999
2	baseline	worker-cs-2	Label-09	2000
2	baseline	worker-cs-2	Label-08	2000
2	baseline	worker-cs-2	Label-08	45000
2	baseline	worker-cs-2	Label-07	44999
2	baseline	worker-cs-2	Label-14	180000
2	baseline	worker-cs-2	Label-09	45000
2	baseline	worker-cs-2	Label-06	45000
2	baseline	worker-cs-2	Label-07	2000
2	baseline	worker-cs-2	Label-12	45000
2	baseline	worker-cs-2	Label-05	45000
2	baseline	worker-cs-2	Label-07	45000
2	baseline	worker-cs-2	Label-01	44999
2	baseline	worker-cs-2	Label-04	45000
2	baseline	worker-cs-2	Label-02	45000
2	baseline	worker-cs-2	Label-06	44999
2	baseline	worker-cs-2	Label-08	2000
2	baseline	worker-cs-2	Label-11	45000
2	baseline	worker-cs-2	Label-11	1999
2	baseline	worker-cs-2	Label-08	45000
2	baseline	worker-cs-2	Label-12	44999
2	baseline	worker-cs-2	Label-03	45000
2	baseline	worker-cs-2	Label-10	2000
2	baseline	worker-cs-2	Label-10	45000
2	baseline	worker-cs-2	Label-04	45001
2	baseline	worker-cs-2	Label-02	45000
2	baseline	worker-cs-2	Label-03	44999
2	baseline	worker-cs-2	Label-09	1999
2	baseline	worker-cs-2	Label-09	45000
2	baseline	worker-cs-2	Label-10	45001
2	baseline	worker-cs-2	Label-08	45000
2	baseline	worker-cs-2	Label-11	45000
2	baseline	worker-cs-2	Label-02	44999
2	baseline	worker-cs-2	Label-09	44999
2	baseline	worker-cs-2	Label-10	45000
2	baseline	worker-cs-2	Label-10	2000
2	baseline	worker-cs-2	Label-11	45001
2	baseline	worker-cs-2	Label-13	180000
2	baseline	worker-cs-2	Label-01	2001
2	baseline	worker-cs-2	Label-14	180000
2	baseline	worker-cs-2	Label-09	2000
2	baseline	worker-cs-2	Label-09	45001
2	baseline	worker-cs-2	Label-03	44999
2	baseline	worker-cs-2	Label-01	45000
2	baseline	worker-cs-2	Label-10	1999
2	baseline	worker-cs-2	Label-04	1999
2	baseline	worker-cs-2	Label-11	44999
2	baseline	worker-cs-2	Label-07	45000
2	baseline	worker-cs-2	Label-10	45000
2	baseline	worker-cs-2	Label-04	45000
2	baseline	worker-cs-2	Label-04	2000
2	baseline	worker-cs-2	Label-09	44999
2	baseline	worker-cs-2	Label-12	45000
2	baseline	worker-cs-2	Label-11	44999
2	baseline	worker-cs-2	Label-06	45000
2	baseline	worker-cs-2	Label-02	45000
2	baseline	worker-cs-2	Label-04	45000
2	baseline	worker-cs-2	Label-10	45000
2	baseline	worker-cs-2	Label-12	45000
2	baseline	worker-cs-2	Label-14	180000
2	baseline	worker-cs-2	Label-07	44999
2	baseline	worker-cs-2	Label-15	180001
2	baseline	worker-cs-2	Label-05	45000
2	baseline	worker-cs-2	Label-05	2000
2	baseline	worker-cs-2	Label-10	45000
2	baseline	worker-cs-2	Label-14	2000
2	baseline	worker-cs-2	Label-02	45000
2	baseline	worker-cs-2	Label-04	45000
2	baseline	worker-cs-2	Label-11	2000
2	baseline	worker-cs-2	Label-11	2000
2	baseline	worker-cs-2	Label-11	45000
2	baseline	worker-cs-2	Label-12	45000
2	baseline	worker-cs-2	Label-06	2000
2	baseline	worker-cs-2	Label-06	45000
2	baseline	worker-cs-2	Label-13	180000
2	baseline	worker-cs-2	Label-01	44999
2	baseline	worker-cs-2	Label-08	45000
2	baseline	worker-cs-2	Label-03	45000
2	baseline	worker-cs-2	Label-04	45000
2	baseline	worker-cs-2	Label-10	2000
2	baseline	worker-cs-2	Label-11	45001
2	baseline	worker-cs-2	Label-12	45000
2	baseline	worker-cs-2	Label-10	45001
2	baseline	worker-cs-3	Label-15	179999
2	baseline	worker-cs-3	Label-15	2000
2	baseline	worker-cs-3	Label-04	45000
2	baseline	worker-cs-3	Label-04	2000
2	baseline	worker-cs-3	Label-12	44999
2	baseline	worker-cs-3	Label-09	2000
2	baseline	worker-cs-3	Label-12	2000
2	baseline	worker-cs-3	Label-07	45000
2	baseline	worker-cs-3	Label-09	45000
2	baseline	worker-cs-3	Label-11	45000
2	baseline	worker-cs-3	Label-06	45000
2	baseline	worker-cs-3	Label-11	2000
2	baseline	worker-cs-3	Label-11	2000
2	baseline	worker-cs-3	Label-11	2000
2	baseline	worker-cs-3	Label-10	2000
2	baseline	worker-cs-3	Label-07	44999
2	baseline	worker-cs-3	Label-14	179999
2	baseline	worker-cs-3	Label-13	1999
2	baseline	worker-cs-3	Label-13	2000
2	baseline	worker-cs-3	Label-10	45000
2	baseline	worker-cs-3	Label-03	2000
2	baseline	worker-cs-3	Label-05	44999
2	baseline	worker-cs-3	Label-03	44999
2	baseline	worker-cs-3	Label-08	45000
2	baseline	worker-cs-3	Label-12	45000
2	baseline	worker-cs-3	Label-07	45000
2	baseline	worker-cs-3	Label-11	45000
2	baseline	worker-cs-3	Label-10	45000
2	baseline	worker-cs-3	Label-01	45000
2	baseline	worker-cs-3	Label-04	45000
2	baseline	worker-cs-3	Label-13	180000
2	baseline	worker-cs-3	Label-02	45000
2	baseline	worker-cs-3	Label-12	1999
2	baseline	worker-cs-3	Label-05	45000
2	baseline	worker-cs-3	Label-03	45000
2	baseline	worker-cs-3	Label-12	45000
2	baseline	worker-cs-3	Label-11	44999
2	baseline	worker-cs-3	Label-07	45000
2	baseline	worker-cs-3	Label-08	45001
2	baseline	worker-cs-3	Label-02	45000
2	baseline	worker-cs-3	Label-13	2000
2	baseline	worker-cs-3	Label-01	1998
2	baseline	worker-cs-3	Label-01	44999
2	baseline	worker-cs-3	Label-09	44999
2	baseline	worker-cs-3	Label-04	45000
2	baseline	worker-cs-3	Label-05	2000
2	baseline	worker-cs-3	Label-05	45000
2	baseline	worker-cs-3	Label-02	44999
2	baseline	worker-cs-3	Label-12	45000
2	baseline	worker-cs-3	Label-09	45000
2	baseline	worker-cs-3	Label-03	45000
2	baseline	worker-cs-3	Label-02	45000
2	baseline	worker-cs-3	Label-11	44999
2	baseline	worker-cs-3	Label-15	2000
2	baseline	worker-cs-3	Label-13	179999
2	baseline	worker-cs-3	Label-06	2000
2	baseline	worker-cs-3	Label-04	45000
2	baseline	worker-cs-3	Label-06	45001
2	baseline	worker-cs-3	Label-15	180001
2	baseline	worker-cs-3	Label-01	45000
2	baseline	worker-cs-3	Label-12	1999
2	baseline	worker-cs-3	Label-05	2000
2	baseline	worker-cs-3	Label-12	45001
2	baseline	worker-cs-3	Label-11	2000
2	baseline	worker-cs-3	Label-12	2000
2	baseline	worker-cs-3	Label-03	1999
2	baseline	worker-cs-3	Label-06	2000
2	baseline	worker-cs-3	Label-05	45000
2	baseline	worker-cs-3	Label-03	44999
2	baseline	worker-cs-3	Label-05	1999
2	baseline	worker-cs-3	Label-11	44999
2	baseline	worker-cs-3	Label-07	2000
2	baseline	worker-cs-3	Label-07	1999
2	baseline	worker-cs-3	Label-06	44999
2	baseline	worker-cs-3	Label-09	2000
2	baseline	worker-cs-3	Label-06	1999
2	baseline	worker-cs-3	Label-10	2000
2	baseline	worker-cs-3	Label-10	2000
2	baseline	worker-cs-3	Label-06	2000
2	baseline	worker-cs-3	Label-07	44999
2	baseline	worker-cs-3	Label-05	2000
2	baseline	worker-cs-3	Label-06	2000
2	baseline	worker-cs-3	Label-04	45000
2	baseline	worker-cs-3	Label-10	45000
2	baseline	worker-cs-3	Label-09	45000
2	baseline	worker-cs-3	Label-10	1999
2	baseline	worker-cs-3	Label-04	2000
2	baseline	worker-cs-3	Label-02	45000
2	baseline	worker-cs-3	Label-02	2001
2	baseline	worker-cs-3	Label-11	45000
2	baseline	worker-cs-3	Label-01	45000
2	baseline	worker-cs-3	Label-08	45000
2	baseline	worker-cs-3	Label-03	45000
2	baseline	worker-cs-3	Label-12	45000
2	baseline	worker-cs-3	Label-04	45000
2	baseline	worker-cs-3	Label-04	1999
2	baseline	worker-cs-3	Label-12	2000
2	baseline	worker-cs-3	Label-12	2000
2	baseline	worker-cs-3	Label-01	45000
2	baseline	worker-cs-3	Label-02	45001
2	baseline	worker-cs-3	Label-07	45000
2	baseline	worker-cs-3	Label-15	2000
2	baseline	worker-cs-3	Label-15	180000
2	baseline	worker-cs-3	Label-12	45000
2	baseline	worker-cs-3	Label-06	44999
2	baseline	worker-cs-3	Label-06	2000
2	baseline	worker-cs-3	Label-03	44999
2	baseline	worker-cs-3	Label-13	180000
2	baseline	worker-cs-3	Label-02	1999
2	baseline	worker-cs-3	Label-02	45000
2	baseline	worker-cs-3	Label-08	1999
2	baseline	worker-cs-3	Label-08	45000
2	baseline	worker-cs-3	Label-10	45000
2	baseline	worker-cs-3	Label-09	1999
2	baseline	worker-cs-3	Label-06	45000
2	baseline	worker-cs-3	Label-09	45000
2	baseline	worker-cs-3	Label-01	45000
2	baseline	worker-cs-3	Label-04	45000
2	baseline	worker-cs-3	Label-02	45000
2	baseline	worker-cs-3	Label-05	45000
2	baseline	worker-cs-3	Label-11	2000
2	baseline	worker-cs-3	Label-03	45000
2	baseline	worker-cs-3	Label-11	45000
2	baseline	worker-cs-3	Label-07	2000
2	baseline	worker-cs-3	Label-06	45000
2	baseline	worker-cs-3	Label-01	45000
2	baseline	worker-cs-3	Label-06	1999
2	baseline	worker-cs-3	Label-07	44999
2	baseline	worker-cs-3	Label-11	2000
2	baseline	worker-cs-3	Label-14	1999
2	baseline	worker-cs-3	Label-08	45000
2	baseline	worker-cs-3	Label-12	45000
2	baseline	worker-cs-3	Label-11	45001
2	baseline	worker-cs-3	Label-01	2000
2	baseline	worker-cs-3	Label-01	45000
2	baseline	worker-cs-3	Label-04	45000
2	baseline	worker-cs-3	Label-07	45000
2	baseline	worker-cs-3	Label-09	45000
2	baseline	worker-cs-3	Label-08	2000
2	baseline	worker-cs-3	Label-09	2000
2	baseline	worker-cs-3	Label-14	180000
2	baseline	worker-cs-3	Label-10	45000
2	baseline	worker-cs-3	Label-01	45000
2	baseline	worker-cs-3	Label-08	45000
2	baseline	worker-cs-3	Label-05	45000
2	baseline	worker-cs-3	Label-04	45000
2	baseline	worker-cs-3	Label-11	44999
2	baseline	worker-cs-3	Label-10	45000
2	baseline	worker-cs-3	Label-06	45000
2	baseline	worker-cs-3	Label-08	45000
2	baseline	worker-cs-3	Label-11	45000
2	baseline	worker-cs-3	Label-05	45000
2	baseline	worker-cs-3	Label-07	45000
2	baseline	worker-cs-3	Label-12	2000
2	baseline	worker-cs-3	Label-03	45000
2	baseline	worker-cs-3	Label-12	2000
2	baseline	worker-cs-3	Label-12	45000
2	baseline	worker-cs-3	Label-07	45000
2	baseline	worker-cs-3	Label-14	180000
2	baseline	worker-cs-3	Label-08	45000
2	baseline	worker-cs-3	Label-07	2000
2	baseline	worker-cs-3	Label-11	1999
2	baseline	worker-cs-3	Label-11	45000
2	baseline	worker-cs-3	Label-07	1999
2	baseline	worker-cs-3	Label-04	45000
2	baseline	worker-cs-3	Label-15	179999
2	baseline	worker-cs-3	Label-10	2000
2	baseline	worker-cs-3	Label-07	44999
2	baseline	worker-cs-3	Label-12	45000
2	baseline	worker-cs-3	Label-10	45000
2	baseline	worker-cs-3	Label-06	2000
2	baseline	worker-cs-3	Label-12	2000
2	baseline	worker-cs-3	Label-09	2000
2	baseline	worker-cs-3	Label-08	1999
2	baseline	worker-cs-3	Label-08	45000
2	baseline	worker-cs-3	Label-09	2001
2	baseline	worker-cs-3	Label-11	45000
2	baseline	worker-cs-3	Label-07	2000
2	baseline	worker-cs-3	Label-06	45000
2	baseline	worker-cs-3	Label-02	2000
2	baseline	worker-cs-3	Label-09	44999
2	baseline	worker-cs-3	Label-07	2001
2	baseline	worker-cs-3	Label-09	2000
2	baseline	worker-cs-3	Label-01	45000
2	baseline	worker-cs-3	Label-02	1999
2	baseline	worker-cs-3	Label-02	44999
2	baseline	worker-cs-3	Label-10	45000
2	baseline	worker-cs-3	Label-03	45000
2	baseline	worker-cs-3	Label-07	2000
2	baseline	worker-cs-3	Label-12	45000
2	baseline	worker-cs-3	Label-11	1999
2	baseline	worker-cs-3	Label-05	45000
2	baseline	worker-cs-3	Label-04	45000
2	baseline	worker-cs-3	Label-11	45000
2	baseline	worker-cs-3	Label-09	45000
2	baseline	worker-cs-3	Label-06	44999
2	baseline	worker-cs-3	Label-08	45000
2	baseline	worker-cs-3	Label-03	2000
2	baseline	worker-cs-3	Label-05	44999
2	baseline	worker-cs-3	Label-03	44999
2	baseline	worker-cs-3	Label-09	45000
2	baseline	worker-cs-3	Label-06	45000
2	baseline	worker-cs-3	Label-13	180000
2	baseline	worker-cs-3	Label-01	45000
2	baseline	worker-cs-3	Label-12	2000
2	baseline	worker-cs-3	Label-09	45000
2	baseline	worker-cs-3	Label-15	179999
2	baseline	worker-cs-3	Label-10	2000
2	baseline	worker-cs-3	Label-12	45000
2	baseline	worker-cs-3	Label-10	45000
2	baseline	worker-cs-3	Label-08	45001
2	baseline	worker-cs-3	Label-07	1999
2	baseline	worker-cs-3	Label-05	45000
2	baseline	worker-cs-3	Label-14	179999
2	baseline	worker-cs-3	Label-07	2000
2	baseline	worker-cs-3	Label-09	44999
2	baseline	worker-cs-3	Label-07	45000
2	baseline	worker-cs-3	Label-06	1999
2	baseline	worker-cs-3	Label-12	45000
2	baseline	worker-cs-3	Label-09	2000
2	baseline	worker-cs-3	Label-06	45000
2	baseline	worker-cs-3	Label-06	2000
2	baseline	worker-cs-3	Label-10	45000
2	baseline	worker-cs-3	Label-03	44999
2	baseline	worker-cs-3	Label-12	1999
2	baseline	worker-cs-3	Label-09	45000
2	baseline	worker-cs-3	Label-02	2000
2	baseline	worker-cs-3	Label-01	45000
2	baseline	worker-cs-3	Label-02	45000
2	baseline	worker-cs-3	Label-12	45000
2	baseline	worker-cs-3	Label-10	44999
2	baseline	worker-cs-3	Label-04	45000
2	baseline	worker-cs-3	Label-03	45000
2	baseline	worker-cs-3	Label-06	1999
2	baseline	worker-cs-3	Label-02	45000
2	baseline	worker-cs-3	Label-03	2000
2	baseline	worker-cs-3	Label-03	2000
2	baseline	worker-cs-3	Label-06	45000
2	baseline	worker-cs-3	Label-09	45001
2	baseline	worker-cs-3	Label-04	45000
2	baseline	worker-cs-3	Label-01	45000
2	baseline	worker-cs-3	Label-06	1999
2	baseline	worker-cs-3	Label-10	45000
2	baseline	worker-cs-4	Label-01	45000
2	baseline	worker-cs-4	Label-02	44999
2	baseline	worker-cs-4	Label-06	44999
2	baseline	worker-cs-4	Label-11	44999
2	baseline	worker-cs-4	Label-03	45000
2	baseline	worker-cs-4	Label-01	45000
2	baseline	worker-cs-4	Label-04	45000
2	baseline	worker-cs-4	Label-09	45000
2	baseline	worker-cs-4	Label-13	180000
2	baseline	worker-cs-4	Label-13	1999
2	baseline	worker-cs-4	Label-01	44999
2	baseline	worker-cs-4	Label-11	2000
2	baseline	worker-cs-4	Label-06	45000
2	baseline	worker-cs-4	Label-11	44999
2	baseline	worker-cs-4	Label-15	1999
2	baseline	worker-cs-4	Label-14	180000
2	baseline	worker-cs-4	Label-01	45000
2	baseline	worker-cs-4	Label-10	45000
2	baseline	worker-cs-4	Label-04	2000
2	baseline	worker-cs-4	Label-06	2000
2	baseline	worker-cs-4	Label-15	180000
2	baseline	worker-cs-4	Label-04	45000
2	baseline	worker-cs-4	Label-06	45000
2	baseline	worker-cs-4	Label-02	45001
2	baseline	worker-cs-4	Label-01	45000
2	baseline	worker-cs-4	Label-11	1999
2	baseline	worker-cs-4	Label-06	1999
2	baseline	worker-cs-4	Label-07	45000
2	baseline	worker-cs-4	Label-11	45000
2	baseline	worker-cs-4	Label-09	1999
2	baseline	worker-cs-4	Label-03	45000
2	baseline	worker-cs-4	Label-03	2000
2	baseline	worker-cs-4	Label-15	2000
2	baseline	worker-cs-4	Label-09	45000
2	baseline	worker-cs-4	Label-10	45000
2	baseline	worker-cs-4	Label-10	2000
2	baseline	worker-cs-4	Label-09	1999
2	baseline	worker-cs-4	Label-01	45000
2	baseline	worker-cs-4	Label-04	2000
2	baseline	worker-cs-4	Label-04	1999
2	baseline	worker-cs-4	Label-04	44999
2	baseline	worker-cs-4	Label-06	2000
2	baseline	worker-cs-4	Label-02	45001
2	baseline	worker-cs-4	Label-06	44999
2	baseline	worker-cs-4	Label-01	45000
2	baseline	worker-cs-4	Label-08	45001
2	baseline	worker-cs-4	Label-03	45000
2	baseline	worker-cs-4	Label-11	2000
2	baseline	worker-cs-4	Label-07	45000
2	baseline	worker-cs-4	Label-11	45000
2	baseline	worker-cs-4	Label-15	180000
2	baseline	worker-cs-4	Label-15	2000
2	baseline	worker-cs-4	Label-01	44999
2	baseline	worker-cs-4	Label-01	2000
2	baseline	worker-cs-4	Label-09	45000
2	baseline	worker-cs-4	Label-02	45000
2	baseline	worker-cs-4	Label-02	2000
2	baseline	worker-cs-4	Label-04	45001
2	baseline	worker-cs-4	Label-08	45000
2	baseline	worker-cs-4	Label-13	179999
2	baseline	worker-cs-4	Label-02	2000
2	baseline	worker-cs-4	Label-14	1999
2	baseline	worker-cs-4	Label-01	44999
2	baseline	worker-cs-4	Label-02	44999
2	baseline	worker-cs-4	Label-07	45000
2	baseline	worker-cs-4	Label-07	1999
2	baseline	worker-cs-4	Label-05	45000
2	baseline	worker-cs-4	Label-03	2000
2	baseline	worker-cs-4	Label-03	45000
2	baseline	worker-cs-4	Label-11	44999
2	baseline	worker-cs-4	Label-03	2000
2	baseline	worker-cs-4	Label-04	45000
2	baseline	worker-cs-4	Label-10	45000
2	baseline	worker-cs-4	Label-05	44999
2	baseline	worker-cs-4	Label-07	44999
2	baseline	worker-cs-4	Label-01	44999
2	baseline	worker-cs-4	Label-03	45000
2	baseline	worker-cs-4	Label-14	179999
2	baseline	worker-cs-4	Label-12	45000
2	baseline	worker-cs-4	Label-02	44999
2	baseline	worker-cs-4	Label-09	2000
2	baseline	worker-cs-4	Label-05	45000
2	baseline	worker-cs-4	Label-05	2000
2	baseline	worker-cs-4	Label-09	45000
2	baseline	worker-cs-4	Label-01	2000
2	baseline	worker-cs-4	Label-06	2000
2	baseline	worker-cs-4	Label-07	2000
2	baseline	worker-cs-4	Label-01	45000
2	baseline	worker-cs-4	Label-06	1999
2	baseline	worker-cs-4	Label-04	1999
2	baseline	worker-cs-4	Label-06	45001
2	baseline	worker-cs-4	Label-04	45001
2	baseline	worker-cs-4	Label-07	45000
2	baseline	worker-cs-4	Label-01	1999
2	baseline	worker-cs-4	Label-03	45000
2	baseline	worker-cs-4	Label-03	2000
2	baseline	worker-cs-4	Label-01	45000
2	baseline	worker-cs-4	Label-09	2000
2	baseline	worker-cs-4	Label-09	44999
2	baseline	worker-cs-4	Label-01	2000
2	baseline	worker-cs-4	Label-11	44999
2	baseline	worker-cs-4	Label-13	2000
2	baseline	worker-cs-4	Label-06	45000
2	baseline	worker-cs-4	Label-07	44999
2	baseline	worker-cs-4	Label-08	1999
2	baseline	worker-cs-4	Label-08	45000
2	baseline	worker-cs-4	Label-07	1999
2	baseline	worker-cs-4	Label-08	2000
2	baseline	worker-cs-4	Label-05	2000
2	baseline	worker-cs-4	Label-09	45000
2	baseline	worker-cs-4	Label-05	45000
2	baseline	worker-cs-4	Label-13	2000
2	baseline	worker-cs-4	Label-01	45000
2	baseline	worker-cs-4	Label-13	180000
2	baseline	worker-cs-4	Label-03	44999
2	baseline	worker-cs-4	Label-07	2000
2	baseline	worker-cs-4	Label-06	44999
2	baseline	worker-cs-4	Label-07	45000
2	baseline	worker-cs-4	Label-04	1999
2	baseline	worker-cs-4	Label-11	45000
2	baseline	worker-cs-4	Label-04	45000
2	baseline	worker-cs-4	Label-03	45000
2	baseline	worker-cs-4	Label-10	44999
2	baseline	worker-cs-4	Label-02	45000
2	baseline	worker-cs-4	Label-05	45000
2	baseline	worker-cs-4	Label-09	2000
2	baseline	worker-cs-4	Label-15	180000
2	baseline	worker-cs-4	Label-09	45000
2	baseline	worker-cs-4	Label-08	44999
2	baseline	worker-cs-4	Label-01	1999
2	baseline	worker-cs-4	Label-08	1999
2	baseline	worker-cs-4	Label-03	45000
2	baseline	worker-cs-4	Label-01	44999
2	baseline	worker-cs-4	Label-02	44999
2	baseline	worker-cs-4	Label-09	45000
2	baseline	worker-cs-4	Label-07	45000
2	baseline	worker-cs-4	Label-10	45000
2	baseline	worker-cs-4	Label-10	2000
2	baseline	worker-cs-4	Label-07	2000
2	baseline	worker-cs-4	Label-06	2000
2	baseline	worker-cs-4	Label-11	45000
2	baseline	worker-cs-4	Label-06	44999
2	baseline	worker-cs-4	Label-13	179999
2	baseline	worker-cs-4	Label-03	2000
2	baseline	worker-cs-4	Label-03	45000
2	baseline	worker-cs-4	Label-10	45000
2	baseline	worker-cs-4	Label-02	45000
2	baseline	worker-cs-4	Label-14	180000
2	baseline	worker-cs-4	Label-08	45000
2	baseline	worker-cs-4	Label-03	45000
2	baseline	worker-cs-4	Label-06	45000
2	baseline	worker-cs-4	Label-08	1999
2	baseline	worker-cs-4	Label-12	45000
2	baseline	worker-cs-4	Label-09	45000
2	baseline	worker-cs-4	Label-02	1999
2	baseline	worker-cs-4	Label-05	1999
2	baseline	worker-cs-4	Label-08	45000
2	baseline	worker-cs-4	Label-15	180000
2	baseline	worker-cs-4	Label-05	44999
2	baseline	worker-cs-4	Label-01	2001
2	baseline	worker-cs-4	Label-03	2000
2	baseline	worker-cs-4	Label-02	45000
2	baseline	worker-cs-4	Label-08	1999
2	baseline	worker-cs-4	Label-01	1999
2	baseline	worker-cs-4	Label-01	44999
2	baseline	worker-cs-4	Label-12	45000
2	baseline	worker-cs-4	Label-03	45001
2	baseline	worker-cs-4	Label-09	2000
2	baseline	worker-cs-4	Label-10	45000
2	baseline	worker-cs-4	Label-06	45000
2	baseline	worker-cs-4	Label-09	45000
2	baseline	worker-cs-4	Label-11	45000
2	baseline	worker-cs-4	Label-07	45000
2	baseline	worker-cs-4	Label-05	44999
2	baseline	worker-cs-4	Label-03	44999
2	baseline	worker-cs-4	Label-03	2000
2	baseline	worker-cs-4	Label-06	45000
2	baseline	worker-cs-4	Label-04	45001
2	baseline	worker-cs-4	Label-12	45000
2	baseline	worker-cs-4	Label-05	2000
2	baseline	worker-cs-4	Label-11	44999
2	baseline	worker-cs-4	Label-07	45000
2	baseline	worker-cs-4	Label-05	45000
2	baseline	worker-cs-4	Label-03	2001
2	baseline	worker-cs-4	Label-02	45000
2	baseline	worker-cs-4	Label-03	45000
2	baseline	worker-cs-4	Label-12	44999
2	baseline	worker-cs-4	Label-08	44999
2	baseline	worker-cs-4	Label-05	45000
2	baseline	worker-cs-4	Label-02	2000
2	baseline	worker-cs-4	Label-04	45000
2	baseline	worker-cs-4	Label-04	1999
2	baseline	worker-cs-4	Label-02	45000
2	baseline	worker-cs-4	Label-09	44999
2	baseline	worker-cs-4	Label-10	45000
2	baseline	worker-cs-4	Label-13	180000
2	baseline	worker-cs-4	Label-04	45001
2	baseline	worker-cs-4	Label-03	2000
2	baseline	worker-cs-4	Label-05	45000
2	baseline	worker-cs-4	Label-14	180000
2	baseline	worker-cs-4	Label-03	2000
2	baseline	worker-cs-4	Label-10	2000
2	baseline	worker-cs-4	Label-03	45000
2	baseline	worker-cs-4	Label-12	2000
2	baseline	worker-cs-4	Label-12	45000
2	baseline	worker-cs-4	Label-14	2000
2	baseline	worker-cs-4	Label-02	45000
2	baseline	worker-cs-4	Label-10	45000
2	baseline	worker-cs-4	Label-04	45001
2	baseline	worker-cs-4	Label-03	44999
2	baseline	worker-cs-4	Label-01	45000
2	baseline	worker-cs-4	Label-06	45000
2	baseline	worker-cs-4	Label-12	1998
2	baseline	worker-cs-4	Label-14	2000
2	baseline	worker-cs-4	Label-12	45000
2	baseline	worker-cs-4	Label-02	44999
2	baseline	worker-cs-4	Label-04	2000
2	baseline	worker-cs-4	Label-07	2000
2	baseline	worker-cs-4	Label-04	45000
2	baseline	worker-cs-4	Label-02	2001
2	baseline	worker-cs-4	Label-07	44999
2	baseline	worker-cs-4	Label-07	2000
2	baseline	worker-cs-4	Label-09	45000
2	baseline	worker-cs-4	Label-14	180000
2	baseline	worker-cs-4	Label-11	45000
2	baseline	worker-cs-4	Label-03	44999
2	baseline	worker-cs-5	Label-02	45001
2	baseline	worker-cs-5	Label-04	45000
2	baseline	worker-cs-5	Label-07	45000
2	baseline	worker-cs-5	Label-05	45000
2	baseline	worker-cs-5	Label-01	45000
2	baseline	worker-cs-5	Label-05	2000
2	baseline	worker-cs-5	Label-13	180000
2	baseline	worker-cs-5	Label-03	2000
2	baseline	worker-cs-5	Label-02	45000
2	baseline	worker-cs-5	Label-03	44999
2	baseline	worker-cs-5	Label-12	44999
2	baseline	worker-cs-5	Label-04	45001
2	baseline	worker-cs-5	Label-07	2000
2	baseline	worker-cs-5	Label-11	2000
2	baseline	worker-cs-5	Label-11	45000
2	baseline	worker-cs-5	Label-11	1999
2	baseline	worker-cs-5	Label-07	45000
2	baseline	worker-cs-5	Label-05	2000
2	baseline	worker-cs-5	Label-15	180000
2	baseline	worker-cs-5	Label-12	45000
2	baseline	worker-cs-5	Label-05	45000
2	baseline	worker-cs-5	Label-03	44999
2	baseline	worker-cs-5	Label-08	1999
2	baseline	worker-cs-5	Label-04	2000
2	baseline	worker-cs-5	Label-09	44999
2	baseline	worker-cs-5	Label-08	45000
2	baseline	worker-cs-5	Label-04	45000
2	baseline	worker-cs-5	Label-13	179999
2	baseline	worker-cs-5	Label-10	44999
2	baseline	worker-cs-5	Label-01	45000
2	baseline	worker-cs-5	Label-12	44999
2	baseline	worker-cs-5	Label-03	2000
2	baseline	worker-cs-5	Label-04	44999
2	baseline	worker-cs-5	Label-03	45001
2	baseline	worker-cs-5	Label-10	2000
2	baseline	worker-cs-5	Label-02	45000
2	baseline	worker-cs-5	Label-02	2000
2	baseline	worker-cs-5	Label-10	45000
2	baseline	worker-cs-5	Label-06	2000
2	baseline	worker-cs-5	Label-05	1999
2	baseline	worker-cs-5	Label-05	2000
2	baseline	worker-cs-5	Label-06	45001
2	baseline	worker-cs-5	Label-05	45000
2	baseline	worker-cs-5	Label-12	1999
2	baseline	worker-cs-5	Label-14	180000
2	baseline	worker-cs-5	Label-12	44999
2	baseline	worker-cs-5	Label-01	44999
2	baseline	worker-cs-5	Label-03	45000
2	baseline	worker-cs-5	Label-15	2000
2	baseline	worker-cs-5	Label-10	44999
2	baseline	worker-cs-5	Label-02	45000
2	baseline	worker-cs-5	Label-09	1999
2	baseline	worker-cs-5	Label-09	44999
2	baseline	worker-cs-5	Label-09	1999
2	baseline	worker-cs-5	Label-05	44999
2	baseline	worker-cs-5	Label-05	1999
2	baseline	worker-cs-5	Label-15	180000
2	baseline	worker-cs-5	Label-02	45000
2	baseline	worker-cs-5	Label-12	45000
2	baseline	worker-cs-5	Label-03	45000
2	baseline	worker-cs-5	Label-09	2000
2	baseline	worker-cs-5	Label-09	44999
2	baseline	worker-cs-5	Label-13	1999
2	baseline	worker-cs-5	Label-01	45000
2	baseline	worker-cs-5	Label-04	44999
2	baseline	worker-cs-5	Label-13	179999
2	baseline	worker-cs-5	Label-14	180000
2	baseline	worker-cs-5	Label-02	44999
2	baseline	worker-cs-5	Label-02	2000
2	baseline	worker-cs-5	Label-15	1999
2	baseline	worker-cs-5	Label-12	44999
2	baseline	worker-cs-5	Label-15	2000
2	baseline	worker-cs-5	Label-04	1999
2	baseline	worker-cs-5	Label-01	45000
2	baseline	worker-cs-5	Label-09	45000
2	baseline	worker-cs-5	Label-06	2000
2	baseline	worker-cs-5	Label-09	1998
2	baseline	worker-cs-5	Label-04	45000
2	baseline	worker-cs-5	Label-05	1999
2	baseline	worker-cs-5	Label-06	44999
2	baseline	worker-cs-5	Label-03	2001
2	baseline	worker-cs-5	Label-08	45000
2	baseline	worker-cs-5	Label-09	2000
2	baseline	worker-cs-5	Label-09	2000
2	baseline	worker-cs-5	Label-05	44999
2	baseline	worker-cs-5	Label-03	45001
2	baseline	worker-cs-5	Label-15	180001
2	baseline	worker-cs-5	Label-09	2000
2	baseline	worker-cs-5	Label-09	44999
2	baseline	worker-cs-5	Label-09	2000
2	baseline	worker-cs-5	Label-09	2000
2	baseline	worker-cs-5	Label-04	45000
2	baseline	worker-cs-5	Label-11	45001
2	baseline	worker-cs-5	Label-12	45001
2	baseline	worker-cs-5	Label-12	1999
2	baseline	worker-cs-5	Label-01	45001
2	baseline	worker-cs-5	Label-03	45000
2	baseline	worker-cs-5	Label-01	2000
2	baseline	worker-cs-5	Label-13	2001
2	baseline	worker-cs-5	Label-05	1999
2	baseline	worker-cs-5	Label-05	44999
2	baseline	worker-cs-5	Label-02	44999
2	baseline	worker-cs-5	Label-06	45000
2	baseline	worker-cs-5	Label-09	45000
2	baseline	worker-cs-5	Label-04	44999
2	baseline	worker-cs-5	Label-04	2000
2	baseline	worker-cs-5	Label-12	44999
2	baseline	worker-cs-5	Label-13	2000
2	baseline	worker-cs-5	Label-02	44999
2	baseline	worker-cs-5	Label-01	45000
2	baseline	worker-cs-5	Label-15	179999
2	baseline	worker-cs-5	Label-05	2000
2	baseline	worker-cs-5	Label-06	2000
2	baseline	worker-cs-5	Label-13	180000
2	baseline	worker-cs-5	Label-05	45000
2	baseline	worker-cs-5	Label-06	45000
2	baseline	worker-cs-5	Label-02	44999
2	baseline	worker-cs-5	Label-11	45000
2	baseline	worker-cs-5	Label-14	180000
2	baseline	worker-cs-5	Label-09	45000
2	baseline	worker-cs-5	Label-08	44999
2	baseline	worker-cs-5	Label-04	44999
2	baseline	worker-cs-5	Label-10	2000
2	baseline	worker-cs-5	Label-10	45000
2	baseline	worker-cs-5	Label-11	45000
2	baseline	worker-cs-5	Label-10	2001
2	baseline	worker-cs-5	Label-05	45000
2	baseline	worker-cs-5	Label-02	45000
2	baseline	worker-cs-5	Label-12	45000
2	baseline	worker-cs-5	Label-11	45000
2	baseline	worker-cs-5	Label-13	2000
2	baseline	worker-cs-5	Label-04	45000
2	baseline	worker-cs-5	Label-07	45000
2	baseline	worker-cs-5	Label-13	1999
2	baseline	worker-cs-5	Label-11	44999
2	baseline	worker-cs-5	Label-05	45000
2	baseline	worker-cs-5	Label-13	179999
2	baseline	worker-cs-5	Label-09	45000
2	baseline	worker-cs-5	Label-08	45000
2	baseline	worker-cs-5	Label-06	44999
2	baseline	worker-cs-5	Label-11	45000
2	baseline	worker-cs-5	Label-03	45000
2	baseline	worker-cs-5	Label-14	2000
2	baseline	worker-cs-5	Label-07	45000
2	baseline	worker-cs-5	Label-12	44999
2	baseline	worker-cs-5	Label-04	45000
2	baseline	worker-cs-5	Label-05	45000
2	baseline	worker-cs-5	Label-05	1999
2	baseline	worker-cs-5	Label-05	2001
2	baseline	worker-cs-5	Label-14	179999
2	baseline	worker-cs-5	Label-02	44999
2	baseline	worker-cs-5	Label-07	45000
2	baseline	worker-cs-5	Label-10	44999
2	baseline	worker-cs-5	Label-12	45001
2	baseline	worker-cs-5	Label-11	45000
2	baseline	worker-cs-5	Label-05	1999
2	baseline	worker-cs-5	Label-02	45000
2	baseline	worker-cs-5	Label-02	1999
2	baseline	worker-cs-5	Label-05	2000
2	baseline	worker-cs-5	Label-05	45000
2	baseline	worker-cs-5	Label-06	45000
2	baseline	worker-cs-5	Label-09	45000
2	baseline	worker-cs-5	Label-08	44999
2	baseline	worker-cs-5	Label-12	2000
2	baseline	worker-cs-5	Label-12	44999
2	baseline	worker-cs-5	Label-04	45000
2	baseline	worker-cs-5	Label-05	44999
2	baseline	worker-cs-5	Label-14	180000
2	baseline	worker-cs-5	Label-13	180000
2	baseline	worker-cs-5	Label-03	44999
2	baseline	worker-cs-5	Label-08	2000
2	baseline	worker-cs-5	Label-01	2000
2	baseline	worker-cs-5	Label-11	2000
2	baseline	worker-cs-5	Label-11	1999
2	baseline	worker-cs-5	Label-01	45000
2	baseline	worker-cs-5	Label-08	45000
2	baseline	worker-cs-5	Label-10	2000
2	baseline	worker-cs-5	Label-08	2001
2	baseline	worker-cs-5	Label-11	44999
2	baseline	worker-cs-5	Label-07	44999
2	baseline	worker-cs-5	Label-10	45000
2	baseline	worker-cs-5	Label-01	45000
2	baseline	worker-cs-5	Label-08	45000
2	baseline	worker-cs-5	Label-03	45000
2	baseline	worker-cs-5	Label-12	2000
2	baseline	worker-cs-5	Label-05	45000
2	baseline	worker-cs-5	Label-06	2000
2	baseline	worker-cs-5	Label-15	179999
2	baseline	worker-cs-5	Label-12	1999
2	baseline	worker-cs-5	Label-04	45000
2	baseline	worker-cs-5	Label-06	1999
2	baseline	worker-cs-5	Label-12	45000
2	baseline	worker-cs-5	Label-06	45001
2	baseline	worker-cs-5	Label-14	2000
2	baseline	worker-cs-5	Label-08	44999
2	baseline	worker-cs-5	Label-05	44999
2	baseline	worker-cs-5	Label-03	44999
2	baseline	worker-cs-5	Label-01	2000
2	baseline	worker-cs-5	Label-02	45001
2	baseline	worker-cs-5	Label-01	44999
2	baseline	worker-cs-5	Label-10	45001
2	baseline	worker-cs-5	Label-12	1999
2	baseline	worker-cs-5	Label-10	2000
2	baseline	worker-cs-5	Label-12	45000
2	baseline	worker-cs-5	Label-05	44999
2	baseline	worker-cs-5	Label-08	45000
2	baseline	worker-cs-5	Label-04	45000
2	baseline	worker-cs-5	Label-03	45000
2	baseline	worker-cs-5	Label-08	1999
2	baseline	worker-cs-5	Label-10	44999
2	baseline	worker-cs-5	Label-14	180000
2	baseline	worker-cs-5	Label-12	45000
2	baseline	worker-cs-5	Label-03	1999
2	baseline	worker-cs-5	Label-08	44999
2	baseline	worker-cs-5	Label-07	44999
2	baseline	worker-cs-5	Label-03	45000
2	baseline	worker-cs-6	Label-09	45000
2	baseline	worker-cs-6	Label-12	2000
2	baseline	worker-cs-6	Label-10	44999
2	baseline	worker-cs-6	Label-12	45000
2	baseline	worker-cs-6	Label-03	44999
2	baseline	worker-cs-6	Label-01	2000
2	baseline	worker-cs-6	Label-05	44999
2	baseline	worker-cs-6	Label-01	45000
2	baseline	worker-cs-6	Label-07	45000
2	baseline	worker-cs-6	Label-15	180000
2	baseline	worker-cs-6	Label-15	2000
2	baseline	worker-cs-6	Label-09	45000
2	baseline	worker-cs-6	Label-10	45000
2	baseline	worker-cs-6	Label-05	45000
2	baseline	worker-cs-6	Label-11	1999
2	baseline	worker-cs-6	Label-12	2000
2	baseline	worker-cs-6	Label-08	2000
2	baseline	worker-cs-6	Label-12	45000
2	baseline	worker-cs-6	Label-08	1999
2	baseline	worker-cs-6	Label-08	1999
2	baseline	worker-cs-6	Label-08	45000
2	baseline	worker-cs-6	Label-11	2000
2	baseline	worker-cs-6	Label-06	45000
2	baseline	worker-cs-6	Label-11	45000
2	baseline	worker-cs-6	Label-12	45000
2	baseline	worker-cs-6	Label-07	44999
2	baseline	worker-cs-6	Label-03	44999
2	baseline	worker-cs-6	Label-10	45000
2	baseline	worker-cs-6	Label-02	44999
2	baseline	worker-cs-6	Label-08	45000
2	baseline	worker-cs-6	Label-01	45000
2	baseline	worker-cs-6	Label-13	179999
2	baseline	worker-cs-6	Label-14	180000
2	baseline	worker-cs-6	Label-11	45000
2	baseline	worker-cs-6	Label-11	2000
2	baseline	worker-cs-6	Label-05	45000
2	baseline	worker-cs-6	Label-10	45000
2	baseline	worker-cs-6	Label-06	44999
2	baseline	worker-cs-6	Label-15	180000
2	baseline	worker-cs-6	Label-07	45000
2	baseline	worker-cs-6	Label-01	2000
2	baseline	worker-cs-6	Label-01	2000
2	baseline	worker-cs-6	Label-12	45000
2	baseline	worker-cs-6	Label-02	44999
2	baseline	worker-cs-6	Label-01	2000
2	baseline	worker-cs-6	Label-05	1999
2	baseline	worker-cs-6	Label-01	45000
2	baseline	worker-cs-6	Label-09	44999
2	baseline	worker-cs-6	Label-05	2000
2	baseline	worker-cs-6	Label-05	45000
2	baseline	worker-cs-6	Label-10	44999
2	baseline	worker-cs-6	Label-03	45000
2	baseline	worker-cs-6	Label-11	45000
2	baseline	worker-cs-6	Label-12	44999
2	baseline	worker-cs-6	Label-09	45000
2	baseline	worker-cs-6	Label-02	45000
2	baseline	worker-cs-6	Label-01	45000
2	baseline	worker-cs-6	Label-06	45000
2	baseline	worker-cs-6	Label-04	2000
2	baseline	worker-cs-6	Label-08	45000
2	baseline	worker-cs-6	Label-04	45000
2	baseline	worker-cs-6	Label-05	45001
2	baseline	worker-cs-6	Label-14	180000
2	baseline	worker-cs-6	Label-10	1999
2	baseline	worker-cs-6	Label-01	45000
2	baseline	worker-cs-6	Label-10	1999
2	baseline	worker-cs-6	Label-10	45001
2	baseline	worker-cs-6	Label-12	44999
2	baseline	worker-cs-6	Label-11	44999
2	baseline	worker-cs-6	Label-04	44999
2	baseline	worker-cs-6	Label-08	2000
2	baseline	worker-cs-6	Label-02	45000
2	baseline	worker-cs-6	Label-03	2000
2	baseline	worker-cs-6	Label-06	45000
2	baseline	worker-cs-6	Label-06	2000
2	baseline	worker-cs-6	Label-08	45000
2	baseline	worker-cs-6	Label-03	44999
2	baseline	worker-cs-6	Label-11	44999
2	baseline	worker-cs-6	Label-12	44999
2	baseline	worker-cs-6	Label-12	2000
2	baseline	worker-cs-6	Label-01	45000
2	baseline	worker-cs-6	Label-03	2000
2	baseline	worker-cs-6	Label-05	2000
2	baseline	worker-cs-6	Label-02	2001
2	baseline	worker-cs-6	Label-05	45000
2	baseline	worker-cs-6	Label-13	180002
2	baseline	worker-cs-6	Label-03	45000
2	baseline	worker-cs-6	Label-02	45000
2	baseline	worker-cs-6	Label-07	44999
2	baseline	worker-cs-6	Label-06	2000
2	baseline	worker-cs-6	Label-10	45000
2	baseline	worker-cs-6	Label-06	2000
2	baseline	worker-cs-6	Label-05	45000
2	baseline	worker-cs-6	Label-06	45001
2	baseline	worker-cs-6	Label-11	45001
2	baseline	worker-cs-6	Label-08	2000
2	baseline	worker-cs-6	Label-01	45000
2	baseline	worker-cs-6	Label-11	1999
2	baseline	worker-cs-6	Label-10	45001
2	baseline	worker-cs-6	Label-08	2000
2	baseline	worker-cs-6	Label-08	45000
2	baseline	worker-cs-6	Label-14	2000
2	baseline	worker-cs-6	Label-11	45000
2	baseline	worker-cs-6	Label-04	1999
2	baseline	worker-cs-6	Label-04	2000
2	baseline	worker-cs-6	Label-04	45000
2	baseline	worker-cs-6	Label-12	44999
2	baseline	worker-cs-6	Label-02	44999
2	baseline	worker-cs-6	Label-04	2000
2	baseline	worker-cs-6	Label-05	45000
2	baseline	worker-cs-6	Label-04	44999
2	baseline	worker-cs-6	Label-11	45000
2	baseline	worker-cs-6	Label-14	180001
2	baseline	worker-cs-6	Label-10	2000
2	baseline	worker-cs-6	Label-07	2000
2	baseline	worker-cs-6	Label-01	44999
2	baseline	worker-cs-6	Label-11	2000
2	baseline	worker-cs-6	Label-01	1999
2	baseline	worker-cs-6	Label-10	45000
2	baseline	worker-cs-6	Label-02	2000
2	baseline	worker-cs-6	Label-07	45001
2	baseline	worker-cs-6	Label-08	1999
2	baseline	worker-cs-6	Label-11	44999
2	baseline	worker-cs-6	Label-04	1999
2	baseline	worker-cs-6	Label-02	45000
2	baseline	worker-cs-6	Label-15	2000
2	baseline	worker-cs-6	Label-08	44999
2	baseline	worker-cs-6	Label-15	180000
2	baseline	worker-cs-6	Label-04	45000
2	baseline	worker-cs-6	Label-07	44999
2	baseline	worker-cs-6	Label-07	1999
2	baseline	worker-cs-6	Label-03	2000
2	baseline	worker-cs-6	Label-03	2000
2	baseline	worker-cs-6	Label-12	45000
2	baseline	worker-cs-6	Label-03	45000
2	baseline	worker-cs-6	Label-10	45000
2	baseline	worker-cs-6	Label-01	44999
2	baseline	worker-cs-6	Label-07	44999
2	baseline	worker-cs-6	Label-05	45000
2	baseline	worker-cs-6	Label-03	45001
2	baseline	worker-cs-6	Label-10	2000
2	baseline	worker-cs-6	Label-10	45000
2	baseline	worker-cs-6	Label-09	2000
2	baseline	worker-cs-6	Label-09	44999
2	baseline	worker-cs-6	Label-07	45000
2	baseline	worker-cs-6	Label-06	45000
2	baseline	worker-cs-6	Label-08	44999
2	baseline	worker-cs-6	Label-10	45000
2	baseline	worker-cs-6	Label-04	44999
2	baseline	worker-cs-6	Label-11	2000
2	baseline	worker-cs-6	Label-13	180000
2	baseline	worker-cs-6	Label-03	45000
2	baseline	worker-cs-6	Label-09	2000
2	baseline	worker-cs-6	Label-12	45000
2	baseline	worker-cs-6	Label-11	44999
2	baseline	worker-cs-6	Label-04	2000
2	baseline	worker-cs-6	Label-09	44999
2	baseline	worker-cs-6	Label-04	45000
2	baseline	worker-cs-6	Label-11	2000
2	baseline	worker-cs-6	Label-04	2000
2	baseline	worker-cs-6	Label-14	2000
2	baseline	worker-cs-6	Label-06	45000
2	baseline	worker-cs-6	Label-01	45000
2	baseline	worker-cs-6	Label-11	44999
2	baseline	worker-cs-6	Label-08	45000
2	baseline	worker-cs-6	Label-07	2000
2	baseline	worker-cs-6	Label-07	45000
2	baseline	worker-cs-6	Label-10	45000
2	baseline	worker-cs-6	Label-06	44999
2	baseline	worker-cs-6	Label-11	45001
2	baseline	worker-cs-6	Label-05	2000
2	baseline	worker-cs-6	Label-05	44999
2	baseline	worker-cs-6	Label-07	45000
2	baseline	worker-cs-6	Label-03	44999
2	baseline	worker-cs-6	Label-14	180000
2	baseline	worker-cs-6	Label-02	45000
2	baseline	worker-cs-6	Label-08	2000
2	baseline	worker-cs-6	Label-06	44999
2	baseline	worker-cs-6	Label-12	45000
2	baseline	worker-cs-6	Label-08	2000
2	baseline	worker-cs-6	Label-08	45000
2	baseline	worker-cs-6	Label-08	2000
2	baseline	worker-cs-6	Label-15	1999
2	baseline	worker-cs-6	Label-04	2000
2	baseline	worker-cs-6	Label-04	44999
2	baseline	worker-cs-6	Label-09	45000
2	baseline	worker-cs-6	Label-03	45000
2	baseline	worker-cs-6	Label-12	2001
2	baseline	worker-cs-6	Label-12	45000
2	baseline	worker-cs-6	Label-08	45000
2	baseline	worker-cs-6	Label-11	45000
2	baseline	worker-cs-6	Label-15	180000
2	baseline	worker-cs-6	Label-10	45000
2	baseline	worker-cs-6	Label-15	2000
2	baseline	worker-cs-6	Label-12	44999
2	baseline	worker-cs-6	Label-11	45000
2	baseline	worker-cs-6	Label-04	45000
2	baseline	worker-cs-6	Label-14	180000
2	baseline	worker-cs-6	Label-07	44999
2	baseline	worker-cs-6	Label-09	45000
2	baseline	worker-cs-6	Label-05	45000
2	baseline	worker-cs-6	Label-12	45000
2	baseline	worker-cs-6	Label-11	45000
2	baseline	worker-cs-6	Label-03	44999
2	baseline	worker-cs-6	Label-01	45000
2	baseline	worker-cs-6	Label-05	44999
2	baseline	worker-cs-6	Label-13	2000
2	baseline	worker-cs-6	Label-07	45000
2	baseline	worker-cs-6	Label-13	180000
2	baseline	worker-cs-6	Label-02	45000
2	baseline	worker-cs-6	Label-11	45000
2	baseline	worker-cs-6	Label-03	44999
2	baseline	worker-cs-6	Label-11	2000
2	baseline	worker-cs-6	Label-01	1999
2	baseline	worker-cs-6	Label-01	45001
2	baseline	worker-cs-6	Label-06	45001
2	baseline	worker-cs-6	Label-08	1999
2	baseline	worker-cs-6	Label-02	2001
2	baseline	worker-cs-6	Label-08	44999
2	baseline	worker-cs-6	Label-05	2000
2	baseline	worker-cs-6	Label-02	44999
2	baseline	worker-cs-6	Label-05	45000
2	baseline	worker-cs-6	Label-14	2000
2	baseline	worker-cs-6	Label-11	44999
2	baseline	worker-cs-6	Label-07	45000
2	baseline	worker-cs-6	Label-08	45000
2	baseline	worker-cs-7	Label-12	2000
2	baseline	worker-cs-7	Label-12	2000
2	baseline	worker-cs-7	Label-05	45000
2	baseline	worker-cs-7	Label-12	45001
2	baseline	worker-cs-7	Label-15	179999
2	baseline	worker-cs-7	Label-08	45000
2	baseline	worker-cs-7	Label-10	45000
2	baseline	worker-cs-7	Label-03	44999
2	baseline	worker-cs-7	Label-06	44999
2	baseline	worker-cs-7	Label-13	2000
2	baseline	worker-cs-7	Label-05	45000
2	baseline	worker-cs-7	Label-12	45000
2	baseline	worker-cs-7	Label-10	45000
2	baseline	worker-cs-7	Label-07	44999
2	baseline	worker-cs-7	Label-03	45000
2	baseline	worker-cs-7	Label-13	179999
2	baseline	worker-cs-7	Label-02	1999
2	baseline	worker-cs-7	Label-04	1999
2	baseline	worker-cs-7	Label-11	44999
2	baseline	worker-cs-7	Label-07	2000
2	baseline	worker-cs-7	Label-11	1999
2	baseline	worker-cs-7	Label-11	2000
2	baseline	worker-cs-7	Label-02	45000
2	baseline	worker-cs-7	Label-04	45000
2	baseline	worker-cs-7	Label-14	180000
2	baseline	worker-cs-7	Label-07	45000
2	baseline	worker-cs-7	Label-03	45000
2	baseline	worker-cs-7	Label-09	45000
2	baseline	worker-cs-7	Label-10	44999
2	baseline	worker-cs-7	Label-08	45000
2	baseline	worker-cs-7	Label-02	45000
2	baseline	worker-cs-7	Label-12	45000
2	baseline	worker-cs-7	Label-01	45001
2	baseline	worker-cs-7	Label-06	45000
2	baseline	worker-cs-7	Label-07	45000
2	baseline	worker-cs-7	Label-08	45000
2	baseline	worker-cs-7	Label-12	45000
2	baseline	worker-cs-7	Label-11	45000
2	baseline	worker-cs-7	Label-13	180001
2	baseline	worker-cs-7	Label-07	45000
2	baseline	worker-cs-7	Label-03	45000
2	baseline	worker-cs-7	Label-04	2000
2	baseline	worker-cs-7	Label-04	45000
2	baseline	worker-cs-7	Label-06	2000
2	baseline	worker-cs-7	Label-10	1999
2	baseline	worker-cs-7	Label-10	44999
2	baseline	worker-cs-7	Label-12	45001
2	baseline	worker-cs-7	Label-06	45000
2	baseline	worker-cs-7	Label-07	44999
2	baseline	worker-cs-7	Label-09	2000
2	baseline	worker-cs-7	Label-09	45000
2	baseline	worker-cs-7	Label-11	45000
2	baseline	worker-cs-7	Label-04	45001
2	baseline	worker-cs-7	Label-03	2000
2	baseline	worker-cs-7	Label-15	2000
2	baseline	worker-cs-7	Label-03	45000
2	baseline	worker-cs-7	Label-02	45000
2	baseline	worker-cs-7	Label-15	180000
2	baseline	worker-cs-7	Label-15	2000
2	baseline	worker-cs-7	Label-10	45000
2	baseline	worker-cs-7	Label-08	1999
2	baseline	worker-cs-7	Label-12	45001
2	baseline	worker-cs-7	Label-08	2000
2	baseline	worker-cs-7	Label-08	45001
2	baseline	worker-cs-7	Label-03	45000
2	baseline	worker-cs-7	Label-11	2000
2	baseline	worker-cs-7	Label-06	45000
2	baseline	worker-cs-7	Label-09	45000
2	baseline	worker-cs-7	Label-11	2000
2	baseline	worker-cs-7	Label-11	45000
2	baseline	worker-cs-7	Label-04	45000
2	baseline	worker-cs-7	Label-03	45000
2	baseline	worker-cs-7	Label-07	45000
2	baseline	worker-cs-7	Label-10	45000
2	baseline	worker-cs-7	Label-03	45000
2	baseline	worker-cs-7	Label-12	44999
2	baseline	worker-cs-7	Label-14	180001
2	baseline	worker-cs-7	Label-06	45000
2	baseline	worker-cs-7	Label-05	44999
2	baseline	worker-cs-7	Label-05	1998
2	baseline	worker-cs-7	Label-09	44999
2	baseline	worker-cs-7	Label-10	1999
2	baseline	worker-cs-7	Label-12	45000
2	baseline	worker-cs-7	Label-15	179999
2	baseline	worker-cs-7	Label-10	45000
2	baseline	worker-cs-7	Label-12	2000
2	baseline	worker-cs-7	Label-13	179999
2	baseline	worker-cs-7	Label-07	1999
2	baseline	worker-cs-7	Label-10	2000
2	baseline	worker-cs-7	Label-07	45000
2	baseline	worker-cs-7	Label-09	45000
2	baseline	worker-cs-7	Label-10	1999
2	baseline	worker-cs-7	Label-12	45000
2	baseline	worker-cs-7	Label-05	44999
2	baseline	worker-cs-7	Label-03	45000
2	baseline	worker-cs-7	Label-03	2000
2	baseline	worker-cs-7	Label-12	2000
2	baseline	worker-cs-7	Label-01	44999
2	baseline	worker-cs-7	Label-09	45000
2	baseline	worker-cs-7	Label-09	1999
2	baseline	worker-cs-7	Label-12	1999
2	baseline	worker-cs-7	Label-07	2000
2	baseline	worker-cs-7	Label-08	45000
2	baseline	worker-cs-7	Label-07	1999
2	baseline	worker-cs-7	Label-02	45000
2	baseline	worker-cs-7	Label-07	45000
2	baseline	worker-cs-7	Label-07	2000
2	baseline	worker-cs-7	Label-05	45000
2	baseline	worker-cs-7	Label-03	45000
2	baseline	worker-cs-7	Label-09	2000
2	baseline	worker-cs-7	Label-08	44999
2	baseline	worker-cs-7	Label-09	1999
2	baseline	worker-cs-7	Label-01	2000
2	baseline	worker-cs-7	Label-09	2000
2	baseline	worker-cs-7	Label-01	2000
2	baseline	worker-cs-7	Label-01	1999
2	baseline	worker-cs-7	Label-04	2000
2	baseline	worker-cs-7	Label-01	45000
2	baseline	worker-cs-7	Label-09	45000
2	baseline	worker-cs-7	Label-04	45000
2	baseline	worker-cs-7	Label-14	2000
2	baseline	worker-cs-7	Label-05	2000
2	baseline	worker-cs-7	Label-11	2001
2	baseline	worker-cs-7	Label-06	45001
2	baseline	worker-cs-7	Label-05	45000
2	baseline	worker-cs-7	Label-11	44999
2	baseline	worker-cs-7	Label-08	2000
2	baseline	worker-cs-7	Label-13	1999
2	baseline	worker-cs-7	Label-02	45000
2	baseline	worker-cs-7	Label-08	45000
2	baseline	worker-cs-7	Label-04	1999
2	baseline	worker-cs-7	Label-04	45000
2	baseline	worker-cs-7	Label-14	2000
2	baseline	worker-cs-7	Label-11	45000
2	baseline	worker-cs-7	Label-12	45001
2	baseline	worker-cs-7	Label-14	180000
2	baseline	worker-cs-7	Label-06	45000
2	baseline	worker-cs-7	Label-10	1999
2	baseline	worker-cs-7	Label-10	45000
2	baseline	worker-cs-7	Label-09	45000
2	baseline	worker-cs-7	Label-01	2000
2	baseline	worker-cs-7	Label-08	45000
2	baseline	worker-cs-7	Label-07	2000
2	baseline	worker-cs-7	Label-01	1999
2	baseline	worker-cs-7	Label-03	45000
2	baseline	worker-cs-7	Label-01	44999
2	baseline	worker-cs-7	Label-13	180000
2	baseline	worker-cs-7	Label-07	44999
2	baseline	worker-cs-7	Label-04	45000
2	baseline	worker-cs-7	Label-12	44999
2	baseline	worker-cs-7	Label-03	45001
2	baseline	worker-cs-7	Label-10	1999
2	baseline	worker-cs-7	Label-12	2000
2	baseline	worker-cs-7	Label-02	44999
2	baseline	worker-cs-7	Label-03	2000
2	baseline	worker-cs-7	Label-05	45000
2	baseline	worker-cs-7	Label-10	45001
2	baseline	worker-cs-7	Label-11	45001
2	baseline	worker-cs-7	Label-01	45000
2	baseline	worker-cs-7	Label-01	1999
2	baseline	worker-cs-7	Label-08	45000
2	baseline	worker-cs-7	Label-04	45002
2	baseline	worker-cs-7	Label-06	45000
2	baseline	worker-cs-7	Label-03	45000
2	baseline	worker-cs-7	Label-10	44999
2	baseline	worker-cs-7	Label-10	2001
2	baseline	worker-cs-7	Label-11	44999
2	baseline	worker-cs-7	Label-14	180000
2	baseline	worker-cs-7	Label-15	180000
2	baseline	worker-cs-7	Label-02	44999
2	baseline	worker-cs-7	Label-04	45000
2	baseline	worker-cs-7	Label-09	45000
2	baseline	worker-cs-7	Label-11	2000
2	baseline	worker-cs-7	Label-07	45000
2	baseline	worker-cs-7	Label-11	1999
2	baseline	worker-cs-7	Label-11	44999
2	baseline	worker-cs-7	Label-06	2000
2	baseline	worker-cs-7	Label-02	45000
2	baseline	worker-cs-7	Label-13	2000
2	baseline	worker-cs-7	Label-02	2001
2	baseline	worker-cs-7	Label-10	1999
2	baseline	worker-cs-7	Label-13	179999
2	baseline	worker-cs-7	Label-06	2000
2	baseline	worker-cs-7	Label-06	45000
2	baseline	worker-cs-7	Label-04	45000
2	baseline	worker-cs-7	Label-06	2000
2	baseline	worker-cs-7	Label-10	45000
2	baseline	worker-cs-7	Label-08	44999
2	baseline	worker-cs-7	Label-07	1999
2	baseline	worker-cs-7	Label-07	44999
2	baseline	worker-cs-7	Label-02	45000
2	baseline	worker-cs-7	Label-05	45000
2	baseline	worker-cs-7	Label-04	45000
2	baseline	worker-cs-7	Label-11	2000
2	baseline	worker-cs-7	Label-11	45000
2	baseline	worker-cs-7	Label-03	45000
2	baseline	worker-cs-7	Label-08	2000
2	baseline	worker-cs-7	Label-08	45000
2	baseline	worker-cs-7	Label-09	45000
2	baseline	worker-cs-7	Label-10	45000
2	baseline	worker-cs-7	Label-01	45000
2	baseline	worker-cs-7	Label-07	2000
2	baseline	worker-cs-7	Label-07	44998
2	baseline	worker-cs-7	Label-11	45000
2	baseline	worker-cs-7	Label-13	180000
2	baseline	worker-cs-7	Label-15	179999
2	baseline	worker-cs-7	Label-03	44999
2	baseline	worker-cs-7	Label-14	1999
2	baseline	worker-cs-7	Label-05	1999
2	baseline	worker-cs-7	Label-14	1999
2	baseline	worker-cs-7	Label-05	45001
2	baseline	worker-cs-7	Label-03	2000
2	baseline	worker-cs-7	Label-03	2000
2	baseline	worker-cs-7	Label-07	1999
2	baseline	worker-cs-7	Label-07	1999
2	baseline	worker-cs-7	Label-03	2000
2	baseline	worker-cs-7	Label-07	2001
2	baseline	worker-cs-7	Label-03	2000
2	baseline	worker-cs-7	Label-10	2000
2	baseline	worker-cs-7	Label-07	45001
2	baseline	worker-cs-7	Label-10	45000
2	baseline	worker-cs-7	Label-02	2000
2	baseline	worker-cs-7	Label-01	44999
2	baseline	worker-cs-7	Label-01	1999
2	baseline	worker-cs-7	Label-02	45000
2	baseline	worker-cs-7	Label-09	45000
2	baseline	worker-cs-7	Label-02	1999
2	baseline	worker-cs-7	Label-05	45000
2	baseline	worker-cs-7	Label-12	1999
2	baseline	worker-cs-7	Label-07	2000
2	baseline	worker-cs-7	Label-07	45001
2	baseline	worker-cs-7	Label-03	44999
2	baseline	worker-cs-7	Label-12	45000
2	baseline	worker-cs-7	Label-05	2000
2	baseline	worker-cs-7	Label-02	45000
2	baseline	worker-cs-8	Label-03	45000
2	baseline	worker-cs-8	Label-06	44999
2	baseline	worker-cs-8	Label-05	44999
2	baseline	worker-cs-8	Label-01	45001
2	baseline	worker-cs-8	Label-15	179999
2	baseline	worker-cs-8	Label-09	1999
2	baseline	worker-cs-8	Label-07	44999
2	baseline	worker-cs-8	Label-09	45000
2	baseline	worker-cs-8	Label-08	45000
2	baseline	worker-cs-8	Label-12	2000
2	baseline	worker-cs-8	Label-06	44999
2	baseline	worker-cs-8	Label-06	1999
2	baseline	worker-cs-8	Label-03	45000
2	baseline	worker-cs-8	Label-08	2000
2	baseline	worker-cs-8	Label-06	1999
2	baseline	worker-cs-8	Label-12	45000
2	baseline	worker-cs-8	Label-14	179999
2	baseline	worker-cs-8	Label-01	44999
2	baseline	worker-cs-8	Label-07	45000
2	baseline	worker-cs-8	Label-02	45000
2	baseline	worker-cs-8	Label-10	44999
2	baseline	worker-cs-8	Label-09	45000
2	baseline	worker-cs-8	Label-01	44999
2	baseline	worker-cs-8	Label-09	2000
2	baseline	worker-cs-8	Label-04	44999
2	baseline	worker-cs-8	Label-09	2000
2	baseline	worker-cs-8	Label-01	2000
2	baseline	worker-cs-8	Label-03	2000
2	baseline	worker-cs-8	Label-01	1999
2	baseline	worker-cs-8	Label-03	44999
2	baseline	worker-cs-8	Label-04	1999
2	baseline	worker-cs-8	Label-11	44999
2	baseline	worker-cs-8	Label-04	45000
2	baseline	worker-cs-8	Label-07	44999
2	baseline	worker-cs-8	Label-04	2000
2	baseline	worker-cs-8	Label-04	1999
2	baseline	worker-cs-8	Label-03	2000
2	baseline	worker-cs-8	Label-09	45001
2	baseline	worker-cs-8	Label-03	45000
2	baseline	worker-cs-8	Label-10	45000
2	baseline	worker-cs-8	Label-05	44999
2	baseline	worker-cs-8	Label-01	2000
2	baseline	worker-cs-8	Label-02	45000
2	baseline	worker-cs-8	Label-13	179999
2	baseline	worker-cs-8	Label-01	45000
2	baseline	worker-cs-8	Label-09	44999
2	baseline	worker-cs-8	Label-08	45000
2	baseline	worker-cs-8	Label-03	45000
2	baseline	worker-cs-8	Label-11	2000
2	baseline	worker-cs-8	Label-12	1999
2	baseline	worker-cs-8	Label-11	1999
2	baseline	worker-cs-8	Label-07	44999
2	baseline	worker-cs-8	Label-11	45000
2	baseline	worker-cs-8	Label-08	2000
2	baseline	worker-cs-8	Label-12	44999
2	baseline	worker-cs-8	Label-08	2001
2	baseline	worker-cs-8	Label-12	2001
2	baseline	worker-cs-8	Label-02	2000
2	baseline	worker-cs-8	Label-08	2000
2	baseline	worker-cs-8	Label-08	45000
2	baseline	worker-cs-8	Label-08	2000
2	baseline	worker-cs-8	Label-09	2000
2	baseline	worker-cs-8	Label-02	45000
2	baseline	worker-cs-8	Label-09	2000
2	baseline	worker-cs-8	Label-09	45000
2	baseline	worker-cs-8	Label-03	44999
2	baseline	worker-cs-8	Label-05	45000
2	baseline	worker-cs-8	Label-06	1999
2	baseline	worker-cs-8	Label-04	44999
2	baseline	worker-cs-8	Label-15	1999
2	baseline	worker-cs-8	Label-06	45000
2	baseline	worker-cs-8	Label-01	44999
2	baseline	worker-cs-8	Label-13	180000
2	baseline	worker-cs-8	Label-07	45000
2	baseline	worker-cs-8	Label-11	2000
2	baseline	worker-cs-8	Label-11	45000
2	baseline	worker-cs-8	Label-05	44999
2	baseline	worker-cs-8	Label-03	2001
2	baseline	worker-cs-8	Label-02	45000
2	baseline	worker-cs-8	Label-13	2000
2	baseline	worker-cs-8	Label-10	45000
2	baseline	worker-cs-8	Label-03	45000
2	baseline	worker-cs-8	Label-11	44999
2	baseline	worker-cs-8	Label-07	45001
2	baseline	worker-cs-8	Label-15	180001
2	baseline	worker-cs-8	Label-04	45000
2	baseline	worker-cs-8	Label-10	45000
2	baseline	worker-cs-8	Label-08	1999
2	baseline	worker-cs-8	Label-09	44999
2	baseline	worker-cs-8	Label-08	45000
2	baseline	worker-cs-8	Label-08	2000
2	baseline	worker-cs-8	Label-06	45000
2	baseline	worker-cs-8	Label-10	44999
2	baseline	worker-cs-8	Label-13	180000
2	baseline	worker-cs-8	Label-14	180000
2	baseline	worker-cs-8	Label-01	45000
2	baseline	worker-cs-8	Label-05	45000
2	baseline	worker-cs-8	Label-04	2000
2	baseline	worker-cs-8	Label-06	45000
2	baseline	worker-cs-8	Label-07	2000
2	baseline	worker-cs-8	Label-07	2000
2	baseline	worker-cs-8	Label-04	45001
2	baseline	worker-cs-8	Label-08	2000
2	baseline	worker-cs-8	Label-12	45000
2	baseline	worker-cs-8	Label-02	45000
2	baseline	worker-cs-8	Label-07	44999
2	baseline	worker-cs-8	Label-12	2000
2	baseline	worker-cs-8	Label-08	2000
2	baseline	worker-cs-8	Label-08	44999
2	baseline	worker-cs-8	Label-11	1999
2	baseline	worker-cs-8	Label-03	45000
2	baseline	worker-cs-8	Label-01	45000
2	baseline	worker-cs-8	Label-11	45000
2	baseline	worker-cs-8	Label-05	45000
2	baseline	worker-cs-8	Label-06	44999
2	baseline	worker-cs-8	Label-03	2000
2	baseline	worker-cs-8	Label-12	45000
2	baseline	worker-cs-8	Label-03	44999
2	baseline	worker-cs-8	Label-05	45000
2	baseline	worker-cs-8	Label-13	1999
2	baseline	worker-cs-8	Label-08	45000
2	baseline	worker-cs-8	Label-01	45000
2	baseline	worker-cs-8	Label-06	45000
2	baseline	worker-cs-8	Label-09	44999
2	baseline	worker-cs-8	Label-15	1999
2	baseline	worker-cs-8	Label-13	179999
2	baseline	worker-cs-8	Label-15	180000
2	baseline	worker-cs-8	Label-11	45000
2	baseline	worker-cs-8	Label-05	45000
2	baseline	worker-cs-8	Label-03	45000
2	baseline	worker-cs-8	Label-10	44999
2	baseline	worker-cs-8	Label-02	2000
2	baseline	worker-cs-8	Label-10	2000
2	baseline	worker-cs-8	Label-03	2000
2	baseline	worker-cs-8	Label-07	1999
2	baseline	worker-cs-8	Label-02	45000
2	baseline	worker-cs-8	Label-07	2000
2	baseline	worker-cs-8	Label-09	2000
2	baseline	worker-cs-8	Label-07	45000
2	baseline	worker-cs-8	Label-03	2000
2	baseline	worker-cs-8	Label-12	1999
2	baseline	worker-cs-8	Label-04	2000
2	baseline	worker-cs-8	Label-12	44999
2	baseline	worker-cs-8	Label-09	45000
2	baseline	worker-cs-8	Label-12	1999
2	baseline	worker-cs-8	Label-09	2000
2	baseline	worker-cs-8	Label-05	44999
2	baseline	worker-cs-8	Label-04	1999
2	baseline	worker-cs-8	Label-04	44999
2	baseline	worker-cs-8	Label-01	1999
2	baseline	worker-cs-8	Label-11	45000
2	baseline	worker-cs-8	Label-01	45000
2	baseline	worker-cs-8	Label-10	45001
2	baseline	worker-cs-8	Label-06	2000
2	baseline	worker-cs-8	Label-06	45000
2	baseline	worker-cs-8	Label-04	44999
2	baseline	worker-cs-8	Label-09	45000
2	baseline	worker-cs-8	Label-14	1999
2	baseline	worker-cs-8	Label-12	44999
2	baseline	worker-cs-8	Label-12	2000
2	baseline	worker-cs-8	Label-07	44999
2	baseline	worker-cs-8	Label-06	44999
2	baseline	worker-cs-8	Label-10	45000
2	baseline	worker-cs-8	Label-10	2001
2	baseline	worker-cs-8	Label-15	2001
2	baseline	worker-cs-8	Label-02	45000
2	baseline	worker-cs-8	Label-04	45000
2	baseline	worker-cs-8	Label-02	1999
2	baseline	worker-cs-8	Label-08	2000
2	baseline	worker-cs-8	Label-14	2000
2	baseline	worker-cs-8	Label-04	2000
2	baseline	worker-cs-8	Label-14	180000
2	baseline	worker-cs-8	Label-08	44999
2	baseline	worker-cs-8	Label-04	2000
2	baseline	worker-cs-8	Label-15	180000
2	baseline	worker-cs-8	Label-04	45000
2	baseline	worker-cs-8	Label-11	2000
2	baseline	worker-cs-8	Label-12	44999
2	baseline	worker-cs-8	Label-11	45000
2	baseline	worker-cs-8	Label-06	44999
2	baseline	worker-cs-8	Label-06	1999
2	baseline	worker-cs-8	Label-11	2000
2	baseline	worker-cs-8	Label-04	2000
2	baseline	worker-cs-8	Label-02	2000
2	baseline	worker-cs-8	Label-09	45000
2	baseline	worker-cs-8	Label-08	45000
2	baseline	worker-cs-8	Label-02	45000
2	baseline	worker-cs-8	Label-07	44999
2	baseline	worker-cs-8	Label-01	44999
2	baseline	worker-cs-8	Label-09	2000
2	baseline	worker-cs-8	Label-11	45000
2	baseline	worker-cs-8	Label-09	44999
2	baseline	worker-cs-8	Label-15	2000
2	baseline	worker-cs-8	Label-06	45000
2	baseline	worker-cs-8	Label-05	45000
2	baseline	worker-cs-8	Label-02	45000
2	baseline	worker-cs-8	Label-01	45000
2	baseline	worker-cs-8	Label-12	45000
2	baseline	worker-cs-8	Label-07	45000
2	baseline	worker-cs-8	Label-13	1999
2	baseline	worker-cs-8	Label-05	44999
2	baseline	worker-cs-8	Label-15	179999
2	baseline	worker-cs-8	Label-01	45000
2	baseline	worker-cs-8	Label-01	1999
2	baseline	worker-cs-8	Label-03	45000
2	baseline	worker-cs-8	Label-03	2001
2	baseline	worker-cs-8	Label-06	2000
2	baseline	worker-cs-8	Label-06	2000
2	baseline	worker-cs-8	Label-12	45000
2	baseline	worker-cs-8	Label-06	45000
2	baseline	worker-cs-8	Label-13	180000
2	baseline	worker-cs-8	Label-05	45001
2	baseline	worker-cs-8	Label-10	44999
2	baseline	worker-cs-8	Label-01	45000
2	baseline	worker-cs-8	Label-02	45000
2	baseline	worker-cs-8	Label-08	45001
2	baseline	worker-cs-8	Label-08	1999
2	baseline	worker-cs-8	Label-12	44999
2	baseline	worker-cs-8	Label-06	45001
2	baseline	worker-cs-8	Label-06	2000
2	baseline	worker-cs-8	Label-05	45000
2	baseline	worker-cs-8	Label-08	45000
2	baseline	worker-cs-8	Label-15	180000
2	baseline	worker-cs-8	Label-03	44999
2	baseline	worker-cs-8	Label-02	44999
2	baseline	worker-cs-8	Label-09	44999
2	baseline	worker-cs-8	Label-09	2000
2	baseline	worker-cs-8	Label-12	45000
2	baseline	worker-cs-8	Label-08	45000
2	baseline	worker-cs-8	Label-05	45000
2	baseline	worker-cs-8	Label-01	45000
2	baseline	worker-cs-9	Label-10	44999
2	baseline	worker-cs-9	Label-11	2000
2	baseline	worker-cs-9	Label-11	45000
2	baseline	worker-cs-9	Label-06	45000
2	baseline	worker-cs-9	Label-04	2000
2	baseline	worker-cs-9	Label-04	45000
2	baseline	worker-cs-9	Label-14	179999
2	baseline	worker-cs-9	Label-12	45000
2	baseline	worker-cs-9	Label-07	45000
2	baseline	worker-cs-9	Label-10	45001
2	baseline	worker-cs-9	Label-03	2000
2	baseline	worker-cs-9	Label-03	45001
2	baseline	worker-cs-9	Label-03	2000
2	baseline	worker-cs-9	Label-05	44999
2	baseline	worker-cs-9	Label-09	2000
2	baseline	worker-cs-9	Label-15	2000
2	baseline	worker-cs-9	Label-11	44999
2	baseline	worker-cs-9	Label-09	45000
2	baseline	worker-cs-9	Label-07	45000
2	baseline	worker-cs-9	Label-12	45000
2	baseline	worker-cs-9	Label-05	1999
2	baseline	worker-cs-9	Label-03	45000
2	baseline	worker-cs-9	Label-05	45000
2	baseline	worker-cs-9	Label-12	45000
2	baseline	worker-cs-9	Label-13	179999
2	baseline	worker-cs-9	Label-04	45000
2	baseline	worker-cs-9	Label-04	2000
2	baseline	worker-cs-9	Label-15	179999
2	baseline	worker-cs-9	Label-10	1999
2	baseline	worker-cs-9	Label-10	44999
2	baseline	worker-cs-9	Label-03	44999
2	baseline	worker-cs-9	Label-06	2000
2	baseline	worker-cs-9	Label-07	45000
2	baseline	worker-cs-9	Label-05	45000
2	baseline	worker-cs-9	Label-08	45001
2	baseline	worker-cs-9	Label-06	44999
2	baseline	worker-cs-9	Label-02	45000
2	baseline	worker-cs-9	Label-12	44999
2	baseline	worker-cs-9	Label-09	45000
2	baseline	worker-cs-9	Label-08	44999
2	baseline	worker-cs-9	Label-07	45000
2	baseline	worker-cs-9	Label-04	2000
2	baseline	worker-cs-9	Label-05	45000
2	baseline	worker-cs-9	Label-09	2000
2	baseline	worker-cs-9	Label-04	45000
2	baseline	worker-cs-9	Label-09	44999
2	baseline	worker-cs-9	Label-03	2000
2	baseline	worker-cs-9	Label-12	45000
2	baseline	worker-cs-9	Label-03	45000
2	baseline	worker-cs-9	Label-05	45000
2	baseline	worker-cs-9	Label-02	44999
2	baseline	worker-cs-9	Label-11	45000
2	baseline	worker-cs-9	Label-11	2000
2	baseline	worker-cs-9	Label-01	45000
2	baseline	worker-cs-9	Label-15	180000
2	baseline	worker-cs-9	Label-02	2000
2	baseline	worker-cs-9	Label-15	1999
2	baseline	worker-cs-9	Label-08	1999
2	baseline	worker-cs-9	Label-10	44999
2	baseline	worker-cs-9	Label-08	1999
2	baseline	worker-cs-9	Label-08	45000
2	baseline	worker-cs-9	Label-01	2000
2	baseline	worker-cs-9	Label-01	2000
2	baseline	worker-cs-9	Label-02	2000
2	baseline	worker-cs-9	Label-02	45000
2	baseline	worker-cs-9	Label-08	2001
2	baseline	worker-cs-9	Label-11	44999
2	baseline	worker-cs-9	Label-11	2000
2	baseline	worker-cs-9	Label-07	2000
2	baseline	worker-cs-9	Label-02	2000
2	baseline	worker-cs-9	Label-07	1999
2	baseline	worker-cs-9	Label-12	45000
2	baseline	worker-cs-9	Label-01	45000
2	baseline	worker-cs-9	Label-07	45000
2	baseline	worker-cs-9	Label-06	45000
2	baseline	worker-cs-9	Label-15	2000
2	baseline	worker-cs-9	Label-05	45000
2	baseline	worker-cs-9	Label-04	44999
2	baseline	worker-cs-9	Label-08	2000
2	baseline	worker-cs-9	Label-03	44999
2	baseline	worker-cs-9	Label-08	45000
2	baseline	worker-cs-9	Label-06	45000
2	baseline	worker-cs-9	Label-05	1999
2	baseline	worker-cs-9	Label-07	44999
2	baseline	worker-cs-9	Label-05	45000
2	baseline	worker-cs-9	Label-11	44999
2	baseline	worker-cs-9	Label-10	45000
2	baseline	worker-cs-9	Label-15	180000
2	baseline	worker-cs-9	Label-12	45000
2	baseline	worker-cs-9	Label-06	1999
2	baseline	worker-cs-9	Label-04	45000
2	baseline	worker-cs-9	Label-13	180000
2	baseline	worker-cs-9	Label-08	44999
2	baseline	worker-cs-9	Label-05	2000
2	baseline	worker-cs-9	Label-07	2001
2	baseline	worker-cs-9	Label-06	44999
2	baseline	worker-cs-9	Label-05	2000
2	baseline	worker-cs-9	Label-12	2000
2	baseline	worker-cs-9	Label-06	2000
2	baseline	worker-cs-9	Label-05	44999
2	baseline	worker-cs-9	Label-07	44999
2	baseline	worker-cs-9	Label-04	1999
2	baseline	worker-cs-9	Label-12	45000
2	baseline	worker-cs-9	Label-12	2000
2	baseline	worker-cs-9	Label-06	2000
2	baseline	worker-cs-9	Label-09	45000
2	baseline	worker-cs-9	Label-04	45001
2	baseline	worker-cs-9	Label-08	44999
2	baseline	worker-cs-9	Label-06	44999
2	baseline	worker-cs-9	Label-06	2000
2	baseline	worker-cs-9	Label-11	45000
2	baseline	worker-cs-9	Label-07	44999
2	baseline	worker-cs-9	Label-01	45000
2	baseline	worker-cs-9	Label-13	1999
2	baseline	worker-cs-9	Label-08	44999
2	baseline	worker-cs-9	Label-02	45000
2	baseline	worker-cs-9	Label-02	1999
2	baseline	worker-cs-9	Label-02	1999
2	baseline	worker-cs-9	Label-10	45000
2	baseline	worker-cs-9	Label-11	45001
2	baseline	worker-cs-9	Label-09	44999
2	baseline	worker-cs-9	Label-08	45000
2	baseline	worker-cs-9	Label-12	45001
2	baseline	worker-cs-9	Label-11	45000
2	baseline	worker-cs-9	Label-05	45000
2	baseline	worker-cs-9	Label-05	2000
2	baseline	worker-cs-9	Label-14	180000
2	baseline	worker-cs-9	Label-05	2000
2	baseline	worker-cs-9	Label-13	2001
2	baseline	worker-cs-9	Label-04	44999
2	baseline	worker-cs-9	Label-02	2000
2	baseline	worker-cs-9	Label-02	45001
2	baseline	worker-cs-9	Label-13	180000
2	baseline	worker-cs-9	Label-10	45000
2	baseline	worker-cs-9	Label-05	1999
2	baseline	worker-cs-9	Label-07	45000
2	baseline	worker-cs-9	Label-10	2000
2	baseline	worker-cs-9	Label-06	45000
2	baseline	worker-cs-9	Label-05	44999
2	baseline	worker-cs-9	Label-01	45000
2	baseline	worker-cs-9	Label-09	45000
2	baseline	worker-cs-9	Label-10	44999
2	baseline	worker-cs-9	Label-07	45000
2	baseline	worker-cs-9	Label-12	45000
2	baseline	worker-cs-9	Label-06	45001
2	baseline	worker-cs-9	Label-06	2000
2	baseline	worker-cs-9	Label-02	2000
2	baseline	worker-cs-9	Label-02	44999
2	baseline	worker-cs-9	Label-05	45000
2	baseline	worker-cs-9	Label-05	2000
2	baseline	worker-cs-9	Label-04	45000
2	baseline	worker-cs-9	Label-04	2000
2	baseline	worker-cs-9	Label-11	45000
2	baseline	worker-cs-9	Label-10	45000
2	baseline	worker-cs-9	Label-15	180000
2	baseline	worker-cs-9	Label-09	2001
2	baseline	worker-cs-9	Label-08	2000
2	baseline	worker-cs-9	Label-09	1999
2	baseline	worker-cs-9	Label-08	2000
2	baseline	worker-cs-9	Label-09	1999
2	baseline	worker-cs-9	Label-08	44999
2	baseline	worker-cs-9	Label-09	45000
2	baseline	worker-cs-9	Label-09	2000
2	baseline	worker-cs-9	Label-06	45001
2	baseline	worker-cs-9	Label-04	44999
2	baseline	worker-cs-9	Label-01	2000
2	baseline	worker-cs-9	Label-03	44999
2	baseline	worker-cs-9	Label-01	44998
2	baseline	worker-cs-9	Label-11	1999
2	baseline	worker-cs-9	Label-02	45000
2	baseline	worker-cs-9	Label-14	1999
2	baseline	worker-cs-9	Label-13	180000
2	baseline	worker-cs-9	Label-11	45000
2	baseline	worker-cs-9	Label-08	2000
2	baseline	worker-cs-9	Label-08	45000
2	baseline	worker-cs-9	Label-02	44999
2	baseline	worker-cs-9	Label-09	44999
2	baseline	worker-cs-9	Label-03	45000
2	baseline	worker-cs-9	Label-10	2000
2	baseline	worker-cs-9	Label-12	45000
2	baseline	worker-cs-9	Label-03	2001
2	baseline	worker-cs-9	Label-06	45001
2	baseline	worker-cs-9	Label-10	45000
2	baseline	worker-cs-9	Label-01	45000
2	baseline	worker-cs-9	Label-09	44999
2	baseline	worker-cs-9	Label-12	44999
2	baseline	worker-cs-9	Label-03	45001
2	baseline	worker-cs-9	Label-03	2000
2	baseline	worker-cs-9	Label-10	45000
2	baseline	worker-cs-9	Label-06	2000
2	baseline	worker-cs-9	Label-01	45000
2	baseline	worker-cs-9	Label-01	2000
2	baseline	worker-cs-9	Label-14	180000
2	baseline	worker-cs-9	Label-06	44999
2	baseline	worker-cs-9	Label-05	1999
2	baseline	worker-cs-9	Label-05	2000
2	baseline	worker-cs-9	Label-11	1999
2	baseline	worker-cs-9	Label-11	45000
2	baseline	worker-cs-9	Label-07	45000
2	baseline	worker-cs-9	Label-05	44999
2	baseline	worker-cs-9	Label-10	44999
2	baseline	worker-cs-9	Label-08	44999
2	baseline	worker-cs-9	Label-12	2000
2	baseline	worker-cs-9	Label-06	45000
2	baseline	worker-cs-9	Label-12	45000
2	baseline	worker-cs-9	Label-07	2000
2	baseline	worker-cs-9	Label-05	45000
2	baseline	worker-cs-9	Label-07	45001
2	baseline	worker-cs-9	Label-04	45000
2	baseline	worker-cs-9	Label-01	45000
2	baseline	worker-cs-9	Label-15	180000
2	baseline	worker-cs-9	Label-13	180000
2	baseline	worker-cs-9	Label-13	2000
2	baseline	worker-cs-9	Label-13	2000
2	baseline	worker-cs-9	Label-13	2000
2	baseline	worker-cs-9	Label-09	45000
2	baseline	worker-cs-9	Label-07	45000
2	baseline	worker-cs-9	Label-06	45000
2	baseline	worker-cs-9	Label-04	45001
2	baseline	worker-cs-9	Label-02	45000
2	baseline	worker-cs-9	Label-05	45000
2	baseline	worker-cs-9	Label-01	45001
2	baseline	worker-cs-9	Label-06	44999
2	baseline	worker-cs-9	Label-09	2000
2	baseline	worker-cs-9	Label-09	44999
2	baseline	worker-cs-9	Label-12	45000
2	baseline	worker-cs-9	Label-14	179999
2	baseline	worker-cs-9	Label-02	44999
2	baseline	worker-cs-9	Label-10	45000
2	baseline	worker-cs-9	Label-09	2000
2	baseline	worker-cs-9	Label-09	2000
2	baseline	worker-cs-9	Label-03	45000
2	baseline	worker-cs-9	Label-11	44999
2	baseline	worker-cs-9	Label-09	45000
2	baseline	worker-cs-9	Label-03	1999
2	baseline	worker-cs-9	Label-11	2000
2	baseline	worker-cs-9	Label-02	2000
3	baseline	worker-cs-0	Label-06	44999
3	baseline	worker-cs-0	Label-01	45000
3	baseline	worker-cs-0	Label-06	2001
3	baseline	worker-cs-0	Label-02	2000
3	baseline	worker-cs-0	Label-07	45000
3	baseline	worker-cs-0	Label-02	44999
3	baseline	worker-cs-0	Label-08	2000
3	baseline	worker-cs-0	Label-10	2000
3	baseline	worker-cs-0	Label-09	45000
3	baseline	worker-cs-0	Label-08	45000
3	baseline	worker-cs-0	Label-10	45000
3	baseline	worker-cs-0	Label-03	44999
3	baseline	worker-cs-0	Label-01	44999
3	baseline	worker-cs-0	Label-07	45000
3	baseline	worker-cs-0	Label-10	2001
3	baseline	worker-cs-0	Label-02	45000
3	baseline	worker-cs-0	Label-10	44999
3	baseline	worker-cs-0	Label-15	2000
3	baseline	worker-cs-0	Label-10	1999
3	baseline	worker-cs-0	Label-06	44999
3	baseline	worker-cs-0	Label-09	1999
3	baseline	worker-cs-0	Label-08	2001
3	baseline	worker-cs-0	Label-08	44999
3	baseline	worker-cs-0	Label-09	45000
3	baseline	worker-cs-0	Label-15	180000
3	baseline	worker-cs-0	Label-11	1999
3	baseline	worker-cs-0	Label-11	1999
3	baseline	worker-cs-0	Label-12	45000
3	baseline	worker-cs-0	Label-11	45000
3	baseline	worker-cs-0	Label-07	45000
3	baseline	worker-cs-0	Label-08	2000
3	baseline	worker-cs-0	Label-06	45000
3	baseline	worker-cs-0	Label-03	44999
3	baseline	worker-cs-0	Label-08	45000
3	baseline	worker-cs-0	Label-04	44999
3	baseline	worker-cs-0	Label-04	2000
3	baseline	worker-cs-0	Label-07	2000
3	baseline	worker-cs-0	Label-07	45000
3	baseline	worker-cs-0	Label-01	45000
3	baseline	worker-cs-0	Label-01	1999
3	baseline	worker-cs-0	Label-06	45000
3	baseline	worker-cs-0	Label-10	45000
3	baseline	worker-cs-0	Label-09	44999
3	baseline	worker-cs-0	Label-13	180001
3	baseline	worker-cs-0	Label-12	45000
3	baseline	worker-cs-0	Label-02	2000
3	baseline	worker-cs-0	Label-04	45000
3	baseline	worker-cs-0	Label-15	179999
3	baseline	worker-cs-0	Label-14	180000
3	baseline	worker-cs-0	Label-02	45000
3	baseline	worker-cs-0	Label-01	1999
3	baseline	worker-cs-0	Label-01	45000
3	baseline	worker-cs-0	Label-06	2000
3	baseline	worker-cs-0	Label-05	2000
3	baseline	worker-cs-0	Label-08	45000
3	baseline	worker-cs-0	Label-15	2000
3	baseline	worker-cs-0	Label-05	2000
3	baseline	worker-cs-0	Label-05	2000
3	baseline	worker-cs-0	Label-09	45002
3	baseline	worker-cs-0	Label-06	45000
3	baseline	worker-cs-0	Label-03	2000
3	baseline	worker-cs-0	Label-13	2000
3	baseline	worker-cs-0	Label-05	45000
3	baseline	worker-cs-0	Label-03	1999
3	baseline	worker-cs-0	Label-03	45002
3	baseline	worker-cs-0	Label-15	1999
3	baseline	worker-cs-0	Label-06	45000
3	baseline	worker-cs-0	Label-10	45000
3	baseline	worker-cs-0	Label-03	45000
3	baseline	worker-cs-0	Label-02	45000
3	baseline	worker-cs-0	Label-05	45000
3	baseline	worker-cs-0	Label-15	180000
3	baseline	worker-cs-0	Label-13	180001
3	baseline	worker-cs-0	Label-12	45000
3	baseline	worker-cs-0	Label-12	2000
3	baseline	worker-cs-0	Label-14	180001
3	baseline	worker-cs-0	Label-04	2000
3	baseline	worker-cs-0	Label-08	1999
3	baseline	worker-cs-0	Label-11	1999
3	baseline	worker-cs-0	Label-08	45000
3	baseline	worker-cs-0	Label-01	45000
3	baseline	worker-cs-0	Label-12	2001
3	baseline	worker-cs-0	Label-04	1999
3	baseline	worker-cs-0	Label-04	2000
3	baseline	worker-cs-0	Label-04	45000
3	baseline	worker-cs-0	Label-11	2000
3	baseline	worker-cs-0	Label-11	45000
3	baseline	worker-cs-0	Label-12	45000
3	baseline	worker-cs-0	Label-04	1999
3	baseline	worker-cs-0	Label-02	45000
3	baseline	worker-cs-0	Label-04	45001
3	baseline	worker-cs-0	Label-03	45001
3	baseline	worker-cs-0	Label-03	1999
3	baseline	worker-cs-0	Label-10	44999
3	baseline	worker-cs-0	Label-02	44999
3	baseline	worker-cs-0	Label-08	45000
3	baseline	worker-cs-0	Label-14	180000
3	baseline	worker-cs-0	Label-03	45000
3	baseline	worker-cs-0	Label-06	45000
3	baseline	worker-cs-0	Label-13	180000
3	baseline	worker-cs-0	Label-02	2000
3	baseline	worker-cs-0	Label-10	45000
3	baseline	worker-cs-0	Label-02	45000
3	baseline	worker-cs-0	Label-15	180000
3	baseline	worker-cs-0	Label-04	2000
3	baseline	worker-cs-0	Label-03	44999
3	baseline	worker-cs-0	Label-11	2000
3	baseline	worker-cs-0	Label-04	44999
3	baseline	worker-cs-0	Label-11	2000
3	baseline	worker-cs-0	Label-14	2000
3	baseline	worker-cs-0	Label-11	45000
3	baseline	worker-cs-0	Label-06	44998
3	baseline	worker-cs-0	Label-10	45000
3	baseline	worker-cs-0	Label-09	45000
3	baseline	worker-cs-0	Label-14	2000
3	baseline	worker-cs-0	Label-01	44999
3	baseline	worker-cs-0	Label-06	45000
3	baseline	worker-cs-0	Label-09	45000
3	baseline	worker-cs-0	Label-07	45000
3	baseline	worker-cs-0	Label-14	180000
3	baseline	worker-cs-0	Label-03	1999
3	baseline	worker-cs-0	Label-02	45000
3	baseline	worker-cs-0	Label-03	45000
3	baseline	worker-cs-0	Label-13	1999
3	baseline	worker-cs-0	Label-10	45000
3	baseline	worker-cs-0	Label-13	2001
3	baseline	worker-cs-0	Label-08	44999
3	baseline	worker-cs-0	Label-06	2000
3	baseline	worker-cs-0	Label-13	2000
3	baseline	worker-cs-0	Label-04	45000
3	baseline	worker-cs-0	Label-13	180000
3	baseline	worker-cs-0	Label-15	1999
3	baseline	worker-cs-0	Label-04	2000
3	baseline	worker-cs-0	Label-04	2000
3	baseline	worker-cs-0	Label-06	45000
3	baseline	worker-cs-0	Label-12	45000
3	baseline	worker-cs-0	Label-11	2000
3	baseline	worker-cs-0	Label-09	1999
3	baseline	worker-cs-0	Label-03	2000
3	baseline	worker-cs-0	Label-09	45000
3	baseline	worker-cs-0	Label-11	45000
3	baseline	worker-cs-0	Label-02	2000
3	baseline	worker-cs-0	Label-03	45000
3	baseline	worker-cs-0	Label-15	2000
3	baseline	worker-cs-0	Label-02	44999
3	baseline	worker-cs-0	Label-04	1999
3	baseline	worker-cs-0	Label-12	45000
3	baseline	worker-cs-0	Label-12	2000
3	baseline	worker-cs-0	Label-12	2000
3	baseline	worker-cs-0	Label-12	2000
3	baseline	worker-cs-0	Label-04	45001
3	baseline	worker-cs-0	Label-15	2000
3	baseline	worker-cs-0	Label-15	1999
3	baseline	worker-cs-0	Label-06	45001
3	baseline	worker-cs-0	Label-01	44999
3	baseline	worker-cs-0	Label-11	2000
3	baseline	worker-cs-0	Label-15	2000
3	baseline	worker-cs-0	Label-15	180000
3	baseline	worker-cs-0	Label-03	45000
3	baseline	worker-cs-0	Label-11	45000
3	baseline	worker-cs-0	Label-08	2000
3	baseline	worker-cs-0	Label-08	45000
3	baseline	worker-cs-0	Label-05	44999
3	baseline	worker-cs-0	Label-06	44999
3	baseline	worker-cs-0	Label-03	45000
3	baseline	worker-cs-0	Label-08	2000
3	baseline	worker-cs-0	Label-10	1999
3	baseline	worker-cs-0	Label-14	180000
3	baseline	worker-cs-0	Label-10	2000
3	baseline	worker-cs-0	Label-10	2000
3	baseline	worker-cs-0	Label-04	45000
3	baseline	worker-cs-0	Label-04	1999
3	baseline	worker-cs-0	Label-10	45000
3	baseline	worker-cs-0	Label-08	2000
3	baseline	worker-cs-0	Label-08	44999
3	baseline	worker-cs-0	Label-08	1999
3	baseline	worker-cs-0	Label-09	2000
3	baseline	worker-cs-0	Label-07	2001
3	baseline	worker-cs-0	Label-15	1999
3	baseline	worker-cs-0	Label-09	45001
3	baseline	worker-cs-0	Label-07	45000
3	baseline	worker-cs-0	Label-03	45000
3	baseline	worker-cs-0	Label-06	45000
3	baseline	worker-cs-0	Label-09	45000
3	baseline	worker-cs-0	Label-01	44999
3	baseline	worker-cs-0	Label-01	2000
3	baseline	worker-cs-0	Label-12	2000
3	baseline	worker-cs-0	Label-08	45000
3	baseline	worker-cs-0	Label-12	2000
3	baseline	worker-cs-0	Label-12	2000
3	baseline	worker-cs-0	Label-12	45000
3	baseline	worker-cs-0	Label-15	180000
3	baseline	worker-cs-0	Label-07	45000
3	baseline	worker-cs-0	Label-01	45000
3	baseline	worker-cs-0	Label-02	2000
3	baseline	worker-cs-0	Label-09	45000
3	baseline	worker-cs-0	Label-02	2001
3	baseline	worker-cs-0	Label-13	180000
3	baseline	worker-cs-0	Label-12	45000
3	baseline	worker-cs-0	Label-02	45001
3	baseline	worker-cs-0	Label-08	45000
3	baseline	worker-cs-0	Label-10	45001
3	baseline	worker-cs-0	Label-04	45000
3	baseline	worker-cs-0	Label-01	45000
3	baseline	worker-cs-0	Label-06	45000
3	baseline	worker-cs-0	Label-03	2000
3	baseline	worker-cs-0	Label-03	2000
3	baseline	worker-cs-0	Label-09	44999
3	baseline	worker-cs-0	Label-14	2000
3	baseline	worker-cs-0	Label-03	45000
3	baseline	worker-cs-0	Label-02	45000
3	baseline	worker-cs-0	Label-11	45000
3	baseline	worker-cs-0	Label-12	45000
3	baseline	worker-cs-0	Label-14	180000
3	baseline	worker-cs-0	Label-07	45001
3	baseline	worker-cs-0	Label-03	45000
3	baseline	worker-cs-0	Label-02	45000
3	baseline	worker-cs-0	Label-09	45000
3	baseline	worker-cs-0	Label-06	44999
3	baseline	worker-cs-0	Label-11	2000
3	baseline	worker-cs-0	Label-11	45000
3	baseline	worker-cs-0	Label-11	1999
3	baseline	worker-cs-0	Label-03	45000
3	baseline	worker-cs-0	Label-13	180000
3	baseline	worker-cs-0	Label-08	45000
3	baseline	worker-cs-0	Label-05	45000
3	baseline	worker-cs-0	Label-04	1999
3	baseline	worker-cs-0	Label-08	2000
3	baseline	worker-cs-1	Label-05	44999
3	baseline	worker-cs-1	Label-09	45000
3	baseline	worker-cs-1	Label-06	45001
3	baseline	worker-cs-1	Label-08	45000
3	baseline	worker-cs-1	Label-08	1999
3	baseline	worker-cs-1	Label-13	1999
3	baseline	worker-cs-1	Label-09	2000
3	baseline	worker-cs-1	Label-08	2000
3	baseline	worker-cs-1	Label-04	45000
3	baseline	worker-cs-1	Label-12	45000
3	baseline	worker-cs-1	Label-09	45000
3	baseline	worker-cs-1	Label-11	45000
3	baseline	worker-cs-1	Label-08	2000
3	baseline	worker-cs-1	Label-11	2000
3	baseline	worker-cs-1	Label-08	45000
3	baseline	worker-cs-1	Label-06	45000
3	baseline	worker-cs-1	Label-08	2000
3	baseline	worker-cs-1	Label-08	2000
3	baseline	worker-cs-1	Label-03	45000
3	baseline	worker-cs-1	Label-09	45000
3	baseline	worker-cs-1	Label-04	44999
3	baseline	worker-cs-1	Label-05	2000
3	baseline	worker-cs-1	Label-01	45000
3	baseline	worker-cs-1	Label-05	45000
3	baseline	worker-cs-1	Label-13	179999
3	baseline	worker-cs-1	Label-08	45001
3	baseline	worker-cs-1	Label-05	1999
3	baseline	worker-cs-1	Label-12	2000
3	baseline	worker-cs-1	Label-08	2000
3	baseline	worker-cs-1	Label-12	44999
3	baseline	worker-cs-1	Label-09	44999
3	baseline	worker-cs-1	Label-12	2000
3	baseline	worker-cs-1	Label-03	44999
3	baseline	worker-cs-1	Label-05	2000
3	baseline	worker-cs-1	Label-07	2000
3	baseline	worker-cs-1	Label-05	1999
3	baseline	worker-cs-1	Label-05	45000
3	baseline	worker-cs-1	Label-05	1999
3	baseline	worker-cs-1	Label-02	45000
3	baseline	worker-cs-1	Label-02	2000
3	baseline	worker-cs-1	Label-07	45000
3	baseline	worker-cs-1	Label-11	45000
3	baseline	worker-cs-1	Label-02	1999
3	baseline	worker-cs-1	Label-03	2000
3	baseline	worker-cs-1	Label-02	2000
3	baseline	worker-cs-1	Label-03	2000
3	baseline	worker-cs-1	Label-06	2000
3	baseline	worker-cs-1	Label-11	2000
3	baseline	worker-cs-1	Label-11	2001
3	baseline	worker-cs-1	Label-09	2000
3	baseline	worker-cs-1	Label-03	2000
3	baseline	worker-cs-1	Label-09	45000
3	baseline	worker-cs-1	Label-06	2000
3	baseline	worker-cs-1	Label-06	44999
3	baseline	worker-cs-1	Label-03	2000
3	baseline	worker-cs-1	Label-05	2000
3	baseline	worker-cs-1	Label-01	2001
3	baseline	worker-cs-1	Label-08	2000
3	baseline	worker-cs-1	Label-05	2000
3	baseline	worker-cs-1	Label-09	2000
3	baseline	worker-cs-1	Label-03	45000
3	baseline	worker-cs-1	Label-01	45000
3	baseline	worker-cs-1	Label-08	45000
3	baseline	worker-cs-1	Label-05	45000
3	baseline	worker-cs-1	Label-12	45000
3	baseline	worker-cs-1	Label-06	45000
3	baseline	worker-cs-1	Label-10	44999
3	baseline	worker-cs-1	Label-07	44999
3	baseline	worker-cs-1	Label-08	45000
3	baseline	worker-cs-1	Label-06	45001
3	baseline	worker-cs-1	Label-01	44999
3	baseline	worker-cs-1	Label-03	44999
3	baseline	worker-cs-1	Label-13	179999
3	baseline	worker-cs-1	Label-15	180001
3	baseline	worker-cs-1	Label-02	45000
3	baseline	worker-cs-1	Label-11	44999
3	baseline	worker-cs-1	Label-14	2000
3	baseline	worker-cs-1	Label-08	2000
3	baseline	worker-cs-1	Label-06	2000
3	baseline	worker-cs-1	Label-06	44999
3	baseline	worker-cs-1	Label-04	2000
3	baseline	worker-cs-1	Label-04	45000
3	baseline	worker-cs-1	Label-14	2000
3	baseline	worker-cs-1	Label-08	45000
3	baseline	worker-cs-1	Label-09	2000
3	baseline	worker-cs-1	Label-12	2000
3	baseline	worker-cs-1	Label-12	44999
3	baseline	worker-cs-1	Label-09	44999
3	baseline	worker-cs-1	Label-09	2000
3	baseline	worker-cs-1	Label-01	45000
3	baseline	worker-cs-1	Label-08	45000
3	baseline	worker-cs-1	Label-02	44999
3	baseline	worker-cs-1	Label-07	2000
3	baseline	worker-cs-1	Label-04	45000
3	baseline	worker-cs-1	Label-14	2000
3	baseline	worker-cs-1	Label-14	180000
3	baseline	worker-cs-1	Label-14	2000
3	baseline	worker-cs-1	Label-07	45000
3	baseline	worker-cs-1	Label-04	1999
3	baseline	worker-cs-1	Label-06	45000
3	baseline	worker-cs-1	Label-08	44999
3	baseline	worker-cs-1	Label-04	45000
3	baseline	worker-cs-1	Label-03	45000
3	baseline	worker-cs-1	Label-15	179999
3	baseline	worker-cs-1	Label-12	45000
3	baseline	worker-cs-1	Label-09	45000
3	baseline	worker-cs-1	Label-12	2000
3	baseline	worker-cs-1	Label-02	45000
3	baseline	worker-cs-1	Label-07	45000
3	baseline	worker-cs-1	Label-01	45000
3	baseline	worker-cs-1	Label-03	45001
3	baseline	worker-cs-1	Label-04	44999
3	baseline	worker-cs-1	Label-09	2000
3	baseline	worker-cs-1	Label-09	2000
3	baseline	worker-cs-1	Label-05	45000
3	baseline	worker-cs-1	Label-09	45000
3	baseline	worker-cs-1	Label-10	2000
3	baseline	worker-cs-1	Label-10	44999
3	baseline	worker-cs-1	Label-09	1999
3	baseline	worker-cs-1	Label-02	45000
3	baseline	worker-cs-1	Label-07	44999
3	baseline	worker-cs-1	Label-03	45000
3	baseline	worker-cs-1	Label-06	45000
3	baseline	worker-cs-1	Label-05	2000
3	baseline	worker-cs-1	Label-04	45000
3	baseline	worker-cs-1	Label-13	180000
3	baseline	worker-cs-1	Label-05	45000
3	baseline	worker-cs-1	Label-07	45000
3	baseline	worker-cs-1	Label-09	45000
3	baseline	worker-cs-1	Label-12	2000
3	baseline	worker-cs-1	Label-03	2000
3	baseline	worker-cs-1	Label-03	45000
3	baseline	worker-cs-1	Label-12	45000
3	baseline	worker-cs-1	Label-08	44999
3	baseline	worker-cs-1	Label-04	2000
3	baseline	worker-cs-1	Label-02	45000
3	baseline	worker-cs-1	Label-04	45000
3	baseline	worker-cs-1	Label-01	45000
3	baseline	worker-cs-1	Label-12	45000
3	baseline	worker-cs-1	Label-03	45000
3	baseline	worker-cs-1	Label-09	45000
3	baseline	worker-cs-1	Label-10	44999
3	baseline	worker-cs-1	Label-14	179999
3	baseline	worker-cs-1	Label-03	1999
3	baseline	worker-cs-1	Label-14	2000
3	baseline	worker-cs-1	Label-02	45000
3	baseline	worker-cs-1	Label-01	2000
3	baseline	worker-cs-1	Label-05	45000
3	baseline	worker-cs-1	Label-03	44999
3	baseline	worker-cs-1	Label-01	2000
3	baseline	worker-cs-1	Label-01	45000
3	baseline	worker-cs-1	Label-08	45000
3	baseline	worker-cs-1	Label-12	44999
3	baseline	worker-cs-1	Label-04	45000
3	baseline	worker-cs-1	Label-01	2000
3	baseline	worker-cs-1	Label-10	44999
3	baseline	worker-cs-1	Label-01	45000
3	baseline	worker-cs-1	Label-01	1999
3	baseline	worker-cs-1	Label-08	2000
3	baseline	worker-cs-1	Label-08	1999
3	baseline	worker-cs-1	Label-07	44999
3	baseline	worker-cs-1	Label-15	1999
3	baseline	worker-cs-1	Label-08	45000
3	baseline	worker-cs-1	Label-08	2000
3	baseline	worker-cs-1	Label-09	45000
3	baseline	worker-cs-1	Label-06	44999
3	baseline	worker-cs-1	Label-06	2000
3	baseline	worker-cs-1	Label-12	45000
3	baseline	worker-cs-1	Label-08	1999
3	baseline	worker-cs-1	Label-08	44999
3	baseline	worker-cs-1	Label-14	180000
3	baseline	worker-cs-1	Label-03	45000
3	baseline	worker-cs-1	Label-12	2000
3	baseline	worker-cs-1	Label-15	180000
3	baseline	worker-cs-1	Label-06	45000
3	baseline	worker-cs-1	Label-05	44999
3	baseline	worker-cs-1	Label-12	45000
3	baseline	worker-cs-1	Label-11	2000
3	baseline	worker-cs-1	Label-04	45000
3	baseline	worker-cs-1	Label-08	45000
3	baseline	worker-cs-1	Label-13	2000
3	baseline	worker-cs-1	Label-10	45000
3	baseline	worker-cs-1	Label-11	45000
3	baseline	worker-cs-1	Label-05	2000
3	baseline	worker-cs-1	Label-01	45000
3	baseline	worker-cs-1	Label-03	44999
3	baseline	worker-cs-1	Label-05	45001
3	baseline	worker-cs-1	Label-07	45000
3	baseline	worker-cs-1	Label-06	44999
3	baseline	worker-cs-1	Label-02	44999
3	baseline	worker-cs-1	Label-01	44999
3	baseline	worker-cs-1	Label-08	45000
3	baseline	worker-cs-1	Label-12	45001
3	baseline	worker-cs-1	Label-09	44999
3	baseline	worker-cs-1	Label-07	1999
3	baseline	worker-cs-1	Label-11	1999
3	baseline	worker-cs-1	Label-03	2000
3	baseline	worker-cs-1	Label-07	45000
3	baseline	worker-cs-1	Label-03	44999
3	baseline	worker-cs-1	Label-13	2000
3	baseline	worker-cs-1	Label-11	2000
3	baseline	worker-cs-1	Label-13	180000
3	baseline	worker-cs-1	Label-13	2001
3	baseline	worker-cs-1	Label-11	45000
3	baseline	worker-cs-1	Label-06	2000
3	baseline	worker-cs-1	Label-06	2000
3	baseline	worker-cs-1	Label-10	45000
3	baseline	worker-cs-1	Label-09	45000
3	baseline	worker-cs-1	Label-06	45000
3	baseline	worker-cs-1	Label-05	2000
3	baseline	worker-cs-1	Label-05	45000
3	baseline	worker-cs-1	Label-03	45000
3	baseline	worker-cs-1	Label-03	2000
3	baseline	worker-cs-1	Label-02	45001
3	baseline	worker-cs-1	Label-09	2000
3	baseline	worker-cs-1	Label-12	45000
3	baseline	worker-cs-1	Label-09	44999
3	baseline	worker-cs-1	Label-03	2000
3	baseline	worker-cs-1	Label-14	2000
3	baseline	worker-cs-1	Label-03	45000
3	baseline	worker-cs-1	Label-04	45000
3	baseline	worker-cs-1	Label-05	2002
3	baseline	worker-cs-1	Label-14	1999
3	baseline	worker-cs-1	Label-14	180000
3	baseline	worker-cs-1	Label-05	45000
3	baseline	worker-cs-1	Label-01	44999
3	baseline	worker-cs-1	Label-11	45000
3	baseline	worker-cs-1	Label-06	45000
3	baseline	worker-cs-1	Label-15	2000
3	baseline	worker-cs-1	Label-09	44999
3	baseline	worker-cs-1	Label-10	45001
3	baseline	worker-cs-1	Label-12	2000
3	baseline	worker-cs-1	Label-08	45000
3	baseline	worker-cs-1	Label-12	1999
3	baseline	worker-cs-1	Label-15	180000
3	baseline	worker-cs-1	Label-12	45000
3	baseline	worker-cs-1	Label-09	44999
3	baseline	worker-cs-1	Label-06	45000
3	baseline	worker-cs-1	Label-10	45000
3	baseline	worker-cs-1	Label-03	45001
3	baseline	worker-cs-1	Label-11	45000
3	baseline	worker-cs-1	Label-08	45000
3	baseline	worker-cs-1	Label-07	2000
3	baseline	worker-cs-1	Label-07	45000
3	baseline	worker-cs-2	Label-10	45001
3	baseline	worker-cs-2	Label-05	44999
3	baseline	worker-cs-2	Label-14	180000
3	baseline	worker-cs-2	Label-10	2001
3	baseline	worker-cs-2	Label-02	45000
3	baseline	worker-cs-2	Label-10	1999
3	baseline	worker-cs-2	Label-08	2000
3	baseline	worker-cs-2	Label-10	2000
3	baseline	worker-cs-2	Label-11	44999
3	baseline	worker-cs-2	Label-08	2000
3	baseline	worker-cs-2	Label-10	2000
3	baseline	worker-cs-2	Label-10	2000
3	baseline	worker-cs-2	Label-08	45000
3	baseline	worker-cs-2	Label-10	44999
3	baseline	worker-cs-2	Label-12	45000
3	baseline	worker-cs-2	Label-09	44999
3	baseline	worker-cs-2	Label-03	44999
3	baseline	worker-cs-2	Label-01	45000
3	baseline	worker-cs-2	Label-07	45000
3	baseline	worker-cs-2	Label-10	45000
3	baseline	worker-cs-2	Label-02	45000
3	baseline	worker-cs-2	Label-02	2000
3	baseline	worker-cs-2	Label-12	45000
3	baseline	worker-cs-2	Label-05	2000
3	baseline	worker-cs-2	Label-03	2000
3	baseline	worker-cs-2	Label-03	45000
3	baseline	worker-cs-2	Label-05	45000
3	baseline	worker-cs-2	Label-09	45000
3	baseline	worker-cs-2	Label-02	44999
3	baseline	worker-cs-2	Label-07	45000
3	baseline	worker-cs-2	Label-06	2000
3	baseline	worker-cs-2	Label-15	180000
3	baseline	worker-cs-2	Label-12	45000
3	baseline	worker-cs-2	Label-06	45000
3	baseline	worker-cs-2	Label-04	45000
3	baseline	worker-cs-2	Label-14	2000
3	baseline	worker-cs-2	Label-10	45000
3	baseline	worker-cs-2	Label-01	45000
3	baseline	worker-cs-2	Label-05	45000
3	baseline	worker-cs-2	Label-09	44999
3	baseline	worker-cs-2	Label-09	2000
3	baseline	worker-cs-2	Label-13	180000
3	baseline	worker-cs-2	Label-02	45001
3	baseline	worker-cs-2	Label-12	44999
3	baseline	worker-cs-2	Label-01	1999
3	baseline	worker-cs-2	Label-08	2000
3	baseline	worker-cs-2	Label-01	45000
3	baseline	worker-cs-2	Label-08	45000
3	baseline	worker-cs-2	Label-10	45000
3	baseline	worker-cs-2	Label-12	1999
3	baseline	worker-cs-2	Label-06	44999
3	baseline	worker-cs-2	Label-11	45000
3	baseline	worker-cs-2	Label-09	2000
3	baseline	worker-cs-2	Label-14	180000
3	baseline	worker-cs-2	Label-09	1999
3	baseline	worker-cs-2	Label-12	45000
3	baseline	worker-cs-2	Label-01	2000
3	baseline	worker-cs-2	Label-09	45001
3	baseline	worker-cs-2	Label-01	1999
3	baseline	worker-cs-2	Label-05	2001
3	baseline	worker-cs-2	Label-01	2000
3	baseline	worker-cs-2	Label-06	2000
3	baseline	worker-cs-2	Label-01	44999
3	baseline	worker-cs-2	Label-05	45000
3	baseline	worker-cs-2	Label-02	2000
3	baseline	worker-cs-2	Label-02	45000
3	baseline	worker-cs-2	Label-06	45000
3	baseline	worker-cs-2	Label-06	2000
3	baseline	worker-cs-2	Label-12	45003
3	baseline	worker-cs-2	Label-05	45000
3	baseline	worker-cs-2	Label-10	44999
3	baseline	worker-cs-2	Label-11	45000
3	baseline	worker-cs-2	Label-01	45000
3	baseline	worker-cs-2	Label-09	45000
3	baseline	worker-cs-2	Label-13	1999
3	baseline	worker-cs-2	Label-07	45000
3	baseline	worker-cs-2	Label-04	45000
3	baseline	worker-cs-2	Label-08	45000
3	baseline	worker-cs-2	Label-05	1999
3	baseline	worker-cs-2	Label-08	1999
3	baseline	worker-cs-2	Label-05	44999
3	baseline	worker-cs-2	Label-14	180000
3	baseline	worker-cs-2	Label-03	45000
3	baseline	worker-cs-2	Label-13	2000
3	baseline	worker-cs-2	Label-06	45000
3	baseline	worker-cs-2	Label-09	45001
3	baseline	worker-cs-2	Label-05	2000
3	baseline	worker-cs-2	Label-05	45000
3	baseline	worker-cs-2	Label-13	180000
3	baseline	worker-cs-2	Label-10	44999
3	baseline	worker-cs-2	Label-11	45001
3	baseline	worker-cs-2	Label-03	45000
3	baseline	worker-cs-2	Label-09	45000
3	baseline	worker-cs-2	Label-06	45000
3	baseline	worker-cs-2	Label-08	45000
3	baseline	worker-cs-2	Label-02	45000
3	baseline	worker-cs-2	Label-09	2001
3	baseline	worker-cs-2	Label-07	44999
3	baseline	worker-cs-2	Label-09	1999
3	baseline	worker-cs-2	Label-10	45000
3	baseline	worker-cs-2	Label-05	2001
3	baseline	worker-cs-2	Label-12	2000
3	baseline	worker-cs-2	Label-12	45000
3	baseline	worker-cs-2	Label-02	1999
3	baseline	worker-cs-2	Label-05	45000
3	baseline	worker-cs-2	Label-06	45000
3	baseline	worker-cs-2	Label-03	2000
3	baseline	worker-cs-2	Label-06	2000
3	baseline	worker-cs-2	Label-12	2000
3	baseline	worker-cs-2	Label-07	2000
3	baseline	worker-cs-2	Label-03	44999
3	baseline	worker-cs-2	Label-08	2001
3	baseline	worker-cs-2	Label-02	45004
3	baseline	worker-cs-2	Label-07	45001
3	baseline	worker-cs-2	Label-08	2000
3	baseline	worker-cs-2	Label-08	44999
3	baseline	worker-cs-2	Label-09	45000
3	baseline	worker-cs-2	Label-09	2000
3	baseline	worker-cs-2	Label-01	45000
3	baseline	worker-cs-2	Label-02	2000
3	baseline	worker-cs-2	Label-01	2000
3	baseline	worker-cs-2	Label-02	2000
3	baseline	worker-cs-2	Label-05	45000
3	baseline	worker-cs-2	Label-02	45001
3	baseline	worker-cs-2	Label-04	44999
3	baseline	worker-cs-2	Label-09	45000
3	baseline	worker-cs-2	Label-10	2000
3	baseline	worker-cs-2	Label-10	45000
3	baseline	worker-cs-2	Label-08	45000
3	baseline	worker-cs-2	Label-07	2001
3	baseline	worker-cs-2	Label-08	2000
3	baseline	worker-cs-2	Label-04	2000
3	baseline	worker-cs-2	Label-07	1999
3	baseline	worker-cs-2	Label-07	45000
3	baseline	worker-cs-2	Label-05	45000
3	baseline	worker-cs-2	Label-04	45000
3	baseline	worker-cs-2	Label-01	1999
3	baseline	worker-cs-2	Label-13	180001
3	baseline	worker-cs-2	Label-09	45000
3	baseline	worker-cs-2	Label-05	1999
3	baseline	worker-cs-2	Label-09	1999
3	baseline	worker-cs-2	Label-03	45000
3	baseline	worker-cs-2	Label-03	2000
3	baseline	worker-cs-2	Label-01	45001
3	baseline	worker-cs-2	Label-05	45000
3	baseline	worker-cs-2	Label-12	45000
3	baseline	worker-cs-2	Label-04	45000
3	baseline	worker-cs-2	Label-03	45000
3	baseline	worker-cs-2	Label-02	45000
3	baseline	worker-cs-2	Label-10	45000
3	baseline	worker-cs-2	Label-06	45000
3	baseline	worker-cs-2	Label-11	1999
3	baseline	worker-cs-2	Label-11	45000
3	baseline	worker-cs-2	Label-07	45000
3	baseline	worker-cs-2	Label-09	2000
3	baseline	worker-cs-2	Label-09	45000
3	baseline	worker-cs-2	Label-05	45000
3	baseline	worker-cs-2	Label-02	45000
3	baseline	worker-cs-2	Label-10	45001
3	baseline	worker-cs-2	Label-06	45000
3	baseline	worker-cs-2	Label-14	180000
3	baseline	worker-cs-2	Label-04	45000
3	baseline	worker-cs-2	Label-05	1999
3	baseline	worker-cs-2	Label-12	45000
3	baseline	worker-cs-2	Label-12	2000
3	baseline	worker-cs-2	Label-12	1999
3	baseline	worker-cs-2	Label-05	45000
3	baseline	worker-cs-2	Label-07	44999
3	baseline	worker-cs-2	Label-07	2000
3	baseline	worker-cs-2	Label-09	45000
3	baseline	worker-cs-2	Label-10	45000
3	baseline	worker-cs-2	Label-12	45000
3	baseline	worker-cs-2	Label-02	1999
3	baseline	worker-cs-2	Label-13	180000
3	baseline	worker-cs-2	Label-04	45000
3	baseline	worker-cs-2	Label-02	45000
3	baseline	worker-cs-2	Label-14	2001
3	baseline	worker-cs-2	Label-03	44999
3	baseline	worker-cs-2	Label-14	2000
3	baseline	worker-cs-2	Label-09	45000
3	baseline	worker-cs-2	Label-01	45001
3	baseline	worker-cs-2	Label-08	45000
3	baseline	worker-cs-2	Label-02	2000
3	baseline	worker-cs-2	Label-02	44999
3	baseline	worker-cs-2	Label-11	45000
3	baseline	worker-cs-2	Label-12	45001
3	baseline	worker-cs-2	Label-14	180001
3	baseline	worker-cs-2	Label-09	45001
3	baseline	worker-cs-2	Label-01	2001
3	baseline	worker-cs-2	Label-07	45000
3	baseline	worker-cs-2	Label-10	45000
3	baseline	worker-cs-2	Label-01	44999
3	baseline	worker-cs-2	Label-15	180000
3	baseline	worker-cs-2	Label-01	2000
3	baseline	worker-cs-2	Label-03	2000
3	baseline	worker-cs-2	Label-05	45001
3	baseline	worker-cs-2	Label-02	45000
3	baseline	worker-cs-2	Label-03	45001
3	baseline	worker-cs-2	Label-14	2000
3	baseline	worker-cs-2	Label-06	45000
3	baseline	worker-cs-2	Label-12	45000
3	baseline	worker-cs-2	Label-12	2000
3	baseline	worker-cs-2	Label-10	45000
3	baseline	worker-cs-2	Label-11	45001
3	baseline	worker-cs-2	Label-02	45000
3	baseline	worker-cs-2	Label-03	45000
3	baseline	worker-cs-2	Label-12	45000
3	baseline	worker-cs-2	Label-06	45001
3	baseline	worker-cs-2	Label-08	45000
3	baseline	worker-cs-2	Label-07	1999
3	baseline	worker-cs-2	Label-10	2000
3	baseline	worker-cs-2	Label-01	44999
3	baseline	worker-cs-2	Label-07	45000
3	baseline	worker-cs-2	Label-07	2000
3	baseline	worker-cs-2	Label-14	2000
3	baseline	worker-cs-2	Label-10	45000
3	baseline	worker-cs-2	Label-14	1999
3	baseline	worker-cs-2	Label-09	45000
3	baseline	worker-cs-2	Label-14	179999
3	baseline	worker-cs-2	Label-03	45001
3	baseline	worker-cs-2	Label-11	1999
3	baseline	worker-cs-2	Label-04	2001
3	baseline	worker-cs-2	Label-03	2000
3	baseline	worker-cs-2	Label-06	45000
3	baseline	worker-cs-2	Label-06	2000
3	baseline	worker-cs-2	Label-11	44999
3	baseline	worker-cs-2	Label-07	2000
3	baseline	worker-cs-2	Label-08	2000
3	baseline	worker-cs-2	Label-04	2001
3	baseline	worker-cs-2	Label-08	1999
3	baseline	worker-cs-2	Label-04	45000
3	baseline	worker-cs-2	Label-07	44999
3	baseline	worker-cs-2	Label-08	44999
3	baseline	worker-cs-2	Label-15	2000
3	baseline	worker-cs-2	Label-01	45000
3	baseline	worker-cs-2	Label-08	2000
3	baseline	worker-cs-2	Label-05	45000
3	baseline	worker-cs-2	Label-08	45000
3	baseline	worker-cs-2	Label-15	180000
3	baseline	worker-cs-2	Label-02	44999
3	baseline	worker-cs-2	Label-11	44999
3	baseline	worker-cs-2	Label-10	44999
3	baseline	worker-cs-2	Label-01	2000
3	baseline	worker-cs-2	Label-10	2000
3	baseline	worker-cs-3	Label-06	45000
3	baseline	worker-cs-3	Label-12	45000
3	baseline	worker-cs-3	Label-13	2000
3	baseline	worker-cs-3	Label-15	180001
3	baseline	worker-cs-3	Label-09	45001
3	baseline	worker-cs-3	Label-10	1999
3	baseline	worker-cs-3	Label-08	44999
3	baseline	worker-cs-3	Label-10	45001
3	baseline	worker-cs-3	Label-10	2000
3	baseline	worker-cs-3	Label-01	45000
3	baseline	worker-cs-3	Label-09	1999
3	baseline	worker-cs-3	Label-09	44999
3	baseline	worker-cs-3	Label-10	44999
3	baseline	worker-cs-3	Label-13	180000
3	baseline	worker-cs-3	Label-12	1999
3	baseline	worker-cs-3	Label-14	2000
3	baseline	worker-cs-3	Label-14	180000
3	baseline	worker-cs-3	Label-05	2000
3	baseline	worker-cs-3	Label-12	45000
3	baseline	worker-cs-3	Label-01	1999
3	baseline	worker-cs-3	Label-05	44999
3	baseline	worker-cs-3	Label-08	2000
3	baseline	worker-cs-3	Label-12	2000
3	baseline	worker-cs-3	Label-08	45000
3	baseline	worker-cs-3	Label-01	45001
3	baseline	worker-cs-3	Label-07	2001
3	baseline	worker-cs-3	Label-07	45000
3	baseline	worker-cs-3	Label-04	45001
3	baseline	worker-cs-3	Label-06	45000
3	baseline	worker-cs-3	Label-15	179999
3	baseline	worker-cs-3	Label-09	45000
3	baseline	worker-cs-3	Label-05	45000
3	baseline	worker-cs-3	Label-10	44999
3	baseline	worker-cs-3	Label-04	2000
3	baseline	worker-cs-3	Label-06	44999
3	baseline	worker-cs-3	Label-07	2000
3	baseline	worker-cs-3	Label-04	45000
3	baseline	worker-cs-3	Label-07	44999
3	baseline	worker-cs-3	Label-05	45000
3	baseline	worker-cs-3	Label-12	45001
3	baseline	worker-cs-3	Label-14	179999
3	baseline	worker-cs-3	Label-01	44999
3	baseline	worker-cs-3	Label-04	2000
3	baseline	worker-cs-3	Label-13	180000
3	baseline	worker-cs-3	Label-11	44999
3	baseline	worker-cs-3	Label-05	2000
3	baseline	worker-cs-3	Label-04	45000
3	baseline	worker-cs-3	Label-05	45000
3	baseline	worker-cs-3	Label-02	44998
3	baseline	worker-cs-3	Label-07	45000
3	baseline	worker-cs-3	Label-01	45000
3	baseline	worker-cs-3	Label-08	45000
3	baseline	worker-cs-3	Label-09	45000
3	baseline	worker-cs-3	Label-11	44999
3	baseline	worker-cs-3	Label-11	2000
3	baseline	worker-cs-3	Label-02	45000
3	baseline	worker-cs-3	Label-06	44999
3	baseline	worker-cs-3	Label-07	45000
3	baseline	worker-cs-3	Label-03	45000
3	baseline	worker-cs-3	Label-10	45000
3	baseline	worker-cs-3	Label-15	180000
3	baseline	worker-cs-3	Label-14	2000
3	baseline	worker-cs-3	Label-11	2000
3	baseline	worker-cs-3	Label-12	45000
3	baseline	worker-cs-3	Label-11	44999
3	baseline	worker-cs-3	Label-12	2000
3	baseline	worker-cs-3	Label-08	45000
3	baseline	worker-cs-3	Label-12	2000
3	baseline	worker-cs-3	Label-03	2001
3	baseline	worker-cs-3	Label-03	44999
3	baseline	worker-cs-3	Label-01	45000
3	baseline	worker-cs-3	Label-05	44999
3	baseline	worker-cs-3	Label-07	45000
3	baseline	worker-cs-3	Label-05	2000
3	baseline	worker-cs-3	Label-07	1999
3	baseline	worker-cs-3	Label-08	45000
3	baseline	worker-cs-3	Label-14	180000
3	baseline	worker-cs-3	Label-03	45000
3	baseline	worker-cs-3	Label-11	44999
3	baseline	worker-cs-3	Label-10	45000
3	baseline	worker-cs-3	Label-03	2000
3	baseline	worker-cs-3	Label-11	1999
3	baseline	worker-cs-3	Label-11	2000
3	baseline	worker-cs-3	Label-04	2000
3	baseline	worker-cs-3	Label-04	45000
3	baseline	worker-cs-3	Label-02	44999
3	baseline	worker-cs-3	Label-01	44999
3	baseline	worker-cs-3	Label-05	1999
3	baseline	worker-cs-3	Label-05	44999
3	baseline	worker-cs-3	Label-09	44999
3	baseline	worker-cs-3	Label-06	1999
3	baseline	worker-cs-3	Label-10	1999
3	baseline	worker-cs-3	Label-06	45000
3	baseline	worker-cs-3	Label-03	44999
3	baseline	worker-cs-3	Label-10	45000
3	baseline	worker-cs-3	Label-08	45000
3	baseline	worker-cs-3	Label-01	2000
3	baseline	worker-cs-3	Label-01	45001
3	baseline	worker-cs-3	Label-07	45000
3	baseline	worker-cs-3	Label-02	2001
3	baseline	worker-cs-3	Label-02	2000
3	baseline	worker-cs-3	Label-11	45001
3	baseline	worker-cs-3	Label-11	2000
3	baseline	worker-cs-3	Label-09	2000
3	baseline	worker-cs-3	Label-02	45000
3	baseline	worker-cs-3	Label-03	45000
3	baseline	worker-cs-3	Label-08	2000
3	baseline	worker-cs-3	Label-09	45000
3	baseline	worker-cs-3	Label-08	45000
3	baseline	worker-cs-3	Label-06	44999
3	baseline	worker-cs-3	Label-12	2000
3	baseline	worker-cs-3	Label-12	45000
3	baseline	worker-cs-3	Label-01	1999
3	baseline	worker-cs-3	Label-11	2000
3	baseline	worker-cs-3	Label-11	44999
3	baseline	worker-cs-3	Label-04	45000
3	baseline	worker-cs-3	Label-01	44999
3	baseline	worker-cs-3	Label-02	2000
3	baseline	worker-cs-3	Label-13	180000
3	baseline	worker-cs-3	Label-07	2001
3	baseline	worker-cs-3	Label-05	45000
3	baseline	worker-cs-3	Label-02	45000
3	baseline	worker-cs-3	Label-07	1999
3	baseline	worker-cs-3	Label-07	45000
3	baseline	worker-cs-3	Label-04	45000
3	baseline	worker-cs-3	Label-06	45000
3	baseline	worker-cs-3	Label-06	2000
3	baseline	worker-cs-3	Label-11	45000
3	baseline	worker-cs-3	Label-02	45000
3	baseline	worker-cs-3	Label-09	45000
3	baseline	worker-cs-3	Label-09	2000
3	baseline	worker-cs-3	Label-15	2000
3	baseline	worker-cs-3	Label-07	45000
3	baseline	worker-cs-3	Label-08	45000
3	baseline	worker-cs-3	Label-02	44999
3	baseline	worker-cs-3	Label-09	2000
3	baseline	worker-cs-3	Label-09	45001
3	baseline	worker-cs-3	Label-11	44999
3	baseline	worker-cs-3	Label-05	1999
3	baseline	worker-cs-3	Label-12	45000
3	baseline	worker-cs-3	Label-14	179999
3	baseline	worker-cs-3	Label-05	45000
3	baseline	worker-cs-3	Label-08	45000
3	baseline	worker-cs-3	Label-02	2000
3	baseline	worker-cs-3	Label-11	45000
3	baseline	worker-cs-3	Label-11	2000
3	baseline	worker-cs-3	Label-15	180000
3	baseline	worker-cs-3	Label-02	44999
3	baseline	worker-cs-3	Label-01	44999
3	baseline	worker-cs-3	Label-10	45000
3	baseline	worker-cs-3	Label-06	1999
3	baseline	worker-cs-3	Label-05	44999
3	baseline	worker-cs-3	Label-06	44999
3	baseline	worker-cs-3	Label-07	44999
3	baseline	worker-cs-3	Label-12	45000
3	baseline	worker-cs-3	Label-09	45001
3	baseline	worker-cs-3	Label-12	2000
3	baseline	worker-cs-3	Label-06	44999
3	baseline	worker-cs-3	Label-02	45000
3	baseline	worker-cs-3	Label-10	45000
3	baseline	worker-cs-3	Label-07	44999
3	baseline	worker-cs-3	Label-05	1999
3	baseline	worker-cs-3	Label-12	45000
3	baseline	worker-cs-3	Label-14	1999
3	baseline	worker-cs-3	Label-05	44999
3	baseline	worker-cs-3	Label-15	179999
3	baseline	worker-cs-3	Label-03	1999
3	baseline	worker-cs-3	Label-04	2000
3	baseline	worker-cs-3	Label-10	2000
3	baseline	worker-cs-3	Label-03	44999
3	baseline	worker-cs-3	Label-09	1999
3	baseline	worker-cs-3	Label-14	180000
3	baseline	worker-cs-3	Label-10	45000
3	baseline	worker-cs-3	Label-04	45000
3	baseline	worker-cs-3	Label-04	2000
3	baseline	worker-cs-3	Label-05	1999
3	baseline	worker-cs-3	Label-09	45000
3	baseline	worker-cs-3	Label-08	2000
3	baseline	worker-cs-3	Label-09	2000
3	baseline	worker-cs-3	Label-08	45000
3	baseline	worker-cs-3	Label-06	45000
3	baseline	worker-cs-3	Label-05	45000
3	baseline	worker-cs-3	Label-07	45000
3	baseline	worker-cs-3	Label-04	44998
3	baseline	worker-cs-3	Label-01	45001
3	baseline	worker-cs-3	Label-08	45000
3	baseline	worker-cs-3	Label-10	45000
3	baseline	worker-cs-3	Label-03	44999
3	baseline	worker-cs-3	Label-07	45000
3	baseline	worker-cs-3	Label-11	1999
3	baseline	worker-cs-3	Label-11	45000
3	baseline	worker-cs-3	Label-09	44999
3	baseline	worker-cs-3	Label-12	45000
3	baseline	worker-cs-3	Label-08	44999
3	baseline	worker-cs-3	Label-08	1999
3	baseline	worker-cs-3	Label-08	1999
3	baseline	worker-cs-3	Label-14	180001
3	baseline	worker-cs-3	Label-02	45000
3	baseline	worker-cs-3	Label-06	2000
3	baseline	worker-cs-3	Label-06	45000
3	baseline	worker-cs-3	Label-06	2000
3	baseline	worker-cs-3	Label-08	45000
3	baseline	worker-cs-3	Label-10	2000
3	baseline	worker-cs-3	Label-10	45000
3	baseline	worker-cs-3	Label-03	44999
3	baseline	worker-cs-3	Label-15	180000
3	baseline	worker-cs-3	Label-02	2000
3	baseline	worker-cs-3	Label-04	1999
3	baseline	worker-cs-3	Label-02	45000
3	baseline	worker-cs-3	Label-04	2000
3	baseline	worker-cs-3	Label-04	45000
3	baseline	worker-cs-3	Label-12	45001
3	baseline	worker-cs-3	Label-07	45000
3	baseline	worker-cs-3	Label-08	44999
3	baseline	worker-cs-3	Label-09	45000
3	baseline	worker-cs-3	Label-13	179999
3	baseline	worker-cs-3	Label-03	44999
3	baseline	worker-cs-3	Label-04	44999
3	baseline	worker-cs-3	Label-04	2000
3	baseline	worker-cs-3	Label-03	1999
3	baseline	worker-cs-3	Label-12	1999
3	baseline	worker-cs-3	Label-05	2000
3	baseline	worker-cs-3	Label-12	45000
3	baseline	worker-cs-3	Label-07	44999
3	baseline	worker-cs-3	Label-12	2001
3	baseline	worker-cs-3	Label-01	2000
3	baseline	worker-cs-4	Label-07	45000
3	baseline	worker-cs-4	Label-02	45000
3	baseline	worker-cs-4	Label-02	2000
3	baseline	worker-cs-4	Label-04	45000
3	baseline	worker-cs-4	Label-05	45000
3	baseline	worker-cs-4	Label-11	45000
3	baseline	worker-cs-4	Label-08	44999
3	baseline	worker-cs-4	Label-01	2000
3	baseline	worker-cs-4	Label-15	179999
3	baseline	worker-cs-4	Label-13	180000
3	baseline	worker-cs-4	Label-01	2000
3	baseline	worker-cs-4	Label-12	45001
3	baseline	worker-cs-4	Label-11	2000
3	baseline	worker-cs-4	Label-01	45000
3	baseline	worker-cs-4	Label-01	2000
3	baseline	worker-cs-4	Label-11	45000
3	baseline	worker-cs-4	Label-07	2000
3	baseline	worker-cs-4	Label-07	2000
3	baseline	worker-cs-4	Label-04	45000
3	baseline	worker-cs-4	Label-07	44999
3	baseline	worker-cs-4	Label-02	2001
3	baseline	worker-cs-4	Label-09	45000
3	baseline	worker-cs-4	Label-02	45000
3	baseline	worker-cs-4	Label-10	45001
3	baseline	worker-cs-4	Label-11	45000
3	baseline	worker-cs-4	Label-11	2000
3	baseline	worker-cs-4	Label-12	44999
3	baseline	worker-cs-4	Label-05	44999
3	baseline	worker-cs-4	Label-04	44999
3	baseline	worker-cs-4	Label-08	2000
3	baseline	worker-cs-4	Label-02	44999
3	baseline	worker-cs-4	Label-06	44999
3	baseline	worker-cs-4	Label-08	45000
3	baseline	worker-cs-4	Label-12	45000
3	baseline	worker-cs-4	Label-04	45000
3	baseline	worker-cs-4	Label-15	180000
3	baseline	worker-cs-4	Label-03	45000
3	baseline	worker-cs-4	Label-01	44999
3	baseline	worker-cs-4	Label-04	2000
3	baseline	worker-cs-4	Label-09	45001
3	baseline	worker-cs-4	Label-08	45000
3	baseline	worker-cs-4	Label-04	45000
3	baseline	worker-cs-4	Label-06	45000
3	baseline	worker-cs-4	Label-05	45000
3	baseline	worker-cs-4	Label-03	45000
3	baseline	worker-cs-4	Label-12	45000
3	baseline	worker-cs-4	Label-04	44999
3	baseline	worker-cs-4	Label-07	2000
3	baseline	worker-cs-4	Label-07	45000
3	baseline	worker-cs-4	Label-11	1999
3	baseline	worker-cs-4	Label-06	45000
3	baseline	worker-cs-4	Label-06	2000
3	baseline	worker-cs-4	Label-05	45001
3	baseline	worker-cs-4	Label-11	45001
3	baseline	worker-cs-4	Label-03	45000
3	baseline	worker-cs-4	Label-12	44999
3	baseline	worker-cs-4	Label-09	44999
3	baseline	worker-cs-4	Label-13	2000
3	baseline	worker-cs-4	Label-15	179999
3	baseline	worker-cs-4	Label-01	44999
3	baseline	worker-cs-4	Label-12	2000
3	baseline	worker-cs-4	Label-08	45000
3	baseline	worker-cs-4	Label-12	2000
3	baseline	worker-cs-4	Label-12	45000
3	baseline	worker-cs-4	Label-04	45001
3	baseline	worker-cs-4	Label-10	2000
3	baseline	worker-cs-4	Label-10	45000
3	baseline	worker-cs-4	Label-05	2000
3	baseline	worker-cs-4	Label-05	45000
3	baseline	worker-cs-4	Label-06	45000
3	baseline	worker-cs-4	Label-03	45000
3	baseline	worker-cs-4	Label-11	45000
3	baseline	worker-cs-4	Label-02	45000
3	baseline	worker-cs-4	Label-10	2000
3	baseline	worker-cs-4	Label-09	2000
3	baseline	worker-cs-4	Label-10	44999
3	baseline	worker-cs-4	Label-13	180000
3	baseline	worker-cs-4	Label-09	45000
3	baseline	worker-cs-4	Label-08	45000
3	baseline	worker-cs-4	Label-01	1999
3	baseline	worker-cs-4	Label-10	2000
3	baseline	worker-cs-4	Label-01	45000
3	baseline	worker-cs-4	Label-12	44999
3	baseline	worker-cs-4	Label-15	180000
3	baseline	worker-cs-4	Label-10	45000
3	baseline	worker-cs-4	Label-11	44999
3	baseline	worker-cs-4	Label-06	45000
3	baseline	worker-cs-4	Label-07	45000
3	baseline	worker-cs-4	Label-12	45001
3	baseline	worker-cs-4	Label-01	44999
3	baseline	worker-cs-4	Label-09	45000
3	baseline	worker-cs-4	Label-08	45000
3	baseline	worker-cs-4	Label-11	1999
3	baseline	worker-cs-4	Label-10	2000
3	baseline	worker-cs-4	Label-02	45001
3	baseline	worker-cs-4	Label-11	45000
3	baseline	worker-cs-4	Label-07	44999
3	baseline	worker-cs-4	Label-05	45000
3	baseline	worker-cs-4	Label-12	45000
3	baseline	worker-cs-4	Label-09	44999
3	baseline	worker-cs-4	Label-10	45000
3	baseline	worker-cs-4	Label-11	44999
3	baseline	worker-cs-4	Label-12	45001
3	baseline	worker-cs-4	Label-09	2000
3	baseline	worker-cs-4	Label-04	45001
3	baseline	worker-cs-4	Label-09	44999
3	baseline	worker-cs-4	Label-02	45000
3	baseline	worker-cs-4	Label-10	45000
3	baseline	worker-cs-4	Label-15	1999
3	baseline	worker-cs-4	Label-02	2000
3	baseline	worker-cs-4	Label-06	1999
3	baseline	worker-cs-4	Label-06	44999
3	baseline	worker-cs-4	Label-03	2000
3	baseline	worker-cs-4	Label-03	2000
3	baseline	worker-cs-4	Label-15	180000
3	baseline	worker-cs-4	Label-03	2000
3	baseline	worker-cs-4	Label-03	44999
3	baseline	worker-cs-4	Label-07	44998
3	baseline	worker-cs-4	Label-10	1999
3	baseline	worker-cs-4	Label-10	1999
3	baseline	worker-cs-4	Label-10	45000
3	baseline	worker-cs-4	Label-06	45000
3	baseline	worker-cs-4	Label-14	179999
3	baseline	worker-cs-4	Label-12	45000
3	baseline	worker-cs-4	Label-08	44999
3	baseline	worker-cs-4	Label-11	44999
3	baseline	worker-cs-4	Label-02	45000
3	baseline	worker-cs-4	Label-03	44999
3	baseline	worker-cs-4	Label-10	2000
3	baseline	worker-cs-4	Label-13	2000
3	baseline	worker-cs-4	Label-13	1999
3	baseline	worker-cs-4	Label-04	45000
3	baseline	worker-cs-4	Label-10	45000
3	baseline	worker-cs-4	Label-05	45001
3	baseline	worker-cs-4	Label-13	1999
3	baseline	worker-cs-4	Label-08	45000
3	baseline	worker-cs-4	Label-04	45000
3	baseline	worker-cs-4	Label-10	45000
3	baseline	worker-cs-4	Label-05	2000
3	baseline	worker-cs-4	Label-12	44999
3	baseline	worker-cs-4	Label-13	180000
3	baseline	worker-cs-4	Label-05	45001
3	baseline	worker-cs-4	Label-15	2000
3	baseline	worker-cs-4	Label-11	45001
3	baseline	worker-cs-4	Label-09	45000
3	baseline	worker-cs-4	Label-07	1999
3	baseline	worker-cs-4	Label-07	45000
3	baseline	worker-cs-4	Label-03	44999
3	baseline	worker-cs-4	Label-05	45000
3	baseline	worker-cs-4	Label-15	2000
3	baseline	worker-cs-4	Label-15	180000
3	baseline	worker-cs-4	Label-07	2000
3	baseline	worker-cs-4	Label-11	44999
3	baseline	worker-cs-4	Label-10	1999
3	baseline	worker-cs-4	Label-12	44999
3	baseline	worker-cs-4	Label-07	45000
3	baseline	worker-cs-4	Label-07	2000
3	baseline	worker-cs-4	Label-06	45000
3	baseline	worker-cs-4	Label-10	44999
3	baseline	worker-cs-4	Label-13	1999
3	baseline	worker-cs-4	Label-02	45000
3	baseline	worker-cs-4	Label-02	2000
3	baseline	worker-cs-4	Label-05	44999
3	baseline	worker-cs-4	Label-04	44999
3	baseline	worker-cs-4	Label-08	45000
3	baseline	worker-cs-4	Label-04	1999
3	baseline	worker-cs-4	Label-12	45000
3	baseline	worker-cs-4	Label-01	44999
3	baseline	worker-cs-4	Label-08	45000
3	baseline	worker-cs-4	Label-13	2000
3	baseline	worker-cs-4	Label-02	45000
3	baseline	worker-cs-4	Label-15	180000
3	baseline	worker-cs-4	Label-13	179999
3	baseline	worker-cs-4	Label-01	2000
3	baseline	worker-cs-4	Label-01	45000
3	baseline	worker-cs-4	Label-12	45000
3	baseline	worker-cs-4	Label-12	2001
3	baseline	worker-cs-4	Label-05	44999
3	baseline	worker-cs-4	Label-14	2000
3	baseline	worker-cs-4	Label-10	45000
3	baseline	worker-cs-4	Label-14	180000
3	baseline	worker-cs-4	Label-02	45000
3	baseline	worker-cs-4	Label-01	45000
3	baseline	worker-cs-4	Label-07	1999
3	baseline	worker-cs-4	Label-06	2000
3	baseline	worker-cs-4	Label-08	45000
3	baseline	worker-cs-4	Label-06	2000
3	baseline	worker-cs-4	Label-07	45000
3	baseline	worker-cs-4	Label-06	45000
3	baseline	worker-cs-4	Label-11	44999
3	baseline	worker-cs-4	Label-12	44999
3	baseline	worker-cs-4	Label-04	45000
3	baseline	worker-cs-4	Label-10	45000
3	baseline	worker-cs-4	Label-09	45000
3	baseline	worker-cs-4	Label-11	1999
3	baseline	worker-cs-4	Label-11	44999
3	baseline	worker-cs-4	Label-07	1999
3	baseline	worker-cs-4	Label-15	179999
3	baseline	worker-cs-4	Label-05	45000
3	baseline	worker-cs-4	Label-12	2000
3	baseline	worker-cs-4	Label-07	45000
3	baseline	worker-cs-4	Label-12	2000
3	baseline	worker-cs-4	Label-04	45001
3	baseline	worker-cs-4	Label-12	45000
3	baseline	worker-cs-4	Label-12	2000
3	baseline	worker-cs-4	Label-05	2000
3	baseline	worker-cs-4	Label-08	45000
3	baseline	worker-cs-4	Label-10	45001
3	baseline	worker-cs-4	Label-05	2000
3	baseline	worker-cs-4	Label-01	2000
3	baseline	worker-cs-4	Label-01	2001
3	baseline	worker-cs-4	Label-05	44999
3	baseline	worker-cs-4	Label-04	45000
3	baseline	worker-cs-4	Label-01	45000
3	baseline	worker-cs-4	Label-09	2000
3	baseline	worker-cs-4	Label-03	45000
3	baseline	worker-cs-4	Label-09	45000
3	baseline	worker-cs-5	Label-03	45000
3	baseline	worker-cs-5	Label-01	44999
3	baseline	worker-cs-5	Label-11	45000
3	baseline	worker-cs-5	Label-05	45000
3	baseline	worker-cs-5	Label-07	2000
3	baseline	worker-cs-5	Label-14	2000
3	baseline	worker-cs-5	Label-07	45000
3	baseline	worker-cs-5	Label-14	1998
3	baseline	worker-cs-5	Label-02	2001
3	baseline	worker-cs-5	Label-14	2000
3	baseline	worker-cs-5	Label-06	45000
3	baseline	worker-cs-5	Label-02	45001
3	baseline	worker-cs-5	Label-02	1999
3	baseline	worker-cs-5	Label-07	45000
3	baseline	worker-cs-5	Label-05	45001
3	baseline	worker-cs-5	Label-05	1999
3	baseline	worker-cs-5	Label-13	180001
3	baseline	worker-cs-5	Label-12	45000
3	baseline	worker-cs-5	Label-12	2000
3	baseline	worker-cs-5	Label-09	1999
3	baseline	worker-cs-5	Label-08	45000
3	baseline	worker-cs-5	Label-09	2001
3	baseline	worker-cs-5	Label-09	45000
3	baseline	worker-cs-5	Label-14	180001
3	baseline	worker-cs-5	Label-04	2000
3	baseline	worker-cs-5	Label-01	45000
3	baseline	worker-cs-5	Label-11	44999
3	baseline	worker-cs-5	Label-04	45000
3	baseline	worker-cs-5	Label-04	2000
3	baseline	worker-cs-5	Label-11	1998
3	baseline	worker-cs-5	Label-05	45000
3	baseline	worker-cs-5	Label-12	2000
3	baseline	worker-cs-5	Label-05	1999
3	baseline	worker-cs-5	Label-12	2000
3	baseline	worker-cs-5	Label-03	44999
3	baseline	worker-cs-5	Label-11	2000
3	baseline	worker-cs-5	Label-12	45002
3	baseline	worker-cs-5	Label-07	45000
3	baseline	worker-cs-5	Label-12	1999
3	baseline	worker-cs-5	Label-11	2000
3	baseline	worker-cs-5	Label-11	45000
3	baseline	worker-cs-5	Label-08	45000
3	baseline	worker-cs-5	Label-10	45000
3	baseline	worker-cs-5	Label-11	1999
3	baseline	worker-cs-5	Label-06	45000
3	baseline	worker-cs-5	Label-11	1999
3	baseline	worker-cs-5	Label-12	45000
3	baseline	worker-cs-5	Label-11	45000
3	baseline	worker-cs-5	Label-15	2000
3	baseline	worker-cs-5	Label-15	179999
3	baseline	worker-cs-5	Label-02	45001
3	baseline	worker-cs-5	Label-05	2000
3	baseline	worker-cs-5	Label-05	45000
3	baseline	worker-cs-5	Label-08	1999
3	baseline	worker-cs-5	Label-08	45000
3	baseline	worker-cs-5	Label-09	45000
3	baseline	worker-cs-5	Label-07	45000
3	baseline	worker-cs-5	Label-08	2000
3	baseline	worker-cs-5	Label-03	2000
3	baseline	worker-cs-5	Label-07	2000
3	baseline	worker-cs-5	Label-11	45000
3	baseline	worker-cs-5	Label-03	45000
3	baseline	worker-cs-5	Label-03	2000
3	baseline	worker-cs-5	Label-08	1999
3	baseline	worker-cs-5	Label-08	44999
3	baseline	worker-cs-5	Label-09	44999
3	baseline	worker-cs-5	Label-05	44999
3	baseline	worker-cs-5	Label-01	45000
3	baseline	worker-cs-5	Label-03	44999
3	baseline	worker-cs-5	Label-03	2000
3	baseline	worker-cs-5	Label-12	45000
3	baseline	worker-cs-5	Label-09	45000
3	baseline	worker-cs-5	Label-01	2001
3	baseline	worker-cs-5	Label-02	45000
3	baseline	worker-cs-5	Label-02	2000
3	baseline	worker-cs-5	Label-01	44999
3	baseline	worker-cs-5	Label-13	179999
3	baseline	worker-cs-5	Label-10	45000
3	baseline	worker-cs-5	Label-11	45000
3	baseline	worker-cs-5	Label-07	45001
3	baseline	worker-cs-5	Label-09	45000
3	baseline	worker-cs-5	Label-02	45000
3	baseline	worker-cs-5	Label-02	2000
3	baseline	worker-cs-5	Label-04	1999
3	baseline	worker-cs-5	Label-04	44999
3	baseline	worker-cs-5	Label-11	2000
3	baseline	worker-cs-5	Label-15	180000
3	baseline	worker-cs-5	Label-11	45000
3	baseline	worker-cs-5	Label-06	45000
3	baseline	worker-cs-5	Label-03	45000
3	baseline	worker-cs-5	Label-09	1999
3	baseline	worker-cs-5	Label-09	45000
3	baseline	worker-cs-5	Label-06	2000
3	baseline	worker-cs-5	Label-08	45000
3	baseline	worker-cs-5	Label-01	45000
3	baseline	worker-cs-5	Label-06	45000
3	baseline	worker-cs-5	Label-04	45000
3	baseline	worker-cs-5	Label-12	2000
3	baseline	worker-cs-5	Label-07	45000
3	baseline	worker-cs-5	Label-05	45000
3	baseline	worker-cs-5	Label-12	45000
3	baseline	worker-cs-5	Label-01	45000
3	baseline	worker-cs-5	Label-05	1999
3	baseline	worker-cs-5	Label-06	45000
3	baseline	worker-cs-5	Label-14	180000
3	baseline	worker-cs-5	Label-05	44999
3	baseline	worker-cs-5	Label-07	45000
3	baseline	worker-cs-5	Label-09	44999
3	baseline	worker-cs-5	Label-06	44999
3	baseline	worker-cs-5	Label-10	2000
3	baseline	worker-cs-5	Label-02	45000
3	baseline	worker-cs-5	Label-13	2000
3	baseline	worker-cs-5	Label-10	45000
3	baseline	worker-cs-5	Label-01	2001
3	baseline	worker-cs-5	Label-01	45000
3	baseline	worker-cs-5	Label-13	179999
3	baseline	worker-cs-5	Label-03	44999
3	baseline	worker-cs-5	Label-11	45000
3	baseline	worker-cs-5	Label-02	45000
3	baseline	worker-cs-5	Label-02	2000
3	baseline	worker-cs-5	Label-08	45000
3	baseline	worker-cs-5	Label-15	180000
3	baseline	worker-cs-5	Label-09	45000
3	baseline	worker-cs-5	Label-12	45002
3	baseline	worker-cs-5	Label-10	45000
3	baseline	worker-cs-5	Label-03	45000
3	baseline	worker-cs-5	Label-04	44999
3	baseline	worker-cs-5	Label-07	44999
3	baseline	worker-cs-5	Label-09	2000
3	baseline	worker-cs-5	Label-06	45000
3	baseline	worker-cs-5	Label-09	45000
3	baseline	worker-cs-5	Label-13	2000
3	baseline	worker-cs-5	Label-13	180000
3	baseline	worker-cs-5	Label-02	2000
3	baseline	worker-cs-5	Label-02	44999
3	baseline	worker-cs-5	Label-05	45000
3	baseline	worker-cs-5	Label-12	1999
3	baseline	worker-cs-5	Label-12	2001
3	baseline	worker-cs-5	Label-05	2000
3	baseline	worker-cs-5	Label-12	2000
3	baseline	worker-cs-5	Label-04	2000
3	baseline	worker-cs-5	Label-14	179999
3	baseline	worker-cs-5	Label-01	44999
3	baseline	worker-cs-5	Label-14	2000
3	baseline	worker-cs-5	Label-12	44999
3	baseline	worker-cs-5	Label-04	45001
3	baseline	worker-cs-5	Label-02	2000
3	baseline	worker-cs-5	Label-09	45000
3	baseline	worker-cs-5	Label-08	45001
3	baseline	worker-cs-5	Label-02	44999
3	baseline	worker-cs-5	Label-06	2000
3	baseline	worker-cs-5	Label-12	1999
3	baseline	worker-cs-5	Label-12	2000
3	baseline	worker-cs-5	Label-06	45000
3	baseline	worker-cs-5	Label-11	45001
3	baseline	worker-cs-5	Label-04	1999
3	baseline	worker-cs-5	Label-06	2000
3	baseline	worker-cs-5	Label-05	45000
3	baseline	worker-cs-5	Label-04	45000
3	baseline	worker-cs-5	Label-07	45000
3	baseline	worker-cs-5	Label-10	45000
3	baseline	worker-cs-5	Label-08	2000
3	baseline	worker-cs-5	Label-02	45000
3	baseline	worker-cs-5	Label-08	45000
3	baseline	worker-cs-5	Label-09	45000
3	baseline	worker-cs-5	Label-12	44999
3	baseline	worker-cs-5	Label-07	45000
3	baseline	worker-cs-5	Label-10	44999
3	baseline	worker-cs-5	Label-04	2000
3	baseline	worker-cs-5	Label-15	2000
3	baseline	worker-cs-5	Label-04	45000
3	baseline	worker-cs-5	Label-04	2000
3	baseline	worker-cs-5	Label-15	1999
3	baseline	worker-cs-5	Label-08	44999
3	baseline	worker-cs-5	Label-15	180000
3	baseline	worker-cs-5	Label-02	45001
3	baseline	worker-cs-5	Label-13	2001
3	baseline	worker-cs-5	Label-09	45000
3	baseline	worker-cs-5	Label-10	45000
3	baseline	worker-cs-5	Label-11	45000
3	baseline	worker-cs-5	Label-04	2000
3	baseline	worker-cs-5	Label-04	44999
3	baseline	worker-cs-5	Label-03	44999
3	baseline	worker-cs-5	Label-03	2000
3	baseline	worker-cs-5	Label-13	180000
3	baseline	worker-cs-5	Label-09	45001
3	baseline	worker-cs-5	Label-02	45000
3	baseline	worker-cs-5	Label-01	45001
3	baseline	worker-cs-5	Label-06	2000
3	baseline	worker-cs-5	Label-06	45000
3	baseline	worker-cs-5	Label-06	2000
3	baseline	worker-cs-5	Label-06	1999
3	baseline	worker-cs-5	Label-01	2000
3	baseline	worker-cs-5	Label-12	2000
3	baseline	worker-cs-5	Label-12	45001
3	baseline	worker-cs-5	Label-09	45000
3	baseline	worker-cs-5	Label-08	45000
3	baseline	worker-cs-5	Label-03	44999
3	baseline	worker-cs-5	Label-03	1999
3	baseline	worker-cs-5	Label-01	2000
3	baseline	worker-cs-5	Label-01	45000
3	baseline	worker-cs-5	Label-05	45000
3	baseline	worker-cs-5	Label-11	44999
3	baseline	worker-cs-5	Label-09	45001
3	baseline	worker-cs-5	Label-14	180000
3	baseline	worker-cs-5	Label-10	2001
3	baseline	worker-cs-5	Label-10	45000
3	baseline	worker-cs-5	Label-04	44999
3	baseline	worker-cs-5	Label-02	44999
3	baseline	worker-cs-5	Label-07	44999
3	baseline	worker-cs-5	Label-12	44999
3	baseline	worker-cs-5	Label-02	2000
3	baseline	worker-cs-5	Label-05	44999
3	baseline	worker-cs-5	Label-01	2001
3	baseline	worker-cs-5	Label-01	45000
3	baseline	worker-cs-5	Label-02	45000
3	baseline	worker-cs-5	Label-11	44999
3	baseline	worker-cs-5	Label-09	45000
3	baseline	worker-cs-5	Label-10	45000
3	baseline	worker-cs-5	Label-06	44999
3	baseline	worker-cs-5	Label-04	45000
3	baseline	worker-cs-5	Label-01	45000
3	baseline	worker-cs-5	Label-15	180000
3	baseline	worker-cs-5	Label-05	45000
3	baseline	worker-cs-5	Label-10	2000
3	baseline	worker-cs-5	Label-10	45000
3	baseline	worker-cs-5	Label-01	2000
3	baseline	worker-cs-5	Label-08	45000
3	baseline	worker-cs-5	Label-09	1999
3	baseline	worker-cs-5	Label-08	2000
3	baseline	worker-cs-5	Label-09	45000
3	baseline	worker-cs-5	Label-07	45000
3	baseline	worker-cs-5	Label-01	45000
3	baseline	worker-cs-5	Label-02	45000
3	baseline	worker-cs-5	Label-06	2000
3	baseline	worker-cs-5	Label-05	2000
3	baseline	worker-cs-5	Label-08	2000
3	baseline	worker-cs-5	Label-02	2000
3	baseline	worker-cs-5	Label-05	45000
3	baseline	worker-cs-5	Label-04	2000
3	baseline	worker-cs-5	Label-02	2000
3	baseline	worker-cs-5	Label-05	2000
3	baseline	worker-cs-6	Label-08	45000
3	baseline	worker-cs-6	Label-12	45000
3	baseline	worker-cs-6	Label-05	45000
3	baseline	worker-cs-6	Label-02	45000
3	baseline	worker-cs-6	Label-15	2000
3	baseline	worker-cs-6	Label-12	45000
3	baseline	worker-cs-6	Label-14	180000
3	baseline	worker-cs-6	Label-06	2000
3	baseline	worker-cs-6	Label-15	180000
3	baseline	worker-cs-6	Label-08	45001
3	baseline	worker-cs-6	Label-12	1999
3	baseline	worker-cs-6	Label-06	45000
3	baseline	worker-cs-6	Label-13	180000
3	baseline	worker-cs-6	Label-07	44999
3	baseline	worker-cs-6	Label-07	2001
3	baseline	worker-cs-6	Label-12	45000
3	baseline	worker-cs-6	Label-09	45000
3	baseline	worker-cs-6	Label-02	2000
3	baseline	worker-cs-6	Label-11	1999
3	baseline	worker-cs-6	Label-11	45000
3	baseline	worker-cs-6	Label-11	2001
3	baseline	worker-cs-6	Label-05	45000
3	baseline	worker-cs-6	Label-02	2001
3	baseline	worker-cs-6	Label-02	45000
3	baseline	worker-cs-6	Label-08	45000
3	baseline	worker-cs-6	Label-03	44999
3	baseline	worker-cs-6	Label-07	45000
3	baseline	worker-cs-6	Label-12	45000
3	baseline	worker-cs-6	Label-05	45000
3	baseline	worker-cs-6	Label-08	45000
3	baseline	worker-cs-6	Label-09	45001
3	baseline	worker-cs-6	Label-06	45000
3	baseline	worker-cs-6	Label-01	45000
3	baseline	worker-cs-6	Label-15	179999
3	baseline	worker-cs-6	Label-08	45000
3	baseline	worker-cs-6	Label-05	45000
3	baseline	worker-cs-6	Label-02	45001
3	baseline	worker-cs-6	Label-14	180000
3	baseline	worker-cs-6	Label-10	45000
3	baseline	worker-cs-6	Label-10	1999
3	baseline	worker-cs-6	Label-04	45000
3	baseline	worker-cs-6	Label-08	45000
3	baseline	worker-cs-6	Label-09	45000
3	baseline	worker-cs-6	Label-10	2001
3	baseline	worker-cs-6	Label-10	2000
3	baseline	worker-cs-6	Label-03	44999
3	baseline	worker-cs-6	Label-10	2001
3	baseline	worker-cs-6	Label-01	2001
3	baseline	worker-cs-6	Label-10	45001
3	baseline	worker-cs-6	Label-01	45000
3	baseline	worker-cs-6	Label-07	45000
3	baseline	worker-cs-6	Label-02	44999
3	baseline	worker-cs-6	Label-04	2000
3	baseline	worker-cs-6	Label-04	45000
3	baseline	worker-cs-6	Label-02	2002
3	baseline	worker-cs-6	Label-10	45001
3	baseline	worker-cs-6	Label-09	2001
3	baseline	worker-cs-6	Label-09	45001
3	baseline	worker-cs-6	Label-01	2000
3	baseline	worker-cs-6	Label-03	45000
3	baseline	worker-cs-6	Label-13	179999
3	baseline	worker-cs-6	Label-01	44999
3	baseline	worker-cs-6	Label-05	45000
3	baseline	worker-cs-6	Label-06	1999
3	baseline	worker-cs-6	Label-06	45000
3	baseline	worker-cs-6	Label-04	45000
3	baseline	worker-cs-6	Label-10	45001
3	baseline	worker-cs-6	Label-02	2000
3	baseline	worker-cs-6	Label-02	45000
3	baseline	worker-cs-6	Label-09	44999
3	baseline	worker-cs-6	Label-08	44999
3	baseline	worker-cs-6	Label-15	179999
3	baseline	worker-cs-6	Label-12	44999
3	baseline	worker-cs-6	Label-10	2000
3	baseline	worker-cs-6	Label-10	2000
3	baseline	worker-cs-6	Label-10	45000
3	baseline	worker-cs-6	Label-01	1999
3	baseline	worker-cs-6	Label-06	45000
3	baseline	worker-cs-6	Label-01	45000
3	baseline	worker-cs-6	Label-12	45000
3	baseline	worker-cs-6	Label-10	2000
3	baseline	worker-cs-6	Label-08	45000
3	baseline	worker-cs-6	Label-13	179999
3	baseline	worker-cs-6	Label-12	2001
3	baseline	worker-cs-6	Label-10	45000
3	baseline	worker-cs-6	Label-12	45001
3	baseline	worker-cs-6	Label-03	44999
3	baseline	worker-cs-6	Label-02	2000
3	baseline	worker-cs-6	Label-15	2000
3	baseline	worker-cs-6	Label-02	2000
3	baseline	worker-cs-6	Label-06	44999
3	baseline	worker-cs-6	Label-02	45001
3	baseline	worker-cs-6	Label-11	44999
3	baseline	worker-cs-6	Label-10	45000
3	baseline	worker-cs-6	Label-09	1999
3	baseline	worker-cs-6	Label-15	180000
3	baseline	worker-cs-6	Label-09	44999
3	baseline	worker-cs-6	Label-09	2000
3	baseline	worker-cs-6	Label-01	1999
3	baseline	worker-cs-6	Label-09	2000
3	baseline	worker-cs-6	Label-05	45000
3	baseline	worker-cs-6	Label-01	45000
3	baseline	worker-cs-6	Label-06	45000
3	baseline	worker-cs-6	Label-11	45000
3	baseline	worker-cs-6	Label-11	1999
3	baseline	worker-cs-6	Label-09	44999
3	baseline	worker-cs-6	Label-01	44999
3	baseline	worker-cs-6	Label-08	45000
3	baseline	worker-cs-6	Label-14	180000
3	baseline	worker-cs-6	Label-12	45000
3	baseline	worker-cs-6	Label-03	45000
3	baseline	worker-cs-6	Label-07	45000
3	baseline	worker-cs-6	Label-11	45000
3	baseline	worker-cs-6	Label-15	1999
3	baseline	worker-cs-6	Label-09	45001
3	baseline	worker-cs-6	Label-08	45000
3	baseline	worker-cs-6	Label-15	2001
3	baseline	worker-cs-6	Label-01	2000
3	baseline	worker-cs-6	Label-01	45000
3	baseline	worker-cs-6	Label-15	180000
3	baseline	worker-cs-6	Label-11	45000
3	baseline	worker-cs-6	Label-06	45000
3	baseline	worker-cs-6	Label-04	45000
3	baseline	worker-cs-6	Label-09	45000
3	baseline	worker-cs-6	Label-13	2000
3	baseline	worker-cs-6	Label-10	45000
3	baseline	worker-cs-6	Label-10	2000
3	baseline	worker-cs-6	Label-08	45000
3	baseline	worker-cs-6	Label-13	180000
3	baseline	worker-cs-6	Label-01	2000
3	baseline	worker-cs-6	Label-11	45000
3	baseline	worker-cs-6	Label-01	45000
3	baseline	worker-cs-6	Label-12	44998
3	baseline	worker-cs-6	Label-06	45000
3	baseline	worker-cs-6	Label-09	45001
3	baseline	worker-cs-6	Label-04	2000
3	baseline	worker-cs-6	Label-07	2000
3	baseline	worker-cs-6	Label-04	45000
3	baseline	worker-cs-6	Label-07	45000
3	baseline	worker-cs-6	Label-14	2000
3	baseline	worker-cs-6	Label-03	45000
3	baseline	worker-cs-6	Label-02	2000
3	baseline	worker-cs-6	Label-10	45000
3	baseline	worker-cs-6	Label-02	45000
3	baseline	worker-cs-6	Label-14	180001
3	baseline	worker-cs-6	Label-14	2000
3	baseline	worker-cs-6	Label-05	2000
3	baseline	worker-cs-6	Label-11	45001
3	baseline	worker-cs-6	Label-11	2000
3	baseline	worker-cs-6	Label-05	45000
3	baseline	worker-cs-6	Label-05	1999
3	baseline	worker-cs-6	Label-04	2000
3	baseline	worker-cs-6	Label-04	45000
3	baseline	worker-cs-6	Label-08	45000
3	baseline	worker-cs-6	Label-08	2000
3	baseline	worker-cs-6	Label-07	1999
3	baseline	worker-cs-6	Label-08	2000
3	baseline	worker-cs-6	Label-09	44999
3	baseline	worker-cs-6	Label-03	2000
3	baseline	worker-cs-6	Label-02	45000
3	baseline	worker-cs-6	Label-04	2000
3	baseline	worker-cs-6	Label-07	45000
3	baseline	worker-cs-6	Label-07	2000
3	baseline	worker-cs-6	Label-03	45000
3	baseline	worker-cs-6	Label-04	1999
3	baseline	worker-cs-6	Label-03	1999
3	baseline	worker-cs-6	Label-04	45000
3	baseline	worker-cs-6	Label-05	45000
3	baseline	worker-cs-6	Label-08	45000
3	baseline	worker-cs-6	Label-09	45001
3	baseline	worker-cs-6	Label-06	45000
3	baseline	worker-cs-6	Label-13	180000
3	baseline	worker-cs-6	Label-01	45000
3	baseline	worker-cs-6	Label-04	2000
3	baseline	worker-cs-6	Label-09	1999
3	baseline	worker-cs-6	Label-04	45000
3	baseline	worker-cs-6	Label-08	2000
3	baseline	worker-cs-6	Label-08	45000
3	baseline	worker-cs-6	Label-04	1999
3	baseline	worker-cs-6	Label-09	44999
3	baseline	worker-cs-6	Label-10	45000
3	baseline	worker-cs-6	Label-11	2001
3	baseline	worker-cs-6	Label-12	45000
3	baseline	worker-cs-6	Label-11	45000
3	baseline	worker-cs-6	Label-03	2000
3	baseline	worker-cs-6	Label-03	45000
3	baseline	worker-cs-6	Label-09	45000
3	baseline	worker-cs-6	Label-11	2000
3	baseline	worker-cs-6	Label-11	2001
3	baseline	worker-cs-6	Label-07	44999
3	baseline	worker-cs-6	Label-01	45000
3	baseline	worker-cs-6	Label-14	179999
3	baseline	worker-cs-6	Label-14	2000
3	baseline	worker-cs-6	Label-11	44999
3	baseline	worker-cs-6	Label-08	45000
3	baseline	worker-cs-6	Label-13	2000
3	baseline	worker-cs-6	Label-04	2000
3	baseline	worker-cs-6	Label-10	45000
3	baseline	worker-cs-6	Label-04	45000
3	baseline	worker-cs-6	Label-09	45000
3	baseline	worker-cs-6	Label-12	2000
3	baseline	worker-cs-6	Label-05	45000
3	baseline	worker-cs-6	Label-12	44999
3	baseline	worker-cs-6	Label-08	45000
3	baseline	worker-cs-6	Label-01	44999
3	baseline	worker-cs-6	Label-02	45000
3	baseline	worker-cs-6	Label-07	45000
3	baseline	worker-cs-6	Label-07	2000
3	baseline	worker-cs-6	Label-07	2000
3	baseline	worker-cs-6	Label-04	45000
3	baseline	worker-cs-6	Label-01	45000
3	baseline	worker-cs-6	Label-13	180000
3	baseline	worker-cs-6	Label-12	45000
3	baseline	worker-cs-6	Label-09	45000
3	baseline	worker-cs-6	Label-08	44999
3	baseline	worker-cs-6	Label-02	44999
3	baseline	worker-cs-6	Label-02	2000
3	baseline	worker-cs-6	Label-04	45000
3	baseline	worker-cs-6	Label-01	45000
3	baseline	worker-cs-6	Label-01	2000
3	baseline	worker-cs-6	Label-11	1999
3	baseline	worker-cs-7	Label-03	44999
3	baseline	worker-cs-7	Label-12	45000
3	baseline	worker-cs-7	Label-05	2000
3	baseline	worker-cs-7	Label-02	45000
3	baseline	worker-cs-7	Label-14	180000
3	baseline	worker-cs-7	Label-05	45000
3	baseline	worker-cs-7	Label-04	2000
3	baseline	worker-cs-7	Label-04	45000
3	baseline	worker-cs-7	Label-11	2000
3	baseline	worker-cs-7	Label-11	44999
3	baseline	worker-cs-7	Label-07	45000
3	baseline	worker-cs-7	Label-09	44999
3	baseline	worker-cs-7	Label-04	1999
3	baseline	worker-cs-7	Label-10	44999
3	baseline	worker-cs-7	Label-04	45000
3	baseline	worker-cs-7	Label-12	45000
3	baseline	worker-cs-7	Label-05	45000
3	baseline	worker-cs-7	Label-13	179999
3	baseline	worker-cs-7	Label-02	45000
3	baseline	worker-cs-7	Label-04	45000
3	baseline	worker-cs-7	Label-01	45000
3	baseline	worker-cs-7	Label-15	180000
3	baseline	worker-cs-7	Label-11	45000
3	baseline	worker-cs-7	Label-11	1999
3	baseline	worker-cs-7	Label-10	45000
3	baseline	worker-cs-7	Label-03	45001
3	baseline	worker-cs-7	Label-08	2000
3	baseline	worker-cs-7	Label-07	2000
3	baseline	worker-cs-7	Label-06	45001
3	baseline	worker-cs-7	Label-06	2000
3	baseline	worker-cs-7	Label-06	1999
3	baseline	worker-cs-7	Label-08	44999
3	baseline	worker-cs-7	Label-07	45000
3	baseline	worker-cs-7	Label-08	2000
3	baseline	worker-cs-7	Label-01	2000
3	baseline	worker-cs-7	Label-08	2001
3	baseline	worker-cs-7	Label-05	45000
3	baseline	worker-cs-7	Label-01	44999
3	baseline	worker-cs-7	Label-10	44999
3	baseline	worker-cs-7	Label-06	45000
3	baseline	worker-cs-7	Label-03	1999
3	baseline	worker-cs-7	Label-03	45000
3	baseline	worker-cs-7	Label-05	45000
3	baseline	worker-cs-7	Label-02	44999
3	baseline	worker-cs-7	Label-11	45000
3	baseline	worker-cs-7	Label-11	1999
3	baseline	worker-cs-7	Label-04	44999
3	baseline	worker-cs-7	Label-01	44999
3	baseline	worker-cs-7	Label-05	2000
3	baseline	worker-cs-7	Label-05	45000
3	baseline	worker-cs-7	Label-09	2001
3	baseline	worker-cs-7	Label-08	45000
3	baseline	worker-cs-7	Label-09	45000
3	baseline	worker-cs-7	Label-11	1999
3	baseline	worker-cs-7	Label-11	2000
3	baseline	worker-cs-7	Label-07	44999
3	baseline	worker-cs-7	Label-11	45000
3	baseline	worker-cs-7	Label-15	180000
3	baseline	worker-cs-7	Label-12	1999
3	baseline	worker-cs-7	Label-05	45000
3	baseline	worker-cs-7	Label-12	45000
3	baseline	worker-cs-7	Label-08	2000
3	baseline	worker-cs-7	Label-08	2000
3	baseline	worker-cs-7	Label-08	45000
3	baseline	worker-cs-7	Label-14	2000
3	baseline	worker-cs-7	Label-11	45000
3	baseline	worker-cs-7	Label-11	2000
3	baseline	worker-cs-7	Label-04	2000
3	baseline	worker-cs-7	Label-05	2000
3	baseline	worker-cs-7	Label-04	45001
3	baseline	worker-cs-7	Label-14	2000
3	baseline	worker-cs-7	Label-05	44999
3	baseline	worker-cs-7	Label-07	44999
3	baseline	worker-cs-7	Label-11	44999
3	baseline	worker-cs-7	Label-12	45000
3	baseline	worker-cs-7	Label-08	1999
3	baseline	worker-cs-7	Label-10	45000
3	baseline	worker-cs-7	Label-14	2000
3	baseline	worker-cs-7	Label-08	45000
3	baseline	worker-cs-7	Label-14	180000
3	baseline	worker-cs-7	Label-07	45000
3	baseline	worker-cs-7	Label-01	45000
3	baseline	worker-cs-7	Label-13	2000
3	baseline	worker-cs-7	Label-09	44999
3	baseline	worker-cs-7	Label-08	1999
3	baseline	worker-cs-7	Label-08	45000
3	baseline	worker-cs-7	Label-12	45000
3	baseline	worker-cs-7	Label-13	180000
3	baseline	worker-cs-7	Label-06	1999
3	baseline	worker-cs-7	Label-11	2000
3	baseline	worker-cs-7	Label-07	1999
3	baseline	worker-cs-7	Label-06	45000
3	baseline	worker-cs-7	Label-04	45001
3	baseline	worker-cs-7	Label-07	1999
3	baseline	worker-cs-7	Label-11	44999
3	baseline	worker-cs-7	Label-11	2000
3	baseline	worker-cs-7	Label-07	44999
3	baseline	worker-cs-7	Label-10	45000
3	baseline	worker-cs-7	Label-09	45000
3	baseline	worker-cs-7	Label-02	45000
3	baseline	worker-cs-7	Label-06	44999
3	baseline	worker-cs-7	Label-03	44999
3	baseline	worker-cs-7	Label-04	45000
3	baseline	worker-cs-7	Label-10	45000
3	baseline	worker-cs-7	Label-15	1999
3	baseline	worker-cs-7	Label-11	45000
3	baseline	worker-cs-7	Label-03	45000
3	baseline	worker-cs-7	Label-15	180000
3	baseline	worker-cs-7	Label-07	45000
3	baseline	worker-cs-7	Label-13	180000
3	baseline	worker-cs-7	Label-06	45000
3	baseline	worker-cs-7	Label-10	2001
3	baseline	worker-cs-7	Label-02	1999
3	baseline	worker-cs-7	Label-06	2000
3	baseline	worker-cs-7	Label-06	2000
3	baseline	worker-cs-7	Label-02	44999
3	baseline	worker-cs-7	Label-15	1999
3	baseline	worker-cs-7	Label-10	44999
3	baseline	worker-cs-7	Label-08	2000
3	baseline	worker-cs-7	Label-08	45001
3	baseline	worker-cs-7	Label-08	2000
3	baseline	worker-cs-7	Label-11	45000
3	baseline	worker-cs-7	Label-15	2000
3	baseline	worker-cs-7	Label-05	44999
3	baseline	worker-cs-7	Label-01	45000
3	baseline	worker-cs-7	Label-05	1999
3	baseline	worker-cs-7	Label-01	2000
3	baseline	worker-cs-7	Label-12	45000
3	baseline	worker-cs-7	Label-10	44999
3	baseline	worker-cs-7	Label-10	1999
3	baseline	worker-cs-7	Label-09	2000
3	baseline	worker-cs-7	Label-03	45001
3	baseline	worker-cs-7	Label-09	45000
3	baseline	worker-cs-7	Label-06	45000
3	baseline	worker-cs-7	Label-01	44999
3	baseline	worker-cs-7	Label-14	2000
3	baseline	worker-cs-7	Label-02	45000
3	baseline	worker-cs-7	Label-07	44999
3	baseline	worker-cs-7	Label-15	179999
3	baseline	worker-cs-7	Label-12	2000
3	baseline	worker-cs-7	Label-12	45000
3	baseline	worker-cs-7	Label-01	2000
3	baseline	worker-cs-7	Label-06	1999
3	baseline	worker-cs-7	Label-01	2000
3	baseline	worker-cs-7	Label-01	45001
3	baseline	worker-cs-7	Label-06	45000
3	baseline	worker-cs-7	Label-03	2000
3	baseline	worker-cs-7	Label-11	2000
3	baseline	worker-cs-7	Label-14	1999
3	baseline	worker-cs-7	Label-03	2000
3	baseline	worker-cs-7	Label-03	44999
3	baseline	worker-cs-7	Label-03	2000
3	baseline	worker-cs-7	Label-04	2000
3	baseline	worker-cs-7	Label-04	44999
3	baseline	worker-cs-7	Label-11	45001
3	baseline	worker-cs-7	Label-06	44999
3	baseline	worker-cs-7	Label-01	45000
3	baseline	worker-cs-7	Label-07	2000
3	baseline	worker-cs-7	Label-07	45000
3	baseline	worker-cs-7	Label-14	2000
3	baseline	worker-cs-7	Label-12	45000
3	baseline	worker-cs-7	Label-10	2000
3	baseline	worker-cs-7	Label-14	179999
3	baseline	worker-cs-7	Label-10	45000
3	baseline	worker-cs-7	Label-03	45000
3	baseline	worker-cs-7	Label-01	45000
3	baseline	worker-cs-7	Label-08	45001
3	baseline	worker-cs-7	Label-08	2000
3	baseline	worker-cs-7	Label-04	45000
3	baseline	worker-cs-7	Label-09	2000
3	baseline	worker-cs-7	Label-05	45000
3	baseline	worker-cs-7	Label-09	45000
3	baseline	worker-cs-7	Label-08	45000
3	baseline	worker-cs-7	Label-03	45000
3	baseline	worker-cs-7	Label-13	180000
3	baseline	worker-cs-7	Label-02	45000
3	baseline	worker-cs-7	Label-09	45000
3	baseline	worker-cs-7	Label-05	45000
3	baseline	worker-cs-7	Label-02	2000
3	baseline	worker-cs-7	Label-12	2000
3	baseline	worker-cs-7	Label-05	1999
3	baseline	worker-cs-7	Label-12	44999
3	baseline	worker-cs-7	Label-07	44999
3	baseline	worker-cs-7	Label-02	45000
3	baseline	worker-cs-7	Label-11	1999
3	baseline	worker-cs-7	Label-14	179999
3	baseline	worker-cs-7	Label-08	44999
3	baseline	worker-cs-7	Label-03	45000
3	baseline	worker-cs-7	Label-11	45000
3	baseline	worker-cs-7	Label-07	45001
3	baseline	worker-cs-7	Label-04	1999
3	baseline	worker-cs-7	Label-10	45000
3	baseline	worker-cs-7	Label-05	44999
3	baseline	worker-cs-7	Label-04	45000
3	baseline	worker-cs-7	Label-11	45001
3	baseline	worker-cs-7	Label-06	45001
3	baseline	worker-cs-7	Label-05	45000
3	baseline	worker-cs-7	Label-07	44999
3	baseline	worker-cs-7	Label-11	45000
3	baseline	worker-cs-7	Label-11	2000
3	baseline	worker-cs-7	Label-12	2000
3	baseline	worker-cs-7	Label-10	44999
3	baseline	worker-cs-7	Label-15	179999
3	baseline	worker-cs-7	Label-12	45000
3	baseline	worker-cs-7	Label-01	2000
3	baseline	worker-cs-7	Label-08	1999
3	baseline	worker-cs-7	Label-01	2000
3	baseline	worker-cs-7	Label-09	45000
3	baseline	worker-cs-7	Label-08	45001
3	baseline	worker-cs-7	Label-01	45000
3	baseline	worker-cs-7	Label-13	180000
3	baseline	worker-cs-7	Label-03	44999
3	baseline	worker-cs-7	Label-10	2000
3	baseline	worker-cs-7	Label-10	45000
3	baseline	worker-cs-7	Label-10	2000
3	baseline	worker-cs-7	Label-06	44999
3	baseline	worker-cs-7	Label-09	45001
3	baseline	worker-cs-7	Label-01	45000
3	baseline	worker-cs-7	Label-02	45000
3	baseline	worker-cs-7	Label-06	1999
3	baseline	worker-cs-7	Label-11	45000
3	baseline	worker-cs-7	Label-06	45000
3	baseline	worker-cs-7	Label-03	45000
3	baseline	worker-cs-7	Label-05	45000
3	baseline	worker-cs-7	Label-15	2000
3	baseline	worker-cs-7	Label-12	2000
3	baseline	worker-cs-7	Label-12	45000
3	baseline	worker-cs-7	Label-07	45000
3	baseline	worker-cs-7	Label-04	45000
3	baseline	worker-cs-7	Label-10	45000
3	baseline	worker-cs-7	Label-06	45000
3	baseline	worker-cs-7	Label-11	45000
3	baseline	worker-cs-7	Label-12	2000
3	baseline	worker-cs-7	Label-15	180000
3	baseline	worker-cs-7	Label-07	45000
3	baseline	worker-cs-8	Label-01	45000
3	baseline	worker-cs-8	Label-13	179999
3	baseline	worker-cs-8	Label-14	180000
3	baseline	worker-cs-8	Label-10	2000
3	baseline	worker-cs-8	Label-08	2000
3	baseline	worker-cs-8	Label-12	44999
3	baseline	worker-cs-8	Label-10	44999
3	baseline	worker-cs-8	Label-08	45000
3	baseline	worker-cs-8	Label-09	45000
3	baseline	worker-cs-8	Label-09	2000
3	baseline	worker-cs-8	Label-06	45000
3	baseline	worker-cs-8	Label-04	2000
3	baseline	worker-cs-8	Label-05	2000
3	baseline	worker-cs-8	Label-15	2001
3	baseline	worker-cs-8	Label-04	44999
3	baseline	worker-cs-8	Label-08	2000
3	baseline	worker-cs-8	Label-05	45000
3	baseline	worker-cs-8	Label-12	1999
3	baseline	worker-cs-8	Label-03	44999
3	baseline	worker-cs-8	Label-08	44999
3	baseline	worker-cs-8	Label-12	45000
3	baseline	worker-cs-8	Label-13	2000
3	baseline	worker-cs-8	Label-10	45000
3	baseline	worker-cs-8	Label-02	45000
3	baseline	worker-cs-8	Label-09	45000
3	baseline	worker-cs-8	Label-15	179999
3	baseline	worker-cs-8	Label-01	45000
3	baseline	worker-cs-8	Label-10	2000
3	baseline	worker-cs-8	Label-12	1999
3	baseline	worker-cs-8	Label-08	44999
3	baseline	worker-cs-8	Label-13	2000
3	baseline	worker-cs-8	Label-08	2001
3	baseline	worker-cs-8	Label-10	44999
3	baseline	worker-cs-8	Label-12	45000
3	baseline	worker-cs-8	Label-09	44999
3	baseline	worker-cs-8	Label-07	45000
3	baseline	worker-cs-8	Label-11	45001
3	baseline	worker-cs-8	Label-13	180000
3	baseline	worker-cs-8	Label-03	1999
3	baseline	worker-cs-8	Label-04	1999
3	baseline	worker-cs-8	Label-05	45000
3	baseline	worker-cs-8	Label-04	45000
3	baseline	worker-cs-8	Label-03	44999
3	baseline	worker-cs-8	Label-01	45000
3	baseline	worker-cs-8	Label-06	44999
3	baseline	worker-cs-8	Label-08	44999
3	baseline	worker-cs-8	Label-13	2000
3	baseline	worker-cs-8	Label-11	2000
3	baseline	worker-cs-8	Label-11	2000
3	baseline	worker-cs-8	Label-14	2000
3	baseline	worker-cs-8	Label-13	1999
3	baseline	worker-cs-8	Label-11	44999
3	baseline	worker-cs-8	Label-07	45000
3	baseline	worker-cs-8	Label-14	180000
3	baseline	worker-cs-8	Label-12	44999
3	baseline	worker-cs-8	Label-06	44999
3	baseline	worker-cs-8	Label-04	45000
3	baseline	worker-cs-8	Label-09	45000
3	baseline	worker-cs-8	Label-10	45000
3	baseline	worker-cs-8	Label-01	2000
3	baseline	worker-cs-8	Label-13	180000
3	baseline	worker-cs-8	Label-01	45000
3	baseline	worker-cs-8	Label-01	2000
3	baseline	worker-cs-8	Label-03	44999
3	baseline	worker-cs-8	Label-05	45000
3	baseline	worker-cs-8	Label-05	2001
3	baseline	worker-cs-8	Label-08	45000
3	baseline	worker-cs-8	Label-05	1999
3	baseline	worker-cs-8	Label-04	44999
3	baseline	worker-cs-8	Label-02	44999
3	baseline	worker-cs-8	Label-05	2000
3	baseline	worker-cs-8	Label-01	1999
3	baseline	worker-cs-8	Label-12	44999
3	baseline	worker-cs-8	Label-05	1999
3	baseline	worker-cs-8	Label-01	1999
3	baseline	worker-cs-8	Label-09	2000
3	baseline	worker-cs-8	Label-06	45001
3	baseline	worker-cs-8	Label-09	2000
3	baseline	worker-cs-8	Label-03	2000
3	baseline	worker-cs-8	Label-10	45000
3	baseline	worker-cs-8	Label-03	2000
3	baseline	worker-cs-8	Label-02	2000
3	baseline	worker-cs-8	Label-01	2000
3	baseline	worker-cs-8	Label-08	2000
3	baseline	worker-cs-8	Label-09	45000
3	baseline	worker-cs-8	Label-03	45000
3	baseline	worker-cs-8	Label-08	2000
3	baseline	worker-cs-8	Label-08	44999
3	baseline	worker-cs-8	Label-12	44999
3	baseline	worker-cs-8	Label-04	45000
3	baseline	worker-cs-8	Label-04	2000
3	baseline	worker-cs-8	Label-05	44999
3	baseline	worker-cs-8	Label-10	2000
3	baseline	worker-cs-8	Label-10	45000
3	baseline	worker-cs-8	Label-07	45001
3	baseline	worker-cs-8	Label-01	45000
3	baseline	worker-cs-8	Label-03	2000
3	baseline	worker-cs-8	Label-09	45000
3	baseline	worker-cs-8	Label-03	45000
3	baseline	worker-cs-8	Label-08	44999
3	baseline	worker-cs-8	Label-08	2000
3	baseline	worker-cs-8	Label-04	45000
3	baseline	worker-cs-8	Label-11	45000
3	baseline	worker-cs-8	Label-14	179999
3	baseline	worker-cs-8	Label-11	1999
3	baseline	worker-cs-8	Label-05	1999
3	baseline	worker-cs-8	Label-01	45000
3	baseline	worker-cs-8	Label-05	45000
3	baseline	worker-cs-8	Label-09	2000
3	baseline	worker-cs-8	Label-09	45000
3	baseline	worker-cs-8	Label-03	45000
3	baseline	worker-cs-8	Label-13	180000
3	baseline	worker-cs-8	Label-02	44999
3	baseline	worker-cs-8	Label-12	2000
3	baseline	worker-cs-8	Label-01	45000
3	baseline	worker-cs-8	Label-08	2000
3	baseline	worker-cs-8	Label-14	2000
3	baseline	worker-cs-8	Label-12	45000
3	baseline	worker-cs-8	Label-06	1999
3	baseline	worker-cs-8	Label-08	44999
3	baseline	worker-cs-8	Label-06	45000
3	baseline	worker-cs-8	Label-09	45001
3	baseline	worker-cs-8	Label-10	1999
3	baseline	worker-cs-8	Label-10	45000
3	baseline	worker-cs-8	Label-04	44999
3	baseline	worker-cs-8	Label-11	44999
3	baseline	worker-cs-8	Label-04	2000
3	baseline	worker-cs-8	Label-08	45000
3	baseline	worker-cs-8	Label-14	180000
3	baseline	worker-cs-8	Label-11	2001
3	baseline	worker-cs-8	Label-05	2000
3	baseline	worker-cs-8	Label-03	45000
3	baseline	worker-cs-8	Label-05	45000
3	baseline	worker-cs-8	Label-11	45000
3	baseline	worker-cs-8	Label-01	45000
3	baseline	worker-cs-8	Label-09	44999
3	baseline	worker-cs-8	Label-06	44999
3	baseline	worker-cs-8	Label-09	2000
3	baseline	worker-cs-8	Label-13	180000
3	baseline	worker-cs-8	Label-09	2000
3	baseline	worker-cs-8	Label-10	44999
3	baseline	worker-cs-8	Label-04	45000
3	baseline	worker-cs-8	Label-09	1999
3	baseline	worker-cs-8	Label-07	2000
3	baseline	worker-cs-8	Label-10	2000
3	baseline	worker-cs-8	Label-09	2000
3	baseline	worker-cs-8	Label-09	1999
3	baseline	worker-cs-8	Label-08	45000
3	baseline	worker-cs-8	Label-07	45000
3	baseline	worker-cs-8	Label-05	44999
3	baseline	worker-cs-8	Label-11	2000
3	baseline	worker-cs-8	Label-03	45000
3	baseline	worker-cs-8	Label-12	1999
3	baseline	worker-cs-8	Label-06	45000
3	baseline	worker-cs-8	Label-01	1999
3	baseline	worker-cs-8	Label-11	44999
3	baseline	worker-cs-8	Label-12	44999
3	baseline	worker-cs-8	Label-12	2000
3	baseline	worker-cs-8	Label-07	1999
3	baseline	worker-cs-8	Label-11	1999
3	baseline	worker-cs-8	Label-01	45000
3	baseline	worker-cs-8	Label-08	2001
3	baseline	worker-cs-8	Label-10	44999
3	baseline	worker-cs-8	Label-05	45001
3	baseline	worker-cs-8	Label-08	44999
3	baseline	worker-cs-8	Label-11	45001
3	baseline	worker-cs-8	Label-02	44999
3	baseline	worker-cs-8	Label-11	1999
3	baseline	worker-cs-8	Label-12	1999
3	baseline	worker-cs-8	Label-11	2000
3	baseline	worker-cs-8	Label-11	1999
3	baseline	worker-cs-8	Label-04	45000
3	baseline	worker-cs-8	Label-06	2000
3	baseline	worker-cs-8	Label-12	45000
3	baseline	worker-cs-8	Label-01	45000
3	baseline	worker-cs-8	Label-08	2000
3	baseline	worker-cs-8	Label-06	45000
3	baseline	worker-cs-8	Label-08	44999
3	baseline	worker-cs-8	Label-11	45000
3	baseline	worker-cs-8	Label-05	45000
3	baseline	worker-cs-8	Label-12	2001
3	baseline	worker-cs-8	Label-12	1999
3	baseline	worker-cs-8	Label-02	45000
3	baseline	worker-cs-8	Label-13	2000
3	baseline	worker-cs-8	Label-13	180000
3	baseline	worker-cs-8	Label-12	45001
3	baseline	worker-cs-8	Label-05	45000
3	baseline	worker-cs-8	Label-04	2000
3	baseline	worker-cs-8	Label-04	45000
3	baseline	worker-cs-8	Label-10	44999
3	baseline	worker-cs-8	Label-09	45000
3	baseline	worker-cs-8	Label-15	2000
3	baseline	worker-cs-8	Label-07	45000
3	baseline	worker-cs-8	Label-01	45000
3	baseline	worker-cs-8	Label-15	180000
3	baseline	worker-cs-8	Label-08	45000
3	baseline	worker-cs-8	Label-11	1999
3	baseline	worker-cs-8	Label-10	45000
3	baseline	worker-cs-8	Label-11	44999
3	baseline	worker-cs-8	Label-03	44999
3	baseline	worker-cs-8	Label-11	2000
3	baseline	worker-cs-8	Label-06	44999
3	baseline	worker-cs-8	Label-03	2000
3	baseline	worker-cs-8	Label-06	2000
3	baseline	worker-cs-8	Label-02	45000
3	baseline	worker-cs-8	Label-05	2001
3	baseline	worker-cs-8	Label-05	44999
3	baseline	worker-cs-8	Label-08	2000
3	baseline	worker-cs-8	Label-09	2000
3	baseline	worker-cs-8	Label-12	44999
3	baseline	worker-cs-8	Label-09	45000
3	baseline	worker-cs-8	Label-08	45000
3	baseline	worker-cs-8	Label-02	2000
3	baseline	worker-cs-8	Label-10	45000
3	baseline	worker-cs-8	Label-01	2000
3	baseline	worker-cs-8	Label-12	2000
3	baseline	worker-cs-8	Label-01	45000
3	baseline	worker-cs-8	Label-07	2000
3	baseline	worker-cs-8	Label-02	45004
3	baseline	worker-cs-8	Label-12	45000
3	baseline	worker-cs-8	Label-07	45000
3	baseline	worker-cs-8	Label-10	44999
3	baseline	worker-cs-8	Label-01	45002
3	baseline	worker-cs-8	Label-15	1999
3	baseline	worker-cs-8	Label-09	45001
3	baseline	worker-cs-8	Label-03	45000
3	baseline	worker-cs-8	Label-06	45000
3	baseline	worker-cs-8	Label-11	45000
3	baseline	worker-cs-8	Label-12	2000
3	baseline	worker-cs-8	Label-12	44999
3	baseline	worker-cs-8	Label-15	180000
3	baseline	worker-cs-8	Label-04	44999
3	baseline	worker-cs-8	Label-08	45000
3	baseline	worker-cs-8	Label-06	45000
3	baseline	worker-cs-8	Label-03	45000
3	baseline	worker-cs-8	Label-01	45000
3	baseline	worker-cs-8	Label-05	45000
3	baseline	worker-cs-8	Label-12	45000
3	baseline	worker-cs-8	Label-13	179999
3	baseline	worker-cs-8	Label-08	44999
3	baseline	worker-cs-8	Label-14	1999
3	baseline	worker-cs-8	Label-03	44999
3	baseline	worker-cs-8	Label-07	45000
3	baseline	worker-cs-8	Label-12	45000
3	baseline	worker-cs-8	Label-10	44999
3	baseline	worker-cs-8	Label-14	2000
3	baseline	worker-cs-8	Label-05	45000
3	baseline	worker-cs-8	Label-04	45000
3	baseline	worker-cs-8	Label-14	180000
3	baseline	worker-cs-8	Label-15	2000
3	baseline	worker-cs-8	Label-08	2000
3	baseline	worker-cs-9	Label-09	2000
3	baseline	worker-cs-9	Label-03	45000
3	baseline	worker-cs-9	Label-11	44999
3	baseline	worker-cs-9	Label-09	45000
3	baseline	worker-cs-9	Label-03	1999
3	baseline	worker-cs-9	Label-11	2000
3	baseline	worker-cs-9	Label-02	2000
3	baseline	worker-cs-9	Label-06	44999
3	baseline	worker-cs-9	Label-07	44999
3	baseline	worker-cs-9	Label-11	2000
3	baseline	worker-cs-9	Label-02	45000
3	baseline	worker-cs-9	Label-12	45000
3	baseline	worker-cs-9	Label-08	45000
3	baseline	worker-cs-9	Label-11	2000
3	baseline	worker-cs-9	Label-15	2000
3	baseline	worker-cs-9	Label-01	45000
3	baseline	worker-cs-9	Label-11	45000
3	baseline	worker-cs-9	Label-10	45000
3	baseline	worker-cs-9	Label-03	45000
3	baseline	worker-cs-9	Label-03	2000
3	baseline	worker-cs-9	Label-06	1999
3	baseline	worker-cs-9	Label-07	1999
3	baseline	worker-cs-9	Label-02	45000
3	baseline	worker-cs-9	Label-02	2000
3	baseline	worker-cs-9	Label-06	44999
3	baseline	worker-cs-9	Label-07	44999
3	baseline	worker-cs-9	Label-09	44999
3	baseline	worker-cs-9	Label-11	44999
3	baseline	worker-cs-9	Label-04	45000
3	baseline	worker-cs-9	Label-02	44999
3	baseline	worker-cs-9	Label-09	1999
3	baseline	worker-cs-9	Label-03	2000
3	baseline	worker-cs-9	Label-03	2000
3	baseline	worker-cs-9	Label-03	45001
3	baseline	worker-cs-9	Label-01	45000
3	baseline	worker-cs-9	Label-15	180000
3	baseline	worker-cs-9	Label-09	45000
3	baseline	worker-cs-9	Label-07	45000
3	baseline	worker-cs-9	Label-12	45000
3	baseline	worker-cs-9	Label-08	45001
3	baseline	worker-cs-9	Label-01	45000
3	baseline	worker-cs-9	Label-04	1999
3	baseline	worker-cs-9	Label-04	44999
3	baseline	worker-cs-9	Label-05	1999
3	baseline	worker-cs-9	Label-05	1999
3	baseline	worker-cs-9	Label-02	44999
3	baseline	worker-cs-9	Label-10	45000
3	baseline	worker-cs-9	Label-10	2000
3	baseline	worker-cs-9	Label-05	45000
3	baseline	worker-cs-9	Label-09	45000
3	baseline	worker-cs-9	Label-07	44999
3	baseline	worker-cs-9	Label-03	45000
3	baseline	worker-cs-9	Label-11	45000
3	baseline	worker-cs-9	Label-06	45000
3	baseline	worker-cs-9	Label-01	2000
3	baseline	worker-cs-9	Label-05	45001
3	baseline	worker-cs-9	Label-01	45000
3	baseline	worker-cs-9	Label-14	179999
3	baseline	worker-cs-9	Label-10	45000
3	baseline	worker-cs-9	Label-10	2000
3	baseline	worker-cs-9	Label-10	2001
3	baseline	worker-cs-9	Label-07	45000
3	baseline	worker-cs-9	Label-01	44999
3	baseline	worker-cs-9	Label-11	1999
3	baseline	worker-cs-9	Label-11	45000
3	baseline	worker-cs-9	Label-15	2000
3	baseline	worker-cs-9	Label-13	180000
3	baseline	worker-cs-9	Label-15	1999
3	baseline	worker-cs-9	Label-11	2000
3	baseline	worker-cs-9	Label-09	45000
3	baseline	worker-cs-9	Label-02	45000
3	baseline	worker-cs-9	Label-11	45000
3	baseline	worker-cs-9	Label-04	2000
3	baseline	worker-cs-9	Label-07	45000
3	baseline	worker-cs-9	Label-04	45000
3	baseline	worker-cs-9	Label-07	1999
3	baseline	worker-cs-9	Label-15	180000
3	baseline	worker-cs-9	Label-03	45000
3	baseline	worker-cs-9	Label-02	44999
3	baseline	worker-cs-9	Label-04	45000
3	baseline	worker-cs-9	Label-11	1999
3	baseline	worker-cs-9	Label-09	2000
3	baseline	worker-cs-9	Label-11	45000
3	baseline	worker-cs-9	Label-09	45000
3	baseline	worker-cs-9	Label-03	45001
3	baseline	worker-cs-9	Label-02	45000
3	baseline	worker-cs-9	Label-12	45000
3	baseline	worker-cs-9	Label-12	1999
3	baseline	worker-cs-9	Label-14	2000
3	baseline	worker-cs-9	Label-05	2000
3	baseline	worker-cs-9	Label-05	45000
3	baseline	worker-cs-9	Label-03	45000
3	baseline	worker-cs-9	Label-13	180000
3	baseline	worker-cs-9	Label-11	45000
3	baseline	worker-cs-9	Label-10	44999
3	baseline	worker-cs-9	Label-15	1999
3	baseline	worker-cs-9	Label-14	180000
3	baseline	worker-cs-9	Label-03	2000
3	baseline	worker-cs-9	Label-03	44999
3	baseline	worker-cs-9	Label-01	45000
3	baseline	worker-cs-9	Label-02	45000
3	baseline	worker-cs-9	Label-04	2000
3	baseline	worker-cs-9	Label-12	45000
3	baseline	worker-cs-9	Label-01	2001
3	baseline	worker-cs-9	Label-04	2000
3	baseline	worker-cs-9	Label-01	1999
3	baseline	worker-cs-9	Label-09	45000
3	baseline	worker-cs-9	Label-04	44999
3	baseline	worker-cs-9	Label-10	2000
3	baseline	worker-cs-9	Label-01	44999
3	baseline	worker-cs-9	Label-05	45000
3	baseline	worker-cs-9	Label-11	2000
3	baseline	worker-cs-9	Label-10	45000
3	baseline	worker-cs-9	Label-11	2001
3	baseline	worker-cs-9	Label-15	180000
3	baseline	worker-cs-9	Label-11	45000
3	baseline	worker-cs-9	Label-12	45000
3	baseline	worker-cs-9	Label-12	1999
3	baseline	worker-cs-9	Label-03	45000
3	baseline	worker-cs-9	Label-07	2000
3	baseline	worker-cs-9	Label-07	45001
3	baseline	worker-cs-9	Label-02	2000
3	baseline	worker-cs-9	Label-02	45000
3	baseline	worker-cs-9	Label-05	45000
3	baseline	worker-cs-9	Label-03	45000
3	baseline	worker-cs-9	Label-07	45000
3	baseline	worker-cs-9	Label-04	2000
3	baseline	worker-cs-9	Label-04	45000
3	baseline	worker-cs-9	Label-11	44999
3	baseline	worker-cs-9	Label-10	45000
3	baseline	worker-cs-9	Label-08	45000
3	baseline	worker-cs-9	Label-07	45000
3	baseline	worker-cs-9	Label-03	44999
3	baseline	worker-cs-9	Label-15	180000
3	baseline	worker-cs-9	Label-13	180000
3	baseline	worker-cs-9	Label-09	45000
3	baseline	worker-cs-9	Label-06	1999
3	baseline	worker-cs-9	Label-04	45000
3	baseline	worker-cs-9	Label-12	45000
3	baseline	worker-cs-9	Label-06	2000
3	baseline	worker-cs-9	Label-06	45001
3	baseline	worker-cs-9	Label-14	2000
3	baseline	worker-cs-9	Label-05	2000
3	baseline	worker-cs-9	Label-06	1999
3	baseline	worker-cs-9	Label-07	45001
3	baseline	worker-cs-9	Label-05	44999
3	baseline	worker-cs-9	Label-02	45000
3	baseline	worker-cs-9	Label-02	1999
3	baseline	worker-cs-9	Label-02	1999
3	baseline	worker-cs-9	Label-08	45000
3	baseline	worker-cs-9	Label-12	44999
3	baseline	worker-cs-9	Label-14	180000
3	baseline	worker-cs-9	Label-03	1999
3	baseline	worker-cs-9	Label-03	44999
3	baseline	worker-cs-9	Label-11	45000
3	baseline	worker-cs-9	Label-05	45000
3	baseline	worker-cs-9	Label-12	45001
3	baseline	worker-cs-9	Label-08	45000
3	baseline	worker-cs-9	Label-10	45000
3	baseline	worker-cs-9	Label-03	45000
3	baseline	worker-cs-9	Label-06	44999
3	baseline	worker-cs-9	Label-13	180000
3	baseline	worker-cs-9	Label-05	44999
3	baseline	worker-cs-9	Label-01	45000
3	baseline	worker-cs-9	Label-12	45000
3	baseline	worker-cs-9	Label-01	2000
3	baseline	worker-cs-9	Label-06	2000
3	baseline	worker-cs-9	Label-06	45000
3	baseline	worker-cs-9	Label-11	44999
3	baseline	worker-cs-9	Label-03	44999
3	baseline	worker-cs-9	Label-08	44999
3	baseline	worker-cs-9	Label-07	2000
3	baseline	worker-cs-9	Label-14	179999
3	baseline	worker-cs-9	Label-02	45000
3	baseline	worker-cs-9	Label-07	44999
3	baseline	worker-cs-9	Label-05	45000
3	baseline	worker-cs-9	Label-10	44999
3	baseline	worker-cs-9	Label-08	45000
3	baseline	worker-cs-9	Label-06	45000
3	baseline	worker-cs-9	Label-13	2000
3	baseline	worker-cs-9	Label-08	2000
3	baseline	worker-cs-9	Label-11	45000
3	baseline	worker-cs-9	Label-15	2000
3	baseline	worker-cs-9	Label-05	45000
3	baseline	worker-cs-9	Label-02	44999
3	baseline	worker-cs-9	Label-07	45000
3	baseline	worker-cs-9	Label-03	45000
3	baseline	worker-cs-9	Label-09	45000
3	baseline	worker-cs-9	Label-08	45000
3	baseline	worker-cs-9	Label-12	45000
3	baseline	worker-cs-9	Label-02	45001
3	baseline	worker-cs-9	Label-10	45001
3	baseline	worker-cs-9	Label-13	180000
3	baseline	worker-cs-9	Label-13	2000
3	baseline	worker-cs-9	Label-07	45001
3	baseline	worker-cs-9	Label-06	45000
3	baseline	worker-cs-9	Label-15	180000
3	baseline	worker-cs-9	Label-03	44999
3	baseline	worker-cs-9	Label-03	2000
3	baseline	worker-cs-9	Label-09	45001
3	baseline	worker-cs-9	Label-01	44999
3	baseline	worker-cs-9	Label-04	45000
3	baseline	worker-cs-9	Label-12	2000
3	baseline	worker-cs-9	Label-12	2000
3	baseline	worker-cs-9	Label-13	2000
3	baseline	worker-cs-9	Label-11	45000
3	baseline	worker-cs-9	Label-12	45000
3	baseline	worker-cs-9	Label-08	45000
3	baseline	worker-cs-9	Label-04	1999
3	baseline	worker-cs-9	Label-02	44999
3	baseline	worker-cs-9	Label-04	44999
3	baseline	worker-cs-9	Label-05	45001
3	baseline	worker-cs-9	Label-05	2000
3	baseline	worker-cs-9	Label-06	45000
3	baseline	worker-cs-9	Label-01	2000
3	baseline	worker-cs-9	Label-01	45000
3	baseline	worker-cs-9	Label-10	45000
3	baseline	worker-cs-9	Label-12	45000
3	baseline	worker-cs-9	Label-06	2000
3	baseline	worker-cs-9	Label-08	45000
3	baseline	worker-cs-9	Label-13	179999
3	baseline	worker-cs-9	Label-07	2000
1	central	worker-cs-0	Label-06	2002
1	central	worker-cs-0	Label-06	2002
1	central	worker-cs-0	Label-06	2004
1	central	worker-cs-0	Label-06	2002
1	central	worker-cs-0	Label-06	2005
1	central	worker-cs-0	Label-06	2002
1	central	worker-cs-0	Label-06	2002
1	central	worker-cs-0	Label-06	2002
1	central	worker-cs-0	Label-06	2002
1	central	worker-cs-0	Label-06	45003
1	central	worker-cs-0	Label-06	2002
1	central	worker-cs-0	Label-06	2002
1	central	worker-cs-0	Label-06	2007
1	central	worker-cs-0	Label-06	2002
1	central	worker-cs-0	Label-06	2006
1	central	worker-cs-0	Label-06	2003
1	central	worker-cs-0	Label-06	2002
1	central	worker-cs-0	Label-06	2002
1	central	worker-cs-0	Label-06	2003
1	central	worker-cs-0	Label-06	2002
1	central	worker-cs-0	Label-06	2002
1	central	worker-cs-0	Label-06	2002
1	central	worker-cs-0	Label-06	2003
1	central	worker-cs-0	Label-06	2002
1	central	worker-cs-0	Label-06	2002
1	central	worker-cs-0	Label-06	2002
1	central	worker-cs-0	Label-06	2002
1	central	worker-cs-0	Label-06	2002
1	central	worker-cs-0	Label-06	2002
1	central	worker-cs-0	Label-06	2002
1	central	worker-cs-0	Label-06	2005
1	central	worker-cs-0	Label-06	2002
1	central	worker-cs-0	Label-06	2002
1	central	worker-cs-0	Label-06	2002
1	central	worker-cs-0	Label-06	2004
1	central	worker-cs-0	Label-06	2002
1	central	worker-cs-0	Label-06	2003
1	central	worker-cs-0	Label-06	2003
1	central	worker-cs-0	Label-06	2003
1	central	worker-cs-0	Label-06	2001
1	central	worker-cs-0	Label-06	2001
1	central	worker-cs-0	Label-06	2002
1	central	worker-cs-0	Label-06	2002
1	central	worker-cs-0	Label-06	2002
1	central	worker-cs-0	Label-06	2002
1	central	worker-cs-0	Label-06	2002
1	central	worker-cs-0	Label-06	2003
1	central	worker-cs-0	Label-06	2001
1	central	worker-cs-0	Label-06	2002
1	central	worker-cs-0	Label-06	2003
1	central	worker-cs-0	Label-06	2003
1	central	worker-cs-0	Label-06	2002
1	central	worker-cs-0	Label-06	2002
1	central	worker-cs-0	Label-06	2002
1	central	worker-cs-0	Label-06	2002
1	central	worker-cs-0	Label-06	2002
1	central	worker-cs-0	Label-06	2002
1	central	worker-cs-0	Label-06	2001
1	central	worker-cs-0	Label-06	2002
1	central	worker-cs-0	Label-06	2002
1	central	worker-cs-0	Label-06	2002
1	central	worker-cs-0	Label-06	2002
1	central	worker-cs-0	Label-06	2001
1	central	worker-cs-0	Label-06	2002
1	central	worker-cs-0	Label-06	2001
1	central	worker-cs-0	Label-06	2002
1	central	worker-cs-0	Label-06	2001
1	central	worker-cs-0	Label-06	2002
1	central	worker-cs-0	Label-06	2002
1	central	worker-cs-0	Label-06	2002
1	central	worker-cs-0	Label-06	2002
1	central	worker-cs-0	Label-06	2002
1	central	worker-cs-0	Label-06	2002
1	central	worker-cs-0	Label-06	2002
1	central	worker-cs-0	Label-06	2002
1	central	worker-cs-0	Label-06	2003
1	central	worker-cs-0	Label-06	2002
1	central	worker-cs-0	Label-06	2002
1	central	worker-cs-0	Label-06	2002
1	central	worker-cs-0	Label-06	2002
1	central	worker-cs-0	Label-06	2001
1	central	worker-cs-0	Label-06	2002
1	central	worker-cs-0	Label-06	2002
1	central	worker-cs-0	Label-06	2002
1	central	worker-cs-0	Label-06	2001
1	central	worker-cs-0	Label-06	2002
1	central	worker-cs-0	Label-06	2002
1	central	worker-cs-0	Label-06	2002
1	central	worker-cs-0	Label-06	2001
1	central	worker-cs-0	Label-06	2002
1	central	worker-cs-0	Label-06	2002
1	central	worker-cs-0	Label-06	2002
1	central	worker-cs-0	Label-06	2002
1	central	worker-cs-0	Label-06	2002
1	central	worker-cs-0	Label-06	2001
1	central	worker-cs-0	Label-06	2002
1	central	worker-cs-0	Label-06	2003
1	central	worker-cs-0	Label-06	2003
1	central	worker-cs-0	Label-06	2002
1	central	worker-cs-0	Label-06	2002
1	central	worker-cs-0	Label-06	2003
1	central	worker-cs-0	Label-06	2002
1	central	worker-cs-0	Label-06	2002
1	central	worker-cs-0	Label-06	2002
1	central	worker-cs-0	Label-06	2002
1	central	worker-cs-0	Label-06	2001
1	central	worker-cs-0	Label-06	2003
1	central	worker-cs-0	Label-06	2002
1	central	worker-cs-0	Label-06	2002
1	central	worker-cs-0	Label-06	2002
1	central	worker-cs-0	Label-06	2002
1	central	worker-cs-0	Label-06	2002
1	central	worker-cs-0	Label-06	2002
1	central	worker-cs-0	Label-06	2002
1	central	worker-cs-0	Label-06	2003
1	central	worker-cs-0	Label-06	2002
1	central	worker-cs-0	Label-06	2003
1	central	worker-cs-0	Label-06	2002
1	central	worker-cs-0	Label-06	2003
1	central	worker-cs-0	Label-06	2002
1	central	worker-cs-0	Label-06	2001
1	central	worker-cs-0	Label-06	2001
1	central	worker-cs-0	Label-06	2002
1	central	worker-cs-0	Label-06	2002
1	central	worker-cs-0	Label-06	2002
1	central	worker-cs-0	Label-06	2003
1	central	worker-cs-0	Label-06	2002
1	central	worker-cs-0	Label-06	2001
1	central	worker-cs-0	Label-06	2002
1	central	worker-cs-0	Label-06	2002
1	central	worker-cs-0	Label-06	2002
1	central	worker-cs-0	Label-06	2004
1	central	worker-cs-0	Label-06	2002
1	central	worker-cs-0	Label-06	2002
1	central	worker-cs-0	Label-06	2002
1	central	worker-cs-0	Label-06	2003
1	central	worker-cs-0	Label-06	2002
1	central	worker-cs-0	Label-06	2001
1	central	worker-cs-0	Label-06	2004
1	central	worker-cs-0	Label-06	2002
1	central	worker-cs-0	Label-06	2002
1	central	worker-cs-0	Label-06	2002
1	central	worker-cs-0	Label-06	2002
1	central	worker-cs-0	Label-06	2002
1	central	worker-cs-0	Label-06	2002
1	central	worker-cs-0	Label-06	2002
1	central	worker-cs-0	Label-06	2003
1	central	worker-cs-0	Label-06	2001
1	central	worker-cs-0	Label-06	2003
1	central	worker-cs-0	Label-06	2002
1	central	worker-cs-0	Label-06	2002
1	central	worker-cs-0	Label-06	2003
1	central	worker-cs-0	Label-06	2003
1	central	worker-cs-0	Label-06	2003
1	central	worker-cs-0	Label-06	2002
1	central	worker-cs-0	Label-06	2002
1	central	worker-cs-0	Label-06	2001
1	central	worker-cs-0	Label-06	2002
1	central	worker-cs-0	Label-06	2002
1	central	worker-cs-0	Label-06	2004
1	central	worker-cs-0	Label-06	2002
1	central	worker-cs-0	Label-06	2001
1	central	worker-cs-0	Label-06	2003
1	central	worker-cs-0	Label-06	2002
1	central	worker-cs-0	Label-06	2002
1	central	worker-cs-0	Label-06	2002
1	central	worker-cs-0	Label-06	2002
1	central	worker-cs-0	Label-06	2005
1	central	worker-cs-0	Label-06	2002
1	central	worker-cs-0	Label-06	2002
1	central	worker-cs-0	Label-06	2002
1	central	worker-cs-0	Label-06	2001
1	central	worker-cs-0	Label-06	2002
1	central	worker-cs-0	Label-06	2002
1	central	worker-cs-0	Label-06	2002
1	central	worker-cs-0	Label-06	2002
1	central	worker-cs-0	Label-06	2002
1	central	worker-cs-0	Label-06	2002
1	central	worker-cs-0	Label-06	2003
1	central	worker-cs-0	Label-06	2001
1	central	worker-cs-0	Label-06	2002
1	central	worker-cs-0	Label-06	2003
1	central	worker-cs-0	Label-06	2003
1	central	worker-cs-0	Label-06	2003
1	central	worker-cs-0	Label-06	2003
1	central	worker-cs-0	Label-06	2002
1	central	worker-cs-0	Label-06	2002
1	central	worker-cs-0	Label-06	2002
1	central	worker-cs-0	Label-06	2002
1	central	worker-cs-0	Label-06	2003
1	central	worker-cs-0	Label-06	2002
1	central	worker-cs-0	Label-06	2002
1	central	worker-cs-0	Label-06	2001
1	central	worker-cs-0	Label-06	2003
1	central	worker-cs-0	Label-06	2002
1	central	worker-cs-0	Label-06	2002
1	central	worker-cs-0	Label-06	2002
1	central	worker-cs-0	Label-06	2002
1	central	worker-cs-0	Label-06	2002
1	central	worker-cs-0	Label-06	2002
1	central	worker-cs-0	Label-06	2003
1	central	worker-cs-0	Label-06	2002
1	central	worker-cs-0	Label-06	2002
1	central	worker-cs-0	Label-06	2002
1	central	worker-cs-0	Label-06	2006
1	central	worker-cs-0	Label-06	2001
1	central	worker-cs-0	Label-06	2002
1	central	worker-cs-0	Label-06	2002
1	central	worker-cs-0	Label-06	2002
1	central	worker-cs-0	Label-06	2002
1	central	worker-cs-0	Label-06	2001
1	central	worker-cs-0	Label-06	2002
1	central	worker-cs-0	Label-06	2001
1	central	worker-cs-0	Label-06	2001
1	central	worker-cs-0	Label-06	2003
1	central	worker-cs-0	Label-06	2002
1	central	worker-cs-0	Label-06	2001
1	central	worker-cs-0	Label-06	2003
1	central	worker-cs-0	Label-06	2002
1	central	worker-cs-0	Label-06	2002
1	central	worker-cs-0	Label-06	2002
1	central	worker-cs-0	Label-06	2002
1	central	worker-cs-0	Label-06	2002
1	central	worker-cs-0	Label-06	2002
1	central	worker-cs-0	Label-06	2002
1	central	worker-cs-0	Label-06	2002
1	central	worker-cs-0	Label-06	2004
1	central	worker-cs-0	Label-06	2002
1	central	worker-cs-0	Label-06	2002
1	central	worker-cs-0	Label-06	2002
1	central	worker-cs-0	Label-06	2003
1	central	worker-cs-0	Label-06	2001
1	central	worker-cs-0	Label-06	2002
1	central	worker-cs-0	Label-06	2001
1	central	worker-cs-0	Label-06	2002
1	central	worker-cs-0	Label-06	2002
1	central	worker-cs-0	Label-06	2003
1	central	worker-cs-0	Label-06	2002
1	central	worker-cs-0	Label-06	2002
1	central	worker-cs-0	Label-06	2004
1	central	worker-cs-0	Label-06	2002
1	central	worker-cs-1	Label-12	2002
1	central	worker-cs-1	Label-12	2001
1	central	worker-cs-1	Label-12	2001
1	central	worker-cs-1	Label-12	45002
1	central	worker-cs-1	Label-12	2001
1	central	worker-cs-1	Label-12	2002
1	central	worker-cs-1	Label-12	2001
1	central	worker-cs-1	Label-12	2003
1	central	worker-cs-1	Label-12	2002
1	central	worker-cs-1	Label-12	2002
1	central	worker-cs-1	Label-12	2001
1	central	worker-cs-1	Label-12	2002
1	central	worker-cs-1	Label-12	2001
1	central	worker-cs-1	Label-12	2002
1	central	worker-cs-1	Label-12	2001
1	central	worker-cs-1	Label-12	2001
1	central	worker-cs-1	Label-12	2001
1	central	worker-cs-1	Label-12	2001
1	central	worker-cs-1	Label-12	2002
1	central	worker-cs-1	Label-12	2002
1	central	worker-cs-1	Label-12	2001
1	central	worker-cs-1	Label-12	2002
1	central	worker-cs-1	Label-12	2002
1	central	worker-cs-1	Label-12	2002
1	central	worker-cs-1	Label-12	2001
1	central	worker-cs-1	Label-12	2002
1	central	worker-cs-1	Label-12	2002
1	central	worker-cs-1	Label-12	2004
1	central	worker-cs-1	Label-12	2004
1	central	worker-cs-1	Label-12	2002
1	central	worker-cs-1	Label-12	2002
1	central	worker-cs-1	Label-12	2002
1	central	worker-cs-1	Label-12	2001
1	central	worker-cs-1	Label-12	2002
1	central	worker-cs-1	Label-12	2002
1	central	worker-cs-1	Label-12	2002
1	central	worker-cs-1	Label-12	2002
1	central	worker-cs-1	Label-12	2001
1	central	worker-cs-1	Label-12	2002
1	central	worker-cs-1	Label-12	2005
1	central	worker-cs-1	Label-12	2001
1	central	worker-cs-1	Label-12	2002
1	central	worker-cs-1	Label-12	2001
1	central	worker-cs-1	Label-12	2002
1	central	worker-cs-1	Label-12	2002
1	central	worker-cs-1	Label-12	2002
1	central	worker-cs-1	Label-12	2002
1	central	worker-cs-1	Label-12	2002
1	central	worker-cs-1	Label-12	2002
1	central	worker-cs-1	Label-12	2001
1	central	worker-cs-1	Label-12	2001
1	central	worker-cs-1	Label-12	2002
1	central	worker-cs-1	Label-12	2001
1	central	worker-cs-1	Label-12	2002
1	central	worker-cs-1	Label-12	2001
1	central	worker-cs-1	Label-12	2001
1	central	worker-cs-1	Label-12	2001
1	central	worker-cs-1	Label-12	2002
1	central	worker-cs-1	Label-12	2002
1	central	worker-cs-1	Label-12	2001
1	central	worker-cs-1	Label-12	2001
1	central	worker-cs-1	Label-12	2003
1	central	worker-cs-1	Label-12	2002
1	central	worker-cs-1	Label-12	2002
1	central	worker-cs-1	Label-12	2002
1	central	worker-cs-1	Label-12	2001
1	central	worker-cs-1	Label-12	2001
1	central	worker-cs-1	Label-12	2002
1	central	worker-cs-1	Label-12	2001
1	central	worker-cs-1	Label-12	2001
1	central	worker-cs-1	Label-12	2003
1	central	worker-cs-1	Label-12	2006
1	central	worker-cs-1	Label-12	2002
1	central	worker-cs-1	Label-12	2002
1	central	worker-cs-1	Label-12	2003
1	central	worker-cs-1	Label-12	2001
1	central	worker-cs-1	Label-12	2002
1	central	worker-cs-1	Label-12	2002
1	central	worker-cs-1	Label-12	2001
1	central	worker-cs-1	Label-12	2002
1	central	worker-cs-1	Label-12	2001
1	central	worker-cs-1	Label-12	2002
1	central	worker-cs-1	Label-12	2002
1	central	worker-cs-1	Label-12	2002
1	central	worker-cs-1	Label-12	2002
1	central	worker-cs-1	Label-12	2002
1	central	worker-cs-1	Label-12	2001
1	central	worker-cs-1	Label-12	2001
1	central	worker-cs-1	Label-12	2001
1	central	worker-cs-1	Label-12	2002
1	central	worker-cs-1	Label-12	2001
1	central	worker-cs-1	Label-12	2000
1	central	worker-cs-1	Label-12	2001
1	central	worker-cs-1	Label-12	2001
1	central	worker-cs-1	Label-12	2001
1	central	worker-cs-1	Label-12	2001
1	central	worker-cs-1	Label-12	2003
1	central	worker-cs-1	Label-12	2001
1	central	worker-cs-1	Label-12	2001
1	central	worker-cs-1	Label-12	2002
1	central	worker-cs-1	Label-12	2002
1	central	worker-cs-1	Label-12	2002
1	central	worker-cs-1	Label-12	2002
1	central	worker-cs-1	Label-12	2003
1	central	worker-cs-1	Label-12	2002
1	central	worker-cs-1	Label-12	2001
1	central	worker-cs-1	Label-12	2002
1	central	worker-cs-1	Label-12	2003
1	central	worker-cs-1	Label-12	2002
1	central	worker-cs-1	Label-12	2002
1	central	worker-cs-1	Label-12	2002
1	central	worker-cs-1	Label-12	2002
1	central	worker-cs-1	Label-12	2002
1	central	worker-cs-1	Label-12	2002
1	central	worker-cs-1	Label-12	2001
1	central	worker-cs-1	Label-12	2002
1	central	worker-cs-1	Label-12	2001
1	central	worker-cs-1	Label-12	2001
1	central	worker-cs-1	Label-12	2003
1	central	worker-cs-1	Label-12	2001
1	central	worker-cs-1	Label-12	2001
1	central	worker-cs-1	Label-12	2002
1	central	worker-cs-1	Label-12	2002
1	central	worker-cs-1	Label-12	2001
1	central	worker-cs-1	Label-12	2002
1	central	worker-cs-1	Label-12	2002
1	central	worker-cs-1	Label-12	2003
1	central	worker-cs-1	Label-12	2003
1	central	worker-cs-1	Label-12	2001
1	central	worker-cs-1	Label-12	2002
1	central	worker-cs-1	Label-12	2001
1	central	worker-cs-1	Label-12	2001
1	central	worker-cs-1	Label-12	2001
1	central	worker-cs-1	Label-12	2001
1	central	worker-cs-1	Label-12	2004
1	central	worker-cs-1	Label-12	2001
1	central	worker-cs-1	Label-12	2002
1	central	worker-cs-1	Label-12	2002
1	central	worker-cs-1	Label-12	2002
1	central	worker-cs-1	Label-12	2002
1	central	worker-cs-1	Label-12	2001
1	central	worker-cs-1	Label-12	2002
1	central	worker-cs-1	Label-12	2002
1	central	worker-cs-1	Label-12	2002
1	central	worker-cs-1	Label-12	2002
1	central	worker-cs-1	Label-12	2002
1	central	worker-cs-1	Label-12	2003
1	central	worker-cs-1	Label-12	2001
1	central	worker-cs-1	Label-12	2002
1	central	worker-cs-1	Label-12	2002
1	central	worker-cs-1	Label-12	2001
1	central	worker-cs-1	Label-12	2001
1	central	worker-cs-1	Label-12	2002
1	central	worker-cs-1	Label-12	2003
1	central	worker-cs-1	Label-12	2001
1	central	worker-cs-1	Label-12	2001
1	central	worker-cs-1	Label-12	2002
1	central	worker-cs-1	Label-12	2004
1	central	worker-cs-1	Label-12	2002
1	central	worker-cs-1	Label-12	2002
1	central	worker-cs-1	Label-12	2001
1	central	worker-cs-1	Label-12	2001
1	central	worker-cs-1	Label-12	2002
1	central	worker-cs-1	Label-12	2002
1	central	worker-cs-1	Label-12	2006
1	central	worker-cs-1	Label-12	2002
1	central	worker-cs-1	Label-12	2000
1	central	worker-cs-1	Label-12	2002
1	central	worker-cs-1	Label-12	2001
1	central	worker-cs-1	Label-12	2001
1	central	worker-cs-1	Label-12	2002
1	central	worker-cs-1	Label-12	2002
1	central	worker-cs-1	Label-12	2002
1	central	worker-cs-1	Label-12	2002
1	central	worker-cs-1	Label-12	2000
1	central	worker-cs-1	Label-12	2003
1	central	worker-cs-1	Label-12	2002
1	central	worker-cs-1	Label-12	2002
1	central	worker-cs-1	Label-12	2002
1	central	worker-cs-1	Label-12	2002
1	central	worker-cs-1	Label-12	2002
1	central	worker-cs-1	Label-12	2002
1	central	worker-cs-1	Label-12	2002
1	central	worker-cs-1	Label-12	2001
1	central	worker-cs-1	Label-12	2001
1	central	worker-cs-1	Label-12	2001
1	central	worker-cs-1	Label-12	2001
1	central	worker-cs-1	Label-12	2002
1	central	worker-cs-1	Label-12	2001
1	central	worker-cs-1	Label-12	2001
1	central	worker-cs-1	Label-12	2001
1	central	worker-cs-1	Label-12	2001
1	central	worker-cs-1	Label-12	2001
1	central	worker-cs-1	Label-12	2000
1	central	worker-cs-1	Label-12	2003
1	central	worker-cs-1	Label-12	2002
1	central	worker-cs-1	Label-12	2002
1	central	worker-cs-1	Label-12	2002
1	central	worker-cs-1	Label-12	2001
1	central	worker-cs-1	Label-12	2002
1	central	worker-cs-1	Label-12	2002
1	central	worker-cs-1	Label-12	2001
1	central	worker-cs-1	Label-12	2002
1	central	worker-cs-1	Label-12	2001
1	central	worker-cs-1	Label-12	2001
1	central	worker-cs-1	Label-12	2002
1	central	worker-cs-1	Label-12	2005
1	central	worker-cs-1	Label-12	2002
1	central	worker-cs-1	Label-12	2002
1	central	worker-cs-1	Label-12	2003
1	central	worker-cs-1	Label-12	2004
1	central	worker-cs-1	Label-12	2001
1	central	worker-cs-1	Label-12	2002
1	central	worker-cs-1	Label-12	2002
1	central	worker-cs-1	Label-12	2001
1	central	worker-cs-1	Label-12	2004
1	central	worker-cs-1	Label-12	2003
1	central	worker-cs-1	Label-12	2002
1	central	worker-cs-1	Label-12	2001
1	central	worker-cs-1	Label-12	2002
1	central	worker-cs-1	Label-12	2002
1	central	worker-cs-1	Label-12	2001
1	central	worker-cs-1	Label-12	2001
1	central	worker-cs-2	Label-08	2001
1	central	worker-cs-2	Label-08	45001
1	central	worker-cs-2	Label-08	2001
1	central	worker-cs-2	Label-08	2000
1	central	worker-cs-2	Label-08	2000
1	central	worker-cs-2	Label-08	2000
1	central	worker-cs-2	Label-08	2001
1	central	worker-cs-2	Label-08	2001
1	central	worker-cs-2	Label-08	2001
1	central	worker-cs-2	Label-08	2001
1	central	worker-cs-2	Label-08	2001
1	central	worker-cs-2	Label-08	2001
1	central	worker-cs-2	Label-08	2002
1	central	worker-cs-2	Label-08	2001
1	central	worker-cs-2	Label-08	2001
1	central	worker-cs-2	Label-08	2001
1	central	worker-cs-2	Label-08	2001
1	central	worker-cs-2	Label-08	2001
1	central	worker-cs-2	Label-08	2001
1	central	worker-cs-2	Label-08	2001
1	central	worker-cs-2	Label-08	2001
1	central	worker-cs-2	Label-08	2002
1	central	worker-cs-2	Label-08	2001
1	central	worker-cs-2	Label-08	2000
1	central	worker-cs-2	Label-08	2000
1	central	worker-cs-2	Label-08	2001
1	central	worker-cs-2	Label-08	2002
1	central	worker-cs-2	Label-08	2001
1	central	worker-cs-2	Label-08	2001
1	central	worker-cs-2	Label-08	2000
1	central	worker-cs-2	Label-08	2001
1	central	worker-cs-2	Label-08	2001
1	central	worker-cs-2	Label-08	2001
1	central	worker-cs-2	Label-08	2001
1	central	worker-cs-2	Label-08	2001
1	central	worker-cs-2	Label-08	2001
1	central	worker-cs-2	Label-08	2002
1	central	worker-cs-2	Label-08	2000
1	central	worker-cs-2	Label-08	2001
1	central	worker-cs-2	Label-08	2002
1	central	worker-cs-2	Label-08	2002
1	central	worker-cs-2	Label-08	2002
1	central	worker-cs-2	Label-08	2003
1	central	worker-cs-2	Label-08	2001
1	central	worker-cs-2	Label-08	2001
1	central	worker-cs-2	Label-08	2001
1	central	worker-cs-2	Label-08	2001
1	central	worker-cs-2	Label-08	2000
1	central	worker-cs-2	Label-08	2002
1	central	worker-cs-2	Label-08	2001
1	central	worker-cs-2	Label-08	2000
1	central	worker-cs-2	Label-08	2001
1	central	worker-cs-2	Label-08	2001
1	central	worker-cs-2	Label-08	2001
1	central	worker-cs-2	Label-08	2001
1	central	worker-cs-2	Label-08	2001
1	central	worker-cs-2	Label-08	2003
1	central	worker-cs-2	Label-08	2001
1	central	worker-cs-2	Label-08	2001
1	central	worker-cs-2	Label-08	2000
1	central	worker-cs-2	Label-08	2000
1	central	worker-cs-2	Label-08	2000
1	central	worker-cs-2	Label-08	2000
1	central	worker-cs-2	Label-08	2002
1	central	worker-cs-2	Label-08	2001
1	central	worker-cs-2	Label-08	2001
1	central	worker-cs-2	Label-08	2002
1	central	worker-cs-2	Label-08	2000
1	central	worker-cs-2	Label-08	2002
1	central	worker-cs-2	Label-08	2001
1	central	worker-cs-2	Label-08	2001
1	central	worker-cs-2	Label-08	1999
1	central	worker-cs-2	Label-08	2001
1	central	worker-cs-2	Label-08	2002
1	central	worker-cs-2	Label-08	2001
1	central	worker-cs-2	Label-08	2001
1	central	worker-cs-2	Label-08	2001
1	central	worker-cs-2	Label-08	2000
1	central	worker-cs-2	Label-08	2001
1	central	worker-cs-2	Label-08	2001
1	central	worker-cs-2	Label-08	2000
1	central	worker-cs-2	Label-08	2000
1	central	worker-cs-2	Label-08	2001
1	central	worker-cs-2	Label-08	2002
1	central	worker-cs-2	Label-08	2001
1	central	worker-cs-2	Label-08	2001
1	central	worker-cs-2	Label-08	2002
1	central	worker-cs-2	Label-08	2001
1	central	worker-cs-2	Label-08	2001
1	central	worker-cs-2	Label-08	2001
1	central	worker-cs-2	Label-08	2002
1	central	worker-cs-2	Label-08	2001
1	central	worker-cs-2	Label-08	2001
1	central	worker-cs-2	Label-08	2000
1	central	worker-cs-2	Label-08	2000
1	central	worker-cs-2	Label-08	2001
1	central	worker-cs-2	Label-08	2001
1	central	worker-cs-2	Label-08	2001
1	central	worker-cs-2	Label-08	2000
1	central	worker-cs-2	Label-08	2002
1	central	worker-cs-2	Label-08	2003
1	central	worker-cs-2	Label-08	2000
1	central	worker-cs-2	Label-08	2001
1	central	worker-cs-2	Label-08	2001
1	central	worker-cs-2	Label-08	2000
1	central	worker-cs-2	Label-08	2001
1	central	worker-cs-2	Label-08	2000
1	central	worker-cs-2	Label-08	2002
1	central	worker-cs-2	Label-08	2000
1	central	worker-cs-2	Label-08	2001
1	central	worker-cs-2	Label-08	2001
1	central	worker-cs-2	Label-08	2001
1	central	worker-cs-2	Label-08	2001
1	central	worker-cs-2	Label-08	2000
1	central	worker-cs-2	Label-08	2001
1	central	worker-cs-2	Label-08	2001
1	central	worker-cs-2	Label-08	2000
1	central	worker-cs-2	Label-08	2001
1	central	worker-cs-2	Label-08	2001
1	central	worker-cs-2	Label-08	2001
1	central	worker-cs-2	Label-08	2002
1	central	worker-cs-2	Label-08	2000
1	central	worker-cs-2	Label-08	2001
1	central	worker-cs-2	Label-08	2001
1	central	worker-cs-2	Label-08	2001
1	central	worker-cs-2	Label-08	2001
1	central	worker-cs-2	Label-08	2002
1	central	worker-cs-2	Label-08	2001
1	central	worker-cs-2	Label-08	2000
1	central	worker-cs-2	Label-08	2002
1	central	worker-cs-2	Label-08	2001
1	central	worker-cs-2	Label-08	2001
1	central	worker-cs-2	Label-08	2001
1	central	worker-cs-2	Label-08	2001
1	central	worker-cs-2	Label-08	2000
1	central	worker-cs-2	Label-08	2001
1	central	worker-cs-2	Label-08	2001
1	central	worker-cs-2	Label-08	2002
1	central	worker-cs-2	Label-08	2000
1	central	worker-cs-2	Label-08	2000
1	central	worker-cs-2	Label-08	2000
1	central	worker-cs-2	Label-08	2002
1	central	worker-cs-2	Label-08	2001
1	central	worker-cs-2	Label-08	2002
1	central	worker-cs-2	Label-08	2001
1	central	worker-cs-2	Label-08	2001
1	central	worker-cs-2	Label-08	2001
1	central	worker-cs-2	Label-08	2002
1	central	worker-cs-2	Label-08	2001
1	central	worker-cs-2	Label-08	2001
1	central	worker-cs-2	Label-08	2001
1	central	worker-cs-2	Label-08	2002
1	central	worker-cs-2	Label-08	2001
1	central	worker-cs-2	Label-08	2000
1	central	worker-cs-2	Label-08	2001
1	central	worker-cs-2	Label-08	2000
1	central	worker-cs-2	Label-08	2001
1	central	worker-cs-2	Label-08	2000
1	central	worker-cs-2	Label-08	2002
1	central	worker-cs-2	Label-08	2002
1	central	worker-cs-2	Label-08	2001
1	central	worker-cs-2	Label-08	2001
1	central	worker-cs-2	Label-08	2001
1	central	worker-cs-2	Label-08	2003
1	central	worker-cs-2	Label-08	2002
1	central	worker-cs-2	Label-08	2002
1	central	worker-cs-2	Label-08	2001
1	central	worker-cs-2	Label-08	2003
1	central	worker-cs-2	Label-08	2003
1	central	worker-cs-2	Label-08	2001
1	central	worker-cs-2	Label-08	2001
1	central	worker-cs-2	Label-08	1999
1	central	worker-cs-2	Label-08	2001
1	central	worker-cs-2	Label-08	2002
1	central	worker-cs-2	Label-08	2000
1	central	worker-cs-2	Label-08	2002
1	central	worker-cs-2	Label-08	2002
1	central	worker-cs-2	Label-08	2002
1	central	worker-cs-2	Label-08	2000
1	central	worker-cs-2	Label-08	2001
1	central	worker-cs-2	Label-08	2003
1	central	worker-cs-2	Label-08	2001
1	central	worker-cs-2	Label-08	2001
1	central	worker-cs-2	Label-08	2003
1	central	worker-cs-2	Label-08	2001
1	central	worker-cs-2	Label-08	2000
1	central	worker-cs-2	Label-08	2003
1	central	worker-cs-2	Label-08	2001
1	central	worker-cs-2	Label-08	2001
1	central	worker-cs-2	Label-08	2002
1	central	worker-cs-2	Label-08	2001
1	central	worker-cs-2	Label-08	2003
1	central	worker-cs-2	Label-08	2001
1	central	worker-cs-2	Label-08	2001
1	central	worker-cs-2	Label-08	2000
1	central	worker-cs-2	Label-08	2001
1	central	worker-cs-2	Label-08	2001
1	central	worker-cs-2	Label-08	2000
1	central	worker-cs-2	Label-08	2000
1	central	worker-cs-2	Label-08	2002
1	central	worker-cs-2	Label-08	2001
1	central	worker-cs-2	Label-08	2001
1	central	worker-cs-2	Label-08	2000
1	central	worker-cs-2	Label-08	2001
1	central	worker-cs-2	Label-08	2001
1	central	worker-cs-2	Label-08	2001
1	central	worker-cs-2	Label-08	2001
1	central	worker-cs-2	Label-08	2001
1	central	worker-cs-2	Label-08	2001
1	central	worker-cs-2	Label-08	2001
1	central	worker-cs-2	Label-08	2002
1	central	worker-cs-2	Label-08	2001
1	central	worker-cs-2	Label-08	2001
1	central	worker-cs-2	Label-08	2001
1	central	worker-cs-2	Label-08	2001
1	central	worker-cs-2	Label-08	2001
1	central	worker-cs-2	Label-08	2002
1	central	worker-cs-2	Label-08	2001
1	central	worker-cs-2	Label-08	2000
1	central	worker-cs-2	Label-08	2000
1	central	worker-cs-2	Label-08	2002
1	central	worker-cs-2	Label-08	2001
1	central	worker-cs-2	Label-08	2000
1	central	worker-cs-2	Label-08	2001
1	central	worker-cs-2	Label-08	2005
1	central	worker-cs-2	Label-08	2001
1	central	worker-cs-2	Label-08	2001
1	central	worker-cs-2	Label-08	2001
1	central	worker-cs-3	Label-01	2002
1	central	worker-cs-3	Label-07	2002
1	central	worker-cs-3	Label-07	2002
1	central	worker-cs-3	Label-01	2001
1	central	worker-cs-3	Label-07	2002
1	central	worker-cs-3	Label-01	2001
1	central	worker-cs-3	Label-01	45001
1	central	worker-cs-3	Label-01	2006
1	central	worker-cs-3	Label-07	2002
1	central	worker-cs-3	Label-01	2002
1	central	worker-cs-3	Label-01	2001
1	central	worker-cs-3	Label-01	2002
1	central	worker-cs-3	Label-01	2003
1	central	worker-cs-3	Label-07	2003
1	central	worker-cs-3	Label-07	2001
1	central	worker-cs-3	Label-01	2002
1	central	worker-cs-3	Label-07	2001
1	central	worker-cs-3	Label-01	2002
1	central	worker-cs-3	Label-01	2002
1	central	worker-cs-3	Label-07	2002
1	central	worker-cs-3	Label-01	2004
1	central	worker-cs-3	Label-01	2001
1	central	worker-cs-3	Label-01	2002
1	central	worker-cs-3	Label-07	2009
1	central	worker-cs-3	Label-07	2003
1	central	worker-cs-3	Label-01	2001
1	central	worker-cs-3	Label-01	2002
1	central	worker-cs-3	Label-07	2003
1	central	worker-cs-3	Label-07	2001
1	central	worker-cs-3	Label-01	2002
1	central	worker-cs-3	Label-07	2003
1	central	worker-cs-3	Label-07	2003
1	central	worker-cs-3	Label-01	2001
1	central	worker-cs-3	Label-01	2001
1	central	worker-cs-3	Label-01	2001
1	central	worker-cs-3	Label-01	2002
1	central	worker-cs-3	Label-01	2001
1	central	worker-cs-3	Label-07	2002
1	central	worker-cs-3	Label-07	2002
1	central	worker-cs-3	Label-07	2002
1	central	worker-cs-3	Label-01	2001
1	central	worker-cs-3	Label-01	2002
1	central	worker-cs-3	Label-07	2002
1	central	worker-cs-3	Label-07	2003
1	central	worker-cs-3	Label-01	2002
1	central	worker-cs-3	Label-01	2001
1	central	worker-cs-3	Label-07	2002
1	central	worker-cs-3	Label-01	2002
1	central	worker-cs-3	Label-01	2002
1	central	worker-cs-3	Label-01	2002
1	central	worker-cs-3	Label-07	2002
1	central	worker-cs-3	Label-01	2002
1	central	worker-cs-3	Label-07	2001
1	central	worker-cs-3	Label-01	2002
1	central	worker-cs-3	Label-07	2002
1	central	worker-cs-3	Label-01	2002
1	central	worker-cs-3	Label-07	2001
1	central	worker-cs-3	Label-01	2001
1	central	worker-cs-3	Label-07	2001
1	central	worker-cs-3	Label-07	2002
1	central	worker-cs-3	Label-07	2004
1	central	worker-cs-3	Label-01	2002
1	central	worker-cs-3	Label-01	2001
1	central	worker-cs-3	Label-07	2001
1	central	worker-cs-3	Label-01	2002
1	central	worker-cs-3	Label-07	2004
1	central	worker-cs-3	Label-01	2002
1	central	worker-cs-3	Label-07	2004
1	central	worker-cs-3	Label-01	2002
1	central	worker-cs-3	Label-01	2002
1	central	worker-cs-3	Label-07	2004
1	central	worker-cs-3	Label-01	2002
1	central	worker-cs-3	Label-01	2001
1	central	worker-cs-3	Label-07	2002
1	central	worker-cs-3	Label-01	2002
1	central	worker-cs-3	Label-01	2001
1	central	worker-cs-3	Label-07	2002
1	central	worker-cs-3	Label-01	2002
1	central	worker-cs-3	Label-07	2001
1	central	worker-cs-3	Label-07	2002
1	central	worker-cs-3	Label-07	2002
1	central	worker-cs-3	Label-07	2002
1	central	worker-cs-3	Label-01	2002
1	central	worker-cs-3	Label-01	2002
1	central	worker-cs-3	Label-07	2002
1	central	worker-cs-3	Label-07	2002
1	central	worker-cs-3	Label-01	2001
1	central	worker-cs-3	Label-07	2001
1	central	worker-cs-3	Label-07	2001
1	central	worker-cs-3	Label-07	2001
1	central	worker-cs-3	Label-07	2002
1	central	worker-cs-3	Label-01	2002
1	central	worker-cs-3	Label-07	2002
1	central	worker-cs-3	Label-07	2002
1	central	worker-cs-3	Label-01	2001
1	central	worker-cs-3	Label-01	2002
1	central	worker-cs-3	Label-07	2001
1	central	worker-cs-3	Label-07	2001
1	central	worker-cs-3	Label-07	2003
1	central	worker-cs-3	Label-07	2002
1	central	worker-cs-3	Label-07	2002
1	central	worker-cs-3	Label-07	2001
1	central	worker-cs-3	Label-01	2002
1	central	worker-cs-3	Label-01	2001
1	central	worker-cs-3	Label-07	2002
1	central	worker-cs-3	Label-01	2002
1	central	worker-cs-3	Label-01	2001
1	central	worker-cs-3	Label-07	2002
1	central	worker-cs-3	Label-01	2002
1	central	worker-cs-3	Label-01	2002
1	central	worker-cs-3	Label-07	2003
1	central	worker-cs-3	Label-07	2002
1	central	worker-cs-3	Label-01	2002
1	central	worker-cs-3	Label-07	2002
1	central	worker-cs-3	Label-01	2003
1	central	worker-cs-3	Label-07	2003
1	central	worker-cs-3	Label-01	2002
1	central	worker-cs-3	Label-01	2002
1	central	worker-cs-3	Label-07	2002
1	central	worker-cs-3	Label-01	2001
1	central	worker-cs-3	Label-07	2002
1	central	worker-cs-3	Label-07	2001
1	central	worker-cs-3	Label-01	2001
1	central	worker-cs-3	Label-07	2003
1	central	worker-cs-3	Label-07	2002
1	central	worker-cs-3	Label-01	2001
1	central	worker-cs-3	Label-07	2002
1	central	worker-cs-3	Label-01	2002
1	central	worker-cs-3	Label-01	2002
1	central	worker-cs-3	Label-07	2002
1	central	worker-cs-3	Label-07	2002
1	central	worker-cs-3	Label-07	2002
1	central	worker-cs-3	Label-01	2002
1	central	worker-cs-3	Label-07	2003
1	central	worker-cs-3	Label-01	2001
1	central	worker-cs-3	Label-01	2001
1	central	worker-cs-3	Label-01	2003
1	central	worker-cs-3	Label-07	2002
1	central	worker-cs-3	Label-07	2002
1	central	worker-cs-3	Label-07	2002
1	central	worker-cs-3	Label-07	2001
1	central	worker-cs-3	Label-07	2002
1	central	worker-cs-3	Label-07	2003
1	central	worker-cs-3	Label-07	2002
1	central	worker-cs-3	Label-01	2002
1	central	worker-cs-3	Label-01	2002
1	central	worker-cs-3	Label-07	2002
1	central	worker-cs-3	Label-01	2002
1	central	worker-cs-3	Label-07	2002
1	central	worker-cs-3	Label-07	2002
1	central	worker-cs-3	Label-01	2002
1	central	worker-cs-3	Label-07	2001
1	central	worker-cs-3	Label-01	2002
1	central	worker-cs-3	Label-01	2002
1	central	worker-cs-3	Label-01	2002
1	central	worker-cs-3	Label-07	2007
1	central	worker-cs-3	Label-07	2002
1	central	worker-cs-3	Label-01	2007
1	central	worker-cs-3	Label-01	2001
1	central	worker-cs-3	Label-07	2002
1	central	worker-cs-3	Label-07	2003
1	central	worker-cs-3	Label-07	2003
1	central	worker-cs-3	Label-01	2001
1	central	worker-cs-3	Label-07	2002
1	central	worker-cs-3	Label-07	2002
1	central	worker-cs-3	Label-07	2002
1	central	worker-cs-3	Label-07	2003
1	central	worker-cs-3	Label-01	2001
1	central	worker-cs-3	Label-07	2002
1	central	worker-cs-3	Label-07	2002
1	central	worker-cs-3	Label-01	2002
1	central	worker-cs-3	Label-07	2002
1	central	worker-cs-3	Label-01	2001
1	central	worker-cs-3	Label-01	2001
1	central	worker-cs-3	Label-07	2001
1	central	worker-cs-3	Label-07	2002
1	central	worker-cs-3	Label-01	2001
1	central	worker-cs-3	Label-07	2002
1	central	worker-cs-3	Label-07	2002
1	central	worker-cs-3	Label-01	2002
1	central	worker-cs-3	Label-07	2003
1	central	worker-cs-3	Label-07	2002
1	central	worker-cs-3	Label-01	2003
1	central	worker-cs-3	Label-01	2002
1	central	worker-cs-3	Label-07	2001
1	central	worker-cs-3	Label-07	2002
1	central	worker-cs-3	Label-01	2002
1	central	worker-cs-3	Label-07	2002
1	central	worker-cs-3	Label-07	2003
1	central	worker-cs-3	Label-07	2002
1	central	worker-cs-3	Label-07	2002
1	central	worker-cs-3	Label-01	2002
1	central	worker-cs-3	Label-01	2002
1	central	worker-cs-3	Label-01	2001
1	central	worker-cs-3	Label-01	2002
1	central	worker-cs-3	Label-01	2003
1	central	worker-cs-3	Label-01	2002
1	central	worker-cs-3	Label-07	2001
1	central	worker-cs-3	Label-01	2002
1	central	worker-cs-3	Label-01	2001
1	central	worker-cs-3	Label-01	2002
1	central	worker-cs-3	Label-01	2002
1	central	worker-cs-3	Label-01	2002
1	central	worker-cs-3	Label-07	2003
1	central	worker-cs-3	Label-01	2001
1	central	worker-cs-3	Label-07	2002
1	central	worker-cs-3	Label-01	2002
1	central	worker-cs-3	Label-01	2002
1	central	worker-cs-3	Label-07	2001
1	central	worker-cs-3	Label-01	2002
1	central	worker-cs-3	Label-01	2002
1	central	worker-cs-3	Label-01	2002
1	central	worker-cs-3	Label-07	2001
1	central	worker-cs-3	Label-01	2001
1	central	worker-cs-3	Label-07	2001
1	central	worker-cs-3	Label-07	2002
1	central	worker-cs-3	Label-01	2001
1	central	worker-cs-3	Label-07	2002
1	central	worker-cs-3	Label-07	2016
1	central	worker-cs-3	Label-07	2002
1	central	worker-cs-3	Label-07	2002
1	central	worker-cs-3	Label-07	2002
1	central	worker-cs-3	Label-07	2003
1	central	worker-cs-3	Label-07	2001
1	central	worker-cs-3	Label-07	2002
1	central	worker-cs-3	Label-07	2002
1	central	worker-cs-3	Label-01	2002
1	central	worker-cs-3	Label-01	2002
1	central	worker-cs-3	Label-01	2002
1	central	worker-cs-3	Label-07	2001
1	central	worker-cs-3	Label-07	2002
1	central	worker-cs-3	Label-07	2003
1	central	worker-cs-3	Label-01	2002
1	central	worker-cs-3	Label-01	2002
1	central	worker-cs-3	Label-01	2001
1	central	worker-cs-3	Label-07	2001
1	central	worker-cs-3	Label-01	2004
1	central	worker-cs-3	Label-01	2002
1	central	worker-cs-3	Label-01	2002
1	central	worker-cs-3	Label-01	2002
1	central	worker-cs-3	Label-07	2003
1	central	worker-cs-3	Label-01	2002
1	central	worker-cs-3	Label-07	2002
1	central	worker-cs-3	Label-01	2002
1	central	worker-cs-3	Label-01	2002
1	central	worker-cs-3	Label-07	2001
1	central	worker-cs-3	Label-01	2001
1	central	worker-cs-3	Label-01	2003
1	central	worker-cs-3	Label-01	2002
1	central	worker-cs-3	Label-01	2002
1	central	worker-cs-3	Label-01	2002
1	central	worker-cs-3	Label-01	2001
1	central	worker-cs-3	Label-07	2002
1	central	worker-cs-3	Label-01	2002
1	central	worker-cs-3	Label-07	2003
1	central	worker-cs-3	Label-01	2002
1	central	worker-cs-3	Label-07	2001
1	central	worker-cs-3	Label-07	2001
1	central	worker-cs-3	Label-07	2002
1	central	worker-cs-3	Label-07	2002
1	central	worker-cs-3	Label-01	2003
1	central	worker-cs-3	Label-01	2001
1	central	worker-cs-3	Label-07	2002
1	central	worker-cs-3	Label-01	2002
1	central	worker-cs-3	Label-07	2002
1	central	worker-cs-3	Label-01	2001
1	central	worker-cs-3	Label-01	2002
1	central	worker-cs-3	Label-07	2002
1	central	worker-cs-3	Label-01	2002
1	central	worker-cs-3	Label-01	2001
1	central	worker-cs-3	Label-07	2001
1	central	worker-cs-3	Label-07	2002
1	central	worker-cs-3	Label-07	2003
1	central	worker-cs-3	Label-07	2002
1	central	worker-cs-3	Label-01	2002
1	central	worker-cs-3	Label-07	2002
1	central	worker-cs-3	Label-07	2002
1	central	worker-cs-3	Label-07	2002
1	central	worker-cs-3	Label-01	2002
1	central	worker-cs-3	Label-07	2001
1	central	worker-cs-3	Label-07	2001
1	central	worker-cs-3	Label-01	2002
1	central	worker-cs-3	Label-01	2002
1	central	worker-cs-3	Label-01	2003
1	central	worker-cs-3	Label-01	2001
1	central	worker-cs-3	Label-07	2001
1	central	worker-cs-3	Label-01	2002
1	central	worker-cs-3	Label-01	2002
1	central	worker-cs-3	Label-07	2002
1	central	worker-cs-3	Label-01	2003
1	central	worker-cs-3	Label-01	2003
1	central	worker-cs-3	Label-01	2001
1	central	worker-cs-3	Label-07	2003
1	central	worker-cs-3	Label-01	2003
1	central	worker-cs-3	Label-07	2002
1	central	worker-cs-3	Label-01	2003
1	central	worker-cs-3	Label-01	2002
1	central	worker-cs-3	Label-01	2002
1	central	worker-cs-3	Label-01	2001
1	central	worker-cs-3	Label-01	2001
1	central	worker-cs-3	Label-01	2001
1	central	worker-cs-3	Label-01	2001
1	central	worker-cs-3	Label-07	2009
1	central	worker-cs-3	Label-01	2002
1	central	worker-cs-3	Label-01	2002
1	central	worker-cs-3	Label-01	2002
1	central	worker-cs-3	Label-01	2003
1	central	worker-cs-3	Label-01	2001
1	central	worker-cs-3	Label-07	2001
1	central	worker-cs-3	Label-07	2002
1	central	worker-cs-3	Label-07	2001
1	central	worker-cs-3	Label-07	2002
1	central	worker-cs-3	Label-01	2003
1	central	worker-cs-3	Label-01	2005
1	central	worker-cs-3	Label-07	2002
1	central	worker-cs-3	Label-01	2001
1	central	worker-cs-3	Label-07	2002
1	central	worker-cs-3	Label-01	2003
1	central	worker-cs-3	Label-01	2002
1	central	worker-cs-3	Label-07	2002
1	central	worker-cs-3	Label-01	2002
1	central	worker-cs-3	Label-07	2002
1	central	worker-cs-3	Label-07	2001
1	central	worker-cs-3	Label-07	2002
1	central	worker-cs-3	Label-01	2002
1	central	worker-cs-3	Label-01	2001
1	central	worker-cs-3	Label-01	2002
1	central	worker-cs-3	Label-01	2002
1	central	worker-cs-3	Label-01	2001
1	central	worker-cs-3	Label-07	2014
1	central	worker-cs-3	Label-01	2002
1	central	worker-cs-3	Label-07	2003
1	central	worker-cs-3	Label-07	2002
1	central	worker-cs-3	Label-07	2002
1	central	worker-cs-3	Label-01	2002
1	central	worker-cs-3	Label-01	2003
1	central	worker-cs-3	Label-01	2001
1	central	worker-cs-3	Label-01	2001
1	central	worker-cs-3	Label-01	2002
1	central	worker-cs-3	Label-07	2003
1	central	worker-cs-3	Label-01	2002
1	central	worker-cs-3	Label-01	2002
1	central	worker-cs-3	Label-01	2001
1	central	worker-cs-3	Label-01	2002
1	central	worker-cs-3	Label-07	2002
1	central	worker-cs-3	Label-01	2001
1	central	worker-cs-3	Label-01	2002
1	central	worker-cs-3	Label-01	2001
1	central	worker-cs-3	Label-01	2003
1	central	worker-cs-3	Label-01	2003
1	central	worker-cs-3	Label-01	2001
1	central	worker-cs-3	Label-01	2002
1	central	worker-cs-3	Label-01	2002
1	central	worker-cs-3	Label-01	2002
1	central	worker-cs-3	Label-01	2002
1	central	worker-cs-3	Label-01	2001
1	central	worker-cs-3	Label-07	2001
1	central	worker-cs-3	Label-07	2002
1	central	worker-cs-3	Label-01	2001
1	central	worker-cs-3	Label-01	2002
1	central	worker-cs-3	Label-07	2002
1	central	worker-cs-3	Label-07	2002
1	central	worker-cs-3	Label-01	2002
1	central	worker-cs-3	Label-07	2001
1	central	worker-cs-3	Label-07	2002
1	central	worker-cs-3	Label-01	2002
1	central	worker-cs-3	Label-07	2002
1	central	worker-cs-3	Label-01	2002
1	central	worker-cs-3	Label-01	2002
1	central	worker-cs-3	Label-01	2002
1	central	worker-cs-3	Label-01	2002
1	central	worker-cs-3	Label-01	2002
1	central	worker-cs-3	Label-07	2003
1	central	worker-cs-3	Label-01	2001
1	central	worker-cs-3	Label-01	2002
1	central	worker-cs-3	Label-07	2004
1	central	worker-cs-3	Label-07	2002
1	central	worker-cs-3	Label-07	2002
1	central	worker-cs-3	Label-01	2001
1	central	worker-cs-3	Label-07	2002
1	central	worker-cs-3	Label-07	2001
1	central	worker-cs-3	Label-07	2001
1	central	worker-cs-3	Label-07	2002
1	central	worker-cs-3	Label-07	2001
1	central	worker-cs-3	Label-01	2001
1	central	worker-cs-3	Label-01	2002
1	central	worker-cs-3	Label-01	2001
1	central	worker-cs-3	Label-01	2002
1	central	worker-cs-3	Label-07	2002
1	central	worker-cs-3	Label-01	2001
1	central	worker-cs-3	Label-01	2001
1	central	worker-cs-3	Label-01	2002
1	central	worker-cs-3	Label-01	2002
1	central	worker-cs-3	Label-01	2001
1	central	worker-cs-3	Label-01	2000
1	central	worker-cs-3	Label-01	2002
1	central	worker-cs-3	Label-07	2002
1	central	worker-cs-3	Label-01	2001
1	central	worker-cs-3	Label-01	2001
1	central	worker-cs-3	Label-07	2002
1	central	worker-cs-3	Label-07	2002
1	central	worker-cs-3	Label-01	2002
1	central	worker-cs-3	Label-07	2003
1	central	worker-cs-3	Label-07	2001
1	central	worker-cs-3	Label-07	2002
1	central	worker-cs-3	Label-01	2003
1	central	worker-cs-3	Label-01	2002
1	central	worker-cs-3	Label-01	2001
1	central	worker-cs-3	Label-07	2002
1	central	worker-cs-3	Label-07	2004
1	central	worker-cs-3	Label-07	2002
1	central	worker-cs-3	Label-01	2001
1	central	worker-cs-3	Label-01	2002
1	central	worker-cs-3	Label-07	2002
1	central	worker-cs-3	Label-01	2002
1	central	worker-cs-3	Label-07	2002
1	central	worker-cs-3	Label-01	2001
1	central	worker-cs-3	Label-01	2001
1	central	worker-cs-3	Label-01	2001
1	central	worker-cs-3	Label-07	2005
1	central	worker-cs-3	Label-07	2002
1	central	worker-cs-3	Label-01	2001
1	central	worker-cs-3	Label-07	2002
1	central	worker-cs-3	Label-01	2003
1	central	worker-cs-3	Label-01	2003
1	central	worker-cs-3	Label-07	2002
1	central	worker-cs-3	Label-01	2002
1	central	worker-cs-3	Label-01	2001
1	central	worker-cs-3	Label-07	2001
1	central	worker-cs-3	Label-01	2002
1	central	worker-cs-3	Label-07	2002
1	central	worker-cs-3	Label-01	2002
1	central	worker-cs-3	Label-01	2002
1	central	worker-cs-3	Label-07	2001
1	central	worker-cs-3	Label-01	2003
1	central	worker-cs-3	Label-07	2002
1	central	worker-cs-3	Label-07	2002
1	central	worker-cs-3	Label-07	2002
1	central	worker-cs-3	Label-07	2003
1	central	worker-cs-3	Label-01	2002
1	central	worker-cs-3	Label-01	2002
1	central	worker-cs-3	Label-01	2002
1	central	worker-cs-3	Label-01	2001
1	central	worker-cs-3	Label-01	2002
1	central	worker-cs-3	Label-07	2001
1	central	worker-cs-3	Label-01	2003
1	central	worker-cs-3	Label-07	2001
1	central	worker-cs-3	Label-07	2002
1	central	worker-cs-4	Label-04	2003
1	central	worker-cs-4	Label-04	2003
1	central	worker-cs-4	Label-04	45003
1	central	worker-cs-4	Label-04	2002
1	central	worker-cs-4	Label-04	2002
1	central	worker-cs-4	Label-04	2002
1	central	worker-cs-4	Label-04	2002
1	central	worker-cs-4	Label-02	2003
1	central	worker-cs-4	Label-02	2002
1	central	worker-cs-4	Label-02	2001
1	central	worker-cs-4	Label-02	2002
1	central	worker-cs-4	Label-02	2002
1	central	worker-cs-4	Label-02	2002
1	central	worker-cs-4	Label-04	2003
1	central	worker-cs-4	Label-04	2002
1	central	worker-cs-4	Label-04	2002
1	central	worker-cs-4	Label-02	2002
1	central	worker-cs-4	Label-04	2001
1	central	worker-cs-4	Label-04	2002
1	central	worker-cs-4	Label-02	2002
1	central	worker-cs-4	Label-02	2002
1	central	worker-cs-4	Label-04	2002
1	central	worker-cs-4	Label-02	45002
1	central	worker-cs-4	Label-04	2002
1	central	worker-cs-4	Label-10	2002
1	central	worker-cs-4	Label-04	2002
1	central	worker-cs-4	Label-02	2002
1	central	worker-cs-4	Label-10	2002
1	central	worker-cs-4	Label-10	2003
1	central	worker-cs-4	Label-04	2002
1	central	worker-cs-4	Label-04	2003
1	central	worker-cs-4	Label-10	2002
1	central	worker-cs-4	Label-04	2002
1	central	worker-cs-4	Label-10	2002
1	central	worker-cs-4	Label-10	2002
1	central	worker-cs-4	Label-02	2002
1	central	worker-cs-4	Label-10	2004
1	central	worker-cs-4	Label-10	2002
1	central	worker-cs-4	Label-02	2002
1	central	worker-cs-4	Label-04	2002
1	central	worker-cs-4	Label-02	2002
1	central	worker-cs-4	Label-10	2002
1	central	worker-cs-4	Label-04	2002
1	central	worker-cs-4	Label-02	2001
1	central	worker-cs-4	Label-04	2002
1	central	worker-cs-4	Label-02	2003
1	central	worker-cs-4	Label-10	2003
1	central	worker-cs-4	Label-10	2002
1	central	worker-cs-4	Label-04	2002
1	central	worker-cs-4	Label-10	2002
1	central	worker-cs-4	Label-02	2003
1	central	worker-cs-4	Label-10	2002
1	central	worker-cs-4	Label-10	2002
1	central	worker-cs-4	Label-10	2002
1	central	worker-cs-4	Label-02	2002
1	central	worker-cs-4	Label-04	2002
1	central	worker-cs-4	Label-10	2002
1	central	worker-cs-4	Label-10	2002
1	central	worker-cs-4	Label-04	2003
1	central	worker-cs-4	Label-04	2002
1	central	worker-cs-4	Label-10	2002
1	central	worker-cs-4	Label-10	2002
1	central	worker-cs-4	Label-02	2003
1	central	worker-cs-4	Label-02	2004
1	central	worker-cs-4	Label-02	2002
1	central	worker-cs-4	Label-04	2002
1	central	worker-cs-4	Label-04	2002
1	central	worker-cs-4	Label-10	2003
1	central	worker-cs-4	Label-10	2003
1	central	worker-cs-4	Label-10	2003
1	central	worker-cs-4	Label-10	2003
1	central	worker-cs-4	Label-10	2004
1	central	worker-cs-4	Label-02	2003
1	central	worker-cs-4	Label-04	2002
1	central	worker-cs-4	Label-10	2003
1	central	worker-cs-4	Label-10	2001
1	central	worker-cs-4	Label-04	2002
1	central	worker-cs-4	Label-04	2003
1	central	worker-cs-4	Label-02	2002
1	central	worker-cs-4	Label-04	2004
1	central	worker-cs-4	Label-10	2003
1	central	worker-cs-4	Label-02	2003
1	central	worker-cs-4	Label-02	2002
1	central	worker-cs-4	Label-02	2001
1	central	worker-cs-4	Label-10	2001
1	central	worker-cs-4	Label-10	2002
1	central	worker-cs-4	Label-02	2003
1	central	worker-cs-4	Label-10	2002
1	central	worker-cs-4	Label-02	2002
1	central	worker-cs-4	Label-10	2002
1	central	worker-cs-4	Label-04	2002
1	central	worker-cs-4	Label-04	2002
1	central	worker-cs-4	Label-02	2005
1	central	worker-cs-4	Label-10	2002
1	central	worker-cs-4	Label-02	2003
1	central	worker-cs-4	Label-02	2002
1	central	worker-cs-4	Label-10	2001
1	central	worker-cs-4	Label-10	2002
1	central	worker-cs-4	Label-02	2002
1	central	worker-cs-4	Label-10	2001
1	central	worker-cs-4	Label-10	2002
1	central	worker-cs-4	Label-04	2003
1	central	worker-cs-4	Label-04	2003
1	central	worker-cs-4	Label-04	2002
1	central	worker-cs-4	Label-04	2003
1	central	worker-cs-4	Label-02	2006
1	central	worker-cs-4	Label-04	2002
1	central	worker-cs-4	Label-02	2002
1	central	worker-cs-4	Label-02	2002
1	central	worker-cs-4	Label-04	2002
1	central	worker-cs-4	Label-04	2002
1	central	worker-cs-4	Label-10	2002
1	central	worker-cs-4	Label-04	2003
1	central	worker-cs-4	Label-04	2002
1	central	worker-cs-4	Label-10	2002
1	central	worker-cs-4	Label-04	2002
1	central	worker-cs-4	Label-02	2001
1	central	worker-cs-4	Label-10	2002
1	central	worker-cs-4	Label-04	2001
1	central	worker-cs-4	Label-02	2002
1	central	worker-cs-4	Label-02	2001
1	central	worker-cs-4	Label-02	2002
1	central	worker-cs-4	Label-04	2004
1	central	worker-cs-4	Label-04	2001
1	central	worker-cs-4	Label-02	2002
1	central	worker-cs-4	Label-04	2002
1	central	worker-cs-4	Label-02	2002
1	central	worker-cs-4	Label-02	2003
1	central	worker-cs-4	Label-02	2002
1	central	worker-cs-4	Label-02	2002
1	central	worker-cs-4	Label-10	2003
1	central	worker-cs-4	Label-02	2002
1	central	worker-cs-4	Label-04	2003
1	central	worker-cs-4	Label-04	2004
1	central	worker-cs-4	Label-02	2002
1	central	worker-cs-4	Label-10	2001
1	central	worker-cs-4	Label-10	2002
1	central	worker-cs-4	Label-02	2003
1	central	worker-cs-4	Label-02	2002
1	central	worker-cs-4	Label-02	2002
1	central	worker-cs-4	Label-02	2002
1	central	worker-cs-4	Label-10	2002
1	central	worker-cs-4	Label-04	2002
1	central	worker-cs-4	Label-02	2003
1	central	worker-cs-4	Label-04	2002
1	central	worker-cs-4	Label-02	2003
1	central	worker-cs-4	Label-04	2003
1	central	worker-cs-4	Label-02	2003
1	central	worker-cs-4	Label-04	2002
1	central	worker-cs-4	Label-02	2002
1	central	worker-cs-4	Label-04	2002
1	central	worker-cs-4	Label-04	2002
1	central	worker-cs-4	Label-02	2003
1	central	worker-cs-4	Label-04	2002
1	central	worker-cs-4	Label-02	2005
1	central	worker-cs-4	Label-02	2003
1	central	worker-cs-4	Label-02	2002
1	central	worker-cs-4	Label-02	2001
1	central	worker-cs-4	Label-10	2002
1	central	worker-cs-4	Label-02	2002
1	central	worker-cs-4	Label-02	2002
1	central	worker-cs-4	Label-10	2002
1	central	worker-cs-4	Label-04	2002
1	central	worker-cs-4	Label-04	2001
1	central	worker-cs-4	Label-04	2001
1	central	worker-cs-4	Label-10	2001
1	central	worker-cs-4	Label-10	2002
1	central	worker-cs-4	Label-04	2002
1	central	worker-cs-4	Label-04	2002
1	central	worker-cs-4	Label-04	2003
1	central	worker-cs-4	Label-02	2002
1	central	worker-cs-4	Label-04	2002
1	central	worker-cs-4	Label-10	2003
1	central	worker-cs-4	Label-10	2001
1	central	worker-cs-4	Label-10	2002
1	central	worker-cs-4	Label-10	2003
1	central	worker-cs-4	Label-02	2002
1	central	worker-cs-4	Label-10	2002
1	central	worker-cs-4	Label-10	2001
1	central	worker-cs-4	Label-10	2003
1	central	worker-cs-4	Label-10	2002
1	central	worker-cs-4	Label-10	2001
1	central	worker-cs-4	Label-10	2002
1	central	worker-cs-4	Label-02	2002
1	central	worker-cs-4	Label-04	2002
1	central	worker-cs-4	Label-02	2003
1	central	worker-cs-4	Label-02	2003
1	central	worker-cs-4	Label-02	2007
1	central	worker-cs-4	Label-10	2001
1	central	worker-cs-4	Label-10	2003
1	central	worker-cs-4	Label-04	2002
1	central	worker-cs-4	Label-10	2003
1	central	worker-cs-4	Label-02	2003
1	central	worker-cs-4	Label-02	2003
1	central	worker-cs-4	Label-10	2002
1	central	worker-cs-4	Label-02	2002
1	central	worker-cs-4	Label-10	2002
1	central	worker-cs-4	Label-04	2002
1	central	worker-cs-4	Label-10	2002
1	central	worker-cs-4	Label-04	2002
1	central	worker-cs-4	Label-02	2003
1	central	worker-cs-4	Label-10	2003
1	central	worker-cs-4	Label-04	2002
1	central	worker-cs-4	Label-10	2001
1	central	worker-cs-4	Label-02	2003
1	central	worker-cs-4	Label-10	2001
1	central	worker-cs-4	Label-02	2002
1	central	worker-cs-4	Label-04	2002
1	central	worker-cs-4	Label-04	2002
1	central	worker-cs-4	Label-04	2002
1	central	worker-cs-4	Label-02	2003
1	central	worker-cs-4	Label-02	2003
1	central	worker-cs-4	Label-10	2001
1	central	worker-cs-4	Label-02	2004
1	central	worker-cs-4	Label-02	2002
1	central	worker-cs-4	Label-04	2002
1	central	worker-cs-4	Label-02	2002
1	central	worker-cs-4	Label-02	2003
1	central	worker-cs-4	Label-04	2002
1	central	worker-cs-4	Label-02	2001
1	central	worker-cs-4	Label-04	2002
1	central	worker-cs-4	Label-02	2003
1	central	worker-cs-4	Label-04	2002
1	central	worker-cs-4	Label-10	2003
1	central	worker-cs-4	Label-04	2003
1	central	worker-cs-4	Label-02	2003
1	central	worker-cs-4	Label-10	2002
1	central	worker-cs-4	Label-02	2002
1	central	worker-cs-4	Label-02	2002
1	central	worker-cs-4	Label-04	2003
1	central	worker-cs-4	Label-02	2003
1	central	worker-cs-4	Label-04	2002
1	central	worker-cs-4	Label-10	2003
1	central	worker-cs-4	Label-10	2002
1	central	worker-cs-4	Label-04	2003
1	central	worker-cs-4	Label-02	2001
1	central	worker-cs-4	Label-02	2003
1	central	worker-cs-4	Label-10	2002
1	central	worker-cs-4	Label-02	2002
1	central	worker-cs-4	Label-02	2002
1	central	worker-cs-4	Label-10	2001
1	central	worker-cs-4	Label-02	2002
1	central	worker-cs-4	Label-04	2003
1	central	worker-cs-4	Label-02	2003
1	central	worker-cs-4	Label-04	2002
1	central	worker-cs-4	Label-10	2002
1	central	worker-cs-4	Label-10	2004
1	central	worker-cs-4	Label-04	2003
1	central	worker-cs-4	Label-02	2002
1	central	worker-cs-4	Label-10	2002
1	central	worker-cs-4	Label-10	2002
1	central	worker-cs-4	Label-04	2002
1	central	worker-cs-4	Label-10	2002
1	central	worker-cs-4	Label-10	2003
1	central	worker-cs-4	Label-02	2002
1	central	worker-cs-4	Label-02	2002
1	central	worker-cs-4	Label-04	2002
1	central	worker-cs-4	Label-10	2002
1	central	worker-cs-4	Label-04	2002
1	central	worker-cs-4	Label-04	2002
1	central	worker-cs-4	Label-04	2002
1	central	worker-cs-4	Label-02	2001
1	central	worker-cs-4	Label-10	2002
1	central	worker-cs-4	Label-10	2003
1	central	worker-cs-4	Label-04	2002
1	central	worker-cs-4	Label-04	2003
1	central	worker-cs-4	Label-10	2003
1	central	worker-cs-4	Label-10	2002
1	central	worker-cs-4	Label-04	2002
1	central	worker-cs-4	Label-10	2002
1	central	worker-cs-4	Label-04	2002
1	central	worker-cs-4	Label-04	2002
1	central	worker-cs-4	Label-02	2001
1	central	worker-cs-4	Label-02	2001
1	central	worker-cs-4	Label-10	2002
1	central	worker-cs-4	Label-02	2002
1	central	worker-cs-4	Label-10	2001
1	central	worker-cs-4	Label-04	2001
1	central	worker-cs-4	Label-10	2003
1	central	worker-cs-4	Label-10	2002
1	central	worker-cs-4	Label-02	2001
1	central	worker-cs-4	Label-02	2002
1	central	worker-cs-4	Label-10	2002
1	central	worker-cs-4	Label-04	2001
1	central	worker-cs-4	Label-04	2002
1	central	worker-cs-4	Label-04	2001
1	central	worker-cs-4	Label-04	2002
1	central	worker-cs-4	Label-04	2002
1	central	worker-cs-4	Label-10	2002
1	central	worker-cs-4	Label-02	2002
1	central	worker-cs-4	Label-10	2004
1	central	worker-cs-4	Label-10	2002
1	central	worker-cs-4	Label-04	2002
1	central	worker-cs-4	Label-02	2002
1	central	worker-cs-4	Label-04	2002
1	central	worker-cs-4	Label-10	2002
1	central	worker-cs-4	Label-04	2002
1	central	worker-cs-4	Label-10	2003
1	central	worker-cs-4	Label-02	2002
1	central	worker-cs-4	Label-10	2002
1	central	worker-cs-4	Label-10	2002
1	central	worker-cs-4	Label-02	2002
1	central	worker-cs-4	Label-04	2002
1	central	worker-cs-4	Label-10	2001
1	central	worker-cs-4	Label-02	2002
1	central	worker-cs-4	Label-04	2002
1	central	worker-cs-4	Label-04	2002
1	central	worker-cs-4	Label-02	2003
1	central	worker-cs-4	Label-10	2002
1	central	worker-cs-4	Label-02	2002
1	central	worker-cs-4	Label-04	2002
1	central	worker-cs-4	Label-04	2002
1	central	worker-cs-4	Label-10	2003
1	central	worker-cs-4	Label-10	2002
1	central	worker-cs-4	Label-04	2002
1	central	worker-cs-4	Label-02	2003
1	central	worker-cs-4	Label-10	2002
1	central	worker-cs-4	Label-02	2001
1	central	worker-cs-4	Label-02	2002
1	central	worker-cs-4	Label-10	2002
1	central	worker-cs-4	Label-10	2003
1	central	worker-cs-4	Label-10	2002
1	central	worker-cs-4	Label-10	2002
1	central	worker-cs-4	Label-04	2001
1	central	worker-cs-4	Label-10	2001
1	central	worker-cs-4	Label-10	2003
1	central	worker-cs-4	Label-02	2003
1	central	worker-cs-4	Label-04	2001
1	central	worker-cs-4	Label-02	2002
1	central	worker-cs-4	Label-10	2002
1	central	worker-cs-4	Label-04	2002
1	central	worker-cs-4	Label-02	2002
1	central	worker-cs-4	Label-10	2004
1	central	worker-cs-4	Label-10	2002
1	central	worker-cs-4	Label-04	2003
1	central	worker-cs-4	Label-02	2002
1	central	worker-cs-4	Label-04	2002
1	central	worker-cs-4	Label-04	2002
1	central	worker-cs-4	Label-02	2003
1	central	worker-cs-4	Label-04	2003
1	central	worker-cs-4	Label-02	2002
1	central	worker-cs-4	Label-04	2002
1	central	worker-cs-4	Label-04	2002
1	central	worker-cs-4	Label-10	2001
1	central	worker-cs-4	Label-04	2002
1	central	worker-cs-4	Label-10	2002
1	central	worker-cs-4	Label-02	2001
1	central	worker-cs-4	Label-04	2003
1	central	worker-cs-4	Label-04	2003
1	central	worker-cs-4	Label-04	2002
1	central	worker-cs-4	Label-04	2002
1	central	worker-cs-4	Label-02	2003
1	central	worker-cs-4	Label-04	2002
1	central	worker-cs-4	Label-02	2001
1	central	worker-cs-4	Label-04	2004
1	central	worker-cs-4	Label-10	2003
1	central	worker-cs-4	Label-02	2002
1	central	worker-cs-4	Label-10	2002
1	central	worker-cs-4	Label-02	2002
1	central	worker-cs-4	Label-10	2003
1	central	worker-cs-4	Label-02	2003
1	central	worker-cs-4	Label-02	2003
1	central	worker-cs-4	Label-10	2003
1	central	worker-cs-4	Label-04	2003
1	central	worker-cs-4	Label-10	2002
1	central	worker-cs-4	Label-04	2003
1	central	worker-cs-4	Label-02	2003
1	central	worker-cs-4	Label-02	2002
1	central	worker-cs-4	Label-02	2002
1	central	worker-cs-4	Label-02	2001
1	central	worker-cs-4	Label-10	2003
1	central	worker-cs-4	Label-04	2002
1	central	worker-cs-4	Label-02	2003
1	central	worker-cs-4	Label-02	2002
1	central	worker-cs-4	Label-02	2002
1	central	worker-cs-4	Label-04	2002
1	central	worker-cs-4	Label-10	2001
1	central	worker-cs-4	Label-02	2001
1	central	worker-cs-4	Label-04	2001
1	central	worker-cs-4	Label-02	2002
1	central	worker-cs-4	Label-10	2001
1	central	worker-cs-4	Label-02	2001
1	central	worker-cs-4	Label-04	2002
1	central	worker-cs-4	Label-10	2002
1	central	worker-cs-4	Label-04	2002
1	central	worker-cs-4	Label-10	2003
1	central	worker-cs-4	Label-04	2002
1	central	worker-cs-4	Label-10	2003
1	central	worker-cs-4	Label-04	2003
1	central	worker-cs-4	Label-10	2003
1	central	worker-cs-4	Label-02	2003
1	central	worker-cs-4	Label-10	2002
1	central	worker-cs-4	Label-02	2002
1	central	worker-cs-4	Label-10	2002
1	central	worker-cs-4	Label-10	2003
1	central	worker-cs-4	Label-10	2003
1	central	worker-cs-4	Label-02	2001
1	central	worker-cs-4	Label-04	2006
1	central	worker-cs-4	Label-10	2002
1	central	worker-cs-4	Label-10	2003
1	central	worker-cs-4	Label-04	2001
1	central	worker-cs-4	Label-04	2002
1	central	worker-cs-4	Label-10	2003
1	central	worker-cs-4	Label-02	2001
1	central	worker-cs-4	Label-04	2003
1	central	worker-cs-4	Label-02	2003
1	central	worker-cs-4	Label-04	2002
1	central	worker-cs-4	Label-04	2003
1	central	worker-cs-4	Label-10	2001
1	central	worker-cs-4	Label-04	2001
1	central	worker-cs-4	Label-10	2002
1	central	worker-cs-4	Label-02	2001
1	central	worker-cs-4	Label-04	2002
1	central	worker-cs-4	Label-10	2002
1	central	worker-cs-4	Label-02	2002
1	central	worker-cs-4	Label-10	2002
1	central	worker-cs-4	Label-10	2001
1	central	worker-cs-4	Label-04	2002
1	central	worker-cs-4	Label-04	2002
1	central	worker-cs-4	Label-10	2002
1	central	worker-cs-4	Label-10	2001
1	central	worker-cs-4	Label-02	2002
1	central	worker-cs-4	Label-04	2002
1	central	worker-cs-4	Label-04	2001
1	central	worker-cs-4	Label-02	2003
1	central	worker-cs-4	Label-02	2002
1	central	worker-cs-4	Label-04	2002
1	central	worker-cs-4	Label-04	2003
1	central	worker-cs-4	Label-02	2002
1	central	worker-cs-4	Label-02	2002
1	central	worker-cs-4	Label-02	2002
1	central	worker-cs-4	Label-04	2003
1	central	worker-cs-4	Label-10	2003
1	central	worker-cs-4	Label-10	2002
1	central	worker-cs-4	Label-04	2003
1	central	worker-cs-4	Label-10	2003
1	central	worker-cs-4	Label-04	2003
1	central	worker-cs-4	Label-04	2002
1	central	worker-cs-4	Label-04	2002
1	central	worker-cs-4	Label-02	2002
1	central	worker-cs-4	Label-02	2002
1	central	worker-cs-4	Label-04	2002
1	central	worker-cs-4	Label-02	2002
1	central	worker-cs-4	Label-02	2001
1	central	worker-cs-4	Label-04	2002
1	central	worker-cs-4	Label-04	2001
1	central	worker-cs-4	Label-04	2002
1	central	worker-cs-4	Label-10	2002
1	central	worker-cs-4	Label-02	2002
1	central	worker-cs-4	Label-10	2002
1	central	worker-cs-4	Label-10	2002
1	central	worker-cs-4	Label-02	2001
1	central	worker-cs-4	Label-10	2002
1	central	worker-cs-4	Label-04	2002
1	central	worker-cs-4	Label-04	2002
1	central	worker-cs-4	Label-10	2002
1	central	worker-cs-4	Label-10	2001
1	central	worker-cs-4	Label-04	2003
1	central	worker-cs-4	Label-02	2001
1	central	worker-cs-4	Label-02	2003
1	central	worker-cs-4	Label-04	2002
1	central	worker-cs-4	Label-02	2002
1	central	worker-cs-4	Label-10	2002
1	central	worker-cs-4	Label-04	2002
1	central	worker-cs-4	Label-02	2002
1	central	worker-cs-4	Label-04	2002
1	central	worker-cs-4	Label-02	2002
1	central	worker-cs-4	Label-04	2002
1	central	worker-cs-4	Label-04	2003
1	central	worker-cs-4	Label-10	2003
1	central	worker-cs-4	Label-10	2002
1	central	worker-cs-4	Label-04	2003
1	central	worker-cs-4	Label-04	2002
1	central	worker-cs-4	Label-04	2002
1	central	worker-cs-4	Label-02	2004
1	central	worker-cs-4	Label-02	2003
1	central	worker-cs-4	Label-04	2005
1	central	worker-cs-4	Label-10	2002
1	central	worker-cs-4	Label-02	2002
1	central	worker-cs-4	Label-10	2002
1	central	worker-cs-4	Label-10	2002
1	central	worker-cs-4	Label-10	2002
1	central	worker-cs-4	Label-10	2002
1	central	worker-cs-4	Label-04	2003
1	central	worker-cs-4	Label-10	2002
1	central	worker-cs-4	Label-10	2001
1	central	worker-cs-4	Label-04	2002
1	central	worker-cs-4	Label-04	2002
1	central	worker-cs-4	Label-10	2001
1	central	worker-cs-4	Label-04	2003
1	central	worker-cs-4	Label-04	2003
1	central	worker-cs-4	Label-10	2002
1	central	worker-cs-4	Label-02	2002
1	central	worker-cs-4	Label-10	2002
1	central	worker-cs-4	Label-10	2002
1	central	worker-cs-4	Label-02	2002
1	central	worker-cs-4	Label-02	2003
1	central	worker-cs-4	Label-02	2002
1	central	worker-cs-4	Label-10	2002
1	central	worker-cs-4	Label-10	2002
1	central	worker-cs-4	Label-02	2002
1	central	worker-cs-4	Label-02	2007
1	central	worker-cs-4	Label-04	2002
1	central	worker-cs-4	Label-10	2002
1	central	worker-cs-4	Label-02	2002
1	central	worker-cs-4	Label-10	2002
1	central	worker-cs-4	Label-04	2002
1	central	worker-cs-4	Label-04	2003
1	central	worker-cs-4	Label-02	2002
1	central	worker-cs-4	Label-10	2001
1	central	worker-cs-4	Label-10	2003
1	central	worker-cs-4	Label-10	2001
1	central	worker-cs-4	Label-02	2003
1	central	worker-cs-4	Label-02	2003
1	central	worker-cs-4	Label-02	2002
1	central	worker-cs-4	Label-02	2002
1	central	worker-cs-4	Label-02	2006
1	central	worker-cs-4	Label-10	2001
1	central	worker-cs-4	Label-10	2002
1	central	worker-cs-4	Label-02	2002
1	central	worker-cs-4	Label-04	2002
1	central	worker-cs-4	Label-10	2002
1	central	worker-cs-4	Label-10	2003
1	central	worker-cs-4	Label-04	2002
1	central	worker-cs-4	Label-10	2002
1	central	worker-cs-4	Label-04	2001
1	central	worker-cs-4	Label-10	2002
1	central	worker-cs-4	Label-04	2003
1	central	worker-cs-4	Label-10	2002
1	central	worker-cs-4	Label-10	2002
1	central	worker-cs-4	Label-02	2002
1	central	worker-cs-4	Label-04	2002
1	central	worker-cs-4	Label-02	2003
1	central	worker-cs-4	Label-02	2006
1	central	worker-cs-4	Label-02	2001
1	central	worker-cs-4	Label-04	2002
1	central	worker-cs-4	Label-02	2003
1	central	worker-cs-4	Label-02	2002
1	central	worker-cs-4	Label-02	2003
1	central	worker-cs-4	Label-02	2002
1	central	worker-cs-4	Label-02	2001
1	central	worker-cs-4	Label-10	2003
1	central	worker-cs-4	Label-04	2002
1	central	worker-cs-4	Label-02	2003
1	central	worker-cs-4	Label-02	2003
1	central	worker-cs-4	Label-04	2002
1	central	worker-cs-4	Label-04	2002
1	central	worker-cs-4	Label-02	2002
1	central	worker-cs-4	Label-10	2003
1	central	worker-cs-4	Label-02	2003
1	central	worker-cs-4	Label-10	2003
1	central	worker-cs-4	Label-04	2002
1	central	worker-cs-4	Label-04	2002
1	central	worker-cs-4	Label-10	2003
1	central	worker-cs-4	Label-02	2001
1	central	worker-cs-4	Label-02	2002
1	central	worker-cs-4	Label-04	2005
1	central	worker-cs-4	Label-10	2004
1	central	worker-cs-4	Label-10	2002
1	central	worker-cs-4	Label-04	2001
1	central	worker-cs-4	Label-02	2002
1	central	worker-cs-4	Label-02	2002
1	central	worker-cs-4	Label-04	2002
1	central	worker-cs-4	Label-10	2002
1	central	worker-cs-4	Label-04	2001
1	central	worker-cs-4	Label-04	2002
1	central	worker-cs-4	Label-04	2002
1	central	worker-cs-4	Label-10	2002
1	central	worker-cs-4	Label-10	2001
1	central	worker-cs-4	Label-02	2002
1	central	worker-cs-4	Label-04	2003
1	central	worker-cs-4	Label-04	2001
1	central	worker-cs-4	Label-10	2002
1	central	worker-cs-4	Label-02	2002
1	central	worker-cs-4	Label-10	2002
1	central	worker-cs-4	Label-10	2002
1	central	worker-cs-4	Label-04	2003
1	central	worker-cs-4	Label-02	2002
1	central	worker-cs-4	Label-02	2002
1	central	worker-cs-4	Label-10	2002
1	central	worker-cs-4	Label-10	2001
1	central	worker-cs-4	Label-04	2003
1	central	worker-cs-4	Label-04	2002
1	central	worker-cs-4	Label-04	2002
1	central	worker-cs-4	Label-02	2002
1	central	worker-cs-4	Label-04	2002
1	central	worker-cs-4	Label-02	2002
1	central	worker-cs-4	Label-04	2003
1	central	worker-cs-4	Label-04	2002
1	central	worker-cs-4	Label-10	2002
1	central	worker-cs-4	Label-02	2003
1	central	worker-cs-4	Label-04	2003
1	central	worker-cs-4	Label-04	2003
1	central	worker-cs-4	Label-04	2002
1	central	worker-cs-4	Label-10	2002
1	central	worker-cs-4	Label-10	2003
1	central	worker-cs-4	Label-04	2002
1	central	worker-cs-4	Label-10	2003
1	central	worker-cs-4	Label-04	2002
1	central	worker-cs-4	Label-10	2002
1	central	worker-cs-4	Label-04	2002
1	central	worker-cs-4	Label-04	2002
1	central	worker-cs-4	Label-02	2002
1	central	worker-cs-4	Label-10	2002
1	central	worker-cs-4	Label-10	2001
1	central	worker-cs-4	Label-04	2002
1	central	worker-cs-4	Label-04	2002
1	central	worker-cs-4	Label-04	2002
1	central	worker-cs-4	Label-02	2001
1	central	worker-cs-4	Label-10	2003
1	central	worker-cs-4	Label-02	2013
1	central	worker-cs-4	Label-02	2002
1	central	worker-cs-4	Label-02	2002
1	central	worker-cs-4	Label-02	2002
1	central	worker-cs-4	Label-10	2002
1	central	worker-cs-4	Label-02	2002
1	central	worker-cs-4	Label-04	2002
1	central	worker-cs-4	Label-02	2002
1	central	worker-cs-4	Label-10	2003
1	central	worker-cs-4	Label-04	2002
1	central	worker-cs-4	Label-02	2002
1	central	worker-cs-4	Label-02	2002
1	central	worker-cs-4	Label-02	2003
1	central	worker-cs-4	Label-04	2003
1	central	worker-cs-4	Label-10	2003
1	central	worker-cs-4	Label-04	2002
1	central	worker-cs-4	Label-10	2002
1	central	worker-cs-4	Label-04	2002
1	central	worker-cs-4	Label-02	2002
1	central	worker-cs-4	Label-02	2002
1	central	worker-cs-4	Label-04	2002
1	central	worker-cs-4	Label-02	2002
1	central	worker-cs-4	Label-10	2002
1	central	worker-cs-4	Label-04	2002
1	central	worker-cs-4	Label-10	2002
1	central	worker-cs-4	Label-02	2002
1	central	worker-cs-4	Label-10	2002
1	central	worker-cs-4	Label-04	2002
1	central	worker-cs-4	Label-10	2002
1	central	worker-cs-4	Label-02	2002
1	central	worker-cs-4	Label-02	2002
1	central	worker-cs-4	Label-10	2002
1	central	worker-cs-4	Label-10	2002
1	central	worker-cs-4	Label-02	2002
1	central	worker-cs-4	Label-10	2002
1	central	worker-cs-4	Label-10	2002
1	central	worker-cs-4	Label-04	2002
1	central	worker-cs-4	Label-10	2002
1	central	worker-cs-4	Label-10	2002
1	central	worker-cs-4	Label-04	2002
1	central	worker-cs-4	Label-02	2002
1	central	worker-cs-4	Label-02	2002
1	central	worker-cs-4	Label-04	2002
1	central	worker-cs-4	Label-04	2002
1	central	worker-cs-4	Label-04	2002
1	central	worker-cs-4	Label-04	2002
1	central	worker-cs-4	Label-02	2002
1	central	worker-cs-4	Label-02	2003
1	central	worker-cs-4	Label-02	2003
1	central	worker-cs-4	Label-04	2003
1	central	worker-cs-4	Label-02	2001
1	central	worker-cs-4	Label-04	2003
1	central	worker-cs-4	Label-10	2002
1	central	worker-cs-4	Label-10	2002
1	central	worker-cs-4	Label-10	2002
1	central	worker-cs-4	Label-04	2002
1	central	worker-cs-4	Label-02	2003
1	central	worker-cs-4	Label-10	2002
1	central	worker-cs-4	Label-04	2002
1	central	worker-cs-4	Label-10	2002
1	central	worker-cs-4	Label-10	2002
1	central	worker-cs-4	Label-02	2002
1	central	worker-cs-4	Label-04	2003
1	central	worker-cs-4	Label-04	2003
1	central	worker-cs-4	Label-04	2001
1	central	worker-cs-4	Label-04	2004
1	central	worker-cs-4	Label-02	2002
1	central	worker-cs-4	Label-02	2002
1	central	worker-cs-4	Label-10	2002
1	central	worker-cs-4	Label-02	2001
1	central	worker-cs-4	Label-10	2002
1	central	worker-cs-4	Label-10	2004
1	central	worker-cs-4	Label-02	2003
1	central	worker-cs-4	Label-10	2007
1	central	worker-cs-4	Label-02	2003
1	central	worker-cs-4	Label-10	2002
1	central	worker-cs-4	Label-02	2012
1	central	worker-cs-4	Label-02	2003
1	central	worker-cs-4	Label-02	2002
1	central	worker-cs-4	Label-02	2002
1	central	worker-cs-4	Label-02	2002
1	central	worker-cs-4	Label-04	2001
1	central	worker-cs-4	Label-04	2002
1	central	worker-cs-4	Label-10	2002
1	central	worker-cs-4	Label-10	2001
1	central	worker-cs-4	Label-04	2003
1	central	worker-cs-4	Label-04	2002
1	central	worker-cs-4	Label-10	2002
1	central	worker-cs-4	Label-04	2002
1	central	worker-cs-4	Label-10	2002
1	central	worker-cs-4	Label-10	2002
1	central	worker-cs-4	Label-10	2002
1	central	worker-cs-4	Label-10	2001
1	central	worker-cs-4	Label-02	2002
1	central	worker-cs-4	Label-02	2003
1	central	worker-cs-4	Label-04	2002
1	central	worker-cs-5	Label-11	2001
1	central	worker-cs-5	Label-11	2000
1	central	worker-cs-5	Label-03	2001
1	central	worker-cs-5	Label-03	2000
1	central	worker-cs-5	Label-03	2001
1	central	worker-cs-5	Label-03	2001
1	central	worker-cs-5	Label-03	2000
1	central	worker-cs-5	Label-11	2002
1	central	worker-cs-5	Label-03	2000
1	central	worker-cs-5	Label-11	2002
1	central	worker-cs-5	Label-11	2001
1	central	worker-cs-5	Label-11	2001
1	central	worker-cs-5	Label-11	2002
1	central	worker-cs-5	Label-11	2000
1	central	worker-cs-5	Label-11	2000
1	central	worker-cs-5	Label-03	2001
1	central	worker-cs-5	Label-11	2002
1	central	worker-cs-5	Label-03	2001
1	central	worker-cs-5	Label-03	2001
1	central	worker-cs-5	Label-03	2001
1	central	worker-cs-5	Label-03	45002
1	central	worker-cs-5	Label-03	2001
1	central	worker-cs-5	Label-11	2000
1	central	worker-cs-5	Label-03	2002
1	central	worker-cs-5	Label-03	2001
1	central	worker-cs-5	Label-03	2001
1	central	worker-cs-5	Label-03	2007
1	central	worker-cs-5	Label-03	2001
1	central	worker-cs-5	Label-03	2001
1	central	worker-cs-5	Label-03	2002
1	central	worker-cs-5	Label-03	2000
1	central	worker-cs-5	Label-03	2001
1	central	worker-cs-5	Label-03	2001
1	central	worker-cs-5	Label-03	2001
1	central	worker-cs-5	Label-03	2001
1	central	worker-cs-5	Label-03	2000
1	central	worker-cs-5	Label-11	2002
1	central	worker-cs-5	Label-03	2002
1	central	worker-cs-5	Label-11	2001
1	central	worker-cs-5	Label-03	2000
1	central	worker-cs-5	Label-03	2001
1	central	worker-cs-5	Label-03	2002
1	central	worker-cs-5	Label-11	2003
1	central	worker-cs-5	Label-11	2002
1	central	worker-cs-5	Label-03	2002
1	central	worker-cs-5	Label-03	2001
1	central	worker-cs-5	Label-03	2001
1	central	worker-cs-5	Label-03	2003
1	central	worker-cs-5	Label-11	2001
1	central	worker-cs-5	Label-03	2000
1	central	worker-cs-5	Label-03	2001
1	central	worker-cs-5	Label-03	2001
1	central	worker-cs-5	Label-11	2001
1	central	worker-cs-5	Label-03	2002
1	central	worker-cs-5	Label-03	2001
1	central	worker-cs-5	Label-11	2001
1	central	worker-cs-5	Label-11	2001
1	central	worker-cs-5	Label-03	2001
1	central	worker-cs-5	Label-11	2003
1	central	worker-cs-5	Label-03	2000
1	central	worker-cs-5	Label-03	2001
1	central	worker-cs-5	Label-03	2000
1	central	worker-cs-5	Label-03	2000
1	central	worker-cs-5	Label-03	2001
1	central	worker-cs-5	Label-03	2000
1	central	worker-cs-5	Label-03	2000
1	central	worker-cs-5	Label-11	2001
1	central	worker-cs-5	Label-11	2002
1	central	worker-cs-5	Label-03	2001
1	central	worker-cs-5	Label-03	2001
1	central	worker-cs-5	Label-03	2001
1	central	worker-cs-5	Label-03	2001
1	central	worker-cs-5	Label-03	2001
1	central	worker-cs-5	Label-03	2001
1	central	worker-cs-5	Label-11	2002
1	central	worker-cs-5	Label-03	2001
1	central	worker-cs-5	Label-03	2001
1	central	worker-cs-5	Label-03	2001
1	central	worker-cs-5	Label-11	2002
1	central	worker-cs-5	Label-11	2002
1	central	worker-cs-5	Label-03	2002
1	central	worker-cs-5	Label-11	2001
1	central	worker-cs-5	Label-11	2001
1	central	worker-cs-5	Label-11	2000
1	central	worker-cs-5	Label-11	2002
1	central	worker-cs-5	Label-03	2001
1	central	worker-cs-5	Label-03	2000
1	central	worker-cs-5	Label-03	2000
1	central	worker-cs-5	Label-03	2001
1	central	worker-cs-5	Label-03	2002
1	central	worker-cs-5	Label-03	2001
1	central	worker-cs-5	Label-03	2002
1	central	worker-cs-5	Label-11	2002
1	central	worker-cs-5	Label-11	2001
1	central	worker-cs-5	Label-03	2001
1	central	worker-cs-5	Label-03	2001
1	central	worker-cs-5	Label-03	2001
1	central	worker-cs-5	Label-11	2001
1	central	worker-cs-5	Label-03	2001
1	central	worker-cs-5	Label-03	2001
1	central	worker-cs-5	Label-03	2001
1	central	worker-cs-5	Label-03	2001
1	central	worker-cs-5	Label-03	2002
1	central	worker-cs-5	Label-03	2001
1	central	worker-cs-5	Label-03	2001
1	central	worker-cs-5	Label-11	2001
1	central	worker-cs-5	Label-03	2001
1	central	worker-cs-5	Label-03	2001
1	central	worker-cs-5	Label-03	2001
1	central	worker-cs-5	Label-03	2000
1	central	worker-cs-5	Label-11	2001
1	central	worker-cs-5	Label-11	2001
1	central	worker-cs-5	Label-03	2001
1	central	worker-cs-5	Label-03	2001
1	central	worker-cs-5	Label-03	2001
1	central	worker-cs-5	Label-03	2000
1	central	worker-cs-5	Label-03	2001
1	central	worker-cs-5	Label-03	2001
1	central	worker-cs-5	Label-03	2000
1	central	worker-cs-5	Label-11	2001
1	central	worker-cs-5	Label-03	2001
1	central	worker-cs-5	Label-11	2000
1	central	worker-cs-5	Label-03	2001
1	central	worker-cs-5	Label-03	2000
1	central	worker-cs-5	Label-03	2001
1	central	worker-cs-5	Label-03	2002
1	central	worker-cs-5	Label-11	2001
1	central	worker-cs-5	Label-11	2003
1	central	worker-cs-5	Label-11	2000
1	central	worker-cs-5	Label-11	2001
1	central	worker-cs-5	Label-03	2000
1	central	worker-cs-5	Label-11	2001
1	central	worker-cs-5	Label-03	2001
1	central	worker-cs-5	Label-03	2000
1	central	worker-cs-5	Label-11	2001
1	central	worker-cs-5	Label-11	2001
1	central	worker-cs-5	Label-11	2003
1	central	worker-cs-5	Label-03	2001
1	central	worker-cs-5	Label-11	2002
1	central	worker-cs-5	Label-03	2001
1	central	worker-cs-5	Label-03	2001
1	central	worker-cs-5	Label-11	2001
1	central	worker-cs-5	Label-03	2001
1	central	worker-cs-5	Label-11	2003
1	central	worker-cs-5	Label-11	2001
1	central	worker-cs-5	Label-11	2001
1	central	worker-cs-5	Label-11	2002
1	central	worker-cs-5	Label-11	2001
1	central	worker-cs-5	Label-03	2002
1	central	worker-cs-5	Label-11	2002
1	central	worker-cs-5	Label-03	2002
1	central	worker-cs-5	Label-11	2001
1	central	worker-cs-5	Label-03	2001
1	central	worker-cs-5	Label-11	2001
1	central	worker-cs-5	Label-03	2001
1	central	worker-cs-5	Label-11	2001
1	central	worker-cs-5	Label-11	2001
1	central	worker-cs-5	Label-03	2002
1	central	worker-cs-5	Label-03	2002
1	central	worker-cs-5	Label-03	2001
1	central	worker-cs-5	Label-11	2000
1	central	worker-cs-5	Label-03	1999
1	central	worker-cs-5	Label-03	2001
1	central	worker-cs-5	Label-03	2000
1	central	worker-cs-5	Label-11	2006
1	central	worker-cs-5	Label-11	2001
1	central	worker-cs-5	Label-11	2001
1	central	worker-cs-5	Label-11	2004
1	central	worker-cs-5	Label-11	2001
1	central	worker-cs-5	Label-03	2001
1	central	worker-cs-5	Label-03	2001
1	central	worker-cs-5	Label-11	2001
1	central	worker-cs-5	Label-03	2002
1	central	worker-cs-5	Label-11	2005
1	central	worker-cs-5	Label-11	2002
1	central	worker-cs-5	Label-11	2001
1	central	worker-cs-5	Label-11	2001
1	central	worker-cs-5	Label-03	2001
1	central	worker-cs-5	Label-03	2001
1	central	worker-cs-5	Label-11	2001
1	central	worker-cs-5	Label-11	2003
1	central	worker-cs-5	Label-03	2001
1	central	worker-cs-5	Label-03	2000
1	central	worker-cs-5	Label-11	2002
1	central	worker-cs-5	Label-03	2001
1	central	worker-cs-5	Label-03	2001
1	central	worker-cs-5	Label-03	2002
1	central	worker-cs-5	Label-11	2001
1	central	worker-cs-5	Label-03	2001
1	central	worker-cs-5	Label-03	2001
1	central	worker-cs-5	Label-03	2001
1	central	worker-cs-5	Label-11	2001
1	central	worker-cs-5	Label-11	2002
1	central	worker-cs-5	Label-11	2001
1	central	worker-cs-5	Label-11	2000
1	central	worker-cs-5	Label-03	2002
1	central	worker-cs-5	Label-03	2002
1	central	worker-cs-5	Label-11	2001
1	central	worker-cs-5	Label-11	2001
1	central	worker-cs-5	Label-03	2001
1	central	worker-cs-5	Label-11	2001
1	central	worker-cs-5	Label-03	2001
1	central	worker-cs-5	Label-03	2003
1	central	worker-cs-5	Label-11	2001
1	central	worker-cs-5	Label-03	2000
1	central	worker-cs-5	Label-03	2001
1	central	worker-cs-5	Label-11	2001
1	central	worker-cs-5	Label-03	2001
1	central	worker-cs-5	Label-03	2002
1	central	worker-cs-5	Label-03	2002
1	central	worker-cs-5	Label-11	2001
1	central	worker-cs-5	Label-11	2001
1	central	worker-cs-5	Label-03	2002
1	central	worker-cs-5	Label-11	2000
1	central	worker-cs-5	Label-03	2001
1	central	worker-cs-5	Label-03	2001
1	central	worker-cs-5	Label-03	2000
1	central	worker-cs-5	Label-11	2000
1	central	worker-cs-5	Label-03	2001
1	central	worker-cs-5	Label-11	2002
1	central	worker-cs-5	Label-03	2001
1	central	worker-cs-5	Label-03	2001
1	central	worker-cs-5	Label-11	2001
1	central	worker-cs-5	Label-03	2001
1	central	worker-cs-5	Label-11	2004
1	central	worker-cs-5	Label-11	2000
1	central	worker-cs-5	Label-03	2002
1	central	worker-cs-5	Label-11	2001
1	central	worker-cs-5	Label-03	2001
1	central	worker-cs-5	Label-03	2001
1	central	worker-cs-5	Label-11	2001
1	central	worker-cs-5	Label-03	2001
1	central	worker-cs-5	Label-03	2001
1	central	worker-cs-5	Label-03	2001
1	central	worker-cs-5	Label-03	2000
1	central	worker-cs-5	Label-11	2001
1	central	worker-cs-5	Label-03	2001
1	central	worker-cs-5	Label-03	2001
1	central	worker-cs-5	Label-11	2000
1	central	worker-cs-5	Label-03	2001
1	central	worker-cs-5	Label-03	2002
1	central	worker-cs-5	Label-11	2002
1	central	worker-cs-5	Label-03	2000
1	central	worker-cs-5	Label-03	2002
1	central	worker-cs-5	Label-11	2002
1	central	worker-cs-5	Label-11	2001
1	central	worker-cs-5	Label-03	2001
1	central	worker-cs-5	Label-11	2001
1	central	worker-cs-5	Label-03	2001
1	central	worker-cs-5	Label-03	2001
1	central	worker-cs-5	Label-03	2000
1	central	worker-cs-5	Label-03	2005
1	central	worker-cs-5	Label-11	2001
1	central	worker-cs-5	Label-11	2001
1	central	worker-cs-5	Label-03	2001
1	central	worker-cs-5	Label-03	2002
1	central	worker-cs-5	Label-03	2001
1	central	worker-cs-5	Label-03	2000
1	central	worker-cs-5	Label-03	2002
1	central	worker-cs-5	Label-03	2002
1	central	worker-cs-5	Label-03	2002
1	central	worker-cs-5	Label-11	2003
1	central	worker-cs-5	Label-03	2001
1	central	worker-cs-5	Label-11	2001
1	central	worker-cs-5	Label-03	2001
1	central	worker-cs-5	Label-03	2001
1	central	worker-cs-5	Label-11	2002
1	central	worker-cs-5	Label-11	2002
1	central	worker-cs-5	Label-03	2002
1	central	worker-cs-5	Label-11	2001
1	central	worker-cs-5	Label-11	2001
1	central	worker-cs-5	Label-11	2001
1	central	worker-cs-5	Label-03	2000
1	central	worker-cs-5	Label-03	2002
1	central	worker-cs-5	Label-11	2002
1	central	worker-cs-5	Label-03	2001
1	central	worker-cs-5	Label-11	2001
1	central	worker-cs-5	Label-03	2000
1	central	worker-cs-5	Label-03	2001
1	central	worker-cs-5	Label-03	2002
1	central	worker-cs-5	Label-03	2001
1	central	worker-cs-5	Label-03	2001
1	central	worker-cs-5	Label-03	2001
1	central	worker-cs-5	Label-03	2001
1	central	worker-cs-5	Label-03	2001
1	central	worker-cs-5	Label-11	2001
1	central	worker-cs-5	Label-11	2001
1	central	worker-cs-5	Label-03	2001
1	central	worker-cs-5	Label-11	2001
1	central	worker-cs-5	Label-11	2002
1	central	worker-cs-5	Label-03	2001
1	central	worker-cs-5	Label-11	2000
1	central	worker-cs-5	Label-03	2000
1	central	worker-cs-5	Label-11	2001
1	central	worker-cs-5	Label-03	2002
1	central	worker-cs-5	Label-03	2002
1	central	worker-cs-5	Label-11	2003
1	central	worker-cs-5	Label-03	2001
1	central	worker-cs-5	Label-03	2001
1	central	worker-cs-5	Label-11	2003
1	central	worker-cs-5	Label-03	2001
1	central	worker-cs-5	Label-03	2002
1	central	worker-cs-5	Label-03	2006
1	central	worker-cs-5	Label-03	2002
1	central	worker-cs-5	Label-11	2001
1	central	worker-cs-5	Label-11	2001
1	central	worker-cs-5	Label-03	2003
1	central	worker-cs-5	Label-03	2001
1	central	worker-cs-5	Label-03	2001
1	central	worker-cs-5	Label-03	2001
1	central	worker-cs-5	Label-11	2002
1	central	worker-cs-5	Label-03	2001
1	central	worker-cs-5	Label-03	2001
1	central	worker-cs-5	Label-03	2001
1	central	worker-cs-5	Label-11	2000
1	central	worker-cs-5	Label-03	2001
1	central	worker-cs-5	Label-11	2001
1	central	worker-cs-5	Label-03	2002
1	central	worker-cs-5	Label-11	2001
1	central	worker-cs-5	Label-11	2001
1	central	worker-cs-5	Label-03	2001
1	central	worker-cs-5	Label-03	2001
1	central	worker-cs-5	Label-03	2000
1	central	worker-cs-5	Label-03	2001
1	central	worker-cs-5	Label-03	2001
1	central	worker-cs-5	Label-03	2002
1	central	worker-cs-5	Label-03	2001
1	central	worker-cs-5	Label-11	2001
1	central	worker-cs-5	Label-03	2001
1	central	worker-cs-6	Label-05	45002
1	central	worker-cs-6	Label-05	2002
1	central	worker-cs-6	Label-05	2002
1	central	worker-cs-6	Label-05	2002
1	central	worker-cs-6	Label-05	2002
1	central	worker-cs-6	Label-05	2002
1	central	worker-cs-6	Label-05	2003
1	central	worker-cs-6	Label-05	2002
1	central	worker-cs-6	Label-11	2003
1	central	worker-cs-6	Label-05	2003
1	central	worker-cs-6	Label-11	2001
1	central	worker-cs-6	Label-05	2002
1	central	worker-cs-6	Label-11	2002
1	central	worker-cs-6	Label-05	2002
1	central	worker-cs-6	Label-05	2002
1	central	worker-cs-6	Label-05	2002
1	central	worker-cs-6	Label-11	45002
1	central	worker-cs-6	Label-05	2001
1	central	worker-cs-6	Label-05	2005
1	central	worker-cs-6	Label-05	2002
1	central	worker-cs-6	Label-11	2001
1	central	worker-cs-6	Label-05	2002
1	central	worker-cs-6	Label-05	2002
1	central	worker-cs-6	Label-05	2001
1	central	worker-cs-6	Label-05	2002
1	central	worker-cs-6	Label-05	2002
1	central	worker-cs-6	Label-11	2001
1	central	worker-cs-6	Label-11	2002
1	central	worker-cs-6	Label-05	2002
1	central	worker-cs-6	Label-05	2001
1	central	worker-cs-6	Label-05	2002
1	central	worker-cs-6	Label-11	2002
1	central	worker-cs-6	Label-05	2002
1	central	worker-cs-6	Label-11	2001
1	central	worker-cs-6	Label-11	2002
1	central	worker-cs-6	Label-05	2003
1	central	worker-cs-6	Label-05	2002
1	central	worker-cs-6	Label-05	2002
1	central	worker-cs-6	Label-05	2002
1	central	worker-cs-6	Label-05	2002
1	central	worker-cs-6	Label-05	2002
1	central	worker-cs-6	Label-05	2001
1	central	worker-cs-6	Label-11	2001
1	central	worker-cs-6	Label-11	2002
1	central	worker-cs-6	Label-11	2001
1	central	worker-cs-6	Label-05	2002
1	central	worker-cs-6	Label-05	2002
1	central	worker-cs-6	Label-11	2002
1	central	worker-cs-6	Label-05	2001
1	central	worker-cs-6	Label-05	2002
1	central	worker-cs-6	Label-05	2001
1	central	worker-cs-6	Label-05	2002
1	central	worker-cs-6	Label-05	2002
1	central	worker-cs-6	Label-11	2002
1	central	worker-cs-6	Label-05	2003
1	central	worker-cs-6	Label-05	2003
1	central	worker-cs-6	Label-05	2001
1	central	worker-cs-6	Label-05	2002
1	central	worker-cs-6	Label-11	2003
1	central	worker-cs-6	Label-05	2003
1	central	worker-cs-6	Label-05	2002
1	central	worker-cs-6	Label-11	2002
1	central	worker-cs-6	Label-05	2001
1	central	worker-cs-6	Label-11	2002
1	central	worker-cs-6	Label-11	2002
1	central	worker-cs-6	Label-05	2002
1	central	worker-cs-6	Label-05	2001
1	central	worker-cs-6	Label-05	2001
1	central	worker-cs-6	Label-05	2001
1	central	worker-cs-6	Label-11	2002
1	central	worker-cs-6	Label-05	2002
1	central	worker-cs-6	Label-05	2001
1	central	worker-cs-6	Label-05	2002
1	central	worker-cs-6	Label-11	2002
1	central	worker-cs-6	Label-05	2003
1	central	worker-cs-6	Label-05	2003
1	central	worker-cs-6	Label-05	2001
1	central	worker-cs-6	Label-05	2002
1	central	worker-cs-6	Label-11	2002
1	central	worker-cs-6	Label-05	2003
1	central	worker-cs-6	Label-11	2002
1	central	worker-cs-6	Label-05	2001
1	central	worker-cs-6	Label-05	2002
1	central	worker-cs-6	Label-11	2001
1	central	worker-cs-6	Label-05	2002
1	central	worker-cs-6	Label-05	2001
1	central	worker-cs-6	Label-05	2001
1	central	worker-cs-6	Label-11	2002
1	central	worker-cs-6	Label-11	2002
1	central	worker-cs-6	Label-05	2002
1	central	worker-cs-6	Label-11	2003
1	central	worker-cs-6	Label-05	2002
1	central	worker-cs-6	Label-05	2001
1	central	worker-cs-6	Label-11	2003
1	central	worker-cs-6	Label-05	2002
1	central	worker-cs-6	Label-05	2003
1	central	worker-cs-6	Label-11	2002
1	central	worker-cs-6	Label-11	2002
1	central	worker-cs-6	Label-05	2002
1	central	worker-cs-6	Label-11	2001
1	central	worker-cs-6	Label-05	2001
1	central	worker-cs-6	Label-05	2001
1	central	worker-cs-6	Label-11	2001
1	central	worker-cs-6	Label-05	2002
1	central	worker-cs-6	Label-11	2003
1	central	worker-cs-6	Label-05	2002
1	central	worker-cs-6	Label-05	2001
1	central	worker-cs-6	Label-05	2001
1	central	worker-cs-6	Label-05	2004
1	central	worker-cs-6	Label-05	2002
1	central	worker-cs-6	Label-05	2002
1	central	worker-cs-6	Label-05	2002
1	central	worker-cs-6	Label-05	2002
1	central	worker-cs-6	Label-11	2002
1	central	worker-cs-6	Label-05	2002
1	central	worker-cs-6	Label-11	2003
1	central	worker-cs-6	Label-11	2001
1	central	worker-cs-6	Label-11	2002
1	central	worker-cs-6	Label-05	2002
1	central	worker-cs-6	Label-05	2002
1	central	worker-cs-6	Label-05	2002
1	central	worker-cs-6	Label-05	2002
1	central	worker-cs-6	Label-05	2002
1	central	worker-cs-6	Label-05	2002
1	central	worker-cs-6	Label-05	2002
1	central	worker-cs-6	Label-05	2002
1	central	worker-cs-6	Label-05	2002
1	central	worker-cs-6	Label-05	2001
1	central	worker-cs-6	Label-05	2002
1	central	worker-cs-6	Label-05	2002
1	central	worker-cs-6	Label-05	2002
1	central	worker-cs-6	Label-11	2001
1	central	worker-cs-6	Label-11	2002
1	central	worker-cs-6	Label-05	2001
1	central	worker-cs-6	Label-05	2002
1	central	worker-cs-6	Label-11	2002
1	central	worker-cs-6	Label-05	2001
1	central	worker-cs-6	Label-11	2002
1	central	worker-cs-6	Label-05	2002
1	central	worker-cs-6	Label-05	2001
1	central	worker-cs-6	Label-11	2002
1	central	worker-cs-6	Label-05	2004
1	central	worker-cs-6	Label-05	2002
1	central	worker-cs-6	Label-11	2001
1	central	worker-cs-6	Label-05	2002
1	central	worker-cs-6	Label-05	2002
1	central	worker-cs-6	Label-05	2001
1	central	worker-cs-6	Label-05	2002
1	central	worker-cs-6	Label-11	2003
1	central	worker-cs-6	Label-05	2001
1	central	worker-cs-6	Label-05	2001
1	central	worker-cs-6	Label-11	2002
1	central	worker-cs-6	Label-05	2001
1	central	worker-cs-6	Label-05	2002
1	central	worker-cs-6	Label-05	2003
1	central	worker-cs-6	Label-11	2004
1	central	worker-cs-6	Label-05	2003
1	central	worker-cs-6	Label-11	2002
1	central	worker-cs-6	Label-05	2002
1	central	worker-cs-6	Label-11	2001
1	central	worker-cs-6	Label-05	2001
1	central	worker-cs-6	Label-05	2002
1	central	worker-cs-6	Label-05	2001
1	central	worker-cs-6	Label-05	2001
1	central	worker-cs-6	Label-05	2002
1	central	worker-cs-6	Label-05	2003
1	central	worker-cs-6	Label-05	2002
1	central	worker-cs-6	Label-11	2005
1	central	worker-cs-6	Label-05	2002
1	central	worker-cs-6	Label-05	2002
1	central	worker-cs-6	Label-05	2002
1	central	worker-cs-6	Label-11	2000
1	central	worker-cs-6	Label-05	2001
1	central	worker-cs-6	Label-11	2002
1	central	worker-cs-6	Label-11	2001
1	central	worker-cs-6	Label-05	2002
1	central	worker-cs-6	Label-11	2002
1	central	worker-cs-6	Label-05	2002
1	central	worker-cs-6	Label-05	2003
1	central	worker-cs-6	Label-05	2002
1	central	worker-cs-6	Label-11	2001
1	central	worker-cs-6	Label-05	2002
1	central	worker-cs-6	Label-05	2002
1	central	worker-cs-6	Label-11	2002
1	central	worker-cs-6	Label-05	2002
1	central	worker-cs-6	Label-11	2002
1	central	worker-cs-6	Label-05	2003
1	central	worker-cs-6	Label-05	2001
1	central	worker-cs-6	Label-05	2002
1	central	worker-cs-6	Label-11	2002
1	central	worker-cs-6	Label-11	2002
1	central	worker-cs-6	Label-11	2001
1	central	worker-cs-6	Label-11	2002
1	central	worker-cs-6	Label-05	2002
1	central	worker-cs-6	Label-05	2001
1	central	worker-cs-6	Label-05	2001
1	central	worker-cs-6	Label-05	2002
1	central	worker-cs-6	Label-11	2002
1	central	worker-cs-6	Label-05	2001
1	central	worker-cs-6	Label-05	2001
1	central	worker-cs-6	Label-11	2002
1	central	worker-cs-6	Label-05	2001
1	central	worker-cs-6	Label-05	2001
1	central	worker-cs-6	Label-05	2002
1	central	worker-cs-6	Label-05	2002
1	central	worker-cs-6	Label-05	2002
1	central	worker-cs-6	Label-05	2002
1	central	worker-cs-6	Label-11	2002
1	central	worker-cs-6	Label-05	2002
1	central	worker-cs-6	Label-05	2002
1	central	worker-cs-6	Label-11	2001
1	central	worker-cs-6	Label-11	2003
1	central	worker-cs-6	Label-05	2002
1	central	worker-cs-6	Label-05	2002
1	central	worker-cs-6	Label-05	2002
1	central	worker-cs-6	Label-05	2002
1	central	worker-cs-6	Label-11	2001
1	central	worker-cs-6	Label-05	2002
1	central	worker-cs-6	Label-05	2002
1	central	worker-cs-6	Label-11	2002
1	central	worker-cs-6	Label-05	2002
1	central	worker-cs-6	Label-11	2003
1	central	worker-cs-6	Label-05	2001
1	central	worker-cs-6	Label-11	2001
1	central	worker-cs-6	Label-05	2002
1	central	worker-cs-6	Label-05	2002
1	central	worker-cs-6	Label-11	2002
1	central	worker-cs-6	Label-05	2002
1	central	worker-cs-6	Label-11	2002
1	central	worker-cs-6	Label-11	2002
1	central	worker-cs-6	Label-05	2002
1	central	worker-cs-6	Label-05	2002
1	central	worker-cs-6	Label-05	2001
1	central	worker-cs-6	Label-05	2002
1	central	worker-cs-6	Label-05	2001
1	central	worker-cs-6	Label-05	2001
1	central	worker-cs-6	Label-11	2002
1	central	worker-cs-6	Label-05	2002
1	central	worker-cs-6	Label-11	2002
1	central	worker-cs-6	Label-05	2002
1	central	worker-cs-6	Label-05	2002
1	central	worker-cs-6	Label-05	2002
1	central	worker-cs-6	Label-05	2002
1	central	worker-cs-6	Label-05	2002
1	central	worker-cs-6	Label-05	2002
1	central	worker-cs-6	Label-11	2001
1	central	worker-cs-6	Label-05	2003
1	central	worker-cs-6	Label-05	2001
1	central	worker-cs-6	Label-05	2001
1	central	worker-cs-6	Label-11	2001
1	central	worker-cs-6	Label-05	2001
1	central	worker-cs-6	Label-05	2002
1	central	worker-cs-6	Label-11	2002
1	central	worker-cs-6	Label-05	2002
1	central	worker-cs-6	Label-11	2003
1	central	worker-cs-6	Label-05	2002
1	central	worker-cs-6	Label-05	2002
1	central	worker-cs-6	Label-05	2002
1	central	worker-cs-6	Label-05	2002
1	central	worker-cs-6	Label-05	2002
1	central	worker-cs-6	Label-05	2002
1	central	worker-cs-6	Label-05	2002
1	central	worker-cs-6	Label-11	2002
1	central	worker-cs-6	Label-11	2002
1	central	worker-cs-6	Label-05	2001
1	central	worker-cs-6	Label-11	2002
1	central	worker-cs-6	Label-05	2003
1	central	worker-cs-6	Label-05	2002
1	central	worker-cs-6	Label-05	2002
1	central	worker-cs-6	Label-05	2002
1	central	worker-cs-6	Label-11	2002
1	central	worker-cs-6	Label-11	2002
1	central	worker-cs-6	Label-05	2004
1	central	worker-cs-6	Label-05	2002
1	central	worker-cs-6	Label-11	2002
1	central	worker-cs-6	Label-11	2002
1	central	worker-cs-6	Label-05	2002
1	central	worker-cs-6	Label-05	2002
1	central	worker-cs-6	Label-05	2003
1	central	worker-cs-6	Label-11	2002
1	central	worker-cs-6	Label-11	2001
1	central	worker-cs-6	Label-05	2001
1	central	worker-cs-6	Label-11	2002
1	central	worker-cs-6	Label-05	2002
1	central	worker-cs-6	Label-05	2003
1	central	worker-cs-6	Label-05	2002
1	central	worker-cs-6	Label-05	2002
1	central	worker-cs-6	Label-11	2002
1	central	worker-cs-6	Label-05	2001
1	central	worker-cs-6	Label-11	2001
1	central	worker-cs-6	Label-11	2002
1	central	worker-cs-6	Label-05	2001
1	central	worker-cs-6	Label-05	2001
1	central	worker-cs-6	Label-05	2002
1	central	worker-cs-6	Label-11	2001
1	central	worker-cs-6	Label-11	2001
1	central	worker-cs-6	Label-05	2001
1	central	worker-cs-6	Label-11	2002
1	central	worker-cs-6	Label-05	2001
1	central	worker-cs-6	Label-05	2002
1	central	worker-cs-6	Label-05	2002
1	central	worker-cs-6	Label-11	2001
1	central	worker-cs-6	Label-05	2003
1	central	worker-cs-6	Label-05	2001
1	central	worker-cs-6	Label-11	2002
1	central	worker-cs-6	Label-05	2001
1	central	worker-cs-6	Label-11	2001
1	central	worker-cs-6	Label-11	2002
1	central	worker-cs-6	Label-05	2002
1	central	worker-cs-6	Label-05	2002
1	central	worker-cs-6	Label-05	2002
1	central	worker-cs-6	Label-11	2002
1	central	worker-cs-6	Label-05	2001
1	central	worker-cs-6	Label-05	2003
1	central	worker-cs-6	Label-05	2001
1	central	worker-cs-6	Label-05	2001
1	central	worker-cs-6	Label-05	2001
1	central	worker-cs-6	Label-05	2005
1	central	worker-cs-6	Label-05	2002
1	central	worker-cs-6	Label-05	2003
1	central	worker-cs-6	Label-05	2001
1	central	worker-cs-6	Label-11	2003
1	central	worker-cs-6	Label-11	2001
1	central	worker-cs-6	Label-11	2002
1	central	worker-cs-6	Label-11	2002
1	central	worker-cs-6	Label-11	2001
1	central	worker-cs-6	Label-05	2002
1	central	worker-cs-6	Label-11	2001
1	central	worker-cs-6	Label-11	2001
1	central	worker-cs-6	Label-05	2001
1	central	worker-cs-6	Label-11	2002
1	central	worker-cs-6	Label-05	2002
1	central	worker-cs-6	Label-05	2002
1	central	worker-cs-6	Label-05	2002
1	central	worker-cs-6	Label-11	2002
1	central	worker-cs-6	Label-05	2002
1	central	worker-cs-6	Label-11	2002
1	central	worker-cs-6	Label-05	2002
1	central	worker-cs-6	Label-05	2001
1	central	worker-cs-6	Label-05	2002
1	central	worker-cs-7	Label-15	2003
1	central	worker-cs-7	Label-15	2002
1	central	worker-cs-7	Label-15	2001
1	central	worker-cs-7	Label-15	2001
1	central	worker-cs-7	Label-15	2002
1	central	worker-cs-7	Label-15	2001
1	central	worker-cs-7	Label-15	2001
1	central	worker-cs-7	Label-15	2002
1	central	worker-cs-7	Label-15	2001
1	central	worker-cs-7	Label-15	2001
1	central	worker-cs-7	Label-15	180001
1	central	worker-cs-7	Label-15	2002
1	central	worker-cs-7	Label-15	2005
1	central	worker-cs-7	Label-15	2004
1	central	worker-cs-7	Label-15	2002
1	central	worker-cs-7	Label-15	2002
1	central	worker-cs-7	Label-15	2001
1	central	worker-cs-7	Label-15	2002
1	central	worker-cs-7	Label-15	2001
1	central	worker-cs-7	Label-15	2002
1	central	worker-cs-7	Label-15	2001
1	central	worker-cs-7	Label-15	2001
1	central	worker-cs-7	Label-15	2002
1	central	worker-cs-7	Label-15	2002
1	central	worker-cs-7	Label-15	2002
1	central	worker-cs-7	Label-15	2001
1	central	worker-cs-7	Label-15	2002
1	central	worker-cs-7	Label-15	2003
1	central	worker-cs-7	Label-15	2002
1	central	worker-cs-7	Label-15	2002
1	central	worker-cs-7	Label-15	2002
1	central	worker-cs-7	Label-15	2002
1	central	worker-cs-7	Label-15	2002
1	central	worker-cs-7	Label-15	2002
1	central	worker-cs-7	Label-15	2002
1	central	worker-cs-7	Label-15	2001
1	central	worker-cs-7	Label-15	2001
1	central	worker-cs-7	Label-15	2004
1	central	worker-cs-7	Label-15	2003
1	central	worker-cs-7	Label-15	2002
1	central	worker-cs-7	Label-15	2001
1	central	worker-cs-7	Label-15	2004
1	central	worker-cs-7	Label-15	2002
1	central	worker-cs-7	Label-15	2002
1	central	worker-cs-7	Label-15	2001
1	central	worker-cs-7	Label-15	2002
1	central	worker-cs-7	Label-15	2000
1	central	worker-cs-7	Label-15	2001
1	central	worker-cs-7	Label-15	2002
1	central	worker-cs-7	Label-15	2001
1	central	worker-cs-7	Label-15	2002
1	central	worker-cs-7	Label-15	2001
1	central	worker-cs-7	Label-15	2001
1	central	worker-cs-7	Label-15	2001
1	central	worker-cs-7	Label-15	2002
1	central	worker-cs-7	Label-15	2002
1	central	worker-cs-7	Label-15	2001
1	central	worker-cs-7	Label-15	2002
1	central	worker-cs-7	Label-15	2002
1	central	worker-cs-7	Label-15	2001
1	central	worker-cs-7	Label-15	2001
1	central	worker-cs-7	Label-15	2004
1	central	worker-cs-7	Label-15	2002
1	central	worker-cs-7	Label-15	2001
1	central	worker-cs-7	Label-15	2002
1	central	worker-cs-7	Label-15	2002
1	central	worker-cs-7	Label-15	2001
1	central	worker-cs-7	Label-15	2002
1	central	worker-cs-7	Label-15	2001
1	central	worker-cs-7	Label-15	2004
1	central	worker-cs-7	Label-15	2003
1	central	worker-cs-7	Label-15	2004
1	central	worker-cs-7	Label-15	2002
1	central	worker-cs-7	Label-15	2002
1	central	worker-cs-7	Label-15	2002
1	central	worker-cs-7	Label-15	2002
1	central	worker-cs-7	Label-15	2001
1	central	worker-cs-7	Label-15	2001
1	central	worker-cs-7	Label-15	2002
1	central	worker-cs-7	Label-15	2001
1	central	worker-cs-7	Label-15	2001
1	central	worker-cs-7	Label-15	2002
1	central	worker-cs-7	Label-15	2001
1	central	worker-cs-7	Label-15	2002
1	central	worker-cs-7	Label-15	2002
1	central	worker-cs-7	Label-15	2002
1	central	worker-cs-7	Label-15	2003
1	central	worker-cs-7	Label-15	2001
1	central	worker-cs-7	Label-15	2001
1	central	worker-cs-7	Label-15	2003
1	central	worker-cs-7	Label-15	2001
1	central	worker-cs-7	Label-15	2002
1	central	worker-cs-7	Label-15	2002
1	central	worker-cs-7	Label-15	2002
1	central	worker-cs-7	Label-15	2001
1	central	worker-cs-7	Label-15	2002
1	central	worker-cs-7	Label-15	2001
1	central	worker-cs-7	Label-15	2001
1	central	worker-cs-7	Label-15	2002
1	central	worker-cs-7	Label-15	2002
1	central	worker-cs-7	Label-15	2002
1	central	worker-cs-8	Label-14	2001
1	central	worker-cs-8	Label-14	2002
1	central	worker-cs-8	Label-14	2002
1	central	worker-cs-8	Label-14	2002
1	central	worker-cs-8	Label-14	2002
1	central	worker-cs-8	Label-14	180003
1	central	worker-cs-8	Label-14	2003
1	central	worker-cs-8	Label-14	2002
1	central	worker-cs-8	Label-14	2003
1	central	worker-cs-8	Label-14	2002
1	central	worker-cs-8	Label-14	2001
1	central	worker-cs-8	Label-14	2002
1	central	worker-cs-8	Label-14	2006
1	central	worker-cs-8	Label-14	2001
1	central	worker-cs-8	Label-14	2003
1	central	worker-cs-8	Label-14	2003
1	central	worker-cs-8	Label-14	2004
1	central	worker-cs-8	Label-14	2003
1	central	worker-cs-8	Label-14	2002
1	central	worker-cs-8	Label-14	2002
1	central	worker-cs-8	Label-14	2002
1	central	worker-cs-8	Label-14	2003
1	central	worker-cs-8	Label-14	2002
1	central	worker-cs-8	Label-14	2001
1	central	worker-cs-8	Label-14	2002
1	central	worker-cs-8	Label-14	2002
1	central	worker-cs-8	Label-14	2002
1	central	worker-cs-8	Label-14	2002
1	central	worker-cs-8	Label-14	2002
1	central	worker-cs-8	Label-14	2002
1	central	worker-cs-8	Label-14	2003
1	central	worker-cs-8	Label-14	2002
1	central	worker-cs-8	Label-14	2002
1	central	worker-cs-8	Label-14	2007
1	central	worker-cs-8	Label-14	2002
1	central	worker-cs-8	Label-14	2001
1	central	worker-cs-8	Label-14	2003
1	central	worker-cs-8	Label-14	2002
1	central	worker-cs-8	Label-14	2001
1	central	worker-cs-8	Label-14	2004
1	central	worker-cs-8	Label-14	2001
1	central	worker-cs-8	Label-14	2002
1	central	worker-cs-8	Label-14	2003
1	central	worker-cs-8	Label-14	2008
1	central	worker-cs-8	Label-14	2008
1	central	worker-cs-8	Label-14	2002
1	central	worker-cs-8	Label-14	2002
1	central	worker-cs-8	Label-14	2001
1	central	worker-cs-8	Label-14	2002
1	central	worker-cs-8	Label-14	2002
1	central	worker-cs-8	Label-14	2002
1	central	worker-cs-8	Label-14	2001
1	central	worker-cs-8	Label-14	2002
1	central	worker-cs-8	Label-14	2001
1	central	worker-cs-8	Label-14	2002
1	central	worker-cs-8	Label-14	2002
1	central	worker-cs-8	Label-14	2002
1	central	worker-cs-8	Label-14	2002
1	central	worker-cs-8	Label-14	2002
1	central	worker-cs-8	Label-14	2001
1	central	worker-cs-8	Label-14	2003
1	central	worker-cs-8	Label-14	2003
1	central	worker-cs-8	Label-14	2002
1	central	worker-cs-8	Label-14	2002
1	central	worker-cs-8	Label-14	2003
1	central	worker-cs-8	Label-14	2002
1	central	worker-cs-8	Label-14	2002
1	central	worker-cs-8	Label-14	2003
1	central	worker-cs-8	Label-14	2002
1	central	worker-cs-8	Label-14	2002
1	central	worker-cs-8	Label-14	2004
1	central	worker-cs-8	Label-14	2000
1	central	worker-cs-8	Label-14	2001
1	central	worker-cs-8	Label-14	2002
1	central	worker-cs-8	Label-14	2001
1	central	worker-cs-8	Label-14	2002
1	central	worker-cs-8	Label-14	2002
1	central	worker-cs-8	Label-14	2002
1	central	worker-cs-8	Label-14	2003
1	central	worker-cs-8	Label-14	2002
1	central	worker-cs-8	Label-14	2004
1	central	worker-cs-8	Label-14	2002
1	central	worker-cs-8	Label-14	2002
1	central	worker-cs-8	Label-14	2004
1	central	worker-cs-8	Label-14	2002
1	central	worker-cs-8	Label-14	2001
1	central	worker-cs-8	Label-14	2002
1	central	worker-cs-8	Label-14	2001
1	central	worker-cs-8	Label-14	2001
1	central	worker-cs-8	Label-14	2002
1	central	worker-cs-8	Label-14	2003
1	central	worker-cs-8	Label-14	2002
1	central	worker-cs-9	Label-13	2001
1	central	worker-cs-9	Label-13	2001
1	central	worker-cs-9	Label-09	2002
1	central	worker-cs-9	Label-09	2001
1	central	worker-cs-9	Label-13	2002
1	central	worker-cs-9	Label-09	2001
1	central	worker-cs-9	Label-13	2002
1	central	worker-cs-9	Label-13	2001
1	central	worker-cs-9	Label-09	2002
1	central	worker-cs-9	Label-13	2001
1	central	worker-cs-9	Label-13	2001
1	central	worker-cs-9	Label-09	2001
1	central	worker-cs-9	Label-09	2002
1	central	worker-cs-9	Label-09	2005
1	central	worker-cs-9	Label-09	2002
1	central	worker-cs-9	Label-09	2001
1	central	worker-cs-9	Label-09	2001
1	central	worker-cs-9	Label-09	2002
1	central	worker-cs-9	Label-13	2002
1	central	worker-cs-9	Label-09	2001
1	central	worker-cs-9	Label-09	2002
1	central	worker-cs-9	Label-13	2001
1	central	worker-cs-9	Label-13	2002
1	central	worker-cs-9	Label-09	2002
1	central	worker-cs-9	Label-09	2000
1	central	worker-cs-9	Label-09	2002
1	central	worker-cs-9	Label-13	2003
1	central	worker-cs-9	Label-09	2001
1	central	worker-cs-9	Label-09	2002
1	central	worker-cs-9	Label-13	2002
1	central	worker-cs-9	Label-09	2001
1	central	worker-cs-9	Label-09	2003
1	central	worker-cs-9	Label-13	180001
1	central	worker-cs-9	Label-09	2001
1	central	worker-cs-9	Label-13	2002
1	central	worker-cs-9	Label-09	2002
1	central	worker-cs-9	Label-13	2002
1	central	worker-cs-9	Label-09	2002
1	central	worker-cs-9	Label-13	2002
1	central	worker-cs-9	Label-09	2002
1	central	worker-cs-9	Label-09	2001
1	central	worker-cs-9	Label-09	2001
1	central	worker-cs-9	Label-09	2001
1	central	worker-cs-9	Label-09	2001
1	central	worker-cs-9	Label-09	2002
1	central	worker-cs-9	Label-13	2001
1	central	worker-cs-9	Label-09	2002
1	central	worker-cs-9	Label-09	2001
1	central	worker-cs-9	Label-09	2002
1	central	worker-cs-9	Label-09	2000
1	central	worker-cs-9	Label-09	2002
1	central	worker-cs-9	Label-09	2001
1	central	worker-cs-9	Label-13	2002
1	central	worker-cs-9	Label-09	2001
1	central	worker-cs-9	Label-09	2001
1	central	worker-cs-9	Label-09	2006
1	central	worker-cs-9	Label-09	2002
1	central	worker-cs-9	Label-09	2004
1	central	worker-cs-9	Label-09	2001
1	central	worker-cs-9	Label-09	2001
1	central	worker-cs-9	Label-13	2002
1	central	worker-cs-9	Label-09	2002
1	central	worker-cs-9	Label-09	2002
1	central	worker-cs-9	Label-13	2002
1	central	worker-cs-9	Label-09	2002
1	central	worker-cs-9	Label-09	2002
1	central	worker-cs-9	Label-09	2001
1	central	worker-cs-9	Label-13	2002
1	central	worker-cs-9	Label-09	2002
1	central	worker-cs-9	Label-09	2002
1	central	worker-cs-9	Label-09	2003
1	central	worker-cs-9	Label-09	2002
1	central	worker-cs-9	Label-13	2001
1	central	worker-cs-9	Label-09	2001
1	central	worker-cs-9	Label-13	2002
1	central	worker-cs-9	Label-13	2002
1	central	worker-cs-9	Label-09	2001
1	central	worker-cs-9	Label-09	2001
1	central	worker-cs-9	Label-13	2002
1	central	worker-cs-9	Label-13	2002
1	central	worker-cs-9	Label-13	2002
1	central	worker-cs-9	Label-09	2001
1	central	worker-cs-9	Label-09	2001
1	central	worker-cs-9	Label-09	2002
1	central	worker-cs-9	Label-09	2001
1	central	worker-cs-9	Label-09	2001
1	central	worker-cs-9	Label-13	2001
1	central	worker-cs-9	Label-09	2001
1	central	worker-cs-9	Label-09	2002
1	central	worker-cs-9	Label-09	2001
1	central	worker-cs-9	Label-09	2001
1	central	worker-cs-9	Label-13	2002
1	central	worker-cs-9	Label-13	2001
1	central	worker-cs-9	Label-09	2002
1	central	worker-cs-9	Label-09	2002
1	central	worker-cs-9	Label-13	2001
1	central	worker-cs-9	Label-13	2001
1	central	worker-cs-9	Label-13	2000
1	central	worker-cs-9	Label-13	2001
1	central	worker-cs-9	Label-09	2001
1	central	worker-cs-9	Label-13	2002
1	central	worker-cs-9	Label-09	2002
1	central	worker-cs-9	Label-09	2001
1	central	worker-cs-9	Label-09	2001
1	central	worker-cs-9	Label-13	2001
1	central	worker-cs-9	Label-09	2002
1	central	worker-cs-9	Label-09	2001
1	central	worker-cs-9	Label-13	2002
1	central	worker-cs-9	Label-09	2001
1	central	worker-cs-9	Label-09	2001
1	central	worker-cs-9	Label-09	2002
1	central	worker-cs-9	Label-09	2001
1	central	worker-cs-9	Label-09	2001
1	central	worker-cs-9	Label-09	2001
1	central	worker-cs-9	Label-09	2002
1	central	worker-cs-9	Label-09	2001
1	central	worker-cs-9	Label-09	2001
1	central	worker-cs-9	Label-13	2002
1	central	worker-cs-9	Label-09	2001
1	central	worker-cs-9	Label-09	2001
1	central	worker-cs-9	Label-09	2001
1	central	worker-cs-9	Label-13	2002
1	central	worker-cs-9	Label-09	2002
1	central	worker-cs-9	Label-09	2002
1	central	worker-cs-9	Label-09	2002
1	central	worker-cs-9	Label-09	2003
1	central	worker-cs-9	Label-09	2001
1	central	worker-cs-9	Label-09	2005
1	central	worker-cs-9	Label-09	2002
1	central	worker-cs-9	Label-13	2002
1	central	worker-cs-9	Label-09	2002
1	central	worker-cs-9	Label-13	2001
1	central	worker-cs-9	Label-09	2002
1	central	worker-cs-9	Label-09	2002
1	central	worker-cs-9	Label-09	2002
1	central	worker-cs-9	Label-13	2001
1	central	worker-cs-9	Label-13	2002
1	central	worker-cs-9	Label-09	2002
1	central	worker-cs-9	Label-13	2001
1	central	worker-cs-9	Label-09	2001
1	central	worker-cs-9	Label-09	2001
1	central	worker-cs-9	Label-09	2002
1	central	worker-cs-9	Label-09	2002
1	central	worker-cs-9	Label-09	2001
1	central	worker-cs-9	Label-13	2002
1	central	worker-cs-9	Label-09	2002
1	central	worker-cs-9	Label-09	2002
1	central	worker-cs-9	Label-13	2002
1	central	worker-cs-9	Label-09	2002
1	central	worker-cs-9	Label-09	2003
1	central	worker-cs-9	Label-09	2001
1	central	worker-cs-9	Label-09	2002
1	central	worker-cs-9	Label-09	2001
1	central	worker-cs-9	Label-13	2002
1	central	worker-cs-9	Label-13	2002
1	central	worker-cs-9	Label-13	2002
1	central	worker-cs-9	Label-13	2001
1	central	worker-cs-9	Label-09	2005
1	central	worker-cs-9	Label-13	2001
1	central	worker-cs-9	Label-09	2002
1	central	worker-cs-9	Label-09	2002
1	central	worker-cs-9	Label-09	2001
1	central	worker-cs-9	Label-09	2001
1	central	worker-cs-9	Label-09	2002
1	central	worker-cs-9	Label-13	2001
1	central	worker-cs-9	Label-13	2001
1	central	worker-cs-9	Label-13	2002
1	central	worker-cs-9	Label-09	2001
1	central	worker-cs-9	Label-09	2004
1	central	worker-cs-9	Label-09	2002
1	central	worker-cs-9	Label-13	2002
1	central	worker-cs-9	Label-09	2002
1	central	worker-cs-9	Label-09	2002
1	central	worker-cs-9	Label-09	2000
1	central	worker-cs-9	Label-09	2002
1	central	worker-cs-9	Label-09	2002
1	central	worker-cs-9	Label-09	2002
1	central	worker-cs-9	Label-13	2002
1	central	worker-cs-9	Label-09	2002
1	central	worker-cs-9	Label-13	2001
1	central	worker-cs-9	Label-13	2001
1	central	worker-cs-9	Label-09	2004
1	central	worker-cs-9	Label-09	2002
1	central	worker-cs-9	Label-09	2001
1	central	worker-cs-9	Label-09	2001
1	central	worker-cs-9	Label-09	2001
1	central	worker-cs-9	Label-13	2001
1	central	worker-cs-9	Label-09	2001
1	central	worker-cs-9	Label-09	2002
1	central	worker-cs-9	Label-09	2001
1	central	worker-cs-9	Label-13	2002
1	central	worker-cs-9	Label-09	2001
1	central	worker-cs-9	Label-09	2000
1	central	worker-cs-9	Label-09	2002
1	central	worker-cs-9	Label-09	2002
1	central	worker-cs-9	Label-09	2000
1	central	worker-cs-9	Label-09	2001
1	central	worker-cs-9	Label-13	2001
1	central	worker-cs-9	Label-09	2001
1	central	worker-cs-9	Label-13	2002
1	central	worker-cs-9	Label-09	2002
1	central	worker-cs-9	Label-09	2002
1	central	worker-cs-9	Label-09	2002
1	central	worker-cs-9	Label-13	2003
1	central	worker-cs-9	Label-13	2001
1	central	worker-cs-9	Label-09	2001
1	central	worker-cs-9	Label-09	2001
1	central	worker-cs-9	Label-09	2001
1	central	worker-cs-9	Label-09	2001
1	central	worker-cs-9	Label-13	2003
1	central	worker-cs-9	Label-09	2001
1	central	worker-cs-9	Label-13	2002
1	central	worker-cs-9	Label-09	2002
1	central	worker-cs-9	Label-13	2001
1	central	worker-cs-9	Label-13	2000
1	central	worker-cs-9	Label-13	2001
1	central	worker-cs-9	Label-09	2002
1	central	worker-cs-9	Label-13	2001
1	central	worker-cs-9	Label-09	2002
1	central	worker-cs-9	Label-09	2001
1	central	worker-cs-9	Label-13	2001
1	central	worker-cs-9	Label-09	2002
1	central	worker-cs-9	Label-09	2001
1	central	worker-cs-9	Label-13	2001
1	central	worker-cs-9	Label-09	2002
1	central	worker-cs-9	Label-09	2002
1	central	worker-cs-9	Label-09	2001
1	central	worker-cs-9	Label-09	2001
1	central	worker-cs-9	Label-09	2002
1	central	worker-cs-9	Label-09	2002
1	central	worker-cs-9	Label-09	2001
1	central	worker-cs-9	Label-09	2002
1	central	worker-cs-9	Label-13	2001
1	central	worker-cs-9	Label-13	2001
1	central	worker-cs-9	Label-09	2002
1	central	worker-cs-9	Label-13	2001
1	central	worker-cs-9	Label-09	2001
1	central	worker-cs-9	Label-09	2002
1	central	worker-cs-9	Label-09	2001
1	central	worker-cs-9	Label-09	2008
1	central	worker-cs-9	Label-13	2002
1	central	worker-cs-9	Label-09	2002
1	central	worker-cs-9	Label-13	2002
1	central	worker-cs-9	Label-09	2002
1	central	worker-cs-9	Label-09	2001
1	central	worker-cs-9	Label-09	2002
1	central	worker-cs-9	Label-09	2003
1	central	worker-cs-9	Label-09	2002
1	central	worker-cs-9	Label-13	2001
1	central	worker-cs-9	Label-13	2001
1	central	worker-cs-9	Label-09	2002
1	central	worker-cs-9	Label-09	2002
1	central	worker-cs-9	Label-13	2002
1	central	worker-cs-9	Label-09	2001
1	central	worker-cs-9	Label-09	2001
1	central	worker-cs-9	Label-13	2001
1	central	worker-cs-9	Label-09	2002
1	central	worker-cs-9	Label-09	2002
1	central	worker-cs-9	Label-13	2002
1	central	worker-cs-9	Label-09	2002
1	central	worker-cs-9	Label-13	2001
1	central	worker-cs-9	Label-09	2001
1	central	worker-cs-9	Label-09	2001
1	central	worker-cs-9	Label-09	2001
1	central	worker-cs-9	Label-13	2002
1	central	worker-cs-9	Label-13	2002
1	central	worker-cs-9	Label-09	2001
1	central	worker-cs-9	Label-09	2001
1	central	worker-cs-9	Label-09	2001
1	central	worker-cs-9	Label-09	2002
1	central	worker-cs-9	Label-09	2002
1	central	worker-cs-9	Label-13	2001
1	central	worker-cs-9	Label-09	2002
1	central	worker-cs-9	Label-09	2001
1	central	worker-cs-9	Label-13	2001
1	central	worker-cs-9	Label-13	2002
1	central	worker-cs-9	Label-09	2001
1	central	worker-cs-9	Label-09	2002
1	central	worker-cs-9	Label-09	2002
1	central	worker-cs-9	Label-09	2002
1	central	worker-cs-9	Label-09	2001
1	central	worker-cs-9	Label-09	2002
1	central	worker-cs-9	Label-09	2002
1	central	worker-cs-9	Label-09	2001
1	central	worker-cs-9	Label-09	2002
1	central	worker-cs-9	Label-09	2002
1	central	worker-cs-9	Label-09	2003
1	central	worker-cs-9	Label-09	2002
1	central	worker-cs-9	Label-09	2001
1	central	worker-cs-9	Label-13	2002
1	central	worker-cs-9	Label-09	2001
1	central	worker-cs-9	Label-09	2001
1	central	worker-cs-9	Label-09	2002
1	central	worker-cs-9	Label-09	2003
1	central	worker-cs-9	Label-09	2001
1	central	worker-cs-9	Label-09	2001
1	central	worker-cs-9	Label-13	2001
1	central	worker-cs-9	Label-09	2002
1	central	worker-cs-9	Label-09	2002
1	central	worker-cs-9	Label-09	2001
1	central	worker-cs-9	Label-09	2001
1	central	worker-cs-9	Label-09	2001
1	central	worker-cs-9	Label-09	2004
1	central	worker-cs-9	Label-13	2004
1	central	worker-cs-9	Label-13	2001
1	central	worker-cs-9	Label-09	2003
1	central	worker-cs-9	Label-13	2001
1	central	worker-cs-9	Label-09	2000
1	central	worker-cs-9	Label-09	2002
1	central	worker-cs-9	Label-09	2002
1	central	worker-cs-9	Label-09	2002
1	central	worker-cs-9	Label-09	2015
1	central	worker-cs-9	Label-09	2001
1	central	worker-cs-9	Label-13	2002
1	central	worker-cs-9	Label-09	2002
1	central	worker-cs-9	Label-09	2003
1	central	worker-cs-9	Label-13	2002
1	central	worker-cs-9	Label-09	2003
1	central	worker-cs-9	Label-09	2001
1	central	worker-cs-9	Label-09	2001
1	central	worker-cs-9	Label-09	2001
1	central	worker-cs-9	Label-09	2005
1	central	worker-cs-9	Label-13	2002
1	central	worker-cs-9	Label-09	2000
1	central	worker-cs-9	Label-09	2001
1	central	worker-cs-9	Label-09	2001
1	central	worker-cs-9	Label-13	2002
1	central	worker-cs-9	Label-09	2002
2	central	worker-cs-0	Label-06	2003
2	central	worker-cs-0	Label-06	2003
2	central	worker-cs-0	Label-06	2001
2	central	worker-cs-0	Label-06	2002
2	central	worker-cs-0	Label-06	2001
2	central	worker-cs-0	Label-06	2002
2	central	worker-cs-0	Label-06	2002
2	central	worker-cs-0	Label-06	2001
2	central	worker-cs-0	Label-06	2002
2	central	worker-cs-0	Label-06	2002
2	central	worker-cs-0	Label-06	2003
2	central	worker-cs-0	Label-06	2002
2	central	worker-cs-0	Label-06	2002
2	central	worker-cs-0	Label-06	2001
2	central	worker-cs-0	Label-06	2005
2	central	worker-cs-0	Label-06	2003
2	central	worker-cs-0	Label-06	2002
2	central	worker-cs-0	Label-06	2002
2	central	worker-cs-0	Label-06	2002
2	central	worker-cs-0	Label-06	2003
2	central	worker-cs-0	Label-06	2002
2	central	worker-cs-0	Label-06	2002
2	central	worker-cs-0	Label-06	2004
2	central	worker-cs-0	Label-06	2001
2	central	worker-cs-0	Label-06	2001
2	central	worker-cs-0	Label-06	2001
2	central	worker-cs-0	Label-06	2003
2	central	worker-cs-0	Label-06	2002
2	central	worker-cs-0	Label-06	2003
2	central	worker-cs-0	Label-06	2002
2	central	worker-cs-0	Label-06	2001
2	central	worker-cs-0	Label-06	2002
2	central	worker-cs-0	Label-06	2002
2	central	worker-cs-0	Label-06	2002
2	central	worker-cs-0	Label-06	2002
2	central	worker-cs-0	Label-06	2003
2	central	worker-cs-0	Label-06	2002
2	central	worker-cs-0	Label-06	2002
2	central	worker-cs-0	Label-06	2001
2	central	worker-cs-0	Label-06	2003
2	central	worker-cs-0	Label-06	2003
2	central	worker-cs-0	Label-06	2002
2	central	worker-cs-0	Label-06	2001
2	central	worker-cs-0	Label-06	2001
2	central	worker-cs-0	Label-06	2003
2	central	worker-cs-0	Label-06	2001
2	central	worker-cs-0	Label-06	2002
2	central	worker-cs-0	Label-06	2002
2	central	worker-cs-0	Label-06	2002
2	central	worker-cs-0	Label-06	2002
2	central	worker-cs-0	Label-06	2002
2	central	worker-cs-0	Label-06	2001
2	central	worker-cs-0	Label-06	2002
2	central	worker-cs-0	Label-06	2004
2	central	worker-cs-0	Label-06	2002
2	central	worker-cs-0	Label-06	2001
2	central	worker-cs-0	Label-06	2002
2	central	worker-cs-0	Label-06	2002
2	central	worker-cs-0	Label-06	2003
2	central	worker-cs-0	Label-06	2001
2	central	worker-cs-0	Label-06	2001
2	central	worker-cs-0	Label-06	2002
2	central	worker-cs-0	Label-06	2003
2	central	worker-cs-0	Label-06	2003
2	central	worker-cs-0	Label-06	2002
2	central	worker-cs-0	Label-06	2002
2	central	worker-cs-0	Label-06	2003
2	central	worker-cs-0	Label-06	2001
2	central	worker-cs-0	Label-06	2002
2	central	worker-cs-0	Label-06	2002
2	central	worker-cs-0	Label-06	2002
2	central	worker-cs-0	Label-06	2002
2	central	worker-cs-0	Label-06	2002
2	central	worker-cs-0	Label-06	2001
2	central	worker-cs-0	Label-06	2001
2	central	worker-cs-0	Label-06	2002
2	central	worker-cs-0	Label-06	2003
2	central	worker-cs-0	Label-06	2002
2	central	worker-cs-0	Label-06	2002
2	central	worker-cs-0	Label-06	2002
2	central	worker-cs-0	Label-06	2003
2	central	worker-cs-0	Label-06	2001
2	central	worker-cs-0	Label-06	2003
2	central	worker-cs-0	Label-06	2003
2	central	worker-cs-0	Label-06	2002
2	central	worker-cs-0	Label-06	2001
2	central	worker-cs-0	Label-06	2001
2	central	worker-cs-0	Label-06	2002
2	central	worker-cs-0	Label-06	2001
2	central	worker-cs-0	Label-06	2002
2	central	worker-cs-0	Label-06	2001
2	central	worker-cs-0	Label-06	2003
2	central	worker-cs-0	Label-06	2002
2	central	worker-cs-0	Label-06	2002
2	central	worker-cs-0	Label-06	2001
2	central	worker-cs-0	Label-06	2001
2	central	worker-cs-0	Label-06	2002
2	central	worker-cs-0	Label-06	2002
2	central	worker-cs-0	Label-06	2002
2	central	worker-cs-0	Label-06	2001
2	central	worker-cs-0	Label-06	2002
2	central	worker-cs-0	Label-06	2002
2	central	worker-cs-0	Label-06	2001
2	central	worker-cs-0	Label-06	2002
2	central	worker-cs-0	Label-06	2002
2	central	worker-cs-0	Label-06	2002
2	central	worker-cs-0	Label-06	2001
2	central	worker-cs-0	Label-06	2002
2	central	worker-cs-0	Label-06	2003
2	central	worker-cs-0	Label-06	2002
2	central	worker-cs-0	Label-06	2002
2	central	worker-cs-0	Label-06	2003
2	central	worker-cs-0	Label-06	2002
2	central	worker-cs-0	Label-06	2002
2	central	worker-cs-0	Label-06	2001
2	central	worker-cs-0	Label-06	2002
2	central	worker-cs-0	Label-06	2002
2	central	worker-cs-0	Label-06	2003
2	central	worker-cs-0	Label-06	2002
2	central	worker-cs-0	Label-06	2002
2	central	worker-cs-0	Label-06	2003
2	central	worker-cs-0	Label-06	2002
2	central	worker-cs-0	Label-06	2002
2	central	worker-cs-0	Label-06	2002
2	central	worker-cs-0	Label-06	2002
2	central	worker-cs-0	Label-06	2002
2	central	worker-cs-0	Label-06	2003
2	central	worker-cs-0	Label-06	2003
2	central	worker-cs-0	Label-06	2002
2	central	worker-cs-0	Label-06	2002
2	central	worker-cs-0	Label-06	2002
2	central	worker-cs-0	Label-06	2004
2	central	worker-cs-0	Label-06	2003
2	central	worker-cs-0	Label-06	2002
2	central	worker-cs-0	Label-06	2002
2	central	worker-cs-0	Label-06	2001
2	central	worker-cs-0	Label-06	2002
2	central	worker-cs-0	Label-06	2002
2	central	worker-cs-0	Label-06	2002
2	central	worker-cs-0	Label-06	2001
2	central	worker-cs-0	Label-06	2002
2	central	worker-cs-0	Label-06	2002
2	central	worker-cs-0	Label-06	2002
2	central	worker-cs-0	Label-06	2003
2	central	worker-cs-0	Label-06	2002
2	central	worker-cs-0	Label-06	2002
2	central	worker-cs-0	Label-06	2002
2	central	worker-cs-0	Label-06	2003
2	central	worker-cs-0	Label-06	2002
2	central	worker-cs-0	Label-06	2002
2	central	worker-cs-0	Label-06	2002
2	central	worker-cs-0	Label-06	2002
2	central	worker-cs-0	Label-06	2003
2	central	worker-cs-0	Label-06	2002
2	central	worker-cs-0	Label-06	2002
2	central	worker-cs-0	Label-06	2002
2	central	worker-cs-0	Label-06	2002
2	central	worker-cs-0	Label-06	2002
2	central	worker-cs-0	Label-06	2002
2	central	worker-cs-0	Label-06	2002
2	central	worker-cs-0	Label-06	2002
2	central	worker-cs-0	Label-06	2003
2	central	worker-cs-0	Label-06	2002
2	central	worker-cs-0	Label-06	2001
2	central	worker-cs-0	Label-06	2002
2	central	worker-cs-0	Label-06	2002
2	central	worker-cs-0	Label-06	2002
2	central	worker-cs-0	Label-06	2002
2	central	worker-cs-0	Label-06	2002
2	central	worker-cs-0	Label-06	2002
2	central	worker-cs-0	Label-06	2002
2	central	worker-cs-0	Label-06	2002
2	central	worker-cs-0	Label-06	2006
2	central	worker-cs-0	Label-06	2001
2	central	worker-cs-0	Label-06	2001
2	central	worker-cs-0	Label-06	2002
2	central	worker-cs-0	Label-06	2001
2	central	worker-cs-0	Label-06	2001
2	central	worker-cs-0	Label-06	2006
2	central	worker-cs-0	Label-06	2002
2	central	worker-cs-0	Label-06	2002
2	central	worker-cs-0	Label-06	2002
2	central	worker-cs-0	Label-06	2002
2	central	worker-cs-0	Label-06	2001
2	central	worker-cs-0	Label-06	2001
2	central	worker-cs-0	Label-06	2002
2	central	worker-cs-0	Label-06	2002
2	central	worker-cs-0	Label-06	2002
2	central	worker-cs-0	Label-06	2002
2	central	worker-cs-0	Label-06	2002
2	central	worker-cs-0	Label-06	2002
2	central	worker-cs-0	Label-06	2005
2	central	worker-cs-0	Label-06	2002
2	central	worker-cs-0	Label-06	2003
2	central	worker-cs-0	Label-06	2002
2	central	worker-cs-0	Label-06	2001
2	central	worker-cs-0	Label-06	2008
2	central	worker-cs-0	Label-06	2003
2	central	worker-cs-0	Label-06	2002
2	central	worker-cs-0	Label-06	2002
2	central	worker-cs-0	Label-06	2002
2	central	worker-cs-0	Label-06	2002
2	central	worker-cs-0	Label-06	2003
2	central	worker-cs-0	Label-06	2003
2	central	worker-cs-0	Label-06	2002
2	central	worker-cs-1	Label-12	2002
2	central	worker-cs-1	Label-12	2002
2	central	worker-cs-1	Label-12	2002
2	central	worker-cs-1	Label-12	2001
2	central	worker-cs-1	Label-12	2002
2	central	worker-cs-1	Label-12	2002
2	central	worker-cs-1	Label-12	2002
2	central	worker-cs-1	Label-12	2001
2	central	worker-cs-1	Label-12	2001
2	central	worker-cs-1	Label-12	2002
2	central	worker-cs-1	Label-12	2001
2	central	worker-cs-1	Label-12	2003
2	central	worker-cs-1	Label-12	2001
2	central	worker-cs-1	Label-12	2001
2	central	worker-cs-1	Label-12	2002
2	central	worker-cs-1	Label-12	2001
2	central	worker-cs-1	Label-12	2004
2	central	worker-cs-1	Label-12	2003
2	central	worker-cs-1	Label-12	2001
2	central	worker-cs-1	Label-12	2001
2	central	worker-cs-1	Label-12	2002
2	central	worker-cs-1	Label-12	2004
2	central	worker-cs-1	Label-12	2002
2	central	worker-cs-1	Label-12	2003
2	central	worker-cs-1	Label-12	2002
2	central	worker-cs-1	Label-12	2001
2	central	worker-cs-1	Label-12	2001
2	central	worker-cs-1	Label-12	2002
2	central	worker-cs-1	Label-12	2001
2	central	worker-cs-1	Label-12	2001
2	central	worker-cs-1	Label-12	2002
2	central	worker-cs-1	Label-12	2001
2	central	worker-cs-1	Label-12	2002
2	central	worker-cs-1	Label-12	2002
2	central	worker-cs-1	Label-12	2003
2	central	worker-cs-1	Label-12	2002
2	central	worker-cs-1	Label-12	2002
2	central	worker-cs-1	Label-12	2007
2	central	worker-cs-1	Label-12	2002
2	central	worker-cs-1	Label-12	2002
2	central	worker-cs-1	Label-12	2003
2	central	worker-cs-1	Label-12	2002
2	central	worker-cs-1	Label-12	2003
2	central	worker-cs-1	Label-12	2001
2	central	worker-cs-1	Label-12	2001
2	central	worker-cs-1	Label-12	2002
2	central	worker-cs-1	Label-12	2002
2	central	worker-cs-1	Label-12	2002
2	central	worker-cs-1	Label-12	2002
2	central	worker-cs-1	Label-12	2001
2	central	worker-cs-1	Label-12	2002
2	central	worker-cs-1	Label-12	2002
2	central	worker-cs-1	Label-12	2002
2	central	worker-cs-1	Label-12	2001
2	central	worker-cs-1	Label-12	2002
2	central	worker-cs-1	Label-12	2001
2	central	worker-cs-1	Label-12	2001
2	central	worker-cs-1	Label-12	2001
2	central	worker-cs-1	Label-12	2001
2	central	worker-cs-1	Label-12	2003
2	central	worker-cs-1	Label-12	2015
2	central	worker-cs-1	Label-12	2002
2	central	worker-cs-1	Label-12	2001
2	central	worker-cs-1	Label-12	2001
2	central	worker-cs-1	Label-12	2001
2	central	worker-cs-1	Label-12	2001
2	central	worker-cs-1	Label-12	2002
2	central	worker-cs-1	Label-12	2002
2	central	worker-cs-1	Label-12	2001
2	central	worker-cs-1	Label-12	2002
2	central	worker-cs-1	Label-12	2002
2	central	worker-cs-1	Label-12	2002
2	central	worker-cs-1	Label-12	2001
2	central	worker-cs-1	Label-12	2001
2	central	worker-cs-1	Label-12	2002
2	central	worker-cs-1	Label-12	2003
2	central	worker-cs-1	Label-12	2001
2	central	worker-cs-1	Label-12	2001
2	central	worker-cs-1	Label-12	2001
2	central	worker-cs-1	Label-12	2002
2	central	worker-cs-1	Label-12	2002
2	central	worker-cs-1	Label-12	2001
2	central	worker-cs-1	Label-12	2000
2	central	worker-cs-1	Label-12	2002
2	central	worker-cs-1	Label-12	2001
2	central	worker-cs-1	Label-12	2002
2	central	worker-cs-1	Label-12	2001
2	central	worker-cs-1	Label-12	2001
2	central	worker-cs-1	Label-12	2000
2	central	worker-cs-1	Label-12	2006
2	central	worker-cs-1	Label-12	2002
2	central	worker-cs-1	Label-12	2001
2	central	worker-cs-1	Label-12	2001
2	central	worker-cs-1	Label-12	2001
2	central	worker-cs-1	Label-12	2002
2	central	worker-cs-1	Label-12	2001
2	central	worker-cs-1	Label-12	2002
2	central	worker-cs-1	Label-12	2002
2	central	worker-cs-1	Label-12	2000
2	central	worker-cs-1	Label-12	2002
2	central	worker-cs-1	Label-12	2001
2	central	worker-cs-1	Label-12	2002
2	central	worker-cs-1	Label-12	2002
2	central	worker-cs-1	Label-12	2003
2	central	worker-cs-1	Label-12	2001
2	central	worker-cs-1	Label-12	2001
2	central	worker-cs-1	Label-12	2002
2	central	worker-cs-1	Label-12	2002
2	central	worker-cs-1	Label-12	2002
2	central	worker-cs-1	Label-12	2001
2	central	worker-cs-1	Label-12	2002
2	central	worker-cs-1	Label-12	2002
2	central	worker-cs-1	Label-12	2002
2	central	worker-cs-1	Label-12	2001
2	central	worker-cs-1	Label-12	2002
2	central	worker-cs-1	Label-12	2001
2	central	worker-cs-1	Label-12	2019
2	central	worker-cs-1	Label-12	2002
2	central	worker-cs-1	Label-12	2002
2	central	worker-cs-1	Label-12	2001
2	central	worker-cs-1	Label-12	2002
2	central	worker-cs-1	Label-12	2002
2	central	worker-cs-1	Label-12	2001
2	central	worker-cs-1	Label-12	2002
2	central	worker-cs-1	Label-12	2002
2	central	worker-cs-1	Label-12	2002
2	central	worker-cs-1	Label-12	2006
2	central	worker-cs-1	Label-12	2003
2	central	worker-cs-1	Label-12	2002
2	central	worker-cs-1	Label-12	2002
2	central	worker-cs-1	Label-12	2001
2	central	worker-cs-1	Label-12	2001
2	central	worker-cs-1	Label-12	2002
2	central	worker-cs-1	Label-12	2001
2	central	worker-cs-1	Label-12	2002
2	central	worker-cs-1	Label-12	2001
2	central	worker-cs-1	Label-12	2001
2	central	worker-cs-1	Label-12	2002
2	central	worker-cs-1	Label-12	2006
2	central	worker-cs-1	Label-12	2001
2	central	worker-cs-1	Label-12	2002
2	central	worker-cs-1	Label-12	2005
2	central	worker-cs-1	Label-12	2002
2	central	worker-cs-1	Label-12	2002
2	central	worker-cs-1	Label-12	2002
2	central	worker-cs-1	Label-12	2002
2	central	worker-cs-1	Label-12	2002
2	central	worker-cs-1	Label-12	2002
2	central	worker-cs-1	Label-12	2002
2	central	worker-cs-1	Label-12	2003
2	central	worker-cs-1	Label-12	2001
2	central	worker-cs-1	Label-12	2002
2	central	worker-cs-1	Label-12	2005
2	central	worker-cs-1	Label-12	2002
2	central	worker-cs-1	Label-12	2002
2	central	worker-cs-1	Label-12	2001
2	central	worker-cs-1	Label-12	2001
2	central	worker-cs-1	Label-12	2001
2	central	worker-cs-1	Label-12	2001
2	central	worker-cs-1	Label-12	2002
2	central	worker-cs-1	Label-12	2001
2	central	worker-cs-1	Label-12	2002
2	central	worker-cs-1	Label-12	2002
2	central	worker-cs-1	Label-12	2010
2	central	worker-cs-1	Label-12	2002
2	central	worker-cs-1	Label-12	2001
2	central	worker-cs-1	Label-12	2004
2	central	worker-cs-1	Label-12	2003
2	central	worker-cs-1	Label-12	2002
2	central	worker-cs-1	Label-12	2002
2	central	worker-cs-1	Label-12	2001
2	central	worker-cs-1	Label-12	2003
2	central	worker-cs-1	Label-12	2003
2	central	worker-cs-1	Label-12	2002
2	central	worker-cs-1	Label-12	2001
2	central	worker-cs-1	Label-12	2001
2	central	worker-cs-1	Label-12	2001
2	central	worker-cs-1	Label-12	2001
2	central	worker-cs-1	Label-12	2001
2	central	worker-cs-1	Label-12	2001
2	central	worker-cs-1	Label-12	2002
2	central	worker-cs-1	Label-12	2002
2	central	worker-cs-1	Label-12	2006
2	central	worker-cs-1	Label-12	2002
2	central	worker-cs-1	Label-12	2002
2	central	worker-cs-1	Label-12	2001
2	central	worker-cs-1	Label-12	2002
2	central	worker-cs-1	Label-12	2001
2	central	worker-cs-1	Label-12	2002
2	central	worker-cs-1	Label-12	2002
2	central	worker-cs-1	Label-12	2002
2	central	worker-cs-1	Label-12	2002
2	central	worker-cs-1	Label-12	2001
2	central	worker-cs-1	Label-12	2002
2	central	worker-cs-1	Label-12	2001
2	central	worker-cs-1	Label-12	2002
2	central	worker-cs-1	Label-12	2002
2	central	worker-cs-1	Label-12	2001
2	central	worker-cs-1	Label-12	2002
2	central	worker-cs-1	Label-12	2003
2	central	worker-cs-1	Label-12	2001
2	central	worker-cs-1	Label-12	2002
2	central	worker-cs-1	Label-12	2003
2	central	worker-cs-1	Label-12	2001
2	central	worker-cs-1	Label-12	2002
2	central	worker-cs-1	Label-12	2002
2	central	worker-cs-1	Label-12	2003
2	central	worker-cs-1	Label-12	2002
2	central	worker-cs-1	Label-12	2001
2	central	worker-cs-1	Label-12	2003
2	central	worker-cs-1	Label-12	2002
2	central	worker-cs-1	Label-12	2000
2	central	worker-cs-1	Label-12	2002
2	central	worker-cs-1	Label-12	2002
2	central	worker-cs-1	Label-12	2002
2	central	worker-cs-1	Label-12	2001
2	central	worker-cs-1	Label-12	2003
2	central	worker-cs-1	Label-12	2001
2	central	worker-cs-1	Label-12	2002
2	central	worker-cs-1	Label-12	2001
2	central	worker-cs-1	Label-12	2002
2	central	worker-cs-1	Label-12	2001
2	central	worker-cs-1	Label-12	2002
2	central	worker-cs-1	Label-12	2001
2	central	worker-cs-2	Label-08	2001
2	central	worker-cs-2	Label-08	2001
2	central	worker-cs-2	Label-08	2002
2	central	worker-cs-2	Label-08	2001
2	central	worker-cs-2	Label-08	2001
2	central	worker-cs-2	Label-08	2001
2	central	worker-cs-2	Label-08	2002
2	central	worker-cs-2	Label-08	2000
2	central	worker-cs-2	Label-08	2000
2	central	worker-cs-2	Label-08	2001
2	central	worker-cs-2	Label-08	2001
2	central	worker-cs-2	Label-08	2002
2	central	worker-cs-2	Label-08	2002
2	central	worker-cs-2	Label-08	2002
2	central	worker-cs-2	Label-08	2001
2	central	worker-cs-2	Label-08	2002
2	central	worker-cs-2	Label-08	2000
2	central	worker-cs-2	Label-08	2002
2	central	worker-cs-2	Label-08	1999
2	central	worker-cs-2	Label-08	2000
2	central	worker-cs-2	Label-08	2000
2	central	worker-cs-2	Label-08	2001
2	central	worker-cs-2	Label-08	2001
2	central	worker-cs-2	Label-08	2002
2	central	worker-cs-2	Label-08	2002
2	central	worker-cs-2	Label-08	2001
2	central	worker-cs-2	Label-08	2002
2	central	worker-cs-2	Label-08	2001
2	central	worker-cs-2	Label-08	2001
2	central	worker-cs-2	Label-08	2001
2	central	worker-cs-2	Label-08	2001
2	central	worker-cs-2	Label-08	2001
2	central	worker-cs-2	Label-08	2001
2	central	worker-cs-2	Label-08	2001
2	central	worker-cs-2	Label-08	2002
2	central	worker-cs-2	Label-08	2001
2	central	worker-cs-2	Label-08	2001
2	central	worker-cs-2	Label-08	2001
2	central	worker-cs-2	Label-08	2002
2	central	worker-cs-2	Label-08	2000
2	central	worker-cs-2	Label-08	2001
2	central	worker-cs-2	Label-08	2001
2	central	worker-cs-2	Label-08	2002
2	central	worker-cs-2	Label-08	2001
2	central	worker-cs-2	Label-08	2001
2	central	worker-cs-2	Label-08	2001
2	central	worker-cs-2	Label-08	2000
2	central	worker-cs-2	Label-08	2001
2	central	worker-cs-2	Label-08	2000
2	central	worker-cs-2	Label-08	2001
2	central	worker-cs-2	Label-08	2001
2	central	worker-cs-2	Label-08	2000
2	central	worker-cs-2	Label-08	2000
2	central	worker-cs-2	Label-08	2000
2	central	worker-cs-2	Label-08	2001
2	central	worker-cs-2	Label-08	2000
2	central	worker-cs-2	Label-08	2002
2	central	worker-cs-2	Label-08	2001
2	central	worker-cs-2	Label-08	2000
2	central	worker-cs-2	Label-08	2001
2	central	worker-cs-2	Label-08	2000
2	central	worker-cs-2	Label-08	2000
2	central	worker-cs-2	Label-08	2002
2	central	worker-cs-2	Label-08	2001
2	central	worker-cs-2	Label-08	2000
2	central	worker-cs-2	Label-08	2001
2	central	worker-cs-2	Label-08	2002
2	central	worker-cs-2	Label-08	2001
2	central	worker-cs-2	Label-08	2001
2	central	worker-cs-2	Label-08	2002
2	central	worker-cs-2	Label-08	2000
2	central	worker-cs-2	Label-08	2000
2	central	worker-cs-2	Label-08	2000
2	central	worker-cs-2	Label-08	2000
2	central	worker-cs-2	Label-08	2000
2	central	worker-cs-2	Label-08	2000
2	central	worker-cs-2	Label-08	2000
2	central	worker-cs-2	Label-08	2000
2	central	worker-cs-2	Label-08	2001
2	central	worker-cs-2	Label-08	2000
2	central	worker-cs-2	Label-08	2001
2	central	worker-cs-2	Label-08	2004
2	central	worker-cs-2	Label-08	2001
2	central	worker-cs-2	Label-08	2001
2	central	worker-cs-2	Label-08	2001
2	central	worker-cs-2	Label-08	2001
2	central	worker-cs-2	Label-08	2002
2	central	worker-cs-2	Label-08	2001
2	central	worker-cs-2	Label-08	2001
2	central	worker-cs-2	Label-08	2002
2	central	worker-cs-2	Label-08	2002
2	central	worker-cs-2	Label-08	2001
2	central	worker-cs-2	Label-08	2001
2	central	worker-cs-2	Label-08	2001
2	central	worker-cs-2	Label-08	2001
2	central	worker-cs-2	Label-08	2002
2	central	worker-cs-2	Label-08	2000
2	central	worker-cs-2	Label-08	2000
2	central	worker-cs-2	Label-08	2003
2	central	worker-cs-2	Label-08	2001
2	central	worker-cs-2	Label-08	2000
2	central	worker-cs-2	Label-08	2002
2	central	worker-cs-2	Label-08	2002
2	central	worker-cs-2	Label-08	2001
2	central	worker-cs-2	Label-08	2001
2	central	worker-cs-2	Label-08	2001
2	central	worker-cs-2	Label-08	2001
2	central	worker-cs-2	Label-08	2001
2	central	worker-cs-2	Label-08	2001
2	central	worker-cs-2	Label-08	2002
2	central	worker-cs-2	Label-08	2002
2	central	worker-cs-2	Label-08	2000
2	central	worker-cs-2	Label-08	2000
2	central	worker-cs-2	Label-08	2002
2	central	worker-cs-2	Label-08	2002
2	central	worker-cs-2	Label-08	2001
2	central	worker-cs-2	Label-08	2001
2	central	worker-cs-2	Label-08	2001
2	central	worker-cs-2	Label-08	2002
2	central	worker-cs-2	Label-08	2008
2	central	worker-cs-2	Label-08	2001
2	central	worker-cs-2	Label-08	2001
2	central	worker-cs-2	Label-08	2001
2	central	worker-cs-2	Label-08	2001
2	central	worker-cs-2	Label-08	2001
2	central	worker-cs-2	Label-08	2001
2	central	worker-cs-2	Label-08	2001
2	central	worker-cs-2	Label-08	2000
2	central	worker-cs-2	Label-08	2001
2	central	worker-cs-2	Label-08	2000
2	central	worker-cs-2	Label-08	2001
2	central	worker-cs-2	Label-08	2004
2	central	worker-cs-2	Label-08	2001
2	central	worker-cs-2	Label-08	2000
2	central	worker-cs-2	Label-08	2001
2	central	worker-cs-2	Label-08	2002
2	central	worker-cs-2	Label-08	2001
2	central	worker-cs-2	Label-08	2000
2	central	worker-cs-2	Label-08	2001
2	central	worker-cs-2	Label-08	2001
2	central	worker-cs-2	Label-08	2001
2	central	worker-cs-2	Label-08	2000
2	central	worker-cs-2	Label-08	2002
2	central	worker-cs-2	Label-08	2002
2	central	worker-cs-2	Label-08	2000
2	central	worker-cs-2	Label-08	2000
2	central	worker-cs-2	Label-08	2001
2	central	worker-cs-2	Label-08	2001
2	central	worker-cs-2	Label-08	2001
2	central	worker-cs-2	Label-08	2002
2	central	worker-cs-2	Label-08	2000
2	central	worker-cs-2	Label-08	2000
2	central	worker-cs-2	Label-08	2003
2	central	worker-cs-2	Label-08	2001
2	central	worker-cs-2	Label-08	2001
2	central	worker-cs-2	Label-08	2001
2	central	worker-cs-2	Label-08	2001
2	central	worker-cs-2	Label-08	2001
2	central	worker-cs-2	Label-08	2000
2	central	worker-cs-2	Label-08	2001
2	central	worker-cs-2	Label-08	2001
2	central	worker-cs-2	Label-08	2001
2	central	worker-cs-2	Label-08	2001
2	central	worker-cs-2	Label-08	2001
2	central	worker-cs-2	Label-08	2001
2	central	worker-cs-2	Label-08	2002
2	central	worker-cs-2	Label-08	2000
2	central	worker-cs-2	Label-08	2001
2	central	worker-cs-2	Label-08	2001
2	central	worker-cs-2	Label-08	2001
2	central	worker-cs-2	Label-08	2001
2	central	worker-cs-2	Label-08	2001
2	central	worker-cs-2	Label-08	2000
2	central	worker-cs-2	Label-08	2001
2	central	worker-cs-2	Label-08	2001
2	central	worker-cs-2	Label-08	2002
2	central	worker-cs-2	Label-08	2001
2	central	worker-cs-2	Label-08	2000
2	central	worker-cs-2	Label-08	2001
2	central	worker-cs-2	Label-08	2001
2	central	worker-cs-2	Label-08	2001
2	central	worker-cs-2	Label-08	2001
2	central	worker-cs-2	Label-08	2001
2	central	worker-cs-2	Label-08	2002
2	central	worker-cs-2	Label-08	2001
2	central	worker-cs-2	Label-08	2001
2	central	worker-cs-2	Label-08	2000
2	central	worker-cs-2	Label-08	2000
2	central	worker-cs-2	Label-08	2001
2	central	worker-cs-2	Label-08	2001
2	central	worker-cs-2	Label-08	2004
2	central	worker-cs-2	Label-08	2001
2	central	worker-cs-2	Label-08	2000
2	central	worker-cs-2	Label-08	2001
2	central	worker-cs-2	Label-08	2001
2	central	worker-cs-2	Label-08	2001
2	central	worker-cs-2	Label-08	2002
2	central	worker-cs-2	Label-08	2001
2	central	worker-cs-2	Label-08	2001
2	central	worker-cs-2	Label-08	2001
2	central	worker-cs-2	Label-08	2001
2	central	worker-cs-2	Label-08	2001
2	central	worker-cs-2	Label-08	2003
2	central	worker-cs-2	Label-08	2001
2	central	worker-cs-2	Label-08	2001
2	central	worker-cs-2	Label-08	2001
2	central	worker-cs-2	Label-08	2001
2	central	worker-cs-2	Label-08	2001
2	central	worker-cs-2	Label-08	2001
2	central	worker-cs-2	Label-08	2001
2	central	worker-cs-2	Label-08	2000
2	central	worker-cs-2	Label-08	2001
2	central	worker-cs-2	Label-08	2002
2	central	worker-cs-2	Label-08	2001
2	central	worker-cs-2	Label-08	2001
2	central	worker-cs-2	Label-08	2001
2	central	worker-cs-2	Label-08	2000
2	central	worker-cs-2	Label-08	2001
2	central	worker-cs-2	Label-08	2000
2	central	worker-cs-2	Label-08	2001
2	central	worker-cs-2	Label-08	2001
2	central	worker-cs-2	Label-08	2001
2	central	worker-cs-2	Label-08	2000
2	central	worker-cs-2	Label-08	2001
2	central	worker-cs-2	Label-08	2002
2	central	worker-cs-2	Label-08	2001
2	central	worker-cs-3	Label-07	2002
2	central	worker-cs-3	Label-07	2002
2	central	worker-cs-3	Label-07	2002
2	central	worker-cs-3	Label-01	2002
2	central	worker-cs-3	Label-07	2003
2	central	worker-cs-3	Label-07	2003
2	central	worker-cs-3	Label-01	2001
2	central	worker-cs-3	Label-01	2001
2	central	worker-cs-3	Label-01	2002
2	central	worker-cs-3	Label-07	2002
2	central	worker-cs-3	Label-07	2002
2	central	worker-cs-3	Label-07	2001
2	central	worker-cs-3	Label-01	2002
2	central	worker-cs-3	Label-01	2002
2	central	worker-cs-3	Label-01	2002
2	central	worker-cs-3	Label-07	2002
2	central	worker-cs-3	Label-01	2002
2	central	worker-cs-3	Label-07	2001
2	central	worker-cs-3	Label-07	2003
2	central	worker-cs-3	Label-07	2002
2	central	worker-cs-3	Label-01	2002
2	central	worker-cs-3	Label-07	2002
2	central	worker-cs-3	Label-01	2001
2	central	worker-cs-3	Label-07	2002
2	central	worker-cs-3	Label-07	2001
2	central	worker-cs-3	Label-01	2001
2	central	worker-cs-3	Label-01	2002
2	central	worker-cs-3	Label-01	2001
2	central	worker-cs-3	Label-01	2002
2	central	worker-cs-3	Label-07	2002
2	central	worker-cs-3	Label-01	2003
2	central	worker-cs-3	Label-07	2001
2	central	worker-cs-3	Label-01	2002
2	central	worker-cs-3	Label-07	2001
2	central	worker-cs-3	Label-07	2002
2	central	worker-cs-3	Label-01	2002
2	central	worker-cs-3	Label-07	2002
2	central	worker-cs-3	Label-07	2002
2	central	worker-cs-3	Label-07	2001
2	central	worker-cs-3	Label-01	2002
2	central	worker-cs-3	Label-07	2006
2	central	worker-cs-3	Label-01	2001
2	central	worker-cs-3	Label-01	2001
2	central	worker-cs-3	Label-07	2002
2	central	worker-cs-3	Label-01	2002
2	central	worker-cs-3	Label-01	2001
2	central	worker-cs-3	Label-07	2002
2	central	worker-cs-3	Label-07	2002
2	central	worker-cs-3	Label-07	2001
2	central	worker-cs-3	Label-07	2001
2	central	worker-cs-3	Label-01	2001
2	central	worker-cs-3	Label-07	2002
2	central	worker-cs-3	Label-01	2004
2	central	worker-cs-3	Label-07	2002
2	central	worker-cs-3	Label-01	2002
2	central	worker-cs-3	Label-01	2002
2	central	worker-cs-3	Label-07	2007
2	central	worker-cs-3	Label-07	2001
2	central	worker-cs-3	Label-01	2002
2	central	worker-cs-3	Label-07	2003
2	central	worker-cs-3	Label-01	2006
2	central	worker-cs-3	Label-01	2002
2	central	worker-cs-3	Label-01	2002
2	central	worker-cs-3	Label-01	2002
2	central	worker-cs-3	Label-01	2002
2	central	worker-cs-3	Label-07	2002
2	central	worker-cs-3	Label-07	2002
2	central	worker-cs-3	Label-07	2002
2	central	worker-cs-3	Label-01	2002
2	central	worker-cs-3	Label-07	2002
2	central	worker-cs-3	Label-01	2002
2	central	worker-cs-3	Label-07	2002
2	central	worker-cs-3	Label-07	2002
2	central	worker-cs-3	Label-07	2003
2	central	worker-cs-3	Label-07	2003
2	central	worker-cs-3	Label-07	2002
2	central	worker-cs-3	Label-01	2002
2	central	worker-cs-3	Label-01	2002
2	central	worker-cs-3	Label-01	2005
2	central	worker-cs-3	Label-01	2002
2	central	worker-cs-3	Label-01	2003
2	central	worker-cs-3	Label-01	2002
2	central	worker-cs-3	Label-01	2002
2	central	worker-cs-3	Label-07	2003
2	central	worker-cs-3	Label-01	2003
2	central	worker-cs-3	Label-07	2002
2	central	worker-cs-3	Label-01	2002
2	central	worker-cs-3	Label-01	2001
2	central	worker-cs-3	Label-07	2002
2	central	worker-cs-3	Label-07	2001
2	central	worker-cs-3	Label-07	2001
2	central	worker-cs-3	Label-01	2002
2	central	worker-cs-3	Label-07	2002
2	central	worker-cs-3	Label-07	2002
2	central	worker-cs-3	Label-01	2002
2	central	worker-cs-3	Label-01	2003
2	central	worker-cs-3	Label-07	2002
2	central	worker-cs-3	Label-01	2002
2	central	worker-cs-3	Label-01	2001
2	central	worker-cs-3	Label-07	2002
2	central	worker-cs-3	Label-01	2002
2	central	worker-cs-3	Label-07	2003
2	central	worker-cs-3	Label-01	2003
2	central	worker-cs-3	Label-07	2002
2	central	worker-cs-3	Label-07	2002
2	central	worker-cs-3	Label-01	2002
2	central	worker-cs-3	Label-01	2001
2	central	worker-cs-3	Label-01	2002
2	central	worker-cs-3	Label-01	2002
2	central	worker-cs-3	Label-07	2002
2	central	worker-cs-3	Label-01	2002
2	central	worker-cs-3	Label-07	2002
2	central	worker-cs-3	Label-01	2002
2	central	worker-cs-3	Label-07	2003
2	central	worker-cs-3	Label-01	2002
2	central	worker-cs-3	Label-07	2002
2	central	worker-cs-3	Label-01	2002
2	central	worker-cs-3	Label-07	2002
2	central	worker-cs-3	Label-01	2001
2	central	worker-cs-3	Label-01	2001
2	central	worker-cs-3	Label-07	2002
2	central	worker-cs-3	Label-01	2002
2	central	worker-cs-3	Label-07	2001
2	central	worker-cs-3	Label-01	2002
2	central	worker-cs-3	Label-01	2001
2	central	worker-cs-3	Label-07	2002
2	central	worker-cs-3	Label-01	2002
2	central	worker-cs-3	Label-07	2002
2	central	worker-cs-3	Label-01	2002
2	central	worker-cs-3	Label-01	2002
2	central	worker-cs-3	Label-01	2001
2	central	worker-cs-3	Label-07	2005
2	central	worker-cs-3	Label-07	2002
2	central	worker-cs-3	Label-07	2002
2	central	worker-cs-3	Label-07	2002
2	central	worker-cs-3	Label-07	2002
2	central	worker-cs-3	Label-07	2002
2	central	worker-cs-3	Label-01	2002
2	central	worker-cs-3	Label-07	2002
2	central	worker-cs-3	Label-01	2002
2	central	worker-cs-3	Label-01	2001
2	central	worker-cs-3	Label-07	2001
2	central	worker-cs-3	Label-07	2002
2	central	worker-cs-3	Label-07	2002
2	central	worker-cs-3	Label-01	2002
2	central	worker-cs-3	Label-07	2002
2	central	worker-cs-3	Label-01	2001
2	central	worker-cs-3	Label-01	2003
2	central	worker-cs-3	Label-07	2002
2	central	worker-cs-3	Label-07	2002
2	central	worker-cs-3	Label-01	2002
2	central	worker-cs-3	Label-07	2001
2	central	worker-cs-3	Label-01	2002
2	central	worker-cs-3	Label-01	2002
2	central	worker-cs-3	Label-01	2002
2	central	worker-cs-3	Label-01	2002
2	central	worker-cs-3	Label-07	2002
2	central	worker-cs-3	Label-01	2002
2	central	worker-cs-3	Label-01	2002
2	central	worker-cs-3	Label-01	2002
2	central	worker-cs-3	Label-01	2002
2	central	worker-cs-3	Label-07	2001
2	central	worker-cs-3	Label-01	2001
2	central	worker-cs-3	Label-01	2001
2	central	worker-cs-3	Label-01	2002
2	central	worker-cs-3	Label-07	2001
2	central	worker-cs-3	Label-01	2002
2	central	worker-cs-3	Label-07	2001
2	central	worker-cs-3	Label-07	2002
2	central	worker-cs-3	Label-01	2002
2	central	worker-cs-3	Label-07	2002
2	central	worker-cs-3	Label-01	2001
2	central	worker-cs-3	Label-07	2001
2	central	worker-cs-3	Label-01	2002
2	central	worker-cs-3	Label-01	2002
2	central	worker-cs-3	Label-07	2001
2	central	worker-cs-3	Label-07	2001
2	central	worker-cs-3	Label-07	2003
2	central	worker-cs-3	Label-01	2002
2	central	worker-cs-3	Label-01	2003
2	central	worker-cs-3	Label-01	2002
2	central	worker-cs-3	Label-01	2003
2	central	worker-cs-3	Label-07	2002
2	central	worker-cs-3	Label-07	2002
2	central	worker-cs-3	Label-01	2003
2	central	worker-cs-3	Label-07	2002
2	central	worker-cs-3	Label-01	2002
2	central	worker-cs-3	Label-07	2002
2	central	worker-cs-3	Label-01	2002
2	central	worker-cs-3	Label-01	2002
2	central	worker-cs-3	Label-07	2002
2	central	worker-cs-3	Label-01	2002
2	central	worker-cs-3	Label-01	2002
2	central	worker-cs-3	Label-01	2002
2	central	worker-cs-3	Label-07	2002
2	central	worker-cs-3	Label-01	2002
2	central	worker-cs-3	Label-01	2001
2	central	worker-cs-3	Label-01	2002
2	central	worker-cs-3	Label-07	2002
2	central	worker-cs-3	Label-07	2002
2	central	worker-cs-3	Label-01	2003
2	central	worker-cs-3	Label-01	2002
2	central	worker-cs-3	Label-07	2002
2	central	worker-cs-3	Label-01	2001
2	central	worker-cs-3	Label-01	2003
2	central	worker-cs-3	Label-01	2003
2	central	worker-cs-3	Label-07	2002
2	central	worker-cs-3	Label-01	2007
2	central	worker-cs-3	Label-01	2002
2	central	worker-cs-3	Label-07	2001
2	central	worker-cs-3	Label-01	2003
2	central	worker-cs-3	Label-01	2001
2	central	worker-cs-3	Label-07	2004
2	central	worker-cs-3	Label-01	2002
2	central	worker-cs-3	Label-07	2002
2	central	worker-cs-3	Label-07	2004
2	central	worker-cs-3	Label-07	2002
2	central	worker-cs-3	Label-01	2002
2	central	worker-cs-3	Label-01	2002
2	central	worker-cs-3	Label-07	2002
2	central	worker-cs-3	Label-01	2002
2	central	worker-cs-3	Label-01	2002
2	central	worker-cs-3	Label-01	2002
2	central	worker-cs-3	Label-07	2002
2	central	worker-cs-3	Label-07	2002
2	central	worker-cs-3	Label-07	2001
2	central	worker-cs-3	Label-07	2002
2	central	worker-cs-3	Label-07	2002
2	central	worker-cs-3	Label-07	2001
2	central	worker-cs-3	Label-07	2001
2	central	worker-cs-3	Label-01	2002
2	central	worker-cs-3	Label-07	2001
2	central	worker-cs-3	Label-07	2002
2	central	worker-cs-3	Label-07	2002
2	central	worker-cs-3	Label-07	2002
2	central	worker-cs-3	Label-07	2006
2	central	worker-cs-3	Label-01	2001
2	central	worker-cs-3	Label-01	2002
2	central	worker-cs-3	Label-01	2001
2	central	worker-cs-3	Label-01	2001
2	central	worker-cs-3	Label-07	2002
2	central	worker-cs-3	Label-01	2001
2	central	worker-cs-3	Label-07	2002
2	central	worker-cs-3	Label-07	2005
2	central	worker-cs-3	Label-01	2001
2	central	worker-cs-3	Label-01	2002
2	central	worker-cs-3	Label-07	2001
2	central	worker-cs-3	Label-01	2003
2	central	worker-cs-3	Label-01	2002
2	central	worker-cs-3	Label-01	2001
2	central	worker-cs-3	Label-01	2002
2	central	worker-cs-3	Label-01	2002
2	central	worker-cs-3	Label-01	2002
2	central	worker-cs-3	Label-01	2001
2	central	worker-cs-3	Label-07	2002
2	central	worker-cs-3	Label-07	2002
2	central	worker-cs-3	Label-01	2002
2	central	worker-cs-3	Label-07	2001
2	central	worker-cs-3	Label-07	2003
2	central	worker-cs-3	Label-07	2002
2	central	worker-cs-3	Label-01	2001
2	central	worker-cs-3	Label-01	2002
2	central	worker-cs-3	Label-01	2001
2	central	worker-cs-3	Label-07	2002
2	central	worker-cs-3	Label-07	2002
2	central	worker-cs-3	Label-01	2001
2	central	worker-cs-3	Label-01	2002
2	central	worker-cs-3	Label-07	2001
2	central	worker-cs-3	Label-07	2002
2	central	worker-cs-3	Label-07	2002
2	central	worker-cs-3	Label-01	2002
2	central	worker-cs-3	Label-01	2001
2	central	worker-cs-3	Label-07	2002
2	central	worker-cs-3	Label-07	2003
2	central	worker-cs-3	Label-07	2007
2	central	worker-cs-3	Label-01	2003
2	central	worker-cs-3	Label-07	2001
2	central	worker-cs-3	Label-01	2001
2	central	worker-cs-3	Label-07	2002
2	central	worker-cs-3	Label-07	2002
2	central	worker-cs-3	Label-07	2001
2	central	worker-cs-3	Label-07	2002
2	central	worker-cs-3	Label-01	2002
2	central	worker-cs-3	Label-01	2002
2	central	worker-cs-3	Label-01	2002
2	central	worker-cs-3	Label-07	2001
2	central	worker-cs-3	Label-01	2003
2	central	worker-cs-3	Label-07	2002
2	central	worker-cs-3	Label-07	2002
2	central	worker-cs-3	Label-01	2002
2	central	worker-cs-3	Label-07	2002
2	central	worker-cs-3	Label-01	2003
2	central	worker-cs-3	Label-01	2001
2	central	worker-cs-3	Label-07	2000
2	central	worker-cs-3	Label-01	2002
2	central	worker-cs-3	Label-01	2001
2	central	worker-cs-3	Label-07	2002
2	central	worker-cs-3	Label-07	2014
2	central	worker-cs-3	Label-01	2002
2	central	worker-cs-3	Label-01	2002
2	central	worker-cs-3	Label-07	2002
2	central	worker-cs-3	Label-07	2001
2	central	worker-cs-3	Label-07	2002
2	central	worker-cs-3	Label-01	2002
2	central	worker-cs-3	Label-01	2002
2	central	worker-cs-3	Label-07	2002
2	central	worker-cs-3	Label-01	2002
2	central	worker-cs-3	Label-01	2002
2	central	worker-cs-3	Label-07	2002
2	central	worker-cs-3	Label-01	2002
2	central	worker-cs-3	Label-07	2001
2	central	worker-cs-3	Label-01	2001
2	central	worker-cs-3	Label-01	2002
2	central	worker-cs-3	Label-07	2002
2	central	worker-cs-3	Label-07	2001
2	central	worker-cs-3	Label-07	2002
2	central	worker-cs-3	Label-07	2002
2	central	worker-cs-3	Label-01	2002
2	central	worker-cs-3	Label-07	2002
2	central	worker-cs-3	Label-01	2001
2	central	worker-cs-3	Label-01	2002
2	central	worker-cs-3	Label-01	2003
2	central	worker-cs-3	Label-07	2001
2	central	worker-cs-3	Label-07	2002
2	central	worker-cs-3	Label-07	2002
2	central	worker-cs-3	Label-07	2002
2	central	worker-cs-3	Label-01	2001
2	central	worker-cs-3	Label-01	2002
2	central	worker-cs-3	Label-01	2001
2	central	worker-cs-3	Label-01	2001
2	central	worker-cs-3	Label-07	2002
2	central	worker-cs-3	Label-01	2001
2	central	worker-cs-3	Label-07	2003
2	central	worker-cs-3	Label-01	2002
2	central	worker-cs-3	Label-07	2002
2	central	worker-cs-3	Label-01	2001
2	central	worker-cs-3	Label-01	2002
2	central	worker-cs-3	Label-01	2001
2	central	worker-cs-3	Label-07	2002
2	central	worker-cs-3	Label-01	2002
2	central	worker-cs-3	Label-07	2003
2	central	worker-cs-3	Label-01	2002
2	central	worker-cs-3	Label-07	2001
2	central	worker-cs-3	Label-01	2002
2	central	worker-cs-3	Label-01	2001
2	central	worker-cs-3	Label-07	2002
2	central	worker-cs-3	Label-01	2002
2	central	worker-cs-3	Label-07	2002
2	central	worker-cs-3	Label-01	2002
2	central	worker-cs-3	Label-07	2002
2	central	worker-cs-3	Label-07	2002
2	central	worker-cs-3	Label-07	2002
2	central	worker-cs-3	Label-07	2002
2	central	worker-cs-3	Label-07	2002
2	central	worker-cs-3	Label-01	2001
2	central	worker-cs-3	Label-07	2001
2	central	worker-cs-3	Label-07	2003
2	central	worker-cs-3	Label-01	2002
2	central	worker-cs-3	Label-01	2002
2	central	worker-cs-3	Label-01	2009
2	central	worker-cs-3	Label-01	2001
2	central	worker-cs-3	Label-01	2002
2	central	worker-cs-3	Label-01	2000
2	central	worker-cs-3	Label-07	2002
2	central	worker-cs-3	Label-07	2002
2	central	worker-cs-3	Label-01	2002
2	central	worker-cs-3	Label-01	2001
2	central	worker-cs-3	Label-01	2001
2	central	worker-cs-3	Label-07	2002
2	central	worker-cs-3	Label-07	2001
2	central	worker-cs-3	Label-01	2001
2	central	worker-cs-3	Label-01	2003
2	central	worker-cs-3	Label-01	2001
2	central	worker-cs-3	Label-01	2003
2	central	worker-cs-3	Label-01	2001
2	central	worker-cs-3	Label-07	2002
2	central	worker-cs-3	Label-01	2002
2	central	worker-cs-3	Label-01	2002
2	central	worker-cs-3	Label-01	2001
2	central	worker-cs-3	Label-01	2001
2	central	worker-cs-3	Label-07	2002
2	central	worker-cs-3	Label-07	2001
2	central	worker-cs-3	Label-07	2002
2	central	worker-cs-3	Label-01	2000
2	central	worker-cs-3	Label-07	2001
2	central	worker-cs-3	Label-01	2002
2	central	worker-cs-3	Label-07	2001
2	central	worker-cs-3	Label-07	2002
2	central	worker-cs-3	Label-01	2004
2	central	worker-cs-3	Label-01	2002
2	central	worker-cs-3	Label-01	2001
2	central	worker-cs-3	Label-07	2003
2	central	worker-cs-3	Label-07	2002
2	central	worker-cs-3	Label-01	2003
2	central	worker-cs-3	Label-01	2001
2	central	worker-cs-3	Label-01	2001
2	central	worker-cs-3	Label-01	2002
2	central	worker-cs-3	Label-07	2001
2	central	worker-cs-3	Label-07	2002
2	central	worker-cs-3	Label-07	2002
2	central	worker-cs-3	Label-07	2002
2	central	worker-cs-3	Label-07	2002
2	central	worker-cs-3	Label-01	2006
2	central	worker-cs-3	Label-01	2002
2	central	worker-cs-3	Label-01	2002
2	central	worker-cs-3	Label-01	2002
2	central	worker-cs-3	Label-07	2002
2	central	worker-cs-3	Label-01	2007
2	central	worker-cs-3	Label-01	2002
2	central	worker-cs-3	Label-01	2002
2	central	worker-cs-3	Label-07	2001
2	central	worker-cs-3	Label-01	2002
2	central	worker-cs-3	Label-01	2002
2	central	worker-cs-3	Label-07	2002
2	central	worker-cs-3	Label-07	2002
2	central	worker-cs-3	Label-01	2001
2	central	worker-cs-3	Label-01	2003
2	central	worker-cs-3	Label-01	2002
2	central	worker-cs-3	Label-07	2002
2	central	worker-cs-3	Label-01	2002
2	central	worker-cs-3	Label-01	2002
2	central	worker-cs-3	Label-01	2002
2	central	worker-cs-3	Label-01	2003
2	central	worker-cs-3	Label-01	2005
2	central	worker-cs-3	Label-07	2002
2	central	worker-cs-3	Label-07	2002
2	central	worker-cs-3	Label-07	2002
2	central	worker-cs-3	Label-07	2001
2	central	worker-cs-3	Label-07	2002
2	central	worker-cs-3	Label-07	2002
2	central	worker-cs-3	Label-01	2001
2	central	worker-cs-3	Label-01	2001
2	central	worker-cs-3	Label-01	2001
2	central	worker-cs-3	Label-07	2002
2	central	worker-cs-3	Label-07	2002
2	central	worker-cs-3	Label-07	2002
2	central	worker-cs-3	Label-07	2000
2	central	worker-cs-3	Label-01	2001
2	central	worker-cs-3	Label-01	2002
2	central	worker-cs-3	Label-07	2003
2	central	worker-cs-3	Label-07	2002
2	central	worker-cs-3	Label-01	2002
2	central	worker-cs-3	Label-07	2002
2	central	worker-cs-3	Label-01	2001
2	central	worker-cs-3	Label-01	2002
2	central	worker-cs-3	Label-07	2002
2	central	worker-cs-3	Label-07	2005
2	central	worker-cs-3	Label-07	2001
2	central	worker-cs-3	Label-07	2002
2	central	worker-cs-3	Label-01	2002
2	central	worker-cs-3	Label-07	2001
2	central	worker-cs-3	Label-07	2002
2	central	worker-cs-3	Label-07	2002
2	central	worker-cs-3	Label-01	2001
2	central	worker-cs-3	Label-07	2002
2	central	worker-cs-3	Label-07	2001
2	central	worker-cs-3	Label-01	2002
2	central	worker-cs-3	Label-07	2002
2	central	worker-cs-3	Label-01	2002
2	central	worker-cs-3	Label-01	2006
2	central	worker-cs-3	Label-07	2002
2	central	worker-cs-3	Label-07	2002
2	central	worker-cs-3	Label-01	2002
2	central	worker-cs-3	Label-01	2002
2	central	worker-cs-3	Label-01	2002
2	central	worker-cs-3	Label-01	2002
2	central	worker-cs-3	Label-01	2002
2	central	worker-cs-3	Label-07	2002
2	central	worker-cs-3	Label-07	2002
2	central	worker-cs-3	Label-01	2003
2	central	worker-cs-3	Label-01	2003
2	central	worker-cs-3	Label-01	2002
2	central	worker-cs-3	Label-07	2003
2	central	worker-cs-3	Label-07	2001
2	central	worker-cs-3	Label-07	2002
2	central	worker-cs-3	Label-07	2002
2	central	worker-cs-3	Label-01	2003
2	central	worker-cs-3	Label-07	2000
2	central	worker-cs-3	Label-01	2002
2	central	worker-cs-3	Label-01	2003
2	central	worker-cs-3	Label-01	2002
2	central	worker-cs-3	Label-01	2002
2	central	worker-cs-3	Label-01	2002
2	central	worker-cs-3	Label-07	2002
2	central	worker-cs-3	Label-01	2002
2	central	worker-cs-3	Label-01	2002
2	central	worker-cs-4	Label-10	2003
2	central	worker-cs-4	Label-10	2002
2	central	worker-cs-4	Label-02	2002
2	central	worker-cs-4	Label-02	2001
2	central	worker-cs-4	Label-04	2001
2	central	worker-cs-4	Label-10	2001
2	central	worker-cs-4	Label-02	2001
2	central	worker-cs-4	Label-04	2002
2	central	worker-cs-4	Label-04	2002
2	central	worker-cs-4	Label-10	2002
2	central	worker-cs-4	Label-04	2002
2	central	worker-cs-4	Label-02	2001
2	central	worker-cs-4	Label-04	2002
2	central	worker-cs-4	Label-02	2001
2	central	worker-cs-4	Label-04	2003
2	central	worker-cs-4	Label-10	2002
2	central	worker-cs-4	Label-02	2002
2	central	worker-cs-4	Label-02	2004
2	central	worker-cs-4	Label-04	2002
2	central	worker-cs-4	Label-02	2002
2	central	worker-cs-4	Label-04	2002
2	central	worker-cs-4	Label-04	2002
2	central	worker-cs-4	Label-02	2002
2	central	worker-cs-4	Label-04	2002
2	central	worker-cs-4	Label-04	2003
2	central	worker-cs-4	Label-10	2002
2	central	worker-cs-4	Label-10	2002
2	central	worker-cs-4	Label-04	2003
2	central	worker-cs-4	Label-04	2003
2	central	worker-cs-4	Label-10	2003
2	central	worker-cs-4	Label-04	2002
2	central	worker-cs-4	Label-10	2002
2	central	worker-cs-4	Label-04	2001
2	central	worker-cs-4	Label-04	2002
2	central	worker-cs-4	Label-02	2003
2	central	worker-cs-4	Label-04	2002
2	central	worker-cs-4	Label-04	2002
2	central	worker-cs-4	Label-02	2002
2	central	worker-cs-4	Label-04	2002
2	central	worker-cs-4	Label-02	2002
2	central	worker-cs-4	Label-10	2001
2	central	worker-cs-4	Label-10	2002
2	central	worker-cs-4	Label-04	2002
2	central	worker-cs-4	Label-10	2002
2	central	worker-cs-4	Label-04	2002
2	central	worker-cs-4	Label-04	2001
2	central	worker-cs-4	Label-04	2002
2	central	worker-cs-4	Label-10	2002
2	central	worker-cs-4	Label-10	2003
2	central	worker-cs-4	Label-10	2001
2	central	worker-cs-4	Label-10	2002
2	central	worker-cs-4	Label-04	2002
2	central	worker-cs-4	Label-02	2002
2	central	worker-cs-4	Label-10	2002
2	central	worker-cs-4	Label-04	2002
2	central	worker-cs-4	Label-10	2001
2	central	worker-cs-4	Label-02	2002
2	central	worker-cs-4	Label-10	2002
2	central	worker-cs-4	Label-02	2003
2	central	worker-cs-4	Label-02	2002
2	central	worker-cs-4	Label-04	2004
2	central	worker-cs-4	Label-10	2002
2	central	worker-cs-4	Label-10	2002
2	central	worker-cs-4	Label-04	2003
2	central	worker-cs-4	Label-10	2003
2	central	worker-cs-4	Label-04	2002
2	central	worker-cs-4	Label-10	2002
2	central	worker-cs-4	Label-04	2003
2	central	worker-cs-4	Label-04	2002
2	central	worker-cs-4	Label-10	2002
2	central	worker-cs-4	Label-10	2002
2	central	worker-cs-4	Label-02	2005
2	central	worker-cs-4	Label-10	2003
2	central	worker-cs-4	Label-04	2002
2	central	worker-cs-4	Label-02	2001
2	central	worker-cs-4	Label-10	2001
2	central	worker-cs-4	Label-02	2002
2	central	worker-cs-4	Label-02	2002
2	central	worker-cs-4	Label-02	2002
2	central	worker-cs-4	Label-10	2003
2	central	worker-cs-4	Label-04	2002
2	central	worker-cs-4	Label-10	2003
2	central	worker-cs-4	Label-10	2001
2	central	worker-cs-4	Label-04	2003
2	central	worker-cs-4	Label-04	2003
2	central	worker-cs-4	Label-10	2002
2	central	worker-cs-4	Label-10	2003
2	central	worker-cs-4	Label-02	2002
2	central	worker-cs-4	Label-02	2003
2	central	worker-cs-4	Label-10	2002
2	central	worker-cs-4	Label-02	2003
2	central	worker-cs-4	Label-10	2002
2	central	worker-cs-4	Label-02	2001
2	central	worker-cs-4	Label-10	2007
2	central	worker-cs-4	Label-10	2002
2	central	worker-cs-4	Label-04	2003
2	central	worker-cs-4	Label-10	2002
2	central	worker-cs-4	Label-04	2002
2	central	worker-cs-4	Label-02	2002
2	central	worker-cs-4	Label-10	2001
2	central	worker-cs-4	Label-04	2002
2	central	worker-cs-4	Label-10	2002
2	central	worker-cs-4	Label-10	2003
2	central	worker-cs-4	Label-02	2002
2	central	worker-cs-4	Label-04	2002
2	central	worker-cs-4	Label-10	2002
2	central	worker-cs-4	Label-10	2003
2	central	worker-cs-4	Label-02	2003
2	central	worker-cs-4	Label-10	2002
2	central	worker-cs-4	Label-04	2002
2	central	worker-cs-4	Label-10	2003
2	central	worker-cs-4	Label-04	2002
2	central	worker-cs-4	Label-04	2002
2	central	worker-cs-4	Label-10	2003
2	central	worker-cs-4	Label-04	2006
2	central	worker-cs-4	Label-02	2003
2	central	worker-cs-4	Label-04	2008
2	central	worker-cs-4	Label-10	2002
2	central	worker-cs-4	Label-02	2003
2	central	worker-cs-4	Label-04	2002
2	central	worker-cs-4	Label-02	2001
2	central	worker-cs-4	Label-10	2002
2	central	worker-cs-4	Label-04	2001
2	central	worker-cs-4	Label-10	2002
2	central	worker-cs-4	Label-02	2002
2	central	worker-cs-4	Label-02	2002
2	central	worker-cs-4	Label-10	2002
2	central	worker-cs-4	Label-04	2002
2	central	worker-cs-4	Label-02	2003
2	central	worker-cs-4	Label-02	2002
2	central	worker-cs-4	Label-02	2002
2	central	worker-cs-4	Label-04	2002
2	central	worker-cs-4	Label-02	2002
2	central	worker-cs-4	Label-02	2002
2	central	worker-cs-4	Label-04	2003
2	central	worker-cs-4	Label-10	2002
2	central	worker-cs-4	Label-02	2002
2	central	worker-cs-4	Label-02	2002
2	central	worker-cs-4	Label-04	2003
2	central	worker-cs-4	Label-02	2004
2	central	worker-cs-4	Label-02	2002
2	central	worker-cs-4	Label-10	2002
2	central	worker-cs-4	Label-10	2002
2	central	worker-cs-4	Label-10	2003
2	central	worker-cs-4	Label-02	2002
2	central	worker-cs-4	Label-04	2003
2	central	worker-cs-4	Label-04	2003
2	central	worker-cs-4	Label-10	2001
2	central	worker-cs-4	Label-10	2002
2	central	worker-cs-4	Label-10	2002
2	central	worker-cs-4	Label-02	2001
2	central	worker-cs-4	Label-02	2003
2	central	worker-cs-4	Label-10	2002
2	central	worker-cs-4	Label-02	2003
2	central	worker-cs-4	Label-02	2001
2	central	worker-cs-4	Label-02	2003
2	central	worker-cs-4	Label-02	2003
2	central	worker-cs-4	Label-04	2003
2	central	worker-cs-4	Label-02	2002
2	central	worker-cs-4	Label-04	2002
2	central	worker-cs-4	Label-02	2005
2	central	worker-cs-4	Label-02	2002
2	central	worker-cs-4	Label-10	2003
2	central	worker-cs-4	Label-10	2003
2	central	worker-cs-4	Label-02	2002
2	central	worker-cs-4	Label-10	2002
2	central	worker-cs-4	Label-10	2002
2	central	worker-cs-4	Label-02	2002
2	central	worker-cs-4	Label-04	2002
2	central	worker-cs-4	Label-02	2002
2	central	worker-cs-4	Label-04	2004
2	central	worker-cs-4	Label-04	2002
2	central	worker-cs-4	Label-10	2003
2	central	worker-cs-4	Label-02	2001
2	central	worker-cs-4	Label-02	2002
2	central	worker-cs-4	Label-04	2002
2	central	worker-cs-4	Label-02	2001
2	central	worker-cs-4	Label-10	2002
2	central	worker-cs-4	Label-02	2002
2	central	worker-cs-4	Label-10	2002
2	central	worker-cs-4	Label-04	2002
2	central	worker-cs-4	Label-04	2003
2	central	worker-cs-4	Label-02	2003
2	central	worker-cs-4	Label-10	2002
2	central	worker-cs-4	Label-02	2001
2	central	worker-cs-4	Label-02	2002
2	central	worker-cs-4	Label-02	2003
2	central	worker-cs-4	Label-02	2002
2	central	worker-cs-4	Label-04	2002
2	central	worker-cs-4	Label-10	2002
2	central	worker-cs-4	Label-04	2002
2	central	worker-cs-4	Label-10	2001
2	central	worker-cs-4	Label-04	2002
2	central	worker-cs-4	Label-10	2002
2	central	worker-cs-4	Label-10	2002
2	central	worker-cs-4	Label-10	2002
2	central	worker-cs-4	Label-02	2002
2	central	worker-cs-4	Label-10	2002
2	central	worker-cs-4	Label-04	2001
2	central	worker-cs-4	Label-02	2003
2	central	worker-cs-4	Label-04	2002
2	central	worker-cs-4	Label-04	2006
2	central	worker-cs-4	Label-10	2003
2	central	worker-cs-4	Label-10	2001
2	central	worker-cs-4	Label-10	2002
2	central	worker-cs-4	Label-04	2002
2	central	worker-cs-4	Label-04	2002
2	central	worker-cs-4	Label-02	2001
2	central	worker-cs-4	Label-10	2004
2	central	worker-cs-4	Label-10	2002
2	central	worker-cs-4	Label-04	2003
2	central	worker-cs-4	Label-10	2002
2	central	worker-cs-4	Label-04	2003
2	central	worker-cs-4	Label-04	2002
2	central	worker-cs-4	Label-04	2003
2	central	worker-cs-4	Label-02	2003
2	central	worker-cs-4	Label-10	2003
2	central	worker-cs-4	Label-04	2001
2	central	worker-cs-4	Label-04	2002
2	central	worker-cs-4	Label-02	2001
2	central	worker-cs-4	Label-04	2003
2	central	worker-cs-4	Label-04	2002
2	central	worker-cs-4	Label-02	2002
2	central	worker-cs-4	Label-02	2002
2	central	worker-cs-4	Label-04	2003
2	central	worker-cs-4	Label-10	2003
2	central	worker-cs-4	Label-04	2002
2	central	worker-cs-4	Label-04	2003
2	central	worker-cs-4	Label-02	2003
2	central	worker-cs-4	Label-04	2001
2	central	worker-cs-4	Label-02	2002
2	central	worker-cs-4	Label-04	2002
2	central	worker-cs-4	Label-10	2003
2	central	worker-cs-4	Label-10	2003
2	central	worker-cs-4	Label-04	2002
2	central	worker-cs-4	Label-04	2002
2	central	worker-cs-4	Label-02	2001
2	central	worker-cs-4	Label-02	2002
2	central	worker-cs-4	Label-04	2002
2	central	worker-cs-4	Label-04	2006
2	central	worker-cs-4	Label-02	2002
2	central	worker-cs-4	Label-10	2002
2	central	worker-cs-4	Label-04	2001
2	central	worker-cs-4	Label-04	2002
2	central	worker-cs-4	Label-02	2002
2	central	worker-cs-4	Label-04	2002
2	central	worker-cs-4	Label-04	2003
2	central	worker-cs-4	Label-04	2002
2	central	worker-cs-4	Label-02	2002
2	central	worker-cs-4	Label-10	2002
2	central	worker-cs-4	Label-02	2003
2	central	worker-cs-4	Label-10	2001
2	central	worker-cs-4	Label-10	2003
2	central	worker-cs-4	Label-10	2002
2	central	worker-cs-4	Label-04	2002
2	central	worker-cs-4	Label-10	2002
2	central	worker-cs-4	Label-10	2001
2	central	worker-cs-4	Label-02	2003
2	central	worker-cs-4	Label-02	2002
2	central	worker-cs-4	Label-02	2002
2	central	worker-cs-4	Label-04	2003
2	central	worker-cs-4	Label-04	2002
2	central	worker-cs-4	Label-04	2002
2	central	worker-cs-4	Label-02	2004
2	central	worker-cs-4	Label-10	2003
2	central	worker-cs-4	Label-02	2003
2	central	worker-cs-4	Label-10	2002
2	central	worker-cs-4	Label-10	2003
2	central	worker-cs-4	Label-10	2003
2	central	worker-cs-4	Label-02	2005
2	central	worker-cs-4	Label-04	2003
2	central	worker-cs-4	Label-02	2002
2	central	worker-cs-4	Label-04	2001
2	central	worker-cs-4	Label-10	2003
2	central	worker-cs-4	Label-10	2002
2	central	worker-cs-4	Label-04	2002
2	central	worker-cs-4	Label-10	2002
2	central	worker-cs-4	Label-10	2001
2	central	worker-cs-4	Label-04	2001
2	central	worker-cs-4	Label-04	2003
2	central	worker-cs-4	Label-10	2002
2	central	worker-cs-4	Label-10	2002
2	central	worker-cs-4	Label-10	2002
2	central	worker-cs-4	Label-02	2002
2	central	worker-cs-4	Label-10	2002
2	central	worker-cs-4	Label-02	2002
2	central	worker-cs-4	Label-02	2002
2	central	worker-cs-4	Label-02	2002
2	central	worker-cs-4	Label-04	2002
2	central	worker-cs-4	Label-02	2003
2	central	worker-cs-4	Label-04	2002
2	central	worker-cs-4	Label-04	2002
2	central	worker-cs-4	Label-10	2002
2	central	worker-cs-4	Label-04	2001
2	central	worker-cs-4	Label-10	2002
2	central	worker-cs-4	Label-10	2002
2	central	worker-cs-4	Label-02	2001
2	central	worker-cs-4	Label-02	2003
2	central	worker-cs-4	Label-10	2001
2	central	worker-cs-4	Label-02	2001
2	central	worker-cs-4	Label-02	2003
2	central	worker-cs-4	Label-04	2002
2	central	worker-cs-4	Label-10	2001
2	central	worker-cs-4	Label-10	2002
2	central	worker-cs-4	Label-10	2001
2	central	worker-cs-4	Label-02	2001
2	central	worker-cs-4	Label-10	2003
2	central	worker-cs-4	Label-10	2002
2	central	worker-cs-4	Label-02	2001
2	central	worker-cs-4	Label-02	2001
2	central	worker-cs-4	Label-04	2002
2	central	worker-cs-4	Label-02	2002
2	central	worker-cs-4	Label-02	2002
2	central	worker-cs-4	Label-10	2003
2	central	worker-cs-4	Label-10	2002
2	central	worker-cs-4	Label-10	2002
2	central	worker-cs-4	Label-02	2003
2	central	worker-cs-4	Label-02	2002
2	central	worker-cs-4	Label-02	2003
2	central	worker-cs-4	Label-10	2002
2	central	worker-cs-4	Label-04	2002
2	central	worker-cs-4	Label-10	2002
2	central	worker-cs-4	Label-02	2002
2	central	worker-cs-4	Label-02	2003
2	central	worker-cs-4	Label-04	2002
2	central	worker-cs-4	Label-02	2002
2	central	worker-cs-4	Label-10	2003
2	central	worker-cs-4	Label-10	2003
2	central	worker-cs-4	Label-10	2002
2	central	worker-cs-4	Label-10	2003
2	central	worker-cs-4	Label-02	2002
2	central	worker-cs-4	Label-02	2001
2	central	worker-cs-4	Label-10	2001
2	central	worker-cs-4	Label-02	2001
2	central	worker-cs-4	Label-10	2002
2	central	worker-cs-4	Label-02	2002
2	central	worker-cs-4	Label-10	2002
2	central	worker-cs-4	Label-04	2003
2	central	worker-cs-4	Label-04	2002
2	central	worker-cs-4	Label-02	2001
2	central	worker-cs-4	Label-04	2002
2	central	worker-cs-4	Label-04	2002
2	central	worker-cs-4	Label-10	2001
2	central	worker-cs-4	Label-04	2002
2	central	worker-cs-4	Label-04	2003
2	central	worker-cs-4	Label-04	2002
2	central	worker-cs-4	Label-02	2002
2	central	worker-cs-4	Label-10	2003
2	central	worker-cs-4	Label-04	2002
2	central	worker-cs-4	Label-04	2001
2	central	worker-cs-4	Label-10	2003
2	central	worker-cs-4	Label-10	2002
2	central	worker-cs-4	Label-04	2002
2	central	worker-cs-4	Label-10	2002
2	central	worker-cs-4	Label-02	2002
2	central	worker-cs-4	Label-10	2002
2	central	worker-cs-4	Label-10	2002
2	central	worker-cs-4	Label-10	2002
2	central	worker-cs-4	Label-10	2002
2	central	worker-cs-4	Label-10	2002
2	central	worker-cs-4	Label-04	2002
2	central	worker-cs-4	Label-10	2002
2	central	worker-cs-4	Label-04	2003
2	central	worker-cs-4	Label-10	2002
2	central	worker-cs-4	Label-04	2002
2	central	worker-cs-4	Label-10	2001
2	central	worker-cs-4	Label-02	2002
2	central	worker-cs-4	Label-02	2002
2	central	worker-cs-4	Label-10	2006
2	central	worker-cs-4	Label-10	2002
2	central	worker-cs-4	Label-04	2002
2	central	worker-cs-4	Label-02	2002
2	central	worker-cs-4	Label-10	2002
2	central	worker-cs-4	Label-04	2002
2	central	worker-cs-4	Label-10	2002
2	central	worker-cs-4	Label-04	2002
2	central	worker-cs-4	Label-04	2002
2	central	worker-cs-4	Label-02	2003
2	central	worker-cs-4	Label-02	2001
2	central	worker-cs-4	Label-10	2002
2	central	worker-cs-4	Label-10	2003
2	central	worker-cs-4	Label-02	2002
2	central	worker-cs-4	Label-02	2002
2	central	worker-cs-4	Label-10	2002
2	central	worker-cs-4	Label-02	2002
2	central	worker-cs-4	Label-10	2003
2	central	worker-cs-4	Label-02	2003
2	central	worker-cs-4	Label-02	2002
2	central	worker-cs-4	Label-04	2003
2	central	worker-cs-4	Label-04	2001
2	central	worker-cs-4	Label-10	2003
2	central	worker-cs-4	Label-04	2005
2	central	worker-cs-4	Label-02	2002
2	central	worker-cs-4	Label-04	2003
2	central	worker-cs-4	Label-02	2002
2	central	worker-cs-4	Label-10	2001
2	central	worker-cs-4	Label-10	2001
2	central	worker-cs-4	Label-10	2002
2	central	worker-cs-4	Label-10	2002
2	central	worker-cs-4	Label-02	2001
2	central	worker-cs-4	Label-10	2003
2	central	worker-cs-4	Label-04	2001
2	central	worker-cs-4	Label-02	2003
2	central	worker-cs-4	Label-04	2002
2	central	worker-cs-4	Label-04	2003
2	central	worker-cs-4	Label-04	2002
2	central	worker-cs-4	Label-04	2002
2	central	worker-cs-4	Label-10	2003
2	central	worker-cs-4	Label-10	2002
2	central	worker-cs-4	Label-10	2002
2	central	worker-cs-4	Label-02	2001
2	central	worker-cs-4	Label-04	2002
2	central	worker-cs-4	Label-04	2004
2	central	worker-cs-4	Label-04	2002
2	central	worker-cs-4	Label-02	2002
2	central	worker-cs-4	Label-02	2003
2	central	worker-cs-4	Label-02	2002
2	central	worker-cs-4	Label-04	2001
2	central	worker-cs-4	Label-04	2002
2	central	worker-cs-4	Label-10	2001
2	central	worker-cs-4	Label-04	2002
2	central	worker-cs-4	Label-10	2002
2	central	worker-cs-4	Label-04	2002
2	central	worker-cs-4	Label-10	2001
2	central	worker-cs-4	Label-02	2002
2	central	worker-cs-4	Label-04	2002
2	central	worker-cs-4	Label-02	2002
2	central	worker-cs-4	Label-10	2003
2	central	worker-cs-4	Label-02	2002
2	central	worker-cs-4	Label-10	2002
2	central	worker-cs-4	Label-10	2002
2	central	worker-cs-4	Label-02	2004
2	central	worker-cs-4	Label-04	2004
2	central	worker-cs-4	Label-02	2002
2	central	worker-cs-4	Label-02	2001
2	central	worker-cs-4	Label-04	2003
2	central	worker-cs-4	Label-10	2003
2	central	worker-cs-4	Label-10	2003
2	central	worker-cs-4	Label-04	2001
2	central	worker-cs-4	Label-04	2001
2	central	worker-cs-4	Label-04	2002
2	central	worker-cs-4	Label-10	2002
2	central	worker-cs-4	Label-04	2002
2	central	worker-cs-4	Label-10	2002
2	central	worker-cs-4	Label-04	2002
2	central	worker-cs-4	Label-04	2002
2	central	worker-cs-4	Label-10	2005
2	central	worker-cs-4	Label-02	2002
2	central	worker-cs-4	Label-04	2003
2	central	worker-cs-4	Label-02	2002
2	central	worker-cs-4	Label-02	2003
2	central	worker-cs-4	Label-02	2003
2	central	worker-cs-4	Label-02	2001
2	central	worker-cs-4	Label-10	2002
2	central	worker-cs-4	Label-10	2003
2	central	worker-cs-4	Label-10	2003
2	central	worker-cs-4	Label-04	2002
2	central	worker-cs-4	Label-04	2002
2	central	worker-cs-4	Label-10	2002
2	central	worker-cs-4	Label-10	2003
2	central	worker-cs-4	Label-04	2001
2	central	worker-cs-4	Label-02	2002
2	central	worker-cs-4	Label-02	2002
2	central	worker-cs-4	Label-10	2002
2	central	worker-cs-4	Label-10	2001
2	central	worker-cs-4	Label-02	2003
2	central	worker-cs-4	Label-04	2002
2	central	worker-cs-4	Label-04	2002
2	central	worker-cs-4	Label-10	2003
2	central	worker-cs-4	Label-04	2003
2	central	worker-cs-4	Label-10	2002
2	central	worker-cs-4	Label-04	2002
2	central	worker-cs-4	Label-02	2002
2	central	worker-cs-4	Label-04	2002
2	central	worker-cs-4	Label-10	2003
2	central	worker-cs-4	Label-04	2002
2	central	worker-cs-4	Label-04	2002
2	central	worker-cs-4	Label-04	2002
2	central	worker-cs-4	Label-02	2001
2	central	worker-cs-4	Label-10	2001
2	central	worker-cs-4	Label-02	2002
2	central	worker-cs-4	Label-04	2002
2	central	worker-cs-4	Label-10	2003
2	central	worker-cs-4	Label-04	2002
2	central	worker-cs-4	Label-02	2002
2	central	worker-cs-4	Label-10	2002
2	central	worker-cs-4	Label-02	2003
2	central	worker-cs-4	Label-02	2002
2	central	worker-cs-4	Label-04	2001
2	central	worker-cs-4	Label-10	2002
2	central	worker-cs-4	Label-04	2002
2	central	worker-cs-4	Label-04	2003
2	central	worker-cs-4	Label-02	2002
2	central	worker-cs-4	Label-04	2002
2	central	worker-cs-4	Label-10	2002
2	central	worker-cs-4	Label-10	2003
2	central	worker-cs-4	Label-04	2002
2	central	worker-cs-4	Label-10	2003
2	central	worker-cs-4	Label-10	2002
2	central	worker-cs-4	Label-02	2002
2	central	worker-cs-4	Label-10	2001
2	central	worker-cs-4	Label-02	2002
2	central	worker-cs-4	Label-04	2002
2	central	worker-cs-4	Label-10	2002
2	central	worker-cs-4	Label-04	2002
2	central	worker-cs-4	Label-10	2002
2	central	worker-cs-4	Label-10	2002
2	central	worker-cs-4	Label-10	2002
2	central	worker-cs-4	Label-10	2002
2	central	worker-cs-4	Label-02	2002
2	central	worker-cs-4	Label-10	2003
2	central	worker-cs-4	Label-04	2003
2	central	worker-cs-4	Label-04	2001
2	central	worker-cs-4	Label-02	2002
2	central	worker-cs-4	Label-04	2003
2	central	worker-cs-4	Label-04	2002
2	central	worker-cs-4	Label-10	2002
2	central	worker-cs-4	Label-04	2001
2	central	worker-cs-4	Label-04	2002
2	central	worker-cs-4	Label-10	2002
2	central	worker-cs-4	Label-04	2002
2	central	worker-cs-4	Label-04	2002
2	central	worker-cs-4	Label-04	2002
2	central	worker-cs-4	Label-04	2001
2	central	worker-cs-4	Label-02	2002
2	central	worker-cs-4	Label-02	2002
2	central	worker-cs-4	Label-10	2002
2	central	worker-cs-4	Label-04	2001
2	central	worker-cs-4	Label-02	2002
2	central	worker-cs-4	Label-10	2001
2	central	worker-cs-4	Label-10	2002
2	central	worker-cs-4	Label-10	2002
2	central	worker-cs-4	Label-04	2002
2	central	worker-cs-4	Label-02	2003
2	central	worker-cs-4	Label-04	2003
2	central	worker-cs-4	Label-02	2002
2	central	worker-cs-4	Label-10	2002
2	central	worker-cs-4	Label-04	2002
2	central	worker-cs-4	Label-02	2003
2	central	worker-cs-4	Label-02	2002
2	central	worker-cs-4	Label-04	2003
2	central	worker-cs-4	Label-02	2002
2	central	worker-cs-4	Label-10	2002
2	central	worker-cs-4	Label-04	2002
2	central	worker-cs-4	Label-04	2002
2	central	worker-cs-4	Label-10	2003
2	central	worker-cs-4	Label-04	2002
2	central	worker-cs-4	Label-02	2002
2	central	worker-cs-4	Label-04	2001
2	central	worker-cs-4	Label-02	2003
2	central	worker-cs-4	Label-02	2001
2	central	worker-cs-4	Label-04	2001
2	central	worker-cs-4	Label-04	2002
2	central	worker-cs-4	Label-04	2001
2	central	worker-cs-4	Label-02	2003
2	central	worker-cs-4	Label-02	2002
2	central	worker-cs-4	Label-02	2002
2	central	worker-cs-4	Label-02	2003
2	central	worker-cs-4	Label-02	2002
2	central	worker-cs-4	Label-04	2002
2	central	worker-cs-4	Label-04	2003
2	central	worker-cs-4	Label-10	2001
2	central	worker-cs-4	Label-10	2002
2	central	worker-cs-4	Label-10	2006
2	central	worker-cs-4	Label-04	2002
2	central	worker-cs-4	Label-04	2002
2	central	worker-cs-4	Label-04	2004
2	central	worker-cs-4	Label-10	2001
2	central	worker-cs-4	Label-02	2002
2	central	worker-cs-4	Label-04	2002
2	central	worker-cs-4	Label-04	2002
2	central	worker-cs-4	Label-04	2002
2	central	worker-cs-4	Label-04	2002
2	central	worker-cs-4	Label-02	2001
2	central	worker-cs-4	Label-04	2002
2	central	worker-cs-4	Label-04	2002
2	central	worker-cs-4	Label-10	2002
2	central	worker-cs-4	Label-02	2003
2	central	worker-cs-4	Label-10	2002
2	central	worker-cs-4	Label-04	2001
2	central	worker-cs-4	Label-04	2002
2	central	worker-cs-4	Label-10	2002
2	central	worker-cs-4	Label-02	2003
2	central	worker-cs-4	Label-02	2003
2	central	worker-cs-4	Label-10	2002
2	central	worker-cs-4	Label-02	2002
2	central	worker-cs-4	Label-02	2001
2	central	worker-cs-4	Label-02	2002
2	central	worker-cs-4	Label-04	2001
2	central	worker-cs-4	Label-04	2003
2	central	worker-cs-4	Label-10	2004
2	central	worker-cs-4	Label-04	2001
2	central	worker-cs-4	Label-04	2002
2	central	worker-cs-4	Label-02	2003
2	central	worker-cs-4	Label-04	2002
2	central	worker-cs-4	Label-10	2002
2	central	worker-cs-4	Label-10	2002
2	central	worker-cs-4	Label-04	2002
2	central	worker-cs-4	Label-04	2002
2	central	worker-cs-4	Label-02	2003
2	central	worker-cs-4	Label-04	2002
2	central	worker-cs-4	Label-10	2003
2	central	worker-cs-4	Label-04	2001
2	central	worker-cs-4	Label-04	2003
2	central	worker-cs-4	Label-04	2002
2	central	worker-cs-4	Label-10	2002
2	central	worker-cs-4	Label-02	2002
2	central	worker-cs-4	Label-04	2002
2	central	worker-cs-4	Label-10	2002
2	central	worker-cs-4	Label-02	2002
2	central	worker-cs-4	Label-04	2002
2	central	worker-cs-4	Label-04	2002
2	central	worker-cs-4	Label-02	2002
2	central	worker-cs-4	Label-04	2003
2	central	worker-cs-4	Label-10	2002
2	central	worker-cs-4	Label-04	2003
2	central	worker-cs-4	Label-02	2001
2	central	worker-cs-4	Label-02	2001
2	central	worker-cs-4	Label-02	2002
2	central	worker-cs-4	Label-04	2003
2	central	worker-cs-4	Label-10	2002
2	central	worker-cs-4	Label-02	2003
2	central	worker-cs-4	Label-02	2002
2	central	worker-cs-4	Label-02	2001
2	central	worker-cs-4	Label-10	2002
2	central	worker-cs-4	Label-04	2001
2	central	worker-cs-4	Label-04	2001
2	central	worker-cs-4	Label-10	2003
2	central	worker-cs-4	Label-10	2002
2	central	worker-cs-4	Label-10	2003
2	central	worker-cs-4	Label-10	2002
2	central	worker-cs-4	Label-02	2001
2	central	worker-cs-4	Label-10	2003
2	central	worker-cs-4	Label-04	2003
2	central	worker-cs-4	Label-04	2006
2	central	worker-cs-4	Label-10	2002
2	central	worker-cs-4	Label-10	2002
2	central	worker-cs-4	Label-02	2002
2	central	worker-cs-4	Label-04	2002
2	central	worker-cs-4	Label-10	2003
2	central	worker-cs-4	Label-10	2002
2	central	worker-cs-4	Label-04	2001
2	central	worker-cs-4	Label-10	2002
2	central	worker-cs-4	Label-10	2003
2	central	worker-cs-4	Label-04	2002
2	central	worker-cs-4	Label-10	2003
2	central	worker-cs-4	Label-10	2002
2	central	worker-cs-4	Label-02	2002
2	central	worker-cs-4	Label-10	2002
2	central	worker-cs-4	Label-02	2002
2	central	worker-cs-4	Label-04	2002
2	central	worker-cs-4	Label-02	2003
2	central	worker-cs-4	Label-10	2002
2	central	worker-cs-4	Label-10	2001
2	central	worker-cs-4	Label-10	2001
2	central	worker-cs-4	Label-10	2003
2	central	worker-cs-4	Label-10	2003
2	central	worker-cs-4	Label-02	2002
2	central	worker-cs-4	Label-10	2001
2	central	worker-cs-4	Label-10	2004
2	central	worker-cs-4	Label-10	2002
2	central	worker-cs-4	Label-10	2003
2	central	worker-cs-4	Label-02	2003
2	central	worker-cs-4	Label-10	2002
2	central	worker-cs-4	Label-10	2001
2	central	worker-cs-4	Label-04	2002
2	central	worker-cs-4	Label-02	2002
2	central	worker-cs-4	Label-04	2002
2	central	worker-cs-4	Label-02	2003
2	central	worker-cs-5	Label-03	2001
2	central	worker-cs-5	Label-03	2005
2	central	worker-cs-5	Label-11	2001
2	central	worker-cs-5	Label-03	2001
2	central	worker-cs-5	Label-11	2002
2	central	worker-cs-5	Label-03	2001
2	central	worker-cs-5	Label-11	2000
2	central	worker-cs-5	Label-03	2002
2	central	worker-cs-5	Label-03	2001
2	central	worker-cs-5	Label-03	2001
2	central	worker-cs-5	Label-03	2001
2	central	worker-cs-5	Label-03	2002
2	central	worker-cs-5	Label-03	2001
2	central	worker-cs-5	Label-03	2000
2	central	worker-cs-5	Label-03	2001
2	central	worker-cs-5	Label-11	2002
2	central	worker-cs-5	Label-11	2002
2	central	worker-cs-5	Label-11	2000
2	central	worker-cs-5	Label-03	2001
2	central	worker-cs-5	Label-11	2001
2	central	worker-cs-5	Label-03	2000
2	central	worker-cs-5	Label-03	2001
2	central	worker-cs-5	Label-03	2001
2	central	worker-cs-5	Label-03	2001
2	central	worker-cs-5	Label-03	2001
2	central	worker-cs-5	Label-03	2001
2	central	worker-cs-5	Label-03	2001
2	central	worker-cs-5	Label-11	2001
2	central	worker-cs-5	Label-11	2002
2	central	worker-cs-5	Label-03	2000
2	central	worker-cs-5	Label-03	2001
2	central	worker-cs-5	Label-11	2002
2	central	worker-cs-5	Label-11	2001
2	central	worker-cs-5	Label-11	2002
2	central	worker-cs-5	Label-03	2001
2	central	worker-cs-5	Label-11	2001
2	central	worker-cs-5	Label-03	2001
2	central	worker-cs-5	Label-03	2002
2	central	worker-cs-5	Label-11	2001
2	central	worker-cs-5	Label-11	2000
2	central	worker-cs-5	Label-03	2001
2	central	worker-cs-5	Label-03	2000
2	central	worker-cs-5	Label-03	2001
2	central	worker-cs-5	Label-11	2001
2	central	worker-cs-5	Label-03	2000
2	central	worker-cs-5	Label-03	2001
2	central	worker-cs-5	Label-03	2001
2	central	worker-cs-5	Label-11	2003
2	central	worker-cs-5	Label-11	2001
2	central	worker-cs-5	Label-03	2001
2	central	worker-cs-5	Label-03	2001
2	central	worker-cs-5	Label-11	2000
2	central	worker-cs-5	Label-03	2001
2	central	worker-cs-5	Label-03	2001
2	central	worker-cs-5	Label-03	2001
2	central	worker-cs-5	Label-03	2001
2	central	worker-cs-5	Label-03	2007
2	central	worker-cs-5	Label-03	2004
2	central	worker-cs-5	Label-03	2001
2	central	worker-cs-5	Label-03	2001
2	central	worker-cs-5	Label-03	2003
2	central	worker-cs-5	Label-03	2002
2	central	worker-cs-5	Label-11	2000
2	central	worker-cs-5	Label-03	2001
2	central	worker-cs-5	Label-03	2001
2	central	worker-cs-5	Label-03	2000
2	central	worker-cs-5	Label-11	2008
2	central	worker-cs-5	Label-11	2002
2	central	worker-cs-5	Label-03	2002
2	central	worker-cs-5	Label-03	2001
2	central	worker-cs-5	Label-03	2001
2	central	worker-cs-5	Label-03	2001
2	central	worker-cs-5	Label-03	2002
2	central	worker-cs-5	Label-03	2001
2	central	worker-cs-5	Label-03	2000
2	central	worker-cs-5	Label-03	2002
2	central	worker-cs-5	Label-03	2001
2	central	worker-cs-5	Label-03	2000
2	central	worker-cs-5	Label-03	2001
2	central	worker-cs-5	Label-03	2001
2	central	worker-cs-5	Label-03	2001
2	central	worker-cs-5	Label-11	2001
2	central	worker-cs-5	Label-03	2001
2	central	worker-cs-5	Label-03	2001
2	central	worker-cs-5	Label-03	2002
2	central	worker-cs-5	Label-11	2000
2	central	worker-cs-5	Label-03	2001
2	central	worker-cs-5	Label-03	2001
2	central	worker-cs-5	Label-03	2001
2	central	worker-cs-5	Label-11	2000
2	central	worker-cs-5	Label-03	2001
2	central	worker-cs-5	Label-03	2001
2	central	worker-cs-5	Label-11	2001
2	central	worker-cs-5	Label-03	2000
2	central	worker-cs-5	Label-03	2001
2	central	worker-cs-5	Label-03	2001
2	central	worker-cs-5	Label-11	2001
2	central	worker-cs-5	Label-03	2001
2	central	worker-cs-5	Label-03	2001
2	central	worker-cs-5	Label-11	2001
2	central	worker-cs-5	Label-03	2001
2	central	worker-cs-5	Label-11	2001
2	central	worker-cs-5	Label-03	2002
2	central	worker-cs-5	Label-11	2002
2	central	worker-cs-5	Label-03	2002
2	central	worker-cs-5	Label-11	2000
2	central	worker-cs-5	Label-11	2002
2	central	worker-cs-5	Label-03	2001
2	central	worker-cs-5	Label-11	2001
2	central	worker-cs-5	Label-03	2001
2	central	worker-cs-5	Label-11	2001
2	central	worker-cs-5	Label-03	2001
2	central	worker-cs-5	Label-03	2002
2	central	worker-cs-5	Label-03	2001
2	central	worker-cs-5	Label-11	2002
2	central	worker-cs-5	Label-11	2001
2	central	worker-cs-5	Label-11	2000
2	central	worker-cs-5	Label-03	2001
2	central	worker-cs-5	Label-11	2001
2	central	worker-cs-5	Label-11	2002
2	central	worker-cs-5	Label-03	2001
2	central	worker-cs-5	Label-03	2000
2	central	worker-cs-5	Label-03	2002
2	central	worker-cs-5	Label-03	2001
2	central	worker-cs-5	Label-03	2001
2	central	worker-cs-5	Label-11	2003
2	central	worker-cs-5	Label-03	2000
2	central	worker-cs-5	Label-03	2001
2	central	worker-cs-5	Label-03	2001
2	central	worker-cs-5	Label-03	2001
2	central	worker-cs-5	Label-03	2004
2	central	worker-cs-5	Label-03	2002
2	central	worker-cs-5	Label-03	2001
2	central	worker-cs-5	Label-03	2001
2	central	worker-cs-5	Label-11	2020
2	central	worker-cs-5	Label-03	2001
2	central	worker-cs-5	Label-03	2000
2	central	worker-cs-5	Label-03	2000
2	central	worker-cs-5	Label-03	2001
2	central	worker-cs-5	Label-03	2001
2	central	worker-cs-5	Label-03	2001
2	central	worker-cs-5	Label-11	2000
2	central	worker-cs-5	Label-11	2001
2	central	worker-cs-5	Label-03	2000
2	central	worker-cs-5	Label-03	2003
2	central	worker-cs-5	Label-03	2001
2	central	worker-cs-5	Label-03	2001
2	central	worker-cs-5	Label-03	2002
2	central	worker-cs-5	Label-03	2001
2	central	worker-cs-5	Label-03	2002
2	central	worker-cs-5	Label-11	2000
2	central	worker-cs-5	Label-11	2001
2	central	worker-cs-5	Label-11	2002
2	central	worker-cs-5	Label-03	2001
2	central	worker-cs-5	Label-03	2000
2	central	worker-cs-5	Label-03	2000
2	central	worker-cs-5	Label-11	2002
2	central	worker-cs-5	Label-03	2001
2	central	worker-cs-5	Label-03	2002
2	central	worker-cs-5	Label-11	2001
2	central	worker-cs-5	Label-11	2001
2	central	worker-cs-5	Label-11	2002
2	central	worker-cs-5	Label-11	2003
2	central	worker-cs-5	Label-03	2001
2	central	worker-cs-5	Label-11	2001
2	central	worker-cs-5	Label-03	2002
2	central	worker-cs-5	Label-03	2000
2	central	worker-cs-5	Label-11	2001
2	central	worker-cs-5	Label-03	2001
2	central	worker-cs-5	Label-03	2001
2	central	worker-cs-5	Label-03	2001
2	central	worker-cs-5	Label-03	2001
2	central	worker-cs-5	Label-11	2001
2	central	worker-cs-5	Label-11	2001
2	central	worker-cs-5	Label-03	2000
2	central	worker-cs-5	Label-03	2002
2	central	worker-cs-5	Label-11	2001
2	central	worker-cs-5	Label-11	2001
2	central	worker-cs-5	Label-11	2002
2	central	worker-cs-5	Label-03	2002
2	central	worker-cs-5	Label-03	2001
2	central	worker-cs-5	Label-03	2001
2	central	worker-cs-5	Label-03	2001
2	central	worker-cs-5	Label-03	2002
2	central	worker-cs-5	Label-03	2002
2	central	worker-cs-5	Label-03	2001
2	central	worker-cs-5	Label-03	2001
2	central	worker-cs-5	Label-11	2001
2	central	worker-cs-5	Label-03	2001
2	central	worker-cs-5	Label-11	2002
2	central	worker-cs-5	Label-11	2002
2	central	worker-cs-5	Label-03	2002
2	central	worker-cs-5	Label-11	2002
2	central	worker-cs-5	Label-03	2001
2	central	worker-cs-5	Label-03	2001
2	central	worker-cs-5	Label-11	2001
2	central	worker-cs-5	Label-03	2001
2	central	worker-cs-5	Label-11	2001
2	central	worker-cs-5	Label-03	2001
2	central	worker-cs-5	Label-03	2001
2	central	worker-cs-5	Label-11	2002
2	central	worker-cs-5	Label-11	2001
2	central	worker-cs-5	Label-03	2001
2	central	worker-cs-5	Label-11	2002
2	central	worker-cs-5	Label-11	2002
2	central	worker-cs-5	Label-11	2000
2	central	worker-cs-5	Label-03	2002
2	central	worker-cs-5	Label-03	2001
2	central	worker-cs-5	Label-03	2001
2	central	worker-cs-5	Label-11	2001
2	central	worker-cs-5	Label-03	2001
2	central	worker-cs-5	Label-03	2004
2	central	worker-cs-5	Label-03	2001
2	central	worker-cs-5	Label-03	2000
2	central	worker-cs-5	Label-03	2003
2	central	worker-cs-5	Label-03	2002
2	central	worker-cs-5	Label-03	2001
2	central	worker-cs-5	Label-03	2001
2	central	worker-cs-5	Label-03	2000
2	central	worker-cs-5	Label-03	2001
2	central	worker-cs-5	Label-03	2001
2	central	worker-cs-5	Label-11	2002
2	central	worker-cs-5	Label-03	2001
2	central	worker-cs-5	Label-03	2002
2	central	worker-cs-5	Label-03	2001
2	central	worker-cs-5	Label-03	2001
2	central	worker-cs-5	Label-11	2001
2	central	worker-cs-5	Label-03	2001
2	central	worker-cs-5	Label-03	2001
2	central	worker-cs-5	Label-03	2001
2	central	worker-cs-5	Label-11	2001
2	central	worker-cs-5	Label-11	2001
2	central	worker-cs-5	Label-11	2001
2	central	worker-cs-5	Label-03	2001
2	central	worker-cs-5	Label-03	2002
2	central	worker-cs-5	Label-11	2000
2	central	worker-cs-5	Label-03	2001
2	central	worker-cs-5	Label-03	2002
2	central	worker-cs-5	Label-03	2001
2	central	worker-cs-5	Label-11	2001
2	central	worker-cs-5	Label-03	2001
2	central	worker-cs-5	Label-11	2001
2	central	worker-cs-5	Label-03	2001
2	central	worker-cs-5	Label-03	2002
2	central	worker-cs-5	Label-03	2001
2	central	worker-cs-5	Label-11	2000
2	central	worker-cs-5	Label-03	2001
2	central	worker-cs-5	Label-03	2001
2	central	worker-cs-5	Label-11	2004
2	central	worker-cs-5	Label-03	2001
2	central	worker-cs-5	Label-03	2000
2	central	worker-cs-5	Label-03	2001
2	central	worker-cs-5	Label-11	2001
2	central	worker-cs-5	Label-03	2001
2	central	worker-cs-5	Label-03	2001
2	central	worker-cs-5	Label-11	2001
2	central	worker-cs-5	Label-03	2002
2	central	worker-cs-5	Label-03	2002
2	central	worker-cs-5	Label-11	2001
2	central	worker-cs-5	Label-03	2002
2	central	worker-cs-5	Label-03	2001
2	central	worker-cs-5	Label-11	2002
2	central	worker-cs-5	Label-03	2001
2	central	worker-cs-5	Label-03	2003
2	central	worker-cs-5	Label-03	2000
2	central	worker-cs-5	Label-11	2001
2	central	worker-cs-5	Label-03	2001
2	central	worker-cs-5	Label-03	2001
2	central	worker-cs-5	Label-11	2001
2	central	worker-cs-5	Label-03	2001
2	central	worker-cs-5	Label-03	2000
2	central	worker-cs-5	Label-03	2001
2	central	worker-cs-5	Label-03	2000
2	central	worker-cs-5	Label-11	2001
2	central	worker-cs-5	Label-03	2002
2	central	worker-cs-5	Label-03	2001
2	central	worker-cs-5	Label-11	2001
2	central	worker-cs-5	Label-03	2001
2	central	worker-cs-5	Label-11	2000
2	central	worker-cs-5	Label-03	2001
2	central	worker-cs-5	Label-03	2002
2	central	worker-cs-5	Label-03	2002
2	central	worker-cs-5	Label-03	2001
2	central	worker-cs-5	Label-11	2001
2	central	worker-cs-5	Label-03	2005
2	central	worker-cs-5	Label-11	2002
2	central	worker-cs-5	Label-11	2001
2	central	worker-cs-5	Label-03	2001
2	central	worker-cs-5	Label-03	2002
2	central	worker-cs-5	Label-03	2001
2	central	worker-cs-5	Label-03	2001
2	central	worker-cs-5	Label-03	2001
2	central	worker-cs-5	Label-11	2001
2	central	worker-cs-5	Label-03	2001
2	central	worker-cs-5	Label-03	2002
2	central	worker-cs-5	Label-03	2001
2	central	worker-cs-5	Label-03	2002
2	central	worker-cs-5	Label-03	2001
2	central	worker-cs-5	Label-03	2001
2	central	worker-cs-5	Label-11	2001
2	central	worker-cs-5	Label-11	2000
2	central	worker-cs-5	Label-11	2001
2	central	worker-cs-5	Label-03	2000
2	central	worker-cs-5	Label-03	2001
2	central	worker-cs-5	Label-03	2002
2	central	worker-cs-5	Label-03	2003
2	central	worker-cs-5	Label-03	2001
2	central	worker-cs-5	Label-03	2001
2	central	worker-cs-5	Label-11	2001
2	central	worker-cs-5	Label-03	2001
2	central	worker-cs-5	Label-03	2001
2	central	worker-cs-5	Label-11	2000
2	central	worker-cs-5	Label-03	2001
2	central	worker-cs-5	Label-03	2001
2	central	worker-cs-5	Label-11	2005
2	central	worker-cs-5	Label-11	2001
2	central	worker-cs-5	Label-11	2001
2	central	worker-cs-5	Label-03	2002
2	central	worker-cs-5	Label-11	2000
2	central	worker-cs-5	Label-11	2001
2	central	worker-cs-5	Label-11	2001
2	central	worker-cs-5	Label-03	2003
2	central	worker-cs-5	Label-03	2001
2	central	worker-cs-5	Label-03	2002
2	central	worker-cs-5	Label-03	2000
2	central	worker-cs-5	Label-03	2000
2	central	worker-cs-5	Label-11	2001
2	central	worker-cs-5	Label-03	2001
2	central	worker-cs-5	Label-03	2001
2	central	worker-cs-5	Label-03	2002
2	central	worker-cs-5	Label-11	2001
2	central	worker-cs-5	Label-03	2001
2	central	worker-cs-5	Label-11	2001
2	central	worker-cs-5	Label-11	2001
2	central	worker-cs-5	Label-03	2001
2	central	worker-cs-5	Label-03	2001
2	central	worker-cs-5	Label-03	2001
2	central	worker-cs-5	Label-03	2001
2	central	worker-cs-5	Label-11	2000
2	central	worker-cs-5	Label-03	2004
2	central	worker-cs-5	Label-03	2001
2	central	worker-cs-5	Label-03	2002
2	central	worker-cs-5	Label-11	2001
2	central	worker-cs-5	Label-03	2001
2	central	worker-cs-5	Label-11	2001
2	central	worker-cs-5	Label-03	2001
2	central	worker-cs-5	Label-03	2001
2	central	worker-cs-5	Label-03	2001
2	central	worker-cs-5	Label-11	2001
2	central	worker-cs-5	Label-03	2001
2	central	worker-cs-5	Label-03	2000
2	central	worker-cs-5	Label-11	2001
2	central	worker-cs-5	Label-11	2001
2	central	worker-cs-5	Label-03	2001
2	central	worker-cs-5	Label-03	2006
2	central	worker-cs-5	Label-03	2001
2	central	worker-cs-5	Label-11	2001
2	central	worker-cs-5	Label-11	2001
2	central	worker-cs-5	Label-03	2001
2	central	worker-cs-5	Label-03	2001
2	central	worker-cs-5	Label-11	2001
2	central	worker-cs-5	Label-11	2001
2	central	worker-cs-6	Label-05	2001
2	central	worker-cs-6	Label-05	2002
2	central	worker-cs-6	Label-11	2002
2	central	worker-cs-6	Label-11	2002
2	central	worker-cs-6	Label-05	2002
2	central	worker-cs-6	Label-05	2001
2	central	worker-cs-6	Label-05	2002
2	central	worker-cs-6	Label-05	2002
2	central	worker-cs-6	Label-11	2001
2	central	worker-cs-6	Label-11	2002
2	central	worker-cs-6	Label-05	2002
2	central	worker-cs-6	Label-05	2002
2	central	worker-cs-6	Label-05	2003
2	central	worker-cs-6	Label-11	2002
2	central	worker-cs-6	Label-05	2003
2	central	worker-cs-6	Label-05	2001
2	central	worker-cs-6	Label-05	2001
2	central	worker-cs-6	Label-05	2002
2	central	worker-cs-6	Label-05	2002
2	central	worker-cs-6	Label-05	2002
2	central	worker-cs-6	Label-05	2002
2	central	worker-cs-6	Label-05	2002
2	central	worker-cs-6	Label-11	2001
2	central	worker-cs-6	Label-11	2003
2	central	worker-cs-6	Label-11	2002
2	central	worker-cs-6	Label-05	2002
2	central	worker-cs-6	Label-05	2002
2	central	worker-cs-6	Label-11	2001
2	central	worker-cs-6	Label-11	2001
2	central	worker-cs-6	Label-11	2002
2	central	worker-cs-6	Label-05	2001
2	central	worker-cs-6	Label-05	2003
2	central	worker-cs-6	Label-05	2003
2	central	worker-cs-6	Label-05	2001
2	central	worker-cs-6	Label-05	2003
2	central	worker-cs-6	Label-05	2002
2	central	worker-cs-6	Label-05	2002
2	central	worker-cs-6	Label-05	2002
2	central	worker-cs-6	Label-11	2002
2	central	worker-cs-6	Label-05	2001
2	central	worker-cs-6	Label-05	2003
2	central	worker-cs-6	Label-05	2002
2	central	worker-cs-6	Label-11	2002
2	central	worker-cs-6	Label-05	2002
2	central	worker-cs-6	Label-11	2002
2	central	worker-cs-6	Label-05	2002
2	central	worker-cs-6	Label-05	2002
2	central	worker-cs-6	Label-05	2002
2	central	worker-cs-6	Label-05	2002
2	central	worker-cs-6	Label-05	2002
2	central	worker-cs-6	Label-11	2002
2	central	worker-cs-6	Label-11	2003
2	central	worker-cs-6	Label-11	2002
2	central	worker-cs-6	Label-11	2001
2	central	worker-cs-6	Label-05	2001
2	central	worker-cs-6	Label-05	2002
2	central	worker-cs-6	Label-05	2006
2	central	worker-cs-6	Label-11	2002
2	central	worker-cs-6	Label-05	2002
2	central	worker-cs-6	Label-11	2002
2	central	worker-cs-6	Label-05	2003
2	central	worker-cs-6	Label-11	2002
2	central	worker-cs-6	Label-05	2002
2	central	worker-cs-6	Label-11	2002
2	central	worker-cs-6	Label-11	2001
2	central	worker-cs-6	Label-11	2002
2	central	worker-cs-6	Label-11	2005
2	central	worker-cs-6	Label-05	2002
2	central	worker-cs-6	Label-05	2002
2	central	worker-cs-6	Label-11	2002
2	central	worker-cs-6	Label-05	2001
2	central	worker-cs-6	Label-11	2001
2	central	worker-cs-6	Label-11	2002
2	central	worker-cs-6	Label-05	2001
2	central	worker-cs-6	Label-05	2001
2	central	worker-cs-6	Label-05	2002
2	central	worker-cs-6	Label-05	2003
2	central	worker-cs-6	Label-05	2002
2	central	worker-cs-6	Label-05	2000
2	central	worker-cs-6	Label-05	2002
2	central	worker-cs-6	Label-11	2002
2	central	worker-cs-6	Label-05	2002
2	central	worker-cs-6	Label-05	2001
2	central	worker-cs-6	Label-05	2001
2	central	worker-cs-6	Label-05	2002
2	central	worker-cs-6	Label-05	2002
2	central	worker-cs-6	Label-05	2002
2	central	worker-cs-6	Label-05	2002
2	central	worker-cs-6	Label-05	2001
2	central	worker-cs-6	Label-05	2001
2	central	worker-cs-6	Label-05	2002
2	central	worker-cs-6	Label-05	2002
2	central	worker-cs-6	Label-11	2002
2	central	worker-cs-6	Label-05	2002
2	central	worker-cs-6	Label-05	2002
2	central	worker-cs-6	Label-05	2001
2	central	worker-cs-6	Label-05	2002
2	central	worker-cs-6	Label-11	2002
2	central	worker-cs-6	Label-05	2003
2	central	worker-cs-6	Label-05	2002
2	central	worker-cs-6	Label-05	2001
2	central	worker-cs-6	Label-05	2002
2	central	worker-cs-6	Label-11	2001
2	central	worker-cs-6	Label-05	2001
2	central	worker-cs-6	Label-05	2003
2	central	worker-cs-6	Label-05	2002
2	central	worker-cs-6	Label-05	2002
2	central	worker-cs-6	Label-11	2003
2	central	worker-cs-6	Label-11	2002
2	central	worker-cs-6	Label-05	2002
2	central	worker-cs-6	Label-05	2001
2	central	worker-cs-6	Label-05	2001
2	central	worker-cs-6	Label-05	2002
2	central	worker-cs-6	Label-05	2002
2	central	worker-cs-6	Label-05	2002
2	central	worker-cs-6	Label-05	2001
2	central	worker-cs-6	Label-05	2002
2	central	worker-cs-6	Label-05	2006
2	central	worker-cs-6	Label-11	2002
2	central	worker-cs-6	Label-05	2001
2	central	worker-cs-6	Label-11	2002
2	central	worker-cs-6	Label-05	2001
2	central	worker-cs-6	Label-05	2001
2	central	worker-cs-6	Label-05	2001
2	central	worker-cs-6	Label-05	2001
2	central	worker-cs-6	Label-05	2001
2	central	worker-cs-6	Label-05	2001
2	central	worker-cs-6	Label-05	2002
2	central	worker-cs-6	Label-11	2001
2	central	worker-cs-6	Label-05	2001
2	central	worker-cs-6	Label-05	2002
2	central	worker-cs-6	Label-05	2002
2	central	worker-cs-6	Label-05	2002
2	central	worker-cs-6	Label-11	2002
2	central	worker-cs-6	Label-05	2003
2	central	worker-cs-6	Label-05	2003
2	central	worker-cs-6	Label-11	2001
2	central	worker-cs-6	Label-05	2002
2	central	worker-cs-6	Label-05	2002
2	central	worker-cs-6	Label-05	2001
2	central	worker-cs-6	Label-11	2002
2	central	worker-cs-6	Label-05	2002
2	central	worker-cs-6	Label-05	2002
2	central	worker-cs-6	Label-11	2003
2	central	worker-cs-6	Label-11	2001
2	central	worker-cs-6	Label-05	2002
2	central	worker-cs-6	Label-05	2002
2	central	worker-cs-6	Label-05	2002
2	central	worker-cs-6	Label-05	2002
2	central	worker-cs-6	Label-05	2002
2	central	worker-cs-6	Label-05	2001
2	central	worker-cs-6	Label-05	2002
2	central	worker-cs-6	Label-05	2002
2	central	worker-cs-6	Label-05	2003
2	central	worker-cs-6	Label-05	2002
2	central	worker-cs-6	Label-05	2003
2	central	worker-cs-6	Label-05	2002
2	central	worker-cs-6	Label-05	2002
2	central	worker-cs-6	Label-11	2001
2	central	worker-cs-6	Label-05	2003
2	central	worker-cs-6	Label-05	2001
2	central	worker-cs-6	Label-05	2001
2	central	worker-cs-6	Label-05	2001
2	central	worker-cs-6	Label-11	2003
2	central	worker-cs-6	Label-05	2002
2	central	worker-cs-6	Label-05	2002
2	central	worker-cs-6	Label-11	2001
2	central	worker-cs-6	Label-05	2001
2	central	worker-cs-6	Label-05	2001
2	central	worker-cs-6	Label-05	2003
2	central	worker-cs-6	Label-11	2002
2	central	worker-cs-6	Label-11	2002
2	central	worker-cs-6	Label-11	2001
2	central	worker-cs-6	Label-05	2001
2	central	worker-cs-6	Label-05	2002
2	central	worker-cs-6	Label-11	2002
2	central	worker-cs-6	Label-11	2002
2	central	worker-cs-6	Label-11	2000
2	central	worker-cs-6	Label-05	2001
2	central	worker-cs-6	Label-05	2001
2	central	worker-cs-6	Label-05	2001
2	central	worker-cs-6	Label-05	2002
2	central	worker-cs-6	Label-05	2002
2	central	worker-cs-6	Label-05	2001
2	central	worker-cs-6	Label-11	2002
2	central	worker-cs-6	Label-05	2002
2	central	worker-cs-6	Label-05	2001
2	central	worker-cs-6	Label-05	2002
2	central	worker-cs-6	Label-11	2002
2	central	worker-cs-6	Label-11	2002
2	central	worker-cs-6	Label-05	2000
2	central	worker-cs-6	Label-05	2001
2	central	worker-cs-6	Label-05	2002
2	central	worker-cs-6	Label-11	2003
2	central	worker-cs-6	Label-11	2002
2	central	worker-cs-6	Label-05	2002
2	central	worker-cs-6	Label-05	2001
2	central	worker-cs-6	Label-05	2002
2	central	worker-cs-6	Label-05	2004
2	central	worker-cs-6	Label-05	2001
2	central	worker-cs-6	Label-11	2002
2	central	worker-cs-6	Label-11	2002
2	central	worker-cs-6	Label-05	2003
2	central	worker-cs-6	Label-11	2002
2	central	worker-cs-6	Label-05	2001
2	central	worker-cs-6	Label-11	2002
2	central	worker-cs-6	Label-05	2001
2	central	worker-cs-6	Label-05	2002
2	central	worker-cs-6	Label-05	2002
2	central	worker-cs-6	Label-11	2002
2	central	worker-cs-6	Label-11	2003
2	central	worker-cs-6	Label-05	2002
2	central	worker-cs-6	Label-05	2002
2	central	worker-cs-6	Label-11	2001
2	central	worker-cs-6	Label-05	2001
2	central	worker-cs-6	Label-05	2001
2	central	worker-cs-6	Label-05	2003
2	central	worker-cs-6	Label-05	2002
2	central	worker-cs-6	Label-11	2002
2	central	worker-cs-6	Label-05	2001
2	central	worker-cs-6	Label-05	2002
2	central	worker-cs-6	Label-05	2002
2	central	worker-cs-6	Label-11	2001
2	central	worker-cs-6	Label-05	2002
2	central	worker-cs-6	Label-05	2001
2	central	worker-cs-6	Label-05	2001
2	central	worker-cs-6	Label-11	2003
2	central	worker-cs-6	Label-05	2002
2	central	worker-cs-6	Label-11	2002
2	central	worker-cs-6	Label-11	2002
2	central	worker-cs-6	Label-05	2001
2	central	worker-cs-6	Label-05	2002
2	central	worker-cs-6	Label-05	2003
2	central	worker-cs-6	Label-11	2002
2	central	worker-cs-6	Label-05	2001
2	central	worker-cs-6	Label-05	2002
2	central	worker-cs-6	Label-05	2002
2	central	worker-cs-6	Label-05	2003
2	central	worker-cs-6	Label-05	2002
2	central	worker-cs-6	Label-05	2002
2	central	worker-cs-6	Label-11	2002
2	central	worker-cs-6	Label-11	2002
2	central	worker-cs-6	Label-05	2003
2	central	worker-cs-6	Label-05	2002
2	central	worker-cs-6	Label-05	2001
2	central	worker-cs-6	Label-11	2001
2	central	worker-cs-6	Label-05	2002
2	central	worker-cs-6	Label-11	2001
2	central	worker-cs-6	Label-11	2002
2	central	worker-cs-6	Label-11	2002
2	central	worker-cs-6	Label-05	2002
2	central	worker-cs-6	Label-11	2002
2	central	worker-cs-6	Label-05	2001
2	central	worker-cs-6	Label-11	2002
2	central	worker-cs-6	Label-05	2002
2	central	worker-cs-6	Label-11	2001
2	central	worker-cs-6	Label-11	2002
2	central	worker-cs-6	Label-05	2002
2	central	worker-cs-6	Label-05	2002
2	central	worker-cs-6	Label-05	2002
2	central	worker-cs-6	Label-05	2002
2	central	worker-cs-6	Label-05	2003
2	central	worker-cs-6	Label-05	2003
2	central	worker-cs-6	Label-05	2002
2	central	worker-cs-6	Label-05	2003
2	central	worker-cs-6	Label-05	2002
2	central	worker-cs-6	Label-05	2002
2	central	worker-cs-6	Label-05	2002
2	central	worker-cs-6	Label-05	2002
2	central	worker-cs-6	Label-05	2001
2	central	worker-cs-6	Label-11	2002
2	central	worker-cs-6	Label-05	2002
2	central	worker-cs-6	Label-11	2001
2	central	worker-cs-6	Label-05	2003
2	central	worker-cs-6	Label-05	2002
2	central	worker-cs-6	Label-05	2002
2	central	worker-cs-6	Label-05	2002
2	central	worker-cs-6	Label-05	2002
2	central	worker-cs-6	Label-05	2002
2	central	worker-cs-6	Label-05	2001
2	central	worker-cs-6	Label-11	2001
2	central	worker-cs-6	Label-05	2001
2	central	worker-cs-6	Label-11	2002
2	central	worker-cs-6	Label-05	2002
2	central	worker-cs-6	Label-05	2002
2	central	worker-cs-6	Label-05	2001
2	central	worker-cs-6	Label-05	2001
2	central	worker-cs-6	Label-05	2001
2	central	worker-cs-6	Label-05	2002
2	central	worker-cs-6	Label-11	2002
2	central	worker-cs-6	Label-05	2001
2	central	worker-cs-6	Label-05	2001
2	central	worker-cs-6	Label-11	2002
2	central	worker-cs-6	Label-05	2002
2	central	worker-cs-6	Label-11	2002
2	central	worker-cs-6	Label-05	2001
2	central	worker-cs-6	Label-05	2001
2	central	worker-cs-6	Label-05	2003
2	central	worker-cs-6	Label-05	2001
2	central	worker-cs-6	Label-05	2002
2	central	worker-cs-6	Label-05	2002
2	central	worker-cs-6	Label-05	2003
2	central	worker-cs-6	Label-05	2001
2	central	worker-cs-6	Label-05	2002
2	central	worker-cs-6	Label-05	2003
2	central	worker-cs-6	Label-05	2001
2	central	worker-cs-7	Label-15	2001
2	central	worker-cs-7	Label-15	2002
2	central	worker-cs-7	Label-15	2001
2	central	worker-cs-7	Label-15	2002
2	central	worker-cs-7	Label-15	2002
2	central	worker-cs-7	Label-15	2002
2	central	worker-cs-7	Label-15	2002
2	central	worker-cs-7	Label-15	2001
2	central	worker-cs-7	Label-15	2002
2	central	worker-cs-7	Label-15	2001
2	central	worker-cs-7	Label-15	2001
2	central	worker-cs-7	Label-15	2001
2	central	worker-cs-7	Label-15	2003
2	central	worker-cs-7	Label-15	2001
2	central	worker-cs-7	Label-15	2002
2	central	worker-cs-7	Label-15	2003
2	central	worker-cs-7	Label-15	2002
2	central	worker-cs-7	Label-15	2001
2	central	worker-cs-7	Label-15	2001
2	central	worker-cs-7	Label-15	2001
2	central	worker-cs-7	Label-15	2002
2	central	worker-cs-7	Label-15	2003
2	central	worker-cs-7	Label-15	2002
2	central	worker-cs-7	Label-15	2000
2	central	worker-cs-7	Label-15	2002
2	central	worker-cs-7	Label-15	2001
2	central	worker-cs-7	Label-15	2002
2	central	worker-cs-7	Label-15	2002
2	central	worker-cs-7	Label-15	2002
2	central	worker-cs-7	Label-15	2003
2	central	worker-cs-7	Label-15	2002
2	central	worker-cs-7	Label-15	2001
2	central	worker-cs-7	Label-15	2002
2	central	worker-cs-7	Label-15	2005
2	central	worker-cs-7	Label-15	2002
2	central	worker-cs-7	Label-15	2001
2	central	worker-cs-7	Label-15	2002
2	central	worker-cs-7	Label-15	2002
2	central	worker-cs-7	Label-15	2001
2	central	worker-cs-7	Label-15	2003
2	central	worker-cs-7	Label-15	2001
2	central	worker-cs-7	Label-15	2002
2	central	worker-cs-7	Label-15	2004
2	central	worker-cs-7	Label-15	2001
2	central	worker-cs-7	Label-15	2001
2	central	worker-cs-7	Label-15	2001
2	central	worker-cs-7	Label-15	2001
2	central	worker-cs-7	Label-15	2003
2	central	worker-cs-7	Label-15	2001
2	central	worker-cs-7	Label-15	2002
2	central	worker-cs-7	Label-15	2001
2	central	worker-cs-7	Label-15	2002
2	central	worker-cs-7	Label-15	2002
2	central	worker-cs-7	Label-15	2001
2	central	worker-cs-7	Label-15	2001
2	central	worker-cs-7	Label-15	2002
2	central	worker-cs-7	Label-15	2002
2	central	worker-cs-7	Label-15	2002
2	central	worker-cs-7	Label-15	2002
2	central	worker-cs-7	Label-15	2002
2	central	worker-cs-7	Label-15	2001
2	central	worker-cs-7	Label-15	2002
2	central	worker-cs-7	Label-15	2001
2	central	worker-cs-7	Label-15	2002
2	central	worker-cs-7	Label-15	2002
2	central	worker-cs-7	Label-15	2002
2	central	worker-cs-7	Label-15	2002
2	central	worker-cs-7	Label-15	2002
2	central	worker-cs-7	Label-15	2002
2	central	worker-cs-7	Label-15	2002
2	central	worker-cs-7	Label-15	2003
2	central	worker-cs-7	Label-15	2002
2	central	worker-cs-7	Label-15	2002
2	central	worker-cs-7	Label-15	2002
2	central	worker-cs-7	Label-15	2002
2	central	worker-cs-7	Label-15	2001
2	central	worker-cs-7	Label-15	2002
2	central	worker-cs-7	Label-15	2002
2	central	worker-cs-7	Label-15	2002
2	central	worker-cs-7	Label-15	2002
2	central	worker-cs-7	Label-15	2004
2	central	worker-cs-7	Label-15	2001
2	central	worker-cs-7	Label-15	2002
2	central	worker-cs-7	Label-15	2001
2	central	worker-cs-7	Label-15	2001
2	central	worker-cs-7	Label-15	2002
2	central	worker-cs-7	Label-15	2002
2	central	worker-cs-7	Label-15	2002
2	central	worker-cs-7	Label-15	2002
2	central	worker-cs-7	Label-15	2001
2	central	worker-cs-7	Label-15	2002
2	central	worker-cs-7	Label-15	2001
2	central	worker-cs-7	Label-15	2001
2	central	worker-cs-7	Label-15	2004
2	central	worker-cs-7	Label-15	2002
2	central	worker-cs-7	Label-15	2002
2	central	worker-cs-7	Label-15	2003
2	central	worker-cs-7	Label-15	2001
2	central	worker-cs-7	Label-15	2002
2	central	worker-cs-7	Label-15	2001
2	central	worker-cs-8	Label-14	2006
2	central	worker-cs-8	Label-14	2001
2	central	worker-cs-8	Label-14	2002
2	central	worker-cs-8	Label-14	2002
2	central	worker-cs-8	Label-14	2002
2	central	worker-cs-8	Label-14	2002
2	central	worker-cs-8	Label-14	2003
2	central	worker-cs-8	Label-14	2002
2	central	worker-cs-8	Label-14	2001
2	central	worker-cs-8	Label-14	2002
2	central	worker-cs-8	Label-14	2002
2	central	worker-cs-8	Label-14	2003
2	central	worker-cs-8	Label-14	2005
2	central	worker-cs-8	Label-14	2002
2	central	worker-cs-8	Label-14	2002
2	central	worker-cs-8	Label-14	2002
2	central	worker-cs-8	Label-14	2003
2	central	worker-cs-8	Label-14	2002
2	central	worker-cs-8	Label-14	2002
2	central	worker-cs-8	Label-14	2003
2	central	worker-cs-8	Label-14	2002
2	central	worker-cs-8	Label-14	2002
2	central	worker-cs-8	Label-14	2001
2	central	worker-cs-8	Label-14	2002
2	central	worker-cs-8	Label-14	2003
2	central	worker-cs-8	Label-14	2002
2	central	worker-cs-8	Label-14	2004
2	central	worker-cs-8	Label-14	2002
2	central	worker-cs-8	Label-14	2002
2	central	worker-cs-8	Label-14	2001
2	central	worker-cs-8	Label-14	2002
2	central	worker-cs-8	Label-14	2002
2	central	worker-cs-8	Label-14	2004
2	central	worker-cs-8	Label-14	2001
2	central	worker-cs-8	Label-14	2003
2	central	worker-cs-8	Label-14	2002
2	central	worker-cs-8	Label-14	2002
2	central	worker-cs-8	Label-14	2002
2	central	worker-cs-8	Label-14	2002
2	central	worker-cs-8	Label-14	2003
2	central	worker-cs-8	Label-14	2002
2	central	worker-cs-8	Label-14	2003
2	central	worker-cs-8	Label-14	2002
2	central	worker-cs-8	Label-14	2002
2	central	worker-cs-8	Label-14	2001
2	central	worker-cs-8	Label-14	2002
2	central	worker-cs-8	Label-14	2001
2	central	worker-cs-8	Label-14	2002
2	central	worker-cs-8	Label-14	2002
2	central	worker-cs-8	Label-14	2002
2	central	worker-cs-8	Label-14	2002
2	central	worker-cs-8	Label-14	2002
2	central	worker-cs-8	Label-14	2001
2	central	worker-cs-8	Label-14	2002
2	central	worker-cs-8	Label-14	2002
2	central	worker-cs-8	Label-14	2002
2	central	worker-cs-8	Label-14	2002
2	central	worker-cs-8	Label-14	2003
2	central	worker-cs-8	Label-14	2002
2	central	worker-cs-8	Label-14	2003
2	central	worker-cs-8	Label-14	2001
2	central	worker-cs-8	Label-14	2002
2	central	worker-cs-8	Label-14	2011
2	central	worker-cs-8	Label-14	2001
2	central	worker-cs-8	Label-14	2002
2	central	worker-cs-8	Label-14	2002
2	central	worker-cs-8	Label-14	2003
2	central	worker-cs-8	Label-14	2002
2	central	worker-cs-8	Label-14	2002
2	central	worker-cs-8	Label-14	2002
2	central	worker-cs-8	Label-14	2003
2	central	worker-cs-8	Label-14	2002
2	central	worker-cs-8	Label-14	2002
2	central	worker-cs-8	Label-14	2002
2	central	worker-cs-8	Label-14	2002
2	central	worker-cs-8	Label-14	2002
2	central	worker-cs-8	Label-14	2002
2	central	worker-cs-8	Label-14	2002
2	central	worker-cs-8	Label-14	2002
2	central	worker-cs-8	Label-14	2002
2	central	worker-cs-8	Label-14	2001
2	central	worker-cs-8	Label-14	2002
2	central	worker-cs-8	Label-14	2006
2	central	worker-cs-8	Label-14	2003
2	central	worker-cs-8	Label-14	2001
2	central	worker-cs-8	Label-14	2007
2	central	worker-cs-8	Label-14	2002
2	central	worker-cs-8	Label-14	2002
2	central	worker-cs-8	Label-14	2003
2	central	worker-cs-8	Label-14	2003
2	central	worker-cs-8	Label-14	2002
2	central	worker-cs-8	Label-14	2003
2	central	worker-cs-8	Label-14	2001
2	central	worker-cs-8	Label-14	2003
2	central	worker-cs-8	Label-14	2001
2	central	worker-cs-8	Label-14	2001
2	central	worker-cs-8	Label-14	2001
2	central	worker-cs-8	Label-14	2002
2	central	worker-cs-8	Label-14	2003
2	central	worker-cs-8	Label-14	2002
2	central	worker-cs-8	Label-14	2002
2	central	worker-cs-8	Label-14	2013
2	central	worker-cs-8	Label-14	2002
2	central	worker-cs-8	Label-14	2002
2	central	worker-cs-8	Label-14	2002
2	central	worker-cs-8	Label-14	2002
2	central	worker-cs-8	Label-14	2002
2	central	worker-cs-8	Label-14	2002
2	central	worker-cs-8	Label-14	2002
2	central	worker-cs-8	Label-14	2002
2	central	worker-cs-8	Label-14	2003
2	central	worker-cs-8	Label-14	2002
2	central	worker-cs-8	Label-14	2002
2	central	worker-cs-8	Label-14	2002
2	central	worker-cs-8	Label-14	2002
2	central	worker-cs-9	Label-13	2002
2	central	worker-cs-9	Label-09	2001
2	central	worker-cs-9	Label-09	2002
2	central	worker-cs-9	Label-09	2001
2	central	worker-cs-9	Label-09	2002
2	central	worker-cs-9	Label-09	2001
2	central	worker-cs-9	Label-09	2001
2	central	worker-cs-9	Label-09	2001
2	central	worker-cs-9	Label-09	2002
2	central	worker-cs-9	Label-13	2001
2	central	worker-cs-9	Label-09	2007
2	central	worker-cs-9	Label-09	2001
2	central	worker-cs-9	Label-09	2002
2	central	worker-cs-9	Label-09	2001
2	central	worker-cs-9	Label-13	2002
2	central	worker-cs-9	Label-09	2002
2	central	worker-cs-9	Label-13	2001
2	central	worker-cs-9	Label-09	2002
2	central	worker-cs-9	Label-09	2000
2	central	worker-cs-9	Label-09	2001
2	central	worker-cs-9	Label-09	2001
2	central	worker-cs-9	Label-09	2001
2	central	worker-cs-9	Label-13	2001
2	central	worker-cs-9	Label-09	2002
2	central	worker-cs-9	Label-09	2002
2	central	worker-cs-9	Label-13	2002
2	central	worker-cs-9	Label-13	2002
2	central	worker-cs-9	Label-13	2001
2	central	worker-cs-9	Label-13	2001
2	central	worker-cs-9	Label-09	2001
2	central	worker-cs-9	Label-09	2002
2	central	worker-cs-9	Label-13	2001
2	central	worker-cs-9	Label-13	2002
2	central	worker-cs-9	Label-09	2002
2	central	worker-cs-9	Label-13	2002
2	central	worker-cs-9	Label-09	2001
2	central	worker-cs-9	Label-09	2000
2	central	worker-cs-9	Label-13	2000
2	central	worker-cs-9	Label-13	2002
2	central	worker-cs-9	Label-09	2001
2	central	worker-cs-9	Label-09	2002
2	central	worker-cs-9	Label-13	2001
2	central	worker-cs-9	Label-09	2003
2	central	worker-cs-9	Label-09	2002
2	central	worker-cs-9	Label-13	2002
2	central	worker-cs-9	Label-09	2001
2	central	worker-cs-9	Label-09	2002
2	central	worker-cs-9	Label-09	2001
2	central	worker-cs-9	Label-09	2002
2	central	worker-cs-9	Label-13	2001
2	central	worker-cs-9	Label-13	2002
2	central	worker-cs-9	Label-09	2001
2	central	worker-cs-9	Label-09	2001
2	central	worker-cs-9	Label-13	2000
2	central	worker-cs-9	Label-09	2001
2	central	worker-cs-9	Label-09	2001
2	central	worker-cs-9	Label-09	2002
2	central	worker-cs-9	Label-13	2001
2	central	worker-cs-9	Label-09	2001
2	central	worker-cs-9	Label-09	2001
2	central	worker-cs-9	Label-13	2001
2	central	worker-cs-9	Label-13	2002
2	central	worker-cs-9	Label-09	2002
2	central	worker-cs-9	Label-09	2002
2	central	worker-cs-9	Label-13	2002
2	central	worker-cs-9	Label-09	2001
2	central	worker-cs-9	Label-09	2002
2	central	worker-cs-9	Label-09	2002
2	central	worker-cs-9	Label-13	2010
2	central	worker-cs-9	Label-09	2002
2	central	worker-cs-9	Label-09	2002
2	central	worker-cs-9	Label-09	2002
2	central	worker-cs-9	Label-13	2003
2	central	worker-cs-9	Label-13	2001
2	central	worker-cs-9	Label-13	2001
2	central	worker-cs-9	Label-09	2001
2	central	worker-cs-9	Label-09	2002
2	central	worker-cs-9	Label-13	2001
2	central	worker-cs-9	Label-09	2002
2	central	worker-cs-9	Label-09	2003
2	central	worker-cs-9	Label-09	2002
2	central	worker-cs-9	Label-09	2003
2	central	worker-cs-9	Label-09	2001
2	central	worker-cs-9	Label-09	2002
2	central	worker-cs-9	Label-09	2001
2	central	worker-cs-9	Label-13	2002
2	central	worker-cs-9	Label-09	2002
2	central	worker-cs-9	Label-09	2001
2	central	worker-cs-9	Label-09	2001
2	central	worker-cs-9	Label-09	2001
2	central	worker-cs-9	Label-09	2004
2	central	worker-cs-9	Label-09	2001
2	central	worker-cs-9	Label-13	2000
2	central	worker-cs-9	Label-09	2001
2	central	worker-cs-9	Label-09	2003
2	central	worker-cs-9	Label-09	2002
2	central	worker-cs-9	Label-09	2002
2	central	worker-cs-9	Label-09	2006
2	central	worker-cs-9	Label-13	2014
2	central	worker-cs-9	Label-13	2001
2	central	worker-cs-9	Label-09	2002
2	central	worker-cs-9	Label-09	2002
2	central	worker-cs-9	Label-13	2001
2	central	worker-cs-9	Label-09	2001
2	central	worker-cs-9	Label-13	2000
2	central	worker-cs-9	Label-09	2002
2	central	worker-cs-9	Label-09	2002
2	central	worker-cs-9	Label-09	2001
2	central	worker-cs-9	Label-09	2003
2	central	worker-cs-9	Label-09	2002
2	central	worker-cs-9	Label-13	2002
2	central	worker-cs-9	Label-09	2001
2	central	worker-cs-9	Label-13	2001
2	central	worker-cs-9	Label-09	2002
2	central	worker-cs-9	Label-09	2001
2	central	worker-cs-9	Label-09	2000
2	central	worker-cs-9	Label-09	2001
2	central	worker-cs-9	Label-13	2003
2	central	worker-cs-9	Label-09	2004
2	central	worker-cs-9	Label-13	2001
2	central	worker-cs-9	Label-09	2002
2	central	worker-cs-9	Label-09	2001
2	central	worker-cs-9	Label-09	2002
2	central	worker-cs-9	Label-09	2001
2	central	worker-cs-9	Label-09	2002
2	central	worker-cs-9	Label-13	2003
2	central	worker-cs-9	Label-09	2002
2	central	worker-cs-9	Label-09	2001
2	central	worker-cs-9	Label-09	2001
2	central	worker-cs-9	Label-09	2001
2	central	worker-cs-9	Label-09	2002
2	central	worker-cs-9	Label-09	2002
2	central	worker-cs-9	Label-09	2000
2	central	worker-cs-9	Label-09	2001
2	central	worker-cs-9	Label-09	2002
2	central	worker-cs-9	Label-09	2001
2	central	worker-cs-9	Label-09	2002
2	central	worker-cs-9	Label-09	2003
2	central	worker-cs-9	Label-09	2002
2	central	worker-cs-9	Label-09	2001
2	central	worker-cs-9	Label-09	2001
2	central	worker-cs-9	Label-09	2002
2	central	worker-cs-9	Label-09	2001
2	central	worker-cs-9	Label-13	2002
2	central	worker-cs-9	Label-13	2001
2	central	worker-cs-9	Label-09	2001
2	central	worker-cs-9	Label-09	2002
2	central	worker-cs-9	Label-09	2002
2	central	worker-cs-9	Label-09	2001
2	central	worker-cs-9	Label-13	2000
2	central	worker-cs-9	Label-09	2002
2	central	worker-cs-9	Label-09	2002
2	central	worker-cs-9	Label-09	2002
2	central	worker-cs-9	Label-09	2002
2	central	worker-cs-9	Label-09	2002
2	central	worker-cs-9	Label-09	2002
2	central	worker-cs-9	Label-13	2003
2	central	worker-cs-9	Label-09	2002
2	central	worker-cs-9	Label-13	2002
2	central	worker-cs-9	Label-13	2001
2	central	worker-cs-9	Label-09	2001
2	central	worker-cs-9	Label-13	2002
2	central	worker-cs-9	Label-13	2001
2	central	worker-cs-9	Label-13	2001
2	central	worker-cs-9	Label-13	2002
2	central	worker-cs-9	Label-13	2001
2	central	worker-cs-9	Label-13	2001
2	central	worker-cs-9	Label-09	2002
2	central	worker-cs-9	Label-13	2001
2	central	worker-cs-9	Label-09	2002
2	central	worker-cs-9	Label-09	2002
2	central	worker-cs-9	Label-09	2000
2	central	worker-cs-9	Label-09	2002
2	central	worker-cs-9	Label-09	2001
2	central	worker-cs-9	Label-09	2001
2	central	worker-cs-9	Label-13	2002
2	central	worker-cs-9	Label-09	2002
2	central	worker-cs-9	Label-09	2001
2	central	worker-cs-9	Label-13	2001
2	central	worker-cs-9	Label-09	2001
2	central	worker-cs-9	Label-09	2001
2	central	worker-cs-9	Label-09	2002
2	central	worker-cs-9	Label-09	2001
2	central	worker-cs-9	Label-09	2001
2	central	worker-cs-9	Label-13	2000
2	central	worker-cs-9	Label-09	2002
2	central	worker-cs-9	Label-09	2002
2	central	worker-cs-9	Label-09	2001
2	central	worker-cs-9	Label-09	2003
2	central	worker-cs-9	Label-13	2001
2	central	worker-cs-9	Label-09	2002
2	central	worker-cs-9	Label-13	2001
2	central	worker-cs-9	Label-09	2002
2	central	worker-cs-9	Label-09	2002
2	central	worker-cs-9	Label-09	2002
2	central	worker-cs-9	Label-09	2001
2	central	worker-cs-9	Label-09	2002
2	central	worker-cs-9	Label-09	2001
2	central	worker-cs-9	Label-13	2001
2	central	worker-cs-9	Label-09	2002
2	central	worker-cs-9	Label-09	2001
2	central	worker-cs-9	Label-13	2001
2	central	worker-cs-9	Label-09	2002
2	central	worker-cs-9	Label-09	2002
2	central	worker-cs-9	Label-09	2003
2	central	worker-cs-9	Label-09	2002
2	central	worker-cs-9	Label-09	2003
2	central	worker-cs-9	Label-09	2001
2	central	worker-cs-9	Label-13	2001
2	central	worker-cs-9	Label-09	2002
2	central	worker-cs-9	Label-09	2002
2	central	worker-cs-9	Label-09	2001
2	central	worker-cs-9	Label-09	2002
2	central	worker-cs-9	Label-09	2002
2	central	worker-cs-9	Label-13	2002
2	central	worker-cs-9	Label-09	2002
2	central	worker-cs-9	Label-09	2002
2	central	worker-cs-9	Label-09	2001
2	central	worker-cs-9	Label-09	2001
2	central	worker-cs-9	Label-09	2002
2	central	worker-cs-9	Label-13	2001
2	central	worker-cs-9	Label-09	2002
2	central	worker-cs-9	Label-09	2001
2	central	worker-cs-9	Label-09	2002
2	central	worker-cs-9	Label-09	2001
2	central	worker-cs-9	Label-09	2001
2	central	worker-cs-9	Label-13	2001
2	central	worker-cs-9	Label-13	2005
2	central	worker-cs-9	Label-13	2002
2	central	worker-cs-9	Label-09	2001
2	central	worker-cs-9	Label-09	2002
2	central	worker-cs-9	Label-09	2001
2	central	worker-cs-9	Label-09	2003
2	central	worker-cs-9	Label-13	2000
2	central	worker-cs-9	Label-13	2001
2	central	worker-cs-9	Label-09	2004
2	central	worker-cs-9	Label-13	2001
2	central	worker-cs-9	Label-09	2001
2	central	worker-cs-9	Label-09	2002
2	central	worker-cs-9	Label-09	2002
2	central	worker-cs-9	Label-09	2001
2	central	worker-cs-9	Label-13	2002
2	central	worker-cs-9	Label-09	2001
2	central	worker-cs-9	Label-09	2002
2	central	worker-cs-9	Label-09	2001
2	central	worker-cs-9	Label-13	2001
2	central	worker-cs-9	Label-13	2001
2	central	worker-cs-9	Label-13	2001
2	central	worker-cs-9	Label-09	2002
2	central	worker-cs-9	Label-13	2001
2	central	worker-cs-9	Label-09	2002
2	central	worker-cs-9	Label-09	2002
2	central	worker-cs-9	Label-09	2002
2	central	worker-cs-9	Label-09	2002
2	central	worker-cs-9	Label-13	2001
2	central	worker-cs-9	Label-09	2002
2	central	worker-cs-9	Label-13	2001
2	central	worker-cs-9	Label-13	2002
2	central	worker-cs-9	Label-13	2003
2	central	worker-cs-9	Label-09	2002
2	central	worker-cs-9	Label-09	2001
2	central	worker-cs-9	Label-09	2001
2	central	worker-cs-9	Label-13	2002
2	central	worker-cs-9	Label-09	2001
2	central	worker-cs-9	Label-13	2001
2	central	worker-cs-9	Label-09	2002
2	central	worker-cs-9	Label-09	2002
2	central	worker-cs-9	Label-09	2002
2	central	worker-cs-9	Label-13	2002
2	central	worker-cs-9	Label-13	2001
2	central	worker-cs-9	Label-09	2001
2	central	worker-cs-9	Label-09	2001
2	central	worker-cs-9	Label-09	2001
2	central	worker-cs-9	Label-13	2001
2	central	worker-cs-9	Label-09	2001
2	central	worker-cs-9	Label-09	2002
2	central	worker-cs-9	Label-13	2001
2	central	worker-cs-9	Label-13	2001
2	central	worker-cs-9	Label-09	2002
2	central	worker-cs-9	Label-09	2002
2	central	worker-cs-9	Label-09	2002
2	central	worker-cs-9	Label-13	2001
2	central	worker-cs-9	Label-09	2001
2	central	worker-cs-9	Label-13	2002
2	central	worker-cs-9	Label-09	2005
2	central	worker-cs-9	Label-09	2002
2	central	worker-cs-9	Label-09	2001
2	central	worker-cs-9	Label-13	2001
2	central	worker-cs-9	Label-13	2002
2	central	worker-cs-9	Label-09	2003
2	central	worker-cs-9	Label-09	2003
2	central	worker-cs-9	Label-09	2002
2	central	worker-cs-9	Label-09	2001
2	central	worker-cs-9	Label-13	2003
2	central	worker-cs-9	Label-09	2001
2	central	worker-cs-9	Label-09	2002
2	central	worker-cs-9	Label-09	2003
2	central	worker-cs-9	Label-09	2002
2	central	worker-cs-9	Label-13	2002
2	central	worker-cs-9	Label-09	2004
2	central	worker-cs-9	Label-09	2002
2	central	worker-cs-9	Label-09	2002
2	central	worker-cs-9	Label-09	2001
2	central	worker-cs-9	Label-13	2001
2	central	worker-cs-9	Label-09	2000
2	central	worker-cs-9	Label-09	2002
2	central	worker-cs-9	Label-13	2002
2	central	worker-cs-9	Label-13	2001
2	central	worker-cs-9	Label-09	2003
2	central	worker-cs-9	Label-09	2001
3	central	worker-cs-0	Label-06	2002
3	central	worker-cs-0	Label-06	2002
3	central	worker-cs-0	Label-06	2002
3	central	worker-cs-0	Label-06	2002
3	central	worker-cs-0	Label-06	2002
3	central	worker-cs-0	Label-06	2003
3	central	worker-cs-0	Label-06	2002
3	central	worker-cs-0	Label-06	2002
3	central	worker-cs-0	Label-06	2002
3	central	worker-cs-0	Label-06	2003
3	central	worker-cs-0	Label-06	2003
3	central	worker-cs-0	Label-06	2001
3	central	worker-cs-0	Label-06	2003
3	central	worker-cs-0	Label-06	2002
3	central	worker-cs-0	Label-06	2003
3	central	worker-cs-0	Label-06	2002
3	central	worker-cs-0	Label-06	2003
3	central	worker-cs-0	Label-06	2002
3	central	worker-cs-0	Label-06	2002
3	central	worker-cs-0	Label-06	2002
3	central	worker-cs-0	Label-06	2003
3	central	worker-cs-0	Label-06	2001
3	central	worker-cs-0	Label-06	2002
3	central	worker-cs-0	Label-06	2001
3	central	worker-cs-0	Label-06	2002
3	central	worker-cs-0	Label-06	2002
3	central	worker-cs-0	Label-06	2003
3	central	worker-cs-0	Label-06	2003
3	central	worker-cs-0	Label-06	2003
3	central	worker-cs-0	Label-06	2002
3	central	worker-cs-0	Label-06	2002
3	central	worker-cs-0	Label-06	2003
3	central	worker-cs-0	Label-06	2001
3	central	worker-cs-0	Label-06	2002
3	central	worker-cs-0	Label-06	2003
3	central	worker-cs-0	Label-06	2002
3	central	worker-cs-0	Label-06	2001
3	central	worker-cs-0	Label-06	2002
3	central	worker-cs-0	Label-06	2002
3	central	worker-cs-0	Label-06	2002
3	central	worker-cs-0	Label-06	2002
3	central	worker-cs-0	Label-06	2002
3	central	worker-cs-0	Label-06	2002
3	central	worker-cs-0	Label-06	2001
3	central	worker-cs-0	Label-06	2007
3	central	worker-cs-0	Label-06	2001
3	central	worker-cs-0	Label-06	2002
3	central	worker-cs-0	Label-06	2002
3	central	worker-cs-0	Label-06	2002
3	central	worker-cs-0	Label-06	2002
3	central	worker-cs-0	Label-06	2001
3	central	worker-cs-0	Label-06	2002
3	central	worker-cs-0	Label-06	2002
3	central	worker-cs-0	Label-06	2001
3	central	worker-cs-0	Label-06	2003
3	central	worker-cs-0	Label-06	2003
3	central	worker-cs-0	Label-06	2003
3	central	worker-cs-0	Label-06	2001
3	central	worker-cs-0	Label-06	2002
3	central	worker-cs-0	Label-06	2003
3	central	worker-cs-0	Label-06	2002
3	central	worker-cs-0	Label-06	2002
3	central	worker-cs-0	Label-06	2001
3	central	worker-cs-0	Label-06	2002
3	central	worker-cs-0	Label-06	2002
3	central	worker-cs-0	Label-06	2001
3	central	worker-cs-0	Label-06	2003
3	central	worker-cs-0	Label-06	2001
3	central	worker-cs-0	Label-06	2002
3	central	worker-cs-0	Label-06	2002
3	central	worker-cs-0	Label-06	2003
3	central	worker-cs-0	Label-06	2002
3	central	worker-cs-0	Label-06	2002
3	central	worker-cs-0	Label-06	2002
3	central	worker-cs-0	Label-06	2002
3	central	worker-cs-0	Label-06	2002
3	central	worker-cs-0	Label-06	2002
3	central	worker-cs-0	Label-06	2002
3	central	worker-cs-0	Label-06	2002
3	central	worker-cs-0	Label-06	2002
3	central	worker-cs-0	Label-06	2003
3	central	worker-cs-0	Label-06	2002
3	central	worker-cs-0	Label-06	2002
3	central	worker-cs-0	Label-06	2003
3	central	worker-cs-0	Label-06	2004
3	central	worker-cs-0	Label-06	2002
3	central	worker-cs-0	Label-06	2003
3	central	worker-cs-0	Label-06	2002
3	central	worker-cs-0	Label-06	2002
3	central	worker-cs-0	Label-06	2002
3	central	worker-cs-0	Label-06	2002
3	central	worker-cs-0	Label-06	2002
3	central	worker-cs-0	Label-06	2002
3	central	worker-cs-0	Label-06	2001
3	central	worker-cs-0	Label-06	2004
3	central	worker-cs-0	Label-06	2002
3	central	worker-cs-0	Label-06	2002
3	central	worker-cs-0	Label-06	2001
3	central	worker-cs-0	Label-06	2003
3	central	worker-cs-0	Label-06	2002
3	central	worker-cs-0	Label-06	2002
3	central	worker-cs-0	Label-06	2003
3	central	worker-cs-0	Label-06	2002
3	central	worker-cs-0	Label-06	2002
3	central	worker-cs-0	Label-06	2002
3	central	worker-cs-0	Label-06	2002
3	central	worker-cs-0	Label-06	2001
3	central	worker-cs-0	Label-06	2002
3	central	worker-cs-0	Label-06	2002
3	central	worker-cs-0	Label-06	2002
3	central	worker-cs-0	Label-06	2002
3	central	worker-cs-0	Label-06	2002
3	central	worker-cs-0	Label-06	2003
3	central	worker-cs-0	Label-06	2009
3	central	worker-cs-0	Label-06	2002
3	central	worker-cs-0	Label-06	2002
3	central	worker-cs-0	Label-06	2003
3	central	worker-cs-0	Label-06	2001
3	central	worker-cs-0	Label-06	2003
3	central	worker-cs-0	Label-06	2002
3	central	worker-cs-0	Label-06	2003
3	central	worker-cs-0	Label-06	2003
3	central	worker-cs-0	Label-06	2002
3	central	worker-cs-0	Label-06	2003
3	central	worker-cs-0	Label-06	2002
3	central	worker-cs-0	Label-06	2002
3	central	worker-cs-0	Label-06	2002
3	central	worker-cs-0	Label-06	2003
3	central	worker-cs-0	Label-06	2003
3	central	worker-cs-0	Label-06	2002
3	central	worker-cs-0	Label-06	2002
3	central	worker-cs-0	Label-06	2001
3	central	worker-cs-0	Label-06	2001
3	central	worker-cs-0	Label-06	2002
3	central	worker-cs-0	Label-06	2002
3	central	worker-cs-0	Label-06	2003
3	central	worker-cs-0	Label-06	2002
3	central	worker-cs-0	Label-06	2003
3	central	worker-cs-0	Label-06	2001
3	central	worker-cs-0	Label-06	2002
3	central	worker-cs-0	Label-06	2003
3	central	worker-cs-0	Label-06	2005
3	central	worker-cs-0	Label-06	2002
3	central	worker-cs-0	Label-06	2002
3	central	worker-cs-0	Label-06	2002
3	central	worker-cs-0	Label-06	2003
3	central	worker-cs-0	Label-06	2002
3	central	worker-cs-0	Label-06	2001
3	central	worker-cs-0	Label-06	2003
3	central	worker-cs-0	Label-06	2001
3	central	worker-cs-0	Label-06	2001
3	central	worker-cs-0	Label-06	2001
3	central	worker-cs-0	Label-06	2002
3	central	worker-cs-0	Label-06	2002
3	central	worker-cs-0	Label-06	2002
3	central	worker-cs-0	Label-06	2002
3	central	worker-cs-0	Label-06	2002
3	central	worker-cs-0	Label-06	2002
3	central	worker-cs-0	Label-06	2002
3	central	worker-cs-0	Label-06	2002
3	central	worker-cs-0	Label-06	2003
3	central	worker-cs-0	Label-06	2002
3	central	worker-cs-0	Label-06	2001
3	central	worker-cs-0	Label-06	2002
3	central	worker-cs-0	Label-06	2002
3	central	worker-cs-0	Label-06	2002
3	central	worker-cs-0	Label-06	2003
3	central	worker-cs-0	Label-06	2008
3	central	worker-cs-0	Label-06	2002
3	central	worker-cs-0	Label-06	2002
3	central	worker-cs-0	Label-06	2003
3	central	worker-cs-0	Label-06	2002
3	central	worker-cs-0	Label-06	2002
3	central	worker-cs-0	Label-06	2002
3	central	worker-cs-0	Label-06	2001
3	central	worker-cs-0	Label-06	2002
3	central	worker-cs-0	Label-06	2002
3	central	worker-cs-0	Label-06	2002
3	central	worker-cs-0	Label-06	2002
3	central	worker-cs-0	Label-06	2003
3	central	worker-cs-0	Label-06	2002
3	central	worker-cs-0	Label-06	2001
3	central	worker-cs-0	Label-06	2002
3	central	worker-cs-0	Label-06	2001
3	central	worker-cs-0	Label-06	2001
3	central	worker-cs-0	Label-06	2002
3	central	worker-cs-0	Label-06	2001
3	central	worker-cs-0	Label-06	2005
3	central	worker-cs-0	Label-06	2002
3	central	worker-cs-0	Label-06	2001
3	central	worker-cs-0	Label-06	2004
3	central	worker-cs-0	Label-06	2002
3	central	worker-cs-0	Label-06	2002
3	central	worker-cs-0	Label-06	2002
3	central	worker-cs-0	Label-06	2003
3	central	worker-cs-0	Label-06	2004
3	central	worker-cs-0	Label-06	2002
3	central	worker-cs-0	Label-06	2003
3	central	worker-cs-0	Label-06	2001
3	central	worker-cs-0	Label-06	2001
3	central	worker-cs-0	Label-06	2001
3	central	worker-cs-0	Label-06	2002
3	central	worker-cs-0	Label-06	2002
3	central	worker-cs-0	Label-06	2002
3	central	worker-cs-0	Label-06	2003
3	central	worker-cs-0	Label-06	2002
3	central	worker-cs-0	Label-06	2002
3	central	worker-cs-0	Label-06	2002
3	central	worker-cs-0	Label-06	2003
3	central	worker-cs-0	Label-06	2002
3	central	worker-cs-0	Label-06	2001
3	central	worker-cs-0	Label-06	2002
3	central	worker-cs-0	Label-06	2001
3	central	worker-cs-0	Label-06	2002
3	central	worker-cs-0	Label-06	2002
3	central	worker-cs-0	Label-06	2002
3	central	worker-cs-0	Label-06	2001
3	central	worker-cs-0	Label-06	2002
3	central	worker-cs-0	Label-06	2001
3	central	worker-cs-0	Label-06	2001
3	central	worker-cs-0	Label-06	2002
3	central	worker-cs-0	Label-06	2002
3	central	worker-cs-0	Label-06	2004
3	central	worker-cs-0	Label-06	2002
3	central	worker-cs-0	Label-06	2002
3	central	worker-cs-0	Label-06	2002
3	central	worker-cs-0	Label-06	2000
3	central	worker-cs-0	Label-06	2003
3	central	worker-cs-0	Label-06	2002
3	central	worker-cs-0	Label-06	2002
3	central	worker-cs-1	Label-12	2001
3	central	worker-cs-1	Label-12	2001
3	central	worker-cs-1	Label-12	2001
3	central	worker-cs-1	Label-12	2002
3	central	worker-cs-1	Label-12	2002
3	central	worker-cs-1	Label-12	2002
3	central	worker-cs-1	Label-12	2002
3	central	worker-cs-1	Label-12	2001
3	central	worker-cs-1	Label-12	2002
3	central	worker-cs-1	Label-12	2004
3	central	worker-cs-1	Label-12	2001
3	central	worker-cs-1	Label-12	2001
3	central	worker-cs-1	Label-12	2002
3	central	worker-cs-1	Label-12	2002
3	central	worker-cs-1	Label-12	2001
3	central	worker-cs-1	Label-12	2002
3	central	worker-cs-1	Label-12	2002
3	central	worker-cs-1	Label-12	2001
3	central	worker-cs-1	Label-12	2002
3	central	worker-cs-1	Label-12	2002
3	central	worker-cs-1	Label-12	2001
3	central	worker-cs-1	Label-12	2002
3	central	worker-cs-1	Label-12	2004
3	central	worker-cs-1	Label-12	2001
3	central	worker-cs-1	Label-12	2002
3	central	worker-cs-1	Label-12	2001
3	central	worker-cs-1	Label-12	2002
3	central	worker-cs-1	Label-12	2002
3	central	worker-cs-1	Label-12	2001
3	central	worker-cs-1	Label-12	2001
3	central	worker-cs-1	Label-12	2001
3	central	worker-cs-1	Label-12	2002
3	central	worker-cs-1	Label-12	2003
3	central	worker-cs-1	Label-12	2002
3	central	worker-cs-1	Label-12	2003
3	central	worker-cs-1	Label-12	2001
3	central	worker-cs-1	Label-12	2001
3	central	worker-cs-1	Label-12	2001
3	central	worker-cs-1	Label-12	2002
3	central	worker-cs-1	Label-12	2002
3	central	worker-cs-1	Label-12	2002
3	central	worker-cs-1	Label-12	2001
3	central	worker-cs-1	Label-12	2002
3	central	worker-cs-1	Label-12	2002
3	central	worker-cs-1	Label-12	2003
3	central	worker-cs-1	Label-12	2001
3	central	worker-cs-1	Label-12	2002
3	central	worker-cs-1	Label-12	2001
3	central	worker-cs-1	Label-12	2001
3	central	worker-cs-1	Label-12	2004
3	central	worker-cs-1	Label-12	2002
3	central	worker-cs-1	Label-12	2002
3	central	worker-cs-1	Label-12	2002
3	central	worker-cs-1	Label-12	2001
3	central	worker-cs-1	Label-12	2004
3	central	worker-cs-1	Label-12	2002
3	central	worker-cs-1	Label-12	2007
3	central	worker-cs-1	Label-12	2001
3	central	worker-cs-1	Label-12	2003
3	central	worker-cs-1	Label-12	2002
3	central	worker-cs-1	Label-12	2001
3	central	worker-cs-1	Label-12	2003
3	central	worker-cs-1	Label-12	2003
3	central	worker-cs-1	Label-12	2002
3	central	worker-cs-1	Label-12	2002
3	central	worker-cs-1	Label-12	2001
3	central	worker-cs-1	Label-12	2001
3	central	worker-cs-1	Label-12	2001
3	central	worker-cs-1	Label-12	2002
3	central	worker-cs-1	Label-12	2001
3	central	worker-cs-1	Label-12	2006
3	central	worker-cs-1	Label-12	2002
3	central	worker-cs-1	Label-12	2001
3	central	worker-cs-1	Label-12	2002
3	central	worker-cs-1	Label-12	2001
3	central	worker-cs-1	Label-12	2001
3	central	worker-cs-1	Label-12	2002
3	central	worker-cs-1	Label-12	2001
3	central	worker-cs-1	Label-12	2002
3	central	worker-cs-1	Label-12	2004
3	central	worker-cs-1	Label-12	2002
3	central	worker-cs-1	Label-12	2001
3	central	worker-cs-1	Label-12	2001
3	central	worker-cs-1	Label-12	2002
3	central	worker-cs-1	Label-12	2005
3	central	worker-cs-1	Label-12	2001
3	central	worker-cs-1	Label-12	2001
3	central	worker-cs-1	Label-12	2002
3	central	worker-cs-1	Label-12	2002
3	central	worker-cs-1	Label-12	2001
3	central	worker-cs-1	Label-12	2001
3	central	worker-cs-1	Label-12	2002
3	central	worker-cs-1	Label-12	2002
3	central	worker-cs-1	Label-12	2002
3	central	worker-cs-1	Label-12	2002
3	central	worker-cs-1	Label-12	2002
3	central	worker-cs-1	Label-12	2002
3	central	worker-cs-1	Label-12	2002
3	central	worker-cs-1	Label-12	2002
3	central	worker-cs-1	Label-12	2001
3	central	worker-cs-1	Label-12	2001
3	central	worker-cs-1	Label-12	2002
3	central	worker-cs-1	Label-12	2002
3	central	worker-cs-1	Label-12	2002
3	central	worker-cs-1	Label-12	2002
3	central	worker-cs-1	Label-12	2001
3	central	worker-cs-1	Label-12	2001
3	central	worker-cs-1	Label-12	2001
3	central	worker-cs-1	Label-12	2001
3	central	worker-cs-1	Label-12	2002
3	central	worker-cs-1	Label-12	2003
3	central	worker-cs-1	Label-12	2003
3	central	worker-cs-1	Label-12	2002
3	central	worker-cs-1	Label-12	2002
3	central	worker-cs-1	Label-12	2003
3	central	worker-cs-1	Label-12	2001
3	central	worker-cs-1	Label-12	2002
3	central	worker-cs-1	Label-12	2001
3	central	worker-cs-1	Label-12	2002
3	central	worker-cs-1	Label-12	2003
3	central	worker-cs-1	Label-12	2002
3	central	worker-cs-1	Label-12	2002
3	central	worker-cs-1	Label-12	2002
3	central	worker-cs-1	Label-12	2002
3	central	worker-cs-1	Label-12	2000
3	central	worker-cs-1	Label-12	2002
3	central	worker-cs-1	Label-12	2002
3	central	worker-cs-1	Label-12	2002
3	central	worker-cs-1	Label-12	2002
3	central	worker-cs-1	Label-12	2001
3	central	worker-cs-1	Label-12	2002
3	central	worker-cs-1	Label-12	2001
3	central	worker-cs-1	Label-12	2001
3	central	worker-cs-1	Label-12	2002
3	central	worker-cs-1	Label-12	2002
3	central	worker-cs-1	Label-12	2001
3	central	worker-cs-1	Label-12	2001
3	central	worker-cs-1	Label-12	2003
3	central	worker-cs-1	Label-12	2002
3	central	worker-cs-1	Label-12	2001
3	central	worker-cs-1	Label-12	2000
3	central	worker-cs-1	Label-12	2002
3	central	worker-cs-1	Label-12	2005
3	central	worker-cs-1	Label-12	2001
3	central	worker-cs-1	Label-12	2002
3	central	worker-cs-1	Label-12	2002
3	central	worker-cs-1	Label-12	2004
3	central	worker-cs-1	Label-12	2002
3	central	worker-cs-1	Label-12	2002
3	central	worker-cs-1	Label-12	2001
3	central	worker-cs-1	Label-12	2003
3	central	worker-cs-1	Label-12	2002
3	central	worker-cs-1	Label-12	2002
3	central	worker-cs-1	Label-12	2005
3	central	worker-cs-1	Label-12	2002
3	central	worker-cs-1	Label-12	2001
3	central	worker-cs-1	Label-12	2001
3	central	worker-cs-1	Label-12	2002
3	central	worker-cs-1	Label-12	2001
3	central	worker-cs-1	Label-12	2001
3	central	worker-cs-1	Label-12	2002
3	central	worker-cs-1	Label-12	2002
3	central	worker-cs-1	Label-12	2000
3	central	worker-cs-1	Label-12	2003
3	central	worker-cs-1	Label-12	2008
3	central	worker-cs-1	Label-12	2001
3	central	worker-cs-1	Label-12	2002
3	central	worker-cs-1	Label-12	2002
3	central	worker-cs-1	Label-12	2001
3	central	worker-cs-1	Label-12	2001
3	central	worker-cs-1	Label-12	2001
3	central	worker-cs-1	Label-12	2002
3	central	worker-cs-1	Label-12	2000
3	central	worker-cs-1	Label-12	2003
3	central	worker-cs-1	Label-12	2001
3	central	worker-cs-1	Label-12	2001
3	central	worker-cs-1	Label-12	2002
3	central	worker-cs-1	Label-12	2002
3	central	worker-cs-1	Label-12	2002
3	central	worker-cs-1	Label-12	2003
3	central	worker-cs-1	Label-12	2002
3	central	worker-cs-1	Label-12	2001
3	central	worker-cs-1	Label-12	2002
3	central	worker-cs-1	Label-12	2001
3	central	worker-cs-1	Label-12	2002
3	central	worker-cs-1	Label-12	2001
3	central	worker-cs-1	Label-12	2001
3	central	worker-cs-1	Label-12	2002
3	central	worker-cs-1	Label-12	2002
3	central	worker-cs-1	Label-12	2001
3	central	worker-cs-1	Label-12	2002
3	central	worker-cs-1	Label-12	2002
3	central	worker-cs-1	Label-12	2002
3	central	worker-cs-1	Label-12	2003
3	central	worker-cs-1	Label-12	2002
3	central	worker-cs-1	Label-12	2002
3	central	worker-cs-1	Label-12	2001
3	central	worker-cs-1	Label-12	2001
3	central	worker-cs-1	Label-12	2001
3	central	worker-cs-1	Label-12	2002
3	central	worker-cs-1	Label-12	2003
3	central	worker-cs-1	Label-12	2002
3	central	worker-cs-1	Label-12	2001
3	central	worker-cs-1	Label-12	2002
3	central	worker-cs-1	Label-12	2000
3	central	worker-cs-1	Label-12	2001
3	central	worker-cs-1	Label-12	2002
3	central	worker-cs-1	Label-12	2002
3	central	worker-cs-1	Label-12	2001
3	central	worker-cs-1	Label-12	2002
3	central	worker-cs-1	Label-12	2002
3	central	worker-cs-1	Label-12	2002
3	central	worker-cs-1	Label-12	2002
3	central	worker-cs-1	Label-12	2003
3	central	worker-cs-1	Label-12	2002
3	central	worker-cs-1	Label-12	2003
3	central	worker-cs-1	Label-12	2002
3	central	worker-cs-2	Label-08	2001
3	central	worker-cs-2	Label-08	2000
3	central	worker-cs-2	Label-08	2001
3	central	worker-cs-2	Label-08	2002
3	central	worker-cs-2	Label-08	2001
3	central	worker-cs-2	Label-08	2001
3	central	worker-cs-2	Label-08	2001
3	central	worker-cs-2	Label-08	2006
3	central	worker-cs-2	Label-08	2001
3	central	worker-cs-2	Label-08	2001
3	central	worker-cs-2	Label-08	2001
3	central	worker-cs-2	Label-08	2001
3	central	worker-cs-2	Label-08	2003
3	central	worker-cs-2	Label-08	2001
3	central	worker-cs-2	Label-08	1999
3	central	worker-cs-2	Label-08	2001
3	central	worker-cs-2	Label-08	2001
3	central	worker-cs-2	Label-08	2003
3	central	worker-cs-2	Label-08	2002
3	central	worker-cs-2	Label-08	2001
3	central	worker-cs-2	Label-08	2001
3	central	worker-cs-2	Label-08	2001
3	central	worker-cs-2	Label-08	2001
3	central	worker-cs-2	Label-08	2001
3	central	worker-cs-2	Label-08	2000
3	central	worker-cs-2	Label-08	2000
3	central	worker-cs-2	Label-08	2001
3	central	worker-cs-2	Label-08	2001
3	central	worker-cs-2	Label-08	2002
3	central	worker-cs-2	Label-08	2001
3	central	worker-cs-2	Label-08	2001
3	central	worker-cs-2	Label-08	2001
3	central	worker-cs-2	Label-08	2001
3	central	worker-cs-2	Label-08	2001
3	central	worker-cs-2	Label-08	2002
3	central	worker-cs-2	Label-08	2001
3	central	worker-cs-2	Label-08	2001
3	central	worker-cs-2	Label-08	2001
3	central	worker-cs-2	Label-08	2002
3	central	worker-cs-2	Label-08	2000
3	central	worker-cs-2	Label-08	2001
3	central	worker-cs-2	Label-08	2004
3	central	worker-cs-2	Label-08	2001
3	central	worker-cs-2	Label-08	2001
3	central	worker-cs-2	Label-08	2001
3	central	worker-cs-2	Label-08	2001
3	central	worker-cs-2	Label-08	2001
3	central	worker-cs-2	Label-08	2001
3	central	worker-cs-2	Label-08	2000
3	central	worker-cs-2	Label-08	2002
3	central	worker-cs-2	Label-08	2001
3	central	worker-cs-2	Label-08	2002
3	central	worker-cs-2	Label-08	2001
3	central	worker-cs-2	Label-08	2003
3	central	worker-cs-2	Label-08	2001
3	central	worker-cs-2	Label-08	2001
3	central	worker-cs-2	Label-08	2000
3	central	worker-cs-2	Label-08	2001
3	central	worker-cs-2	Label-08	2001
3	central	worker-cs-2	Label-08	2002
3	central	worker-cs-2	Label-08	2000
3	central	worker-cs-2	Label-08	2002
3	central	worker-cs-2	Label-08	2000
3	central	worker-cs-2	Label-08	2000
3	central	worker-cs-2	Label-08	2001
3	central	worker-cs-2	Label-08	2001
3	central	worker-cs-2	Label-08	2002
3	central	worker-cs-2	Label-08	2002
3	central	worker-cs-2	Label-08	2001
3	central	worker-cs-2	Label-08	2000
3	central	worker-cs-2	Label-08	2001
3	central	worker-cs-2	Label-08	2002
3	central	worker-cs-2	Label-08	2001
3	central	worker-cs-2	Label-08	2002
3	central	worker-cs-2	Label-08	2002
3	central	worker-cs-2	Label-08	2002
3	central	worker-cs-2	Label-08	2001
3	central	worker-cs-2	Label-08	2001
3	central	worker-cs-2	Label-08	2001
3	central	worker-cs-2	Label-08	2001
3	central	worker-cs-2	Label-08	2000
3	central	worker-cs-2	Label-08	2002
3	central	worker-cs-2	Label-08	2000
3	central	worker-cs-2	Label-08	2001
3	central	worker-cs-2	Label-08	2001
3	central	worker-cs-2	Label-08	2000
3	central	worker-cs-2	Label-08	2002
3	central	worker-cs-2	Label-08	2001
3	central	worker-cs-2	Label-08	2002
3	central	worker-cs-2	Label-08	2003
3	central	worker-cs-2	Label-08	2001
3	central	worker-cs-2	Label-08	2000
3	central	worker-cs-2	Label-08	2002
3	central	worker-cs-2	Label-08	2001
3	central	worker-cs-2	Label-08	2002
3	central	worker-cs-2	Label-08	2001
3	central	worker-cs-2	Label-08	2002
3	central	worker-cs-2	Label-08	2001
3	central	worker-cs-2	Label-08	2001
3	central	worker-cs-2	Label-08	2001
3	central	worker-cs-2	Label-08	2001
3	central	worker-cs-2	Label-08	2001
3	central	worker-cs-2	Label-08	2001
3	central	worker-cs-2	Label-08	2001
3	central	worker-cs-2	Label-08	2001
3	central	worker-cs-2	Label-08	2000
3	central	worker-cs-2	Label-08	2001
3	central	worker-cs-2	Label-08	2001
3	central	worker-cs-2	Label-08	2001
3	central	worker-cs-2	Label-08	2002
3	central	worker-cs-2	Label-08	2001
3	central	worker-cs-2	Label-08	2001
3	central	worker-cs-2	Label-08	2002
3	central	worker-cs-2	Label-08	2001
3	central	worker-cs-2	Label-08	2001
3	central	worker-cs-2	Label-08	2000
3	central	worker-cs-2	Label-08	2002
3	central	worker-cs-2	Label-08	2000
3	central	worker-cs-2	Label-08	2002
3	central	worker-cs-2	Label-08	2002
3	central	worker-cs-2	Label-08	2000
3	central	worker-cs-2	Label-08	2000
3	central	worker-cs-2	Label-08	2002
3	central	worker-cs-2	Label-08	2001
3	central	worker-cs-2	Label-08	2001
3	central	worker-cs-2	Label-08	2002
3	central	worker-cs-2	Label-08	2001
3	central	worker-cs-2	Label-08	2001
3	central	worker-cs-2	Label-08	2001
3	central	worker-cs-2	Label-08	2002
3	central	worker-cs-2	Label-08	2001
3	central	worker-cs-2	Label-08	2005
3	central	worker-cs-2	Label-08	2001
3	central	worker-cs-2	Label-08	2001
3	central	worker-cs-2	Label-08	2001
3	central	worker-cs-2	Label-08	2002
3	central	worker-cs-2	Label-08	2001
3	central	worker-cs-2	Label-08	2004
3	central	worker-cs-2	Label-08	2001
3	central	worker-cs-2	Label-08	2002
3	central	worker-cs-2	Label-08	2001
3	central	worker-cs-2	Label-08	2001
3	central	worker-cs-2	Label-08	2001
3	central	worker-cs-2	Label-08	2002
3	central	worker-cs-2	Label-08	2000
3	central	worker-cs-2	Label-08	2002
3	central	worker-cs-2	Label-08	2001
3	central	worker-cs-2	Label-08	2001
3	central	worker-cs-2	Label-08	2001
3	central	worker-cs-2	Label-08	2001
3	central	worker-cs-2	Label-08	2000
3	central	worker-cs-2	Label-08	2002
3	central	worker-cs-2	Label-08	2001
3	central	worker-cs-2	Label-08	2003
3	central	worker-cs-2	Label-08	2001
3	central	worker-cs-2	Label-08	2001
3	central	worker-cs-2	Label-08	2001
3	central	worker-cs-2	Label-08	2003
3	central	worker-cs-2	Label-08	2001
3	central	worker-cs-2	Label-08	2000
3	central	worker-cs-2	Label-08	2002
3	central	worker-cs-2	Label-08	2000
3	central	worker-cs-2	Label-08	2001
3	central	worker-cs-2	Label-08	2002
3	central	worker-cs-2	Label-08	2002
3	central	worker-cs-2	Label-08	2002
3	central	worker-cs-2	Label-08	2000
3	central	worker-cs-2	Label-08	2001
3	central	worker-cs-2	Label-08	2001
3	central	worker-cs-2	Label-08	2001
3	central	worker-cs-2	Label-08	2001
3	central	worker-cs-2	Label-08	2001
3	central	worker-cs-2	Label-08	2001
3	central	worker-cs-2	Label-08	2001
3	central	worker-cs-2	Label-08	2003
3	central	worker-cs-2	Label-08	2001
3	central	worker-cs-2	Label-08	2001
3	central	worker-cs-2	Label-08	2000
3	central	worker-cs-2	Label-08	2001
3	central	worker-cs-2	Label-08	2002
3	central	worker-cs-2	Label-08	2001
3	central	worker-cs-2	Label-08	2002
3	central	worker-cs-2	Label-08	2000
3	central	worker-cs-2	Label-08	2001
3	central	worker-cs-2	Label-08	2001
3	central	worker-cs-2	Label-08	2001
3	central	worker-cs-2	Label-08	2003
3	central	worker-cs-2	Label-08	2000
3	central	worker-cs-2	Label-08	2001
3	central	worker-cs-2	Label-08	2001
3	central	worker-cs-2	Label-08	2001
3	central	worker-cs-2	Label-08	2000
3	central	worker-cs-2	Label-08	2000
3	central	worker-cs-2	Label-08	2000
3	central	worker-cs-2	Label-08	2002
3	central	worker-cs-2	Label-08	2000
3	central	worker-cs-2	Label-08	2000
3	central	worker-cs-2	Label-08	2002
3	central	worker-cs-2	Label-08	2002
3	central	worker-cs-2	Label-08	2001
3	central	worker-cs-2	Label-08	2001
3	central	worker-cs-2	Label-08	2002
3	central	worker-cs-2	Label-08	2001
3	central	worker-cs-2	Label-08	2001
3	central	worker-cs-2	Label-08	2001
3	central	worker-cs-2	Label-08	2001
3	central	worker-cs-2	Label-08	2000
3	central	worker-cs-2	Label-08	2000
3	central	worker-cs-2	Label-08	2001
3	central	worker-cs-2	Label-08	2002
3	central	worker-cs-2	Label-08	2000
3	central	worker-cs-2	Label-08	2001
3	central	worker-cs-2	Label-08	2001
3	central	worker-cs-3	Label-01	2002
3	central	worker-cs-3	Label-07	2002
3	central	worker-cs-3	Label-01	2002
3	central	worker-cs-3	Label-01	2002
3	central	worker-cs-3	Label-07	2003
3	central	worker-cs-3	Label-01	2002
3	central	worker-cs-3	Label-07	2002
3	central	worker-cs-3	Label-07	2001
3	central	worker-cs-3	Label-01	2002
3	central	worker-cs-3	Label-07	2000
3	central	worker-cs-3	Label-01	2002
3	central	worker-cs-3	Label-01	2002
3	central	worker-cs-3	Label-07	2002
3	central	worker-cs-3	Label-07	2001
3	central	worker-cs-3	Label-01	2002
3	central	worker-cs-3	Label-01	2002
3	central	worker-cs-3	Label-07	2001
3	central	worker-cs-3	Label-07	2002
3	central	worker-cs-3	Label-01	2002
3	central	worker-cs-3	Label-07	2002
3	central	worker-cs-3	Label-01	2002
3	central	worker-cs-3	Label-07	2002
3	central	worker-cs-3	Label-07	2002
3	central	worker-cs-3	Label-01	2006
3	central	worker-cs-3	Label-07	2003
3	central	worker-cs-3	Label-01	2004
3	central	worker-cs-3	Label-07	2001
3	central	worker-cs-3	Label-01	2004
3	central	worker-cs-3	Label-07	2003
3	central	worker-cs-3	Label-07	2001
3	central	worker-cs-3	Label-07	2002
3	central	worker-cs-3	Label-07	2002
3	central	worker-cs-3	Label-01	2002
3	central	worker-cs-3	Label-07	2002
3	central	worker-cs-3	Label-01	2002
3	central	worker-cs-3	Label-07	2003
3	central	worker-cs-3	Label-01	2001
3	central	worker-cs-3	Label-07	2002
3	central	worker-cs-3	Label-01	2002
3	central	worker-cs-3	Label-07	2002
3	central	worker-cs-3	Label-07	2002
3	central	worker-cs-3	Label-01	2002
3	central	worker-cs-3	Label-07	2002
3	central	worker-cs-3	Label-07	2002
3	central	worker-cs-3	Label-07	2001
3	central	worker-cs-3	Label-07	2002
3	central	worker-cs-3	Label-07	2002
3	central	worker-cs-3	Label-01	2004
3	central	worker-cs-3	Label-07	2002
3	central	worker-cs-3	Label-07	2002
3	central	worker-cs-3	Label-01	2002
3	central	worker-cs-3	Label-01	2001
3	central	worker-cs-3	Label-07	2002
3	central	worker-cs-3	Label-01	2002
3	central	worker-cs-3	Label-01	2001
3	central	worker-cs-3	Label-01	2000
3	central	worker-cs-3	Label-01	2001
3	central	worker-cs-3	Label-07	2002
3	central	worker-cs-3	Label-07	2001
3	central	worker-cs-3	Label-07	2001
3	central	worker-cs-3	Label-01	2001
3	central	worker-cs-3	Label-07	2002
3	central	worker-cs-3	Label-07	2002
3	central	worker-cs-3	Label-01	2002
3	central	worker-cs-3	Label-07	2002
3	central	worker-cs-3	Label-07	2002
3	central	worker-cs-3	Label-07	2001
3	central	worker-cs-3	Label-07	2003
3	central	worker-cs-3	Label-07	2002
3	central	worker-cs-3	Label-07	2002
3	central	worker-cs-3	Label-01	2002
3	central	worker-cs-3	Label-07	2001
3	central	worker-cs-3	Label-07	2003
3	central	worker-cs-3	Label-07	2001
3	central	worker-cs-3	Label-01	2001
3	central	worker-cs-3	Label-01	2001
3	central	worker-cs-3	Label-07	2002
3	central	worker-cs-3	Label-07	2001
3	central	worker-cs-3	Label-07	2001
3	central	worker-cs-3	Label-07	2002
3	central	worker-cs-3	Label-07	2001
3	central	worker-cs-3	Label-01	2001
3	central	worker-cs-3	Label-01	2001
3	central	worker-cs-3	Label-07	2002
3	central	worker-cs-3	Label-01	2001
3	central	worker-cs-3	Label-07	2002
3	central	worker-cs-3	Label-07	2002
3	central	worker-cs-3	Label-01	2001
3	central	worker-cs-3	Label-07	2001
3	central	worker-cs-3	Label-07	2001
3	central	worker-cs-3	Label-01	2002
3	central	worker-cs-3	Label-01	2002
3	central	worker-cs-3	Label-01	2001
3	central	worker-cs-3	Label-01	2002
3	central	worker-cs-3	Label-01	2001
3	central	worker-cs-3	Label-07	2001
3	central	worker-cs-3	Label-01	2001
3	central	worker-cs-3	Label-01	2002
3	central	worker-cs-3	Label-07	2002
3	central	worker-cs-3	Label-07	2002
3	central	worker-cs-3	Label-01	2002
3	central	worker-cs-3	Label-01	2002
3	central	worker-cs-3	Label-07	2001
3	central	worker-cs-3	Label-01	2002
3	central	worker-cs-3	Label-01	2002
3	central	worker-cs-3	Label-07	2001
3	central	worker-cs-3	Label-01	2002
3	central	worker-cs-3	Label-07	2003
3	central	worker-cs-3	Label-01	2002
3	central	worker-cs-3	Label-01	2003
3	central	worker-cs-3	Label-07	2002
3	central	worker-cs-3	Label-07	2001
3	central	worker-cs-3	Label-07	2002
3	central	worker-cs-3	Label-07	2002
3	central	worker-cs-3	Label-07	2002
3	central	worker-cs-3	Label-01	2002
3	central	worker-cs-3	Label-07	2001
3	central	worker-cs-3	Label-07	2001
3	central	worker-cs-3	Label-01	2002
3	central	worker-cs-3	Label-01	2002
3	central	worker-cs-3	Label-07	2002
3	central	worker-cs-3	Label-01	2002
3	central	worker-cs-3	Label-07	2002
3	central	worker-cs-3	Label-01	2002
3	central	worker-cs-3	Label-01	2001
3	central	worker-cs-3	Label-01	2003
3	central	worker-cs-3	Label-07	2001
3	central	worker-cs-3	Label-07	2002
3	central	worker-cs-3	Label-01	2001
3	central	worker-cs-3	Label-01	2001
3	central	worker-cs-3	Label-07	2002
3	central	worker-cs-3	Label-07	2001
3	central	worker-cs-3	Label-01	2002
3	central	worker-cs-3	Label-07	2002
3	central	worker-cs-3	Label-07	2002
3	central	worker-cs-3	Label-01	2001
3	central	worker-cs-3	Label-07	2002
3	central	worker-cs-3	Label-01	2002
3	central	worker-cs-3	Label-07	2001
3	central	worker-cs-3	Label-01	2002
3	central	worker-cs-3	Label-01	2002
3	central	worker-cs-3	Label-01	2001
3	central	worker-cs-3	Label-07	2003
3	central	worker-cs-3	Label-07	2002
3	central	worker-cs-3	Label-01	2002
3	central	worker-cs-3	Label-07	2002
3	central	worker-cs-3	Label-07	2002
3	central	worker-cs-3	Label-07	2001
3	central	worker-cs-3	Label-01	2003
3	central	worker-cs-3	Label-07	2001
3	central	worker-cs-3	Label-07	2006
3	central	worker-cs-3	Label-07	2001
3	central	worker-cs-3	Label-07	2002
3	central	worker-cs-3	Label-01	2002
3	central	worker-cs-3	Label-01	2001
3	central	worker-cs-3	Label-01	2002
3	central	worker-cs-3	Label-07	2002
3	central	worker-cs-3	Label-07	2002
3	central	worker-cs-3	Label-01	2002
3	central	worker-cs-3	Label-01	2002
3	central	worker-cs-3	Label-07	2001
3	central	worker-cs-3	Label-01	2005
3	central	worker-cs-3	Label-07	2001
3	central	worker-cs-3	Label-01	2002
3	central	worker-cs-3	Label-07	2002
3	central	worker-cs-3	Label-01	2001
3	central	worker-cs-3	Label-07	2001
3	central	worker-cs-3	Label-07	2002
3	central	worker-cs-3	Label-01	2003
3	central	worker-cs-3	Label-07	2002
3	central	worker-cs-3	Label-07	2002
3	central	worker-cs-3	Label-07	2007
3	central	worker-cs-3	Label-07	2002
3	central	worker-cs-3	Label-01	2001
3	central	worker-cs-3	Label-01	2002
3	central	worker-cs-3	Label-07	2002
3	central	worker-cs-3	Label-07	2001
3	central	worker-cs-3	Label-01	2001
3	central	worker-cs-3	Label-01	2003
3	central	worker-cs-3	Label-01	2002
3	central	worker-cs-3	Label-07	2002
3	central	worker-cs-3	Label-07	2002
3	central	worker-cs-3	Label-01	2001
3	central	worker-cs-3	Label-07	2001
3	central	worker-cs-3	Label-01	2002
3	central	worker-cs-3	Label-07	2002
3	central	worker-cs-3	Label-07	2003
3	central	worker-cs-3	Label-07	2001
3	central	worker-cs-3	Label-07	2001
3	central	worker-cs-3	Label-01	2002
3	central	worker-cs-3	Label-07	2003
3	central	worker-cs-3	Label-07	2002
3	central	worker-cs-3	Label-01	2002
3	central	worker-cs-3	Label-07	2003
3	central	worker-cs-3	Label-07	2001
3	central	worker-cs-3	Label-01	2004
3	central	worker-cs-3	Label-01	2002
3	central	worker-cs-3	Label-01	2002
3	central	worker-cs-3	Label-01	2001
3	central	worker-cs-3	Label-07	2002
3	central	worker-cs-3	Label-07	2002
3	central	worker-cs-3	Label-07	2002
3	central	worker-cs-3	Label-01	2002
3	central	worker-cs-3	Label-01	2002
3	central	worker-cs-3	Label-07	2002
3	central	worker-cs-3	Label-01	2002
3	central	worker-cs-3	Label-01	2001
3	central	worker-cs-3	Label-07	2002
3	central	worker-cs-3	Label-07	2002
3	central	worker-cs-3	Label-01	2002
3	central	worker-cs-3	Label-01	2002
3	central	worker-cs-3	Label-01	2001
3	central	worker-cs-3	Label-07	2002
3	central	worker-cs-3	Label-01	2001
3	central	worker-cs-3	Label-07	2002
3	central	worker-cs-3	Label-07	2001
3	central	worker-cs-3	Label-01	2002
3	central	worker-cs-3	Label-01	2003
3	central	worker-cs-3	Label-07	2002
3	central	worker-cs-3	Label-07	2003
3	central	worker-cs-3	Label-01	2001
3	central	worker-cs-3	Label-07	2002
3	central	worker-cs-3	Label-07	2002
3	central	worker-cs-3	Label-07	2000
3	central	worker-cs-3	Label-01	2002
3	central	worker-cs-3	Label-01	2002
3	central	worker-cs-3	Label-07	2002
3	central	worker-cs-3	Label-01	2002
3	central	worker-cs-3	Label-07	2003
3	central	worker-cs-3	Label-07	2003
3	central	worker-cs-3	Label-01	2002
3	central	worker-cs-3	Label-07	2002
3	central	worker-cs-3	Label-01	2004
3	central	worker-cs-3	Label-01	2001
3	central	worker-cs-3	Label-07	2002
3	central	worker-cs-3	Label-01	2002
3	central	worker-cs-3	Label-01	2001
3	central	worker-cs-3	Label-01	2002
3	central	worker-cs-3	Label-01	2003
3	central	worker-cs-3	Label-07	2002
3	central	worker-cs-3	Label-01	2002
3	central	worker-cs-3	Label-07	2004
3	central	worker-cs-3	Label-07	2001
3	central	worker-cs-3	Label-07	2002
3	central	worker-cs-3	Label-07	2002
3	central	worker-cs-3	Label-01	2001
3	central	worker-cs-3	Label-07	2003
3	central	worker-cs-3	Label-07	2002
3	central	worker-cs-3	Label-07	2002
3	central	worker-cs-3	Label-01	2002
3	central	worker-cs-3	Label-01	2005
3	central	worker-cs-3	Label-01	2001
3	central	worker-cs-3	Label-01	2003
3	central	worker-cs-3	Label-01	2002
3	central	worker-cs-3	Label-07	2001
3	central	worker-cs-3	Label-07	2001
3	central	worker-cs-3	Label-01	2002
3	central	worker-cs-3	Label-01	2002
3	central	worker-cs-3	Label-01	2001
3	central	worker-cs-3	Label-01	2003
3	central	worker-cs-3	Label-01	2005
3	central	worker-cs-3	Label-01	2002
3	central	worker-cs-3	Label-01	2002
3	central	worker-cs-3	Label-01	2002
3	central	worker-cs-3	Label-01	2001
3	central	worker-cs-3	Label-07	2002
3	central	worker-cs-3	Label-07	2002
3	central	worker-cs-3	Label-01	2003
3	central	worker-cs-3	Label-01	2002
3	central	worker-cs-3	Label-07	2004
3	central	worker-cs-3	Label-01	2002
3	central	worker-cs-3	Label-01	2002
3	central	worker-cs-3	Label-07	2001
3	central	worker-cs-3	Label-01	2002
3	central	worker-cs-3	Label-07	2002
3	central	worker-cs-3	Label-01	2001
3	central	worker-cs-3	Label-07	2002
3	central	worker-cs-3	Label-01	2002
3	central	worker-cs-3	Label-01	2002
3	central	worker-cs-3	Label-07	2001
3	central	worker-cs-3	Label-01	2002
3	central	worker-cs-3	Label-01	2002
3	central	worker-cs-3	Label-01	2002
3	central	worker-cs-3	Label-07	2003
3	central	worker-cs-3	Label-01	2002
3	central	worker-cs-3	Label-01	2001
3	central	worker-cs-3	Label-07	2002
3	central	worker-cs-3	Label-07	2001
3	central	worker-cs-3	Label-01	2003
3	central	worker-cs-3	Label-01	2002
3	central	worker-cs-3	Label-07	2002
3	central	worker-cs-3	Label-01	2002
3	central	worker-cs-3	Label-07	2003
3	central	worker-cs-3	Label-01	2002
3	central	worker-cs-3	Label-01	2002
3	central	worker-cs-3	Label-07	2002
3	central	worker-cs-3	Label-07	2002
3	central	worker-cs-3	Label-01	2001
3	central	worker-cs-3	Label-01	2002
3	central	worker-cs-3	Label-07	2003
3	central	worker-cs-3	Label-01	2002
3	central	worker-cs-3	Label-01	2002
3	central	worker-cs-3	Label-07	2001
3	central	worker-cs-3	Label-07	2002
3	central	worker-cs-3	Label-07	2002
3	central	worker-cs-3	Label-07	2002
3	central	worker-cs-3	Label-01	2002
3	central	worker-cs-3	Label-07	2004
3	central	worker-cs-3	Label-01	2001
3	central	worker-cs-3	Label-07	2002
3	central	worker-cs-3	Label-01	2002
3	central	worker-cs-3	Label-01	2002
3	central	worker-cs-3	Label-01	2002
3	central	worker-cs-3	Label-01	2002
3	central	worker-cs-3	Label-07	2003
3	central	worker-cs-3	Label-07	2002
3	central	worker-cs-3	Label-01	2002
3	central	worker-cs-3	Label-01	2001
3	central	worker-cs-3	Label-07	2002
3	central	worker-cs-3	Label-01	2002
3	central	worker-cs-3	Label-01	2001
3	central	worker-cs-3	Label-01	2002
3	central	worker-cs-3	Label-07	2001
3	central	worker-cs-3	Label-01	2002
3	central	worker-cs-3	Label-07	2002
3	central	worker-cs-3	Label-01	2001
3	central	worker-cs-3	Label-07	2002
3	central	worker-cs-3	Label-01	2002
3	central	worker-cs-3	Label-07	2002
3	central	worker-cs-3	Label-01	2001
3	central	worker-cs-3	Label-07	2003
3	central	worker-cs-3	Label-01	2002
3	central	worker-cs-3	Label-01	2002
3	central	worker-cs-3	Label-07	2002
3	central	worker-cs-3	Label-01	2002
3	central	worker-cs-3	Label-01	2002
3	central	worker-cs-3	Label-01	2003
3	central	worker-cs-3	Label-07	2002
3	central	worker-cs-3	Label-07	2002
3	central	worker-cs-3	Label-07	2002
3	central	worker-cs-3	Label-01	2003
3	central	worker-cs-3	Label-01	2001
3	central	worker-cs-3	Label-07	2003
3	central	worker-cs-3	Label-07	2001
3	central	worker-cs-3	Label-01	2002
3	central	worker-cs-3	Label-01	2001
3	central	worker-cs-3	Label-07	2002
3	central	worker-cs-3	Label-07	2002
3	central	worker-cs-3	Label-01	2002
3	central	worker-cs-3	Label-07	2005
3	central	worker-cs-3	Label-07	2002
3	central	worker-cs-3	Label-07	2001
3	central	worker-cs-3	Label-07	2002
3	central	worker-cs-3	Label-07	2001
3	central	worker-cs-3	Label-07	2002
3	central	worker-cs-3	Label-01	2002
3	central	worker-cs-3	Label-07	2002
3	central	worker-cs-3	Label-07	2002
3	central	worker-cs-3	Label-07	2002
3	central	worker-cs-3	Label-07	2002
3	central	worker-cs-3	Label-01	2001
3	central	worker-cs-3	Label-01	2002
3	central	worker-cs-3	Label-07	2002
3	central	worker-cs-3	Label-01	2001
3	central	worker-cs-3	Label-01	2001
3	central	worker-cs-3	Label-07	2001
3	central	worker-cs-3	Label-07	2003
3	central	worker-cs-3	Label-07	2001
3	central	worker-cs-3	Label-07	2001
3	central	worker-cs-3	Label-07	2001
3	central	worker-cs-3	Label-01	2002
3	central	worker-cs-3	Label-01	2002
3	central	worker-cs-3	Label-07	2002
3	central	worker-cs-3	Label-01	2001
3	central	worker-cs-3	Label-01	2002
3	central	worker-cs-3	Label-07	2002
3	central	worker-cs-3	Label-01	2001
3	central	worker-cs-3	Label-07	2003
3	central	worker-cs-3	Label-07	2002
3	central	worker-cs-3	Label-07	2002
3	central	worker-cs-3	Label-07	2002
3	central	worker-cs-3	Label-07	2007
3	central	worker-cs-3	Label-01	2002
3	central	worker-cs-3	Label-07	2001
3	central	worker-cs-3	Label-07	2001
3	central	worker-cs-3	Label-07	2003
3	central	worker-cs-3	Label-07	2002
3	central	worker-cs-3	Label-01	2002
3	central	worker-cs-3	Label-07	2001
3	central	worker-cs-3	Label-07	2002
3	central	worker-cs-3	Label-01	2000
3	central	worker-cs-3	Label-01	2002
3	central	worker-cs-3	Label-01	2001
3	central	worker-cs-3	Label-01	2002
3	central	worker-cs-3	Label-01	2001
3	central	worker-cs-3	Label-07	2001
3	central	worker-cs-3	Label-01	2001
3	central	worker-cs-3	Label-07	2001
3	central	worker-cs-3	Label-01	2001
3	central	worker-cs-3	Label-07	2003
3	central	worker-cs-3	Label-01	2002
3	central	worker-cs-3	Label-01	2002
3	central	worker-cs-3	Label-07	2002
3	central	worker-cs-3	Label-01	2001
3	central	worker-cs-3	Label-07	2002
3	central	worker-cs-3	Label-01	2002
3	central	worker-cs-3	Label-07	2002
3	central	worker-cs-3	Label-07	2001
3	central	worker-cs-3	Label-01	2002
3	central	worker-cs-3	Label-01	2002
3	central	worker-cs-3	Label-01	2002
3	central	worker-cs-3	Label-01	2003
3	central	worker-cs-3	Label-01	2003
3	central	worker-cs-3	Label-01	2002
3	central	worker-cs-3	Label-07	2003
3	central	worker-cs-3	Label-07	2002
3	central	worker-cs-3	Label-07	2002
3	central	worker-cs-3	Label-07	2001
3	central	worker-cs-3	Label-01	2002
3	central	worker-cs-3	Label-01	2002
3	central	worker-cs-3	Label-01	2001
3	central	worker-cs-3	Label-01	2002
3	central	worker-cs-3	Label-01	2002
3	central	worker-cs-3	Label-01	2001
3	central	worker-cs-3	Label-01	2002
3	central	worker-cs-3	Label-07	2001
3	central	worker-cs-3	Label-07	2002
3	central	worker-cs-3	Label-07	2002
3	central	worker-cs-3	Label-01	2002
3	central	worker-cs-3	Label-01	2001
3	central	worker-cs-3	Label-07	2002
3	central	worker-cs-3	Label-01	2003
3	central	worker-cs-3	Label-01	2001
3	central	worker-cs-3	Label-07	2004
3	central	worker-cs-3	Label-01	2003
3	central	worker-cs-3	Label-07	2003
3	central	worker-cs-3	Label-07	2002
3	central	worker-cs-3	Label-01	2002
3	central	worker-cs-3	Label-01	2002
3	central	worker-cs-3	Label-01	2002
3	central	worker-cs-3	Label-01	2002
3	central	worker-cs-3	Label-01	2002
3	central	worker-cs-3	Label-01	2002
3	central	worker-cs-3	Label-07	2002
3	central	worker-cs-3	Label-01	2002
3	central	worker-cs-3	Label-07	2003
3	central	worker-cs-3	Label-07	2001
3	central	worker-cs-3	Label-01	2002
3	central	worker-cs-4	Label-10	2002
3	central	worker-cs-4	Label-10	2001
3	central	worker-cs-4	Label-04	2002
3	central	worker-cs-4	Label-02	2002
3	central	worker-cs-4	Label-04	2002
3	central	worker-cs-4	Label-02	2003
3	central	worker-cs-4	Label-04	2002
3	central	worker-cs-4	Label-10	2001
3	central	worker-cs-4	Label-02	2002
3	central	worker-cs-4	Label-04	2002
3	central	worker-cs-4	Label-10	2002
3	central	worker-cs-4	Label-10	2002
3	central	worker-cs-4	Label-02	2002
3	central	worker-cs-4	Label-04	2001
3	central	worker-cs-4	Label-04	2002
3	central	worker-cs-4	Label-10	2001
3	central	worker-cs-4	Label-04	2002
3	central	worker-cs-4	Label-02	2002
3	central	worker-cs-4	Label-04	2001
3	central	worker-cs-4	Label-02	2002
3	central	worker-cs-4	Label-04	2002
3	central	worker-cs-4	Label-10	2002
3	central	worker-cs-4	Label-10	2002
3	central	worker-cs-4	Label-10	2002
3	central	worker-cs-4	Label-04	2003
3	central	worker-cs-4	Label-10	2002
3	central	worker-cs-4	Label-02	2002
3	central	worker-cs-4	Label-10	2002
3	central	worker-cs-4	Label-10	2002
3	central	worker-cs-4	Label-04	2003
3	central	worker-cs-4	Label-04	2002
3	central	worker-cs-4	Label-10	2002
3	central	worker-cs-4	Label-02	2002
3	central	worker-cs-4	Label-02	2002
3	central	worker-cs-4	Label-02	2002
3	central	worker-cs-4	Label-02	2002
3	central	worker-cs-4	Label-04	2003
3	central	worker-cs-4	Label-02	2002
3	central	worker-cs-4	Label-10	2002
3	central	worker-cs-4	Label-02	2002
3	central	worker-cs-4	Label-02	2003
3	central	worker-cs-4	Label-10	2002
3	central	worker-cs-4	Label-10	2003
3	central	worker-cs-4	Label-02	2003
3	central	worker-cs-4	Label-02	2001
3	central	worker-cs-4	Label-10	2002
3	central	worker-cs-4	Label-10	2002
3	central	worker-cs-4	Label-04	2002
3	central	worker-cs-4	Label-02	2002
3	central	worker-cs-4	Label-04	2003
3	central	worker-cs-4	Label-04	2001
3	central	worker-cs-4	Label-10	2003
3	central	worker-cs-4	Label-02	2003
3	central	worker-cs-4	Label-04	2002
3	central	worker-cs-4	Label-04	2003
3	central	worker-cs-4	Label-10	2002
3	central	worker-cs-4	Label-10	2002
3	central	worker-cs-4	Label-10	2002
3	central	worker-cs-4	Label-02	2003
3	central	worker-cs-4	Label-10	2002
3	central	worker-cs-4	Label-04	2002
3	central	worker-cs-4	Label-10	2001
3	central	worker-cs-4	Label-10	2003
3	central	worker-cs-4	Label-02	2001
3	central	worker-cs-4	Label-04	2001
3	central	worker-cs-4	Label-10	2002
3	central	worker-cs-4	Label-04	2002
3	central	worker-cs-4	Label-02	2008
3	central	worker-cs-4	Label-02	2001
3	central	worker-cs-4	Label-02	2002
3	central	worker-cs-4	Label-02	2003
3	central	worker-cs-4	Label-04	2002
3	central	worker-cs-4	Label-10	2003
3	central	worker-cs-4	Label-02	2002
3	central	worker-cs-4	Label-10	2002
3	central	worker-cs-4	Label-02	2002
3	central	worker-cs-4	Label-04	2002
3	central	worker-cs-4	Label-02	2003
3	central	worker-cs-4	Label-02	2002
3	central	worker-cs-4	Label-02	2002
3	central	worker-cs-4	Label-02	2003
3	central	worker-cs-4	Label-04	2002
3	central	worker-cs-4	Label-10	2002
3	central	worker-cs-4	Label-02	2002
3	central	worker-cs-4	Label-10	2003
3	central	worker-cs-4	Label-04	2002
3	central	worker-cs-4	Label-02	2002
3	central	worker-cs-4	Label-10	2003
3	central	worker-cs-4	Label-04	2002
3	central	worker-cs-4	Label-02	2001
3	central	worker-cs-4	Label-04	2002
3	central	worker-cs-4	Label-10	2002
3	central	worker-cs-4	Label-04	2002
3	central	worker-cs-4	Label-02	2001
3	central	worker-cs-4	Label-10	2001
3	central	worker-cs-4	Label-10	2002
3	central	worker-cs-4	Label-04	2003
3	central	worker-cs-4	Label-10	2002
3	central	worker-cs-4	Label-04	2002
3	central	worker-cs-4	Label-10	2002
3	central	worker-cs-4	Label-10	2003
3	central	worker-cs-4	Label-04	2003
3	central	worker-cs-4	Label-04	2003
3	central	worker-cs-4	Label-02	2002
3	central	worker-cs-4	Label-04	2001
3	central	worker-cs-4	Label-02	2003
3	central	worker-cs-4	Label-02	2003
3	central	worker-cs-4	Label-10	2002
3	central	worker-cs-4	Label-04	2002
3	central	worker-cs-4	Label-02	2003
3	central	worker-cs-4	Label-10	2003
3	central	worker-cs-4	Label-10	2002
3	central	worker-cs-4	Label-02	2002
3	central	worker-cs-4	Label-02	2002
3	central	worker-cs-4	Label-10	2002
3	central	worker-cs-4	Label-02	2002
3	central	worker-cs-4	Label-04	2001
3	central	worker-cs-4	Label-02	2002
3	central	worker-cs-4	Label-02	2002
3	central	worker-cs-4	Label-04	2003
3	central	worker-cs-4	Label-02	2003
3	central	worker-cs-4	Label-02	2002
3	central	worker-cs-4	Label-10	2002
3	central	worker-cs-4	Label-10	2001
3	central	worker-cs-4	Label-10	2003
3	central	worker-cs-4	Label-10	2003
3	central	worker-cs-4	Label-02	2003
3	central	worker-cs-4	Label-02	2002
3	central	worker-cs-4	Label-02	2002
3	central	worker-cs-4	Label-02	2002
3	central	worker-cs-4	Label-02	2001
3	central	worker-cs-4	Label-10	2002
3	central	worker-cs-4	Label-10	2002
3	central	worker-cs-4	Label-02	2002
3	central	worker-cs-4	Label-04	2003
3	central	worker-cs-4	Label-10	2002
3	central	worker-cs-4	Label-10	2001
3	central	worker-cs-4	Label-10	2001
3	central	worker-cs-4	Label-02	2002
3	central	worker-cs-4	Label-10	2002
3	central	worker-cs-4	Label-10	2002
3	central	worker-cs-4	Label-04	2001
3	central	worker-cs-4	Label-04	2002
3	central	worker-cs-4	Label-02	2002
3	central	worker-cs-4	Label-04	2002
3	central	worker-cs-4	Label-02	2002
3	central	worker-cs-4	Label-02	2002
3	central	worker-cs-4	Label-04	2002
3	central	worker-cs-4	Label-10	2002
3	central	worker-cs-4	Label-02	2002
3	central	worker-cs-4	Label-04	2002
3	central	worker-cs-4	Label-10	2003
3	central	worker-cs-4	Label-10	2002
3	central	worker-cs-4	Label-10	2001
3	central	worker-cs-4	Label-04	2001
3	central	worker-cs-4	Label-04	2003
3	central	worker-cs-4	Label-10	2004
3	central	worker-cs-4	Label-04	2002
3	central	worker-cs-4	Label-10	2002
3	central	worker-cs-4	Label-04	2003
3	central	worker-cs-4	Label-02	2002
3	central	worker-cs-4	Label-10	2003
3	central	worker-cs-4	Label-10	2002
3	central	worker-cs-4	Label-10	2002
3	central	worker-cs-4	Label-02	2002
3	central	worker-cs-4	Label-02	2002
3	central	worker-cs-4	Label-04	2002
3	central	worker-cs-4	Label-10	2002
3	central	worker-cs-4	Label-02	2002
3	central	worker-cs-4	Label-04	2002
3	central	worker-cs-4	Label-04	2002
3	central	worker-cs-4	Label-10	2002
3	central	worker-cs-4	Label-04	2003
3	central	worker-cs-4	Label-04	2002
3	central	worker-cs-4	Label-02	2005
3	central	worker-cs-4	Label-10	2002
3	central	worker-cs-4	Label-04	2002
3	central	worker-cs-4	Label-02	2002
3	central	worker-cs-4	Label-10	2003
3	central	worker-cs-4	Label-02	2002
3	central	worker-cs-4	Label-02	2002
3	central	worker-cs-4	Label-02	2002
3	central	worker-cs-4	Label-10	2002
3	central	worker-cs-4	Label-04	2003
3	central	worker-cs-4	Label-10	2002
3	central	worker-cs-4	Label-02	2002
3	central	worker-cs-4	Label-10	2002
3	central	worker-cs-4	Label-02	2002
3	central	worker-cs-4	Label-10	2003
3	central	worker-cs-4	Label-04	2003
3	central	worker-cs-4	Label-10	2002
3	central	worker-cs-4	Label-02	2002
3	central	worker-cs-4	Label-02	2002
3	central	worker-cs-4	Label-04	2002
3	central	worker-cs-4	Label-04	2002
3	central	worker-cs-4	Label-10	2002
3	central	worker-cs-4	Label-04	2002
3	central	worker-cs-4	Label-10	2002
3	central	worker-cs-4	Label-02	2003
3	central	worker-cs-4	Label-04	2003
3	central	worker-cs-4	Label-04	2002
3	central	worker-cs-4	Label-10	2003
3	central	worker-cs-4	Label-02	2002
3	central	worker-cs-4	Label-02	2002
3	central	worker-cs-4	Label-04	2003
3	central	worker-cs-4	Label-04	2003
3	central	worker-cs-4	Label-04	2003
3	central	worker-cs-4	Label-10	2002
3	central	worker-cs-4	Label-02	2001
3	central	worker-cs-4	Label-10	2002
3	central	worker-cs-4	Label-04	2002
3	central	worker-cs-4	Label-04	2002
3	central	worker-cs-4	Label-04	2002
3	central	worker-cs-4	Label-02	2002
3	central	worker-cs-4	Label-10	2003
3	central	worker-cs-4	Label-02	2002
3	central	worker-cs-4	Label-04	2002
3	central	worker-cs-4	Label-02	2002
3	central	worker-cs-4	Label-04	2002
3	central	worker-cs-4	Label-10	2001
3	central	worker-cs-4	Label-02	2002
3	central	worker-cs-4	Label-10	2003
3	central	worker-cs-4	Label-10	2002
3	central	worker-cs-4	Label-02	2006
3	central	worker-cs-4	Label-02	2002
3	central	worker-cs-4	Label-10	2002
3	central	worker-cs-4	Label-04	2003
3	central	worker-cs-4	Label-02	2002
3	central	worker-cs-4	Label-10	2002
3	central	worker-cs-4	Label-04	2001
3	central	worker-cs-4	Label-02	2002
3	central	worker-cs-4	Label-02	2003
3	central	worker-cs-4	Label-10	2003
3	central	worker-cs-4	Label-02	2003
3	central	worker-cs-4	Label-10	2002
3	central	worker-cs-4	Label-10	2002
3	central	worker-cs-4	Label-04	2002
3	central	worker-cs-4	Label-04	2002
3	central	worker-cs-4	Label-04	2002
3	central	worker-cs-4	Label-10	2003
3	central	worker-cs-4	Label-10	2002
3	central	worker-cs-4	Label-04	2002
3	central	worker-cs-4	Label-02	2002
3	central	worker-cs-4	Label-04	2002
3	central	worker-cs-4	Label-04	2002
3	central	worker-cs-4	Label-02	2002
3	central	worker-cs-4	Label-02	2002
3	central	worker-cs-4	Label-10	2002
3	central	worker-cs-4	Label-02	2002
3	central	worker-cs-4	Label-10	2003
3	central	worker-cs-4	Label-04	2002
3	central	worker-cs-4	Label-04	2003
3	central	worker-cs-4	Label-10	2001
3	central	worker-cs-4	Label-04	2002
3	central	worker-cs-4	Label-10	2001
3	central	worker-cs-4	Label-02	2002
3	central	worker-cs-4	Label-02	2002
3	central	worker-cs-4	Label-10	2003
3	central	worker-cs-4	Label-02	2002
3	central	worker-cs-4	Label-02	2001
3	central	worker-cs-4	Label-04	2002
3	central	worker-cs-4	Label-04	2002
3	central	worker-cs-4	Label-10	2001
3	central	worker-cs-4	Label-04	2002
3	central	worker-cs-4	Label-10	2002
3	central	worker-cs-4	Label-04	2003
3	central	worker-cs-4	Label-04	2002
3	central	worker-cs-4	Label-02	2002
3	central	worker-cs-4	Label-10	2003
3	central	worker-cs-4	Label-04	2002
3	central	worker-cs-4	Label-02	2003
3	central	worker-cs-4	Label-10	2002
3	central	worker-cs-4	Label-04	2002
3	central	worker-cs-4	Label-02	2001
3	central	worker-cs-4	Label-10	2001
3	central	worker-cs-4	Label-10	2002
3	central	worker-cs-4	Label-02	2002
3	central	worker-cs-4	Label-02	2001
3	central	worker-cs-4	Label-10	2003
3	central	worker-cs-4	Label-10	2003
3	central	worker-cs-4	Label-04	2002
3	central	worker-cs-4	Label-04	2002
3	central	worker-cs-4	Label-04	2002
3	central	worker-cs-4	Label-04	2002
3	central	worker-cs-4	Label-04	2002
3	central	worker-cs-4	Label-04	2004
3	central	worker-cs-4	Label-04	2002
3	central	worker-cs-4	Label-04	2002
3	central	worker-cs-4	Label-10	2002
3	central	worker-cs-4	Label-02	2002
3	central	worker-cs-4	Label-02	2004
3	central	worker-cs-4	Label-10	2002
3	central	worker-cs-4	Label-04	2002
3	central	worker-cs-4	Label-02	2002
3	central	worker-cs-4	Label-02	2001
3	central	worker-cs-4	Label-04	2003
3	central	worker-cs-4	Label-10	2002
3	central	worker-cs-4	Label-04	2001
3	central	worker-cs-4	Label-10	2003
3	central	worker-cs-4	Label-04	2003
3	central	worker-cs-4	Label-02	2002
3	central	worker-cs-4	Label-10	2001
3	central	worker-cs-4	Label-04	2001
3	central	worker-cs-4	Label-02	2001
3	central	worker-cs-4	Label-02	2002
3	central	worker-cs-4	Label-10	2001
3	central	worker-cs-4	Label-04	2003
3	central	worker-cs-4	Label-02	2002
3	central	worker-cs-4	Label-02	2001
3	central	worker-cs-4	Label-10	2002
3	central	worker-cs-4	Label-04	2002
3	central	worker-cs-4	Label-02	2002
3	central	worker-cs-4	Label-02	2002
3	central	worker-cs-4	Label-10	2001
3	central	worker-cs-4	Label-10	2003
3	central	worker-cs-4	Label-02	2001
3	central	worker-cs-4	Label-10	2002
3	central	worker-cs-4	Label-04	2002
3	central	worker-cs-4	Label-10	2002
3	central	worker-cs-4	Label-02	2002
3	central	worker-cs-4	Label-02	2002
3	central	worker-cs-4	Label-04	2002
3	central	worker-cs-4	Label-02	2002
3	central	worker-cs-4	Label-02	2002
3	central	worker-cs-4	Label-10	2003
3	central	worker-cs-4	Label-04	2003
3	central	worker-cs-4	Label-04	2001
3	central	worker-cs-4	Label-02	2003
3	central	worker-cs-4	Label-04	2003
3	central	worker-cs-4	Label-04	2002
3	central	worker-cs-4	Label-02	2003
3	central	worker-cs-4	Label-10	2002
3	central	worker-cs-4	Label-02	2003
3	central	worker-cs-4	Label-04	2002
3	central	worker-cs-4	Label-10	2003
3	central	worker-cs-4	Label-10	2001
3	central	worker-cs-4	Label-04	2002
3	central	worker-cs-4	Label-04	2002
3	central	worker-cs-4	Label-10	2002
3	central	worker-cs-4	Label-04	2001
3	central	worker-cs-4	Label-04	2002
3	central	worker-cs-4	Label-04	2003
3	central	worker-cs-4	Label-02	2002
3	central	worker-cs-4	Label-04	2002
3	central	worker-cs-4	Label-04	2002
3	central	worker-cs-4	Label-10	2001
3	central	worker-cs-4	Label-04	2002
3	central	worker-cs-4	Label-10	2002
3	central	worker-cs-4	Label-04	2001
3	central	worker-cs-4	Label-10	2001
3	central	worker-cs-4	Label-04	2002
3	central	worker-cs-4	Label-02	2002
3	central	worker-cs-4	Label-02	2001
3	central	worker-cs-4	Label-04	2002
3	central	worker-cs-4	Label-02	2002
3	central	worker-cs-4	Label-02	2001
3	central	worker-cs-4	Label-04	2002
3	central	worker-cs-4	Label-04	2002
3	central	worker-cs-4	Label-10	2002
3	central	worker-cs-4	Label-10	2002
3	central	worker-cs-4	Label-10	2002
3	central	worker-cs-4	Label-10	2003
3	central	worker-cs-4	Label-04	2003
3	central	worker-cs-4	Label-02	2002
3	central	worker-cs-4	Label-02	2002
3	central	worker-cs-4	Label-02	2002
3	central	worker-cs-4	Label-02	2002
3	central	worker-cs-4	Label-10	2002
3	central	worker-cs-4	Label-02	2004
3	central	worker-cs-4	Label-02	2002
3	central	worker-cs-4	Label-04	2003
3	central	worker-cs-4	Label-02	2003
3	central	worker-cs-4	Label-02	2002
3	central	worker-cs-4	Label-10	2002
3	central	worker-cs-4	Label-04	2001
3	central	worker-cs-4	Label-04	2002
3	central	worker-cs-4	Label-04	2002
3	central	worker-cs-4	Label-02	2001
3	central	worker-cs-4	Label-04	2002
3	central	worker-cs-4	Label-04	2002
3	central	worker-cs-4	Label-10	2002
3	central	worker-cs-4	Label-04	2001
3	central	worker-cs-4	Label-04	2002
3	central	worker-cs-4	Label-10	2002
3	central	worker-cs-4	Label-04	2002
3	central	worker-cs-4	Label-10	2002
3	central	worker-cs-4	Label-10	2002
3	central	worker-cs-4	Label-04	2002
3	central	worker-cs-4	Label-10	2004
3	central	worker-cs-4	Label-10	2003
3	central	worker-cs-4	Label-04	2002
3	central	worker-cs-4	Label-10	2002
3	central	worker-cs-4	Label-10	2002
3	central	worker-cs-4	Label-10	2002
3	central	worker-cs-4	Label-02	2002
3	central	worker-cs-4	Label-02	2002
3	central	worker-cs-4	Label-04	2003
3	central	worker-cs-4	Label-02	2002
3	central	worker-cs-4	Label-04	2002
3	central	worker-cs-4	Label-02	2001
3	central	worker-cs-4	Label-02	2002
3	central	worker-cs-4	Label-04	2002
3	central	worker-cs-4	Label-10	2002
3	central	worker-cs-4	Label-02	2002
3	central	worker-cs-4	Label-10	2002
3	central	worker-cs-4	Label-02	2001
3	central	worker-cs-4	Label-10	2002
3	central	worker-cs-4	Label-02	2001
3	central	worker-cs-4	Label-04	2003
3	central	worker-cs-4	Label-10	2002
3	central	worker-cs-4	Label-02	2002
3	central	worker-cs-4	Label-04	2002
3	central	worker-cs-4	Label-04	2003
3	central	worker-cs-4	Label-04	2003
3	central	worker-cs-4	Label-10	2002
3	central	worker-cs-4	Label-02	2003
3	central	worker-cs-4	Label-10	2003
3	central	worker-cs-4	Label-04	2002
3	central	worker-cs-4	Label-02	2002
3	central	worker-cs-4	Label-02	2002
3	central	worker-cs-4	Label-10	2002
3	central	worker-cs-4	Label-04	2002
3	central	worker-cs-4	Label-10	2003
3	central	worker-cs-4	Label-10	2002
3	central	worker-cs-4	Label-04	2001
3	central	worker-cs-4	Label-10	2002
3	central	worker-cs-4	Label-04	2002
3	central	worker-cs-4	Label-02	2002
3	central	worker-cs-4	Label-10	2002
3	central	worker-cs-4	Label-10	2003
3	central	worker-cs-4	Label-04	2002
3	central	worker-cs-4	Label-04	2002
3	central	worker-cs-4	Label-04	2003
3	central	worker-cs-4	Label-02	2002
3	central	worker-cs-4	Label-02	2003
3	central	worker-cs-4	Label-10	2002
3	central	worker-cs-4	Label-10	2002
3	central	worker-cs-4	Label-04	2002
3	central	worker-cs-4	Label-02	2002
3	central	worker-cs-4	Label-04	2002
3	central	worker-cs-4	Label-10	2002
3	central	worker-cs-4	Label-04	2003
3	central	worker-cs-4	Label-04	2002
3	central	worker-cs-4	Label-02	2001
3	central	worker-cs-4	Label-10	2001
3	central	worker-cs-4	Label-02	2002
3	central	worker-cs-4	Label-04	2003
3	central	worker-cs-4	Label-10	2002
3	central	worker-cs-4	Label-10	2002
3	central	worker-cs-4	Label-02	2002
3	central	worker-cs-4	Label-04	2003
3	central	worker-cs-4	Label-02	2001
3	central	worker-cs-4	Label-04	2001
3	central	worker-cs-4	Label-10	2003
3	central	worker-cs-4	Label-04	2002
3	central	worker-cs-4	Label-02	2002
3	central	worker-cs-4	Label-10	2002
3	central	worker-cs-4	Label-04	2002
3	central	worker-cs-4	Label-10	2002
3	central	worker-cs-4	Label-04	2002
3	central	worker-cs-4	Label-02	2003
3	central	worker-cs-4	Label-04	2002
3	central	worker-cs-4	Label-02	2002
3	central	worker-cs-4	Label-04	2002
3	central	worker-cs-4	Label-04	2002
3	central	worker-cs-4	Label-02	2002
3	central	worker-cs-4	Label-04	2002
3	central	worker-cs-4	Label-04	2002
3	central	worker-cs-4	Label-10	2004
3	central	worker-cs-4	Label-10	2002
3	central	worker-cs-4	Label-02	2002
3	central	worker-cs-4	Label-04	2003
3	central	worker-cs-4	Label-02	2002
3	central	worker-cs-4	Label-10	2002
3	central	worker-cs-4	Label-10	2004
3	central	worker-cs-4	Label-04	2001
3	central	worker-cs-4	Label-02	2002
3	central	worker-cs-4	Label-02	2002
3	central	worker-cs-4	Label-10	2001
3	central	worker-cs-4	Label-02	2002
3	central	worker-cs-4	Label-02	2002
3	central	worker-cs-4	Label-02	2001
3	central	worker-cs-4	Label-02	2002
3	central	worker-cs-4	Label-10	2002
3	central	worker-cs-4	Label-02	2002
3	central	worker-cs-4	Label-10	2002
3	central	worker-cs-4	Label-04	2002
3	central	worker-cs-4	Label-10	2002
3	central	worker-cs-4	Label-04	2002
3	central	worker-cs-4	Label-02	2002
3	central	worker-cs-4	Label-10	2002
3	central	worker-cs-4	Label-10	2001
3	central	worker-cs-4	Label-04	2002
3	central	worker-cs-4	Label-02	2003
3	central	worker-cs-4	Label-10	2002
3	central	worker-cs-4	Label-02	2003
3	central	worker-cs-4	Label-02	2002
3	central	worker-cs-4	Label-10	2002
3	central	worker-cs-4	Label-04	2002
3	central	worker-cs-4	Label-10	2002
3	central	worker-cs-4	Label-10	2002
3	central	worker-cs-4	Label-04	2002
3	central	worker-cs-4	Label-10	2003
3	central	worker-cs-4	Label-10	2002
3	central	worker-cs-4	Label-10	2006
3	central	worker-cs-4	Label-04	2002
3	central	worker-cs-4	Label-02	2004
3	central	worker-cs-4	Label-10	2002
3	central	worker-cs-4	Label-02	2001
3	central	worker-cs-4	Label-04	2002
3	central	worker-cs-4	Label-02	2003
3	central	worker-cs-4	Label-02	2002
3	central	worker-cs-4	Label-10	2004
3	central	worker-cs-4	Label-02	2003
3	central	worker-cs-4	Label-04	2002
3	central	worker-cs-4	Label-10	2002
3	central	worker-cs-4	Label-02	2003
3	central	worker-cs-4	Label-04	2001
3	central	worker-cs-4	Label-02	2001
3	central	worker-cs-4	Label-10	2002
3	central	worker-cs-4	Label-04	2002
3	central	worker-cs-4	Label-10	2003
3	central	worker-cs-4	Label-02	2002
3	central	worker-cs-4	Label-02	2000
3	central	worker-cs-4	Label-10	2005
3	central	worker-cs-4	Label-02	2002
3	central	worker-cs-4	Label-04	2002
3	central	worker-cs-4	Label-10	2002
3	central	worker-cs-4	Label-02	2002
3	central	worker-cs-4	Label-02	2002
3	central	worker-cs-4	Label-10	2002
3	central	worker-cs-4	Label-04	2002
3	central	worker-cs-4	Label-02	2002
3	central	worker-cs-4	Label-04	2001
3	central	worker-cs-4	Label-02	2002
3	central	worker-cs-4	Label-02	2003
3	central	worker-cs-4	Label-02	2001
3	central	worker-cs-4	Label-04	2002
3	central	worker-cs-4	Label-10	2002
3	central	worker-cs-4	Label-10	2002
3	central	worker-cs-4	Label-04	2002
3	central	worker-cs-4	Label-04	2003
3	central	worker-cs-4	Label-02	2002
3	central	worker-cs-4	Label-02	2002
3	central	worker-cs-4	Label-04	2002
3	central	worker-cs-4	Label-04	2003
3	central	worker-cs-4	Label-02	2002
3	central	worker-cs-4	Label-04	2002
3	central	worker-cs-4	Label-10	2004
3	central	worker-cs-4	Label-02	2002
3	central	worker-cs-4	Label-02	2003
3	central	worker-cs-4	Label-04	2001
3	central	worker-cs-4	Label-04	2002
3	central	worker-cs-4	Label-10	2003
3	central	worker-cs-4	Label-04	2003
3	central	worker-cs-4	Label-04	2002
3	central	worker-cs-4	Label-02	2002
3	central	worker-cs-4	Label-10	2003
3	central	worker-cs-4	Label-02	2003
3	central	worker-cs-4	Label-04	2002
3	central	worker-cs-4	Label-02	2002
3	central	worker-cs-4	Label-04	2001
3	central	worker-cs-4	Label-02	2002
3	central	worker-cs-4	Label-04	2002
3	central	worker-cs-4	Label-02	2002
3	central	worker-cs-4	Label-10	2002
3	central	worker-cs-4	Label-04	2002
3	central	worker-cs-4	Label-10	2002
3	central	worker-cs-4	Label-04	2002
3	central	worker-cs-4	Label-02	2005
3	central	worker-cs-4	Label-02	2003
3	central	worker-cs-4	Label-04	2002
3	central	worker-cs-4	Label-10	2002
3	central	worker-cs-4	Label-10	2002
3	central	worker-cs-4	Label-04	2001
3	central	worker-cs-4	Label-10	2002
3	central	worker-cs-4	Label-10	2002
3	central	worker-cs-4	Label-02	2002
3	central	worker-cs-4	Label-10	2002
3	central	worker-cs-4	Label-10	2003
3	central	worker-cs-4	Label-10	2003
3	central	worker-cs-4	Label-02	2003
3	central	worker-cs-4	Label-04	2002
3	central	worker-cs-4	Label-02	2003
3	central	worker-cs-4	Label-02	2002
3	central	worker-cs-4	Label-02	2004
3	central	worker-cs-4	Label-02	2001
3	central	worker-cs-4	Label-04	2002
3	central	worker-cs-4	Label-04	2002
3	central	worker-cs-4	Label-10	2002
3	central	worker-cs-4	Label-10	2002
3	central	worker-cs-4	Label-02	2002
3	central	worker-cs-4	Label-04	2001
3	central	worker-cs-4	Label-02	2002
3	central	worker-cs-4	Label-04	2002
3	central	worker-cs-4	Label-10	2002
3	central	worker-cs-4	Label-02	2002
3	central	worker-cs-4	Label-04	2002
3	central	worker-cs-4	Label-10	2002
3	central	worker-cs-4	Label-10	2003
3	central	worker-cs-4	Label-02	2002
3	central	worker-cs-4	Label-10	2002
3	central	worker-cs-4	Label-04	2003
3	central	worker-cs-4	Label-02	2002
3	central	worker-cs-4	Label-10	2001
3	central	worker-cs-4	Label-02	2001
3	central	worker-cs-4	Label-02	2002
3	central	worker-cs-4	Label-10	2002
3	central	worker-cs-4	Label-02	2004
3	central	worker-cs-4	Label-10	2002
3	central	worker-cs-4	Label-10	2002
3	central	worker-cs-4	Label-02	2002
3	central	worker-cs-4	Label-02	2002
3	central	worker-cs-4	Label-04	2002
3	central	worker-cs-4	Label-04	2002
3	central	worker-cs-4	Label-04	2002
3	central	worker-cs-4	Label-04	2003
3	central	worker-cs-4	Label-04	2002
3	central	worker-cs-4	Label-02	2002
3	central	worker-cs-4	Label-02	2004
3	central	worker-cs-4	Label-02	2002
3	central	worker-cs-4	Label-10	2002
3	central	worker-cs-4	Label-02	2003
3	central	worker-cs-4	Label-02	2002
3	central	worker-cs-4	Label-04	2002
3	central	worker-cs-4	Label-04	2002
3	central	worker-cs-4	Label-02	2003
3	central	worker-cs-4	Label-04	2003
3	central	worker-cs-4	Label-02	2007
3	central	worker-cs-4	Label-04	2002
3	central	worker-cs-4	Label-02	2003
3	central	worker-cs-4	Label-02	2001
3	central	worker-cs-4	Label-02	2002
3	central	worker-cs-4	Label-10	2002
3	central	worker-cs-4	Label-02	2002
3	central	worker-cs-4	Label-10	2001
3	central	worker-cs-4	Label-02	2001
3	central	worker-cs-4	Label-04	2002
3	central	worker-cs-4	Label-04	2002
3	central	worker-cs-4	Label-04	2002
3	central	worker-cs-4	Label-04	2002
3	central	worker-cs-4	Label-04	2004
3	central	worker-cs-4	Label-04	2002
3	central	worker-cs-4	Label-10	2001
3	central	worker-cs-4	Label-02	2002
3	central	worker-cs-4	Label-04	2001
3	central	worker-cs-4	Label-04	2002
3	central	worker-cs-4	Label-10	2002
3	central	worker-cs-4	Label-10	2002
3	central	worker-cs-4	Label-10	2002
3	central	worker-cs-4	Label-10	2002
3	central	worker-cs-4	Label-02	2002
3	central	worker-cs-4	Label-04	2001
3	central	worker-cs-4	Label-02	2002
3	central	worker-cs-4	Label-10	2002
3	central	worker-cs-4	Label-02	2005
3	central	worker-cs-4	Label-04	2003
3	central	worker-cs-4	Label-02	2002
3	central	worker-cs-4	Label-02	2002
3	central	worker-cs-4	Label-02	2003
3	central	worker-cs-4	Label-10	2002
3	central	worker-cs-4	Label-02	2003
3	central	worker-cs-4	Label-10	2002
3	central	worker-cs-4	Label-04	2001
3	central	worker-cs-4	Label-04	2002
3	central	worker-cs-4	Label-02	2001
3	central	worker-cs-4	Label-10	2002
3	central	worker-cs-4	Label-02	2002
3	central	worker-cs-4	Label-04	2002
3	central	worker-cs-4	Label-02	2001
3	central	worker-cs-4	Label-04	2002
3	central	worker-cs-4	Label-02	2001
3	central	worker-cs-4	Label-04	2002
3	central	worker-cs-4	Label-02	2003
3	central	worker-cs-4	Label-10	2002
3	central	worker-cs-4	Label-04	2002
3	central	worker-cs-4	Label-10	2002
3	central	worker-cs-4	Label-10	2005
3	central	worker-cs-4	Label-04	2003
3	central	worker-cs-5	Label-03	2001
3	central	worker-cs-5	Label-11	2001
3	central	worker-cs-5	Label-11	2001
3	central	worker-cs-5	Label-11	2001
3	central	worker-cs-5	Label-03	2001
3	central	worker-cs-5	Label-11	2003
3	central	worker-cs-5	Label-03	2001
3	central	worker-cs-5	Label-11	2001
3	central	worker-cs-5	Label-11	2001
3	central	worker-cs-5	Label-03	2002
3	central	worker-cs-5	Label-03	2002
3	central	worker-cs-5	Label-03	2001
3	central	worker-cs-5	Label-03	2000
3	central	worker-cs-5	Label-03	2001
3	central	worker-cs-5	Label-11	2001
3	central	worker-cs-5	Label-11	2001
3	central	worker-cs-5	Label-03	2002
3	central	worker-cs-5	Label-11	2001
3	central	worker-cs-5	Label-03	2003
3	central	worker-cs-5	Label-03	2002
3	central	worker-cs-5	Label-11	2001
3	central	worker-cs-5	Label-03	2002
3	central	worker-cs-5	Label-03	2001
3	central	worker-cs-5	Label-11	2001
3	central	worker-cs-5	Label-03	2001
3	central	worker-cs-5	Label-11	2001
3	central	worker-cs-5	Label-03	2001
3	central	worker-cs-5	Label-03	2000
3	central	worker-cs-5	Label-11	2001
3	central	worker-cs-5	Label-11	2001
3	central	worker-cs-5	Label-03	2001
3	central	worker-cs-5	Label-03	2000
3	central	worker-cs-5	Label-03	2001
3	central	worker-cs-5	Label-11	2002
3	central	worker-cs-5	Label-11	2001
3	central	worker-cs-5	Label-11	2002
3	central	worker-cs-5	Label-03	2003
3	central	worker-cs-5	Label-11	2001
3	central	worker-cs-5	Label-11	2000
3	central	worker-cs-5	Label-11	2002
3	central	worker-cs-5	Label-11	2001
3	central	worker-cs-5	Label-03	2002
3	central	worker-cs-5	Label-03	2000
3	central	worker-cs-5	Label-03	2001
3	central	worker-cs-5	Label-03	2001
3	central	worker-cs-5	Label-03	2004
3	central	worker-cs-5	Label-03	2001
3	central	worker-cs-5	Label-03	2000
3	central	worker-cs-5	Label-03	2001
3	central	worker-cs-5	Label-03	2003
3	central	worker-cs-5	Label-03	2004
3	central	worker-cs-5	Label-03	2002
3	central	worker-cs-5	Label-11	2001
3	central	worker-cs-5	Label-03	2001
3	central	worker-cs-5	Label-03	2001
3	central	worker-cs-5	Label-03	2001
3	central	worker-cs-5	Label-03	2001
3	central	worker-cs-5	Label-03	2001
3	central	worker-cs-5	Label-11	2001
3	central	worker-cs-5	Label-03	2001
3	central	worker-cs-5	Label-11	2002
3	central	worker-cs-5	Label-11	2001
3	central	worker-cs-5	Label-03	2001
3	central	worker-cs-5	Label-03	2001
3	central	worker-cs-5	Label-03	2001
3	central	worker-cs-5	Label-11	2000
3	central	worker-cs-5	Label-11	2001
3	central	worker-cs-5	Label-11	2001
3	central	worker-cs-5	Label-03	2001
3	central	worker-cs-5	Label-03	2001
3	central	worker-cs-5	Label-03	2003
3	central	worker-cs-5	Label-03	2001
3	central	worker-cs-5	Label-11	2001
3	central	worker-cs-5	Label-03	2000
3	central	worker-cs-5	Label-03	2001
3	central	worker-cs-5	Label-03	2001
3	central	worker-cs-5	Label-11	2001
3	central	worker-cs-5	Label-11	2001
3	central	worker-cs-5	Label-11	2001
3	central	worker-cs-5	Label-11	2001
3	central	worker-cs-5	Label-11	2001
3	central	worker-cs-5	Label-03	2001
3	central	worker-cs-5	Label-03	2001
3	central	worker-cs-5	Label-03	2000
3	central	worker-cs-5	Label-03	2001
3	central	worker-cs-5	Label-03	2001
3	central	worker-cs-5	Label-03	2001
3	central	worker-cs-5	Label-03	2001
3	central	worker-cs-5	Label-11	2001
3	central	worker-cs-5	Label-03	2001
3	central	worker-cs-5	Label-03	2001
3	central	worker-cs-5	Label-03	2004
3	central	worker-cs-5	Label-11	2001
3	central	worker-cs-5	Label-03	2001
3	central	worker-cs-5	Label-03	2002
3	central	worker-cs-5	Label-03	2002
3	central	worker-cs-5	Label-03	2002
3	central	worker-cs-5	Label-03	2003
3	central	worker-cs-5	Label-03	2001
3	central	worker-cs-5	Label-03	2000
3	central	worker-cs-5	Label-11	2000
3	central	worker-cs-5	Label-03	2002
3	central	worker-cs-5	Label-03	2001
3	central	worker-cs-5	Label-03	2002
3	central	worker-cs-5	Label-03	2001
3	central	worker-cs-5	Label-03	2000
3	central	worker-cs-5	Label-11	2001
3	central	worker-cs-5	Label-11	2001
3	central	worker-cs-5	Label-11	2001
3	central	worker-cs-5	Label-11	2002
3	central	worker-cs-5	Label-11	2001
3	central	worker-cs-5	Label-03	2001
3	central	worker-cs-5	Label-03	2001
3	central	worker-cs-5	Label-11	2001
3	central	worker-cs-5	Label-11	2002
3	central	worker-cs-5	Label-11	2001
3	central	worker-cs-5	Label-03	2001
3	central	worker-cs-5	Label-03	2001
3	central	worker-cs-5	Label-03	2001
3	central	worker-cs-5	Label-11	2000
3	central	worker-cs-5	Label-11	2001
3	central	worker-cs-5	Label-11	2002
3	central	worker-cs-5	Label-11	2001
3	central	worker-cs-5	Label-03	2001
3	central	worker-cs-5	Label-03	2001
3	central	worker-cs-5	Label-11	2001
3	central	worker-cs-5	Label-11	2002
3	central	worker-cs-5	Label-03	2002
3	central	worker-cs-5	Label-03	2001
3	central	worker-cs-5	Label-11	2000
3	central	worker-cs-5	Label-03	2001
3	central	worker-cs-5	Label-03	2003
3	central	worker-cs-5	Label-03	2000
3	central	worker-cs-5	Label-11	2001
3	central	worker-cs-5	Label-03	2005
3	central	worker-cs-5	Label-03	2001
3	central	worker-cs-5	Label-11	2002
3	central	worker-cs-5	Label-03	2000
3	central	worker-cs-5	Label-03	2000
3	central	worker-cs-5	Label-11	2001
3	central	worker-cs-5	Label-11	2001
3	central	worker-cs-5	Label-03	2001
3	central	worker-cs-5	Label-03	2001
3	central	worker-cs-5	Label-11	2001
3	central	worker-cs-5	Label-03	2004
3	central	worker-cs-5	Label-03	2001
3	central	worker-cs-5	Label-03	2001
3	central	worker-cs-5	Label-03	2001
3	central	worker-cs-5	Label-03	2002
3	central	worker-cs-5	Label-03	2001
3	central	worker-cs-5	Label-03	2001
3	central	worker-cs-5	Label-11	2001
3	central	worker-cs-5	Label-03	2001
3	central	worker-cs-5	Label-03	2001
3	central	worker-cs-5	Label-03	2001
3	central	worker-cs-5	Label-03	2001
3	central	worker-cs-5	Label-03	2001
3	central	worker-cs-5	Label-11	2002
3	central	worker-cs-5	Label-11	2001
3	central	worker-cs-5	Label-11	2001
3	central	worker-cs-5	Label-03	2001
3	central	worker-cs-5	Label-03	2002
3	central	worker-cs-5	Label-03	2002
3	central	worker-cs-5	Label-03	2002
3	central	worker-cs-5	Label-03	2001
3	central	worker-cs-5	Label-11	2002
3	central	worker-cs-5	Label-03	2000
3	central	worker-cs-5	Label-03	2001
3	central	worker-cs-5	Label-03	2001
3	central	worker-cs-5	Label-03	2000
3	central	worker-cs-5	Label-03	2001
3	central	worker-cs-5	Label-03	2000
3	central	worker-cs-5	Label-03	2001
3	central	worker-cs-5	Label-03	2001
3	central	worker-cs-5	Label-03	2001
3	central	worker-cs-5	Label-03	2001
3	central	worker-cs-5	Label-03	2001
3	central	worker-cs-5	Label-11	2001
3	central	worker-cs-5	Label-11	2001
3	central	worker-cs-5	Label-03	2001
3	central	worker-cs-5	Label-03	2002
3	central	worker-cs-5	Label-03	2000
3	central	worker-cs-5	Label-03	2001
3	central	worker-cs-5	Label-03	2001
3	central	worker-cs-5	Label-03	2001
3	central	worker-cs-5	Label-03	2000
3	central	worker-cs-5	Label-11	2001
3	central	worker-cs-5	Label-03	2002
3	central	worker-cs-5	Label-03	2001
3	central	worker-cs-5	Label-03	2001
3	central	worker-cs-5	Label-03	2002
3	central	worker-cs-5	Label-03	2002
3	central	worker-cs-5	Label-03	2001
3	central	worker-cs-5	Label-03	2001
3	central	worker-cs-5	Label-03	2001
3	central	worker-cs-5	Label-11	2001
3	central	worker-cs-5	Label-03	2001
3	central	worker-cs-5	Label-11	2002
3	central	worker-cs-5	Label-03	2001
3	central	worker-cs-5	Label-03	2002
3	central	worker-cs-5	Label-11	2001
3	central	worker-cs-5	Label-11	2001
3	central	worker-cs-5	Label-11	2001
3	central	worker-cs-5	Label-11	2001
3	central	worker-cs-5	Label-03	2001
3	central	worker-cs-5	Label-03	2001
3	central	worker-cs-5	Label-03	2001
3	central	worker-cs-5	Label-03	2001
3	central	worker-cs-5	Label-03	2000
3	central	worker-cs-5	Label-11	2001
3	central	worker-cs-5	Label-11	2001
3	central	worker-cs-5	Label-11	2001
3	central	worker-cs-5	Label-03	2001
3	central	worker-cs-5	Label-03	2002
3	central	worker-cs-5	Label-11	2001
3	central	worker-cs-5	Label-03	2002
3	central	worker-cs-5	Label-03	2001
3	central	worker-cs-5	Label-03	2001
3	central	worker-cs-5	Label-03	2000
3	central	worker-cs-5	Label-03	2002
3	central	worker-cs-5	Label-11	2000
3	central	worker-cs-5	Label-03	2001
3	central	worker-cs-5	Label-11	2001
3	central	worker-cs-5	Label-03	2001
3	central	worker-cs-5	Label-03	2000
3	central	worker-cs-5	Label-03	2001
3	central	worker-cs-5	Label-11	2001
3	central	worker-cs-5	Label-03	2001
3	central	worker-cs-5	Label-11	2002
3	central	worker-cs-5	Label-11	2000
3	central	worker-cs-5	Label-03	2001
3	central	worker-cs-5	Label-11	2000
3	central	worker-cs-5	Label-11	2001
3	central	worker-cs-5	Label-11	2000
3	central	worker-cs-5	Label-03	1999
3	central	worker-cs-5	Label-03	2001
3	central	worker-cs-5	Label-03	2001
3	central	worker-cs-5	Label-03	2001
3	central	worker-cs-5	Label-03	2004
3	central	worker-cs-5	Label-03	2001
3	central	worker-cs-5	Label-03	2001
3	central	worker-cs-5	Label-03	2000
3	central	worker-cs-5	Label-03	2001
3	central	worker-cs-5	Label-11	2001
3	central	worker-cs-5	Label-03	2001
3	central	worker-cs-5	Label-11	2001
3	central	worker-cs-5	Label-03	2002
3	central	worker-cs-5	Label-03	2001
3	central	worker-cs-5	Label-03	2001
3	central	worker-cs-5	Label-03	2001
3	central	worker-cs-5	Label-03	2001
3	central	worker-cs-5	Label-03	2001
3	central	worker-cs-5	Label-03	2001
3	central	worker-cs-5	Label-03	2001
3	central	worker-cs-5	Label-03	2001
3	central	worker-cs-5	Label-03	2001
3	central	worker-cs-5	Label-11	2000
3	central	worker-cs-5	Label-11	2001
3	central	worker-cs-5	Label-03	2000
3	central	worker-cs-5	Label-03	2001
3	central	worker-cs-5	Label-03	2001
3	central	worker-cs-5	Label-11	2001
3	central	worker-cs-5	Label-11	2000
3	central	worker-cs-5	Label-11	2001
3	central	worker-cs-5	Label-11	2002
3	central	worker-cs-5	Label-11	2001
3	central	worker-cs-5	Label-03	2000
3	central	worker-cs-5	Label-03	2003
3	central	worker-cs-5	Label-11	2002
3	central	worker-cs-5	Label-11	2001
3	central	worker-cs-5	Label-03	2001
3	central	worker-cs-5	Label-03	2001
3	central	worker-cs-5	Label-03	2003
3	central	worker-cs-5	Label-11	2000
3	central	worker-cs-5	Label-03	2001
3	central	worker-cs-5	Label-11	2001
3	central	worker-cs-5	Label-03	2001
3	central	worker-cs-5	Label-11	2001
3	central	worker-cs-5	Label-11	2000
3	central	worker-cs-5	Label-03	2001
3	central	worker-cs-5	Label-03	2002
3	central	worker-cs-5	Label-03	2001
3	central	worker-cs-5	Label-11	2001
3	central	worker-cs-5	Label-03	2001
3	central	worker-cs-5	Label-03	2001
3	central	worker-cs-5	Label-03	2001
3	central	worker-cs-5	Label-11	2002
3	central	worker-cs-5	Label-03	2001
3	central	worker-cs-5	Label-03	2000
3	central	worker-cs-5	Label-03	2002
3	central	worker-cs-5	Label-03	2001
3	central	worker-cs-5	Label-03	2003
3	central	worker-cs-5	Label-03	2001
3	central	worker-cs-5	Label-11	2001
3	central	worker-cs-5	Label-03	2001
3	central	worker-cs-5	Label-03	2001
3	central	worker-cs-5	Label-03	2000
3	central	worker-cs-5	Label-03	2002
3	central	worker-cs-5	Label-11	2000
3	central	worker-cs-5	Label-11	2001
3	central	worker-cs-5	Label-11	2001
3	central	worker-cs-5	Label-03	2001
3	central	worker-cs-5	Label-11	2001
3	central	worker-cs-5	Label-03	2001
3	central	worker-cs-5	Label-03	2002
3	central	worker-cs-5	Label-03	2001
3	central	worker-cs-5	Label-03	2001
3	central	worker-cs-5	Label-11	2002
3	central	worker-cs-5	Label-03	2001
3	central	worker-cs-5	Label-11	2001
3	central	worker-cs-5	Label-03	2001
3	central	worker-cs-5	Label-11	2001
3	central	worker-cs-5	Label-03	2002
3	central	worker-cs-5	Label-03	2000
3	central	worker-cs-5	Label-11	2001
3	central	worker-cs-5	Label-03	2002
3	central	worker-cs-5	Label-03	2001
3	central	worker-cs-5	Label-03	2002
3	central	worker-cs-5	Label-11	2001
3	central	worker-cs-5	Label-11	2000
3	central	worker-cs-5	Label-11	2000
3	central	worker-cs-5	Label-11	2002
3	central	worker-cs-5	Label-03	2002
3	central	worker-cs-5	Label-03	2001
3	central	worker-cs-5	Label-03	2000
3	central	worker-cs-5	Label-03	2001
3	central	worker-cs-5	Label-03	2001
3	central	worker-cs-5	Label-11	2002
3	central	worker-cs-5	Label-03	2001
3	central	worker-cs-5	Label-03	2001
3	central	worker-cs-5	Label-11	2000
3	central	worker-cs-5	Label-11	2001
3	central	worker-cs-5	Label-03	2000
3	central	worker-cs-5	Label-03	2000
3	central	worker-cs-5	Label-03	2001
3	central	worker-cs-5	Label-11	2001
3	central	worker-cs-5	Label-11	2003
3	central	worker-cs-5	Label-03	2002
3	central	worker-cs-5	Label-11	2001
3	central	worker-cs-5	Label-11	2001
3	central	worker-cs-5	Label-11	2000
3	central	worker-cs-5	Label-03	2002
3	central	worker-cs-5	Label-03	2001
3	central	worker-cs-5	Label-11	2001
3	central	worker-cs-5	Label-11	2001
3	central	worker-cs-5	Label-11	2001
3	central	worker-cs-5	Label-03	2001
3	central	worker-cs-5	Label-03	2003
3	central	worker-cs-5	Label-11	2002
3	central	worker-cs-5	Label-11	2000
3	central	worker-cs-5	Label-03	2001
3	central	worker-cs-5	Label-03	2001
3	central	worker-cs-5	Label-03	2001
3	central	worker-cs-5	Label-03	2001
3	central	worker-cs-5	Label-03	2001
3	central	worker-cs-5	Label-03	2001
3	central	worker-cs-5	Label-03	2001
3	central	worker-cs-5	Label-03	2001
3	central	worker-cs-5	Label-03	2000
3	central	worker-cs-5	Label-03	2002
3	central	worker-cs-5	Label-03	2001
3	central	worker-cs-5	Label-03	2005
3	central	worker-cs-5	Label-11	2001
3	central	worker-cs-5	Label-03	2000
3	central	worker-cs-5	Label-03	2001
3	central	worker-cs-5	Label-03	2001
3	central	worker-cs-5	Label-03	2000
3	central	worker-cs-5	Label-03	2001
3	central	worker-cs-5	Label-03	2000
3	central	worker-cs-5	Label-03	2003
3	central	worker-cs-5	Label-03	2002
3	central	worker-cs-5	Label-11	2001
3	central	worker-cs-5	Label-03	2000
3	central	worker-cs-5	Label-03	2001
3	central	worker-cs-5	Label-03	2000
3	central	worker-cs-5	Label-11	2001
3	central	worker-cs-5	Label-03	2001
3	central	worker-cs-6	Label-05	2003
3	central	worker-cs-6	Label-05	2001
3	central	worker-cs-6	Label-05	2002
3	central	worker-cs-6	Label-05	2003
3	central	worker-cs-6	Label-05	2001
3	central	worker-cs-6	Label-05	2002
3	central	worker-cs-6	Label-05	2001
3	central	worker-cs-6	Label-05	2002
3	central	worker-cs-6	Label-11	2001
3	central	worker-cs-6	Label-05	2002
3	central	worker-cs-6	Label-11	2002
3	central	worker-cs-6	Label-11	2002
3	central	worker-cs-6	Label-05	2002
3	central	worker-cs-6	Label-05	2002
3	central	worker-cs-6	Label-05	2003
3	central	worker-cs-6	Label-11	2003
3	central	worker-cs-6	Label-05	2004
3	central	worker-cs-6	Label-05	2002
3	central	worker-cs-6	Label-05	2002
3	central	worker-cs-6	Label-11	2002
3	central	worker-cs-6	Label-05	2002
3	central	worker-cs-6	Label-05	2002
3	central	worker-cs-6	Label-05	2002
3	central	worker-cs-6	Label-05	2002
3	central	worker-cs-6	Label-11	2001
3	central	worker-cs-6	Label-11	2002
3	central	worker-cs-6	Label-11	2001
3	central	worker-cs-6	Label-05	2002
3	central	worker-cs-6	Label-11	2002
3	central	worker-cs-6	Label-05	2000
3	central	worker-cs-6	Label-05	2002
3	central	worker-cs-6	Label-11	2002
3	central	worker-cs-6	Label-11	2001
3	central	worker-cs-6	Label-05	2002
3	central	worker-cs-6	Label-05	2002
3	central	worker-cs-6	Label-11	2001
3	central	worker-cs-6	Label-05	2002
3	central	worker-cs-6	Label-05	2001
3	central	worker-cs-6	Label-05	2002
3	central	worker-cs-6	Label-05	2002
3	central	worker-cs-6	Label-05	2002
3	central	worker-cs-6	Label-05	2003
3	central	worker-cs-6	Label-05	2002
3	central	worker-cs-6	Label-05	2001
3	central	worker-cs-6	Label-05	2002
3	central	worker-cs-6	Label-11	2003
3	central	worker-cs-6	Label-11	2002
3	central	worker-cs-6	Label-11	2001
3	central	worker-cs-6	Label-05	2002
3	central	worker-cs-6	Label-05	2002
3	central	worker-cs-6	Label-05	2002
3	central	worker-cs-6	Label-05	2001
3	central	worker-cs-6	Label-05	2002
3	central	worker-cs-6	Label-05	2002
3	central	worker-cs-6	Label-05	2002
3	central	worker-cs-6	Label-05	2002
3	central	worker-cs-6	Label-11	2002
3	central	worker-cs-6	Label-05	2002
3	central	worker-cs-6	Label-05	2002
3	central	worker-cs-6	Label-05	2002
3	central	worker-cs-6	Label-05	2001
3	central	worker-cs-6	Label-05	2001
3	central	worker-cs-6	Label-05	2001
3	central	worker-cs-6	Label-05	2002
3	central	worker-cs-6	Label-11	2001
3	central	worker-cs-6	Label-05	2001
3	central	worker-cs-6	Label-05	2003
3	central	worker-cs-6	Label-05	2001
3	central	worker-cs-6	Label-11	2001
3	central	worker-cs-6	Label-05	2001
3	central	worker-cs-6	Label-11	2003
3	central	worker-cs-6	Label-05	2001
3	central	worker-cs-6	Label-11	2001
3	central	worker-cs-6	Label-05	2002
3	central	worker-cs-6	Label-05	2002
3	central	worker-cs-6	Label-05	2001
3	central	worker-cs-6	Label-05	2003
3	central	worker-cs-6	Label-05	2003
3	central	worker-cs-6	Label-11	2002
3	central	worker-cs-6	Label-11	2002
3	central	worker-cs-6	Label-11	2001
3	central	worker-cs-6	Label-05	2002
3	central	worker-cs-6	Label-05	2001
3	central	worker-cs-6	Label-05	2001
3	central	worker-cs-6	Label-05	2002
3	central	worker-cs-6	Label-05	2001
3	central	worker-cs-6	Label-11	2002
3	central	worker-cs-6	Label-05	2001
3	central	worker-cs-6	Label-11	2001
3	central	worker-cs-6	Label-11	2001
3	central	worker-cs-6	Label-05	2001
3	central	worker-cs-6	Label-05	2002
3	central	worker-cs-6	Label-11	2002
3	central	worker-cs-6	Label-05	2001
3	central	worker-cs-6	Label-11	2002
3	central	worker-cs-6	Label-05	2003
3	central	worker-cs-6	Label-05	2002
3	central	worker-cs-6	Label-11	2001
3	central	worker-cs-6	Label-05	2000
3	central	worker-cs-6	Label-05	2001
3	central	worker-cs-6	Label-05	2002
3	central	worker-cs-6	Label-05	2001
3	central	worker-cs-6	Label-11	2001
3	central	worker-cs-6	Label-05	2002
3	central	worker-cs-6	Label-05	2002
3	central	worker-cs-6	Label-05	2002
3	central	worker-cs-6	Label-05	2004
3	central	worker-cs-6	Label-05	2002
3	central	worker-cs-6	Label-05	2002
3	central	worker-cs-6	Label-05	2002
3	central	worker-cs-6	Label-11	2002
3	central	worker-cs-6	Label-05	2002
3	central	worker-cs-6	Label-05	2001
3	central	worker-cs-6	Label-05	2002
3	central	worker-cs-6	Label-05	2002
3	central	worker-cs-6	Label-11	2002
3	central	worker-cs-6	Label-05	2002
3	central	worker-cs-6	Label-11	2002
3	central	worker-cs-6	Label-05	2003
3	central	worker-cs-6	Label-11	2002
3	central	worker-cs-6	Label-11	2002
3	central	worker-cs-6	Label-11	2002
3	central	worker-cs-6	Label-11	2002
3	central	worker-cs-6	Label-11	2002
3	central	worker-cs-6	Label-11	2001
3	central	worker-cs-6	Label-05	2001
3	central	worker-cs-6	Label-05	2002
3	central	worker-cs-6	Label-05	2001
3	central	worker-cs-6	Label-05	2002
3	central	worker-cs-6	Label-05	2002
3	central	worker-cs-6	Label-11	2001
3	central	worker-cs-6	Label-05	2001
3	central	worker-cs-6	Label-05	2001
3	central	worker-cs-6	Label-11	2001
3	central	worker-cs-6	Label-05	2002
3	central	worker-cs-6	Label-11	2003
3	central	worker-cs-6	Label-11	2003
3	central	worker-cs-6	Label-05	2003
3	central	worker-cs-6	Label-11	2001
3	central	worker-cs-6	Label-05	2002
3	central	worker-cs-6	Label-05	2001
3	central	worker-cs-6	Label-11	2002
3	central	worker-cs-6	Label-11	2001
3	central	worker-cs-6	Label-05	2002
3	central	worker-cs-6	Label-05	2003
3	central	worker-cs-6	Label-05	2002
3	central	worker-cs-6	Label-11	2001
3	central	worker-cs-6	Label-05	2002
3	central	worker-cs-6	Label-11	2002
3	central	worker-cs-6	Label-05	2003
3	central	worker-cs-6	Label-05	2002
3	central	worker-cs-6	Label-05	2002
3	central	worker-cs-6	Label-11	2002
3	central	worker-cs-6	Label-05	2001
3	central	worker-cs-6	Label-05	2002
3	central	worker-cs-6	Label-05	2002
3	central	worker-cs-6	Label-05	2002
3	central	worker-cs-6	Label-05	2002
3	central	worker-cs-6	Label-05	2003
3	central	worker-cs-6	Label-11	2002
3	central	worker-cs-6	Label-11	2002
3	central	worker-cs-6	Label-05	2002
3	central	worker-cs-6	Label-11	2002
3	central	worker-cs-6	Label-05	2002
3	central	worker-cs-6	Label-11	2002
3	central	worker-cs-6	Label-05	2001
3	central	worker-cs-6	Label-05	2006
3	central	worker-cs-6	Label-05	2002
3	central	worker-cs-6	Label-05	2001
3	central	worker-cs-6	Label-05	2004
3	central	worker-cs-6	Label-05	2002
3	central	worker-cs-6	Label-05	2002
3	central	worker-cs-6	Label-05	2004
3	central	worker-cs-6	Label-11	2002
3	central	worker-cs-6	Label-11	2001
3	central	worker-cs-6	Label-11	2002
3	central	worker-cs-6	Label-11	2002
3	central	worker-cs-6	Label-11	2002
3	central	worker-cs-6	Label-11	2001
3	central	worker-cs-6	Label-05	2002
3	central	worker-cs-6	Label-05	2001
3	central	worker-cs-6	Label-05	2002
3	central	worker-cs-6	Label-05	2003
3	central	worker-cs-6	Label-11	2002
3	central	worker-cs-6	Label-11	2001
3	central	worker-cs-6	Label-05	2002
3	central	worker-cs-6	Label-05	2002
3	central	worker-cs-6	Label-05	2001
3	central	worker-cs-6	Label-11	2002
3	central	worker-cs-6	Label-05	2005
3	central	worker-cs-6	Label-05	2002
3	central	worker-cs-6	Label-11	2004
3	central	worker-cs-6	Label-11	2003
3	central	worker-cs-6	Label-05	2002
3	central	worker-cs-6	Label-05	2002
3	central	worker-cs-6	Label-11	2002
3	central	worker-cs-6	Label-05	2001
3	central	worker-cs-6	Label-05	2001
3	central	worker-cs-6	Label-05	2002
3	central	worker-cs-6	Label-05	2001
3	central	worker-cs-6	Label-05	2001
3	central	worker-cs-6	Label-11	2003
3	central	worker-cs-6	Label-11	2006
3	central	worker-cs-6	Label-05	2002
3	central	worker-cs-6	Label-11	2001
3	central	worker-cs-6	Label-05	2002
3	central	worker-cs-6	Label-11	2003
3	central	worker-cs-6	Label-05	2002
3	central	worker-cs-6	Label-05	2001
3	central	worker-cs-6	Label-05	2002
3	central	worker-cs-6	Label-05	2001
3	central	worker-cs-6	Label-05	2001
3	central	worker-cs-6	Label-05	2002
3	central	worker-cs-6	Label-11	2002
3	central	worker-cs-6	Label-05	2003
3	central	worker-cs-6	Label-05	2001
3	central	worker-cs-6	Label-11	2003
3	central	worker-cs-6	Label-05	2001
3	central	worker-cs-6	Label-05	2002
3	central	worker-cs-6	Label-05	2002
3	central	worker-cs-6	Label-11	2002
3	central	worker-cs-6	Label-05	2002
3	central	worker-cs-6	Label-11	2002
3	central	worker-cs-6	Label-05	2001
3	central	worker-cs-6	Label-11	2002
3	central	worker-cs-6	Label-05	2001
3	central	worker-cs-6	Label-05	2002
3	central	worker-cs-6	Label-05	2002
3	central	worker-cs-6	Label-11	2001
3	central	worker-cs-6	Label-05	2002
3	central	worker-cs-6	Label-05	2001
3	central	worker-cs-6	Label-11	2002
3	central	worker-cs-6	Label-11	2001
3	central	worker-cs-6	Label-05	2002
3	central	worker-cs-6	Label-11	2002
3	central	worker-cs-6	Label-05	2002
3	central	worker-cs-6	Label-11	2002
3	central	worker-cs-6	Label-11	2008
3	central	worker-cs-6	Label-11	2002
3	central	worker-cs-6	Label-05	2002
3	central	worker-cs-6	Label-11	2003
3	central	worker-cs-6	Label-05	2002
3	central	worker-cs-6	Label-05	2001
3	central	worker-cs-6	Label-11	2003
3	central	worker-cs-6	Label-11	2002
3	central	worker-cs-6	Label-11	2002
3	central	worker-cs-6	Label-05	2003
3	central	worker-cs-6	Label-05	2002
3	central	worker-cs-6	Label-05	2002
3	central	worker-cs-6	Label-05	2001
3	central	worker-cs-6	Label-05	2003
3	central	worker-cs-6	Label-11	2003
3	central	worker-cs-6	Label-05	2002
3	central	worker-cs-6	Label-11	2002
3	central	worker-cs-6	Label-11	2003
3	central	worker-cs-6	Label-05	2002
3	central	worker-cs-6	Label-11	2001
3	central	worker-cs-6	Label-05	2002
3	central	worker-cs-6	Label-05	2002
3	central	worker-cs-6	Label-05	2002
3	central	worker-cs-6	Label-05	2002
3	central	worker-cs-6	Label-11	2002
3	central	worker-cs-6	Label-05	2002
3	central	worker-cs-6	Label-11	2001
3	central	worker-cs-6	Label-05	2002
3	central	worker-cs-6	Label-05	2001
3	central	worker-cs-6	Label-05	2001
3	central	worker-cs-6	Label-11	2003
3	central	worker-cs-6	Label-11	2002
3	central	worker-cs-6	Label-05	2002
3	central	worker-cs-6	Label-05	2002
3	central	worker-cs-6	Label-11	2002
3	central	worker-cs-6	Label-11	2003
3	central	worker-cs-6	Label-05	2002
3	central	worker-cs-6	Label-05	2001
3	central	worker-cs-6	Label-05	2003
3	central	worker-cs-6	Label-11	2002
3	central	worker-cs-6	Label-11	2001
3	central	worker-cs-6	Label-05	2002
3	central	worker-cs-6	Label-05	2002
3	central	worker-cs-6	Label-05	2002
3	central	worker-cs-6	Label-05	2002
3	central	worker-cs-6	Label-05	2002
3	central	worker-cs-6	Label-05	2001
3	central	worker-cs-6	Label-05	2001
3	central	worker-cs-6	Label-11	2001
3	central	worker-cs-6	Label-05	2003
3	central	worker-cs-6	Label-05	2001
3	central	worker-cs-6	Label-05	2002
3	central	worker-cs-6	Label-05	2002
3	central	worker-cs-6	Label-05	2003
3	central	worker-cs-6	Label-05	2001
3	central	worker-cs-6	Label-11	2002
3	central	worker-cs-6	Label-05	2002
3	central	worker-cs-6	Label-05	2002
3	central	worker-cs-6	Label-11	2001
3	central	worker-cs-6	Label-05	2002
3	central	worker-cs-6	Label-05	2002
3	central	worker-cs-6	Label-11	2001
3	central	worker-cs-6	Label-11	2001
3	central	worker-cs-6	Label-05	2001
3	central	worker-cs-6	Label-11	2002
3	central	worker-cs-6	Label-11	2002
3	central	worker-cs-6	Label-11	2002
3	central	worker-cs-6	Label-05	2001
3	central	worker-cs-6	Label-05	2001
3	central	worker-cs-6	Label-05	2001
3	central	worker-cs-6	Label-05	2002
3	central	worker-cs-6	Label-11	2002
3	central	worker-cs-6	Label-11	2002
3	central	worker-cs-6	Label-11	2004
3	central	worker-cs-6	Label-11	2003
3	central	worker-cs-6	Label-05	2002
3	central	worker-cs-6	Label-11	2002
3	central	worker-cs-6	Label-11	2002
3	central	worker-cs-6	Label-05	2001
3	central	worker-cs-6	Label-05	2002
3	central	worker-cs-6	Label-05	2001
3	central	worker-cs-6	Label-11	2003
3	central	worker-cs-6	Label-05	2001
3	central	worker-cs-6	Label-05	2002
3	central	worker-cs-6	Label-05	2001
3	central	worker-cs-6	Label-05	2002
3	central	worker-cs-6	Label-11	2002
3	central	worker-cs-6	Label-05	2001
3	central	worker-cs-6	Label-05	2002
3	central	worker-cs-6	Label-11	2001
3	central	worker-cs-6	Label-05	2001
3	central	worker-cs-6	Label-11	2001
3	central	worker-cs-6	Label-05	2002
3	central	worker-cs-6	Label-05	2002
3	central	worker-cs-6	Label-11	2002
3	central	worker-cs-6	Label-05	2002
3	central	worker-cs-6	Label-05	2002
3	central	worker-cs-6	Label-05	2001
3	central	worker-cs-6	Label-05	2002
3	central	worker-cs-6	Label-11	2002
3	central	worker-cs-6	Label-05	2001
3	central	worker-cs-6	Label-11	2001
3	central	worker-cs-6	Label-11	2002
3	central	worker-cs-6	Label-05	2002
3	central	worker-cs-6	Label-05	2002
3	central	worker-cs-7	Label-15	2002
3	central	worker-cs-7	Label-15	2001
3	central	worker-cs-7	Label-15	2002
3	central	worker-cs-7	Label-15	2001
3	central	worker-cs-7	Label-15	2001
3	central	worker-cs-7	Label-15	2003
3	central	worker-cs-7	Label-15	2002
3	central	worker-cs-7	Label-15	2002
3	central	worker-cs-7	Label-15	2002
3	central	worker-cs-7	Label-15	2002
3	central	worker-cs-7	Label-15	2002
3	central	worker-cs-7	Label-15	2002
3	central	worker-cs-7	Label-15	2003
3	central	worker-cs-7	Label-15	2006
3	central	worker-cs-7	Label-15	2001
3	central	worker-cs-7	Label-15	2001
3	central	worker-cs-7	Label-15	2002
3	central	worker-cs-7	Label-15	2002
3	central	worker-cs-7	Label-15	2001
3	central	worker-cs-7	Label-15	2003
3	central	worker-cs-7	Label-15	2001
3	central	worker-cs-7	Label-15	2004
3	central	worker-cs-7	Label-15	2001
3	central	worker-cs-7	Label-15	2002
3	central	worker-cs-7	Label-15	2001
3	central	worker-cs-7	Label-15	2002
3	central	worker-cs-7	Label-15	2001
3	central	worker-cs-7	Label-15	2001
3	central	worker-cs-7	Label-15	2001
3	central	worker-cs-7	Label-15	2002
3	central	worker-cs-7	Label-15	2002
3	central	worker-cs-7	Label-15	2002
3	central	worker-cs-7	Label-15	2002
3	central	worker-cs-7	Label-15	2002
3	central	worker-cs-7	Label-15	2002
3	central	worker-cs-7	Label-15	2002
3	central	worker-cs-7	Label-15	2001
3	central	worker-cs-7	Label-15	2001
3	central	worker-cs-7	Label-15	2001
3	central	worker-cs-7	Label-15	2002
3	central	worker-cs-7	Label-15	2002
3	central	worker-cs-7	Label-15	2001
3	central	worker-cs-7	Label-15	2001
3	central	worker-cs-7	Label-15	2001
3	central	worker-cs-7	Label-15	2002
3	central	worker-cs-7	Label-15	2002
3	central	worker-cs-7	Label-15	2002
3	central	worker-cs-7	Label-15	2001
3	central	worker-cs-7	Label-15	2002
3	central	worker-cs-7	Label-15	2002
3	central	worker-cs-7	Label-15	2001
3	central	worker-cs-7	Label-15	2003
3	central	worker-cs-7	Label-15	2002
3	central	worker-cs-7	Label-15	2001
3	central	worker-cs-7	Label-15	2002
3	central	worker-cs-7	Label-15	2003
3	central	worker-cs-7	Label-15	2002
3	central	worker-cs-7	Label-15	2003
3	central	worker-cs-7	Label-15	2003
3	central	worker-cs-7	Label-15	2002
3	central	worker-cs-7	Label-15	2002
3	central	worker-cs-7	Label-15	2001
3	central	worker-cs-7	Label-15	2001
3	central	worker-cs-7	Label-15	2002
3	central	worker-cs-7	Label-15	2001
3	central	worker-cs-7	Label-15	2002
3	central	worker-cs-7	Label-15	2001
3	central	worker-cs-7	Label-15	2001
3	central	worker-cs-7	Label-15	2001
3	central	worker-cs-7	Label-15	2001
3	central	worker-cs-7	Label-15	2002
3	central	worker-cs-7	Label-15	2001
3	central	worker-cs-7	Label-15	2001
3	central	worker-cs-7	Label-15	2005
3	central	worker-cs-7	Label-15	2002
3	central	worker-cs-7	Label-15	2001
3	central	worker-cs-7	Label-15	2001
3	central	worker-cs-7	Label-15	2001
3	central	worker-cs-7	Label-15	2002
3	central	worker-cs-7	Label-15	2002
3	central	worker-cs-7	Label-15	2002
3	central	worker-cs-7	Label-15	2001
3	central	worker-cs-7	Label-15	2002
3	central	worker-cs-7	Label-15	2002
3	central	worker-cs-7	Label-15	2001
3	central	worker-cs-7	Label-15	2002
3	central	worker-cs-7	Label-15	2001
3	central	worker-cs-7	Label-15	2001
3	central	worker-cs-7	Label-15	2000
3	central	worker-cs-7	Label-15	2001
3	central	worker-cs-7	Label-15	2003
3	central	worker-cs-7	Label-15	2002
3	central	worker-cs-8	Label-14	2002
3	central	worker-cs-8	Label-14	2002
3	central	worker-cs-8	Label-14	2002
3	central	worker-cs-8	Label-14	2002
3	central	worker-cs-8	Label-14	2002
3	central	worker-cs-8	Label-14	2002
3	central	worker-cs-8	Label-14	2001
3	central	worker-cs-8	Label-14	2002
3	central	worker-cs-8	Label-14	2002
3	central	worker-cs-8	Label-14	2001
3	central	worker-cs-8	Label-14	2002
3	central	worker-cs-8	Label-14	2002
3	central	worker-cs-8	Label-14	2003
3	central	worker-cs-8	Label-14	2001
3	central	worker-cs-8	Label-14	2002
3	central	worker-cs-8	Label-14	2002
3	central	worker-cs-8	Label-14	2002
3	central	worker-cs-8	Label-14	2004
3	central	worker-cs-8	Label-14	2003
3	central	worker-cs-8	Label-14	2002
3	central	worker-cs-8	Label-14	2001
3	central	worker-cs-8	Label-14	2002
3	central	worker-cs-8	Label-14	2002
3	central	worker-cs-8	Label-14	2002
3	central	worker-cs-8	Label-14	2002
3	central	worker-cs-8	Label-14	2002
3	central	worker-cs-8	Label-14	2002
3	central	worker-cs-8	Label-14	2001
3	central	worker-cs-8	Label-14	2004
3	central	worker-cs-8	Label-14	2002
3	central	worker-cs-8	Label-14	2002
3	central	worker-cs-8	Label-14	2003
3	central	worker-cs-8	Label-14	2001
3	central	worker-cs-8	Label-14	2002
3	central	worker-cs-8	Label-14	2010
3	central	worker-cs-8	Label-14	2002
3	central	worker-cs-8	Label-14	2002
3	central	worker-cs-8	Label-14	2001
3	central	worker-cs-8	Label-14	2001
3	central	worker-cs-8	Label-14	2002
3	central	worker-cs-8	Label-14	2001
3	central	worker-cs-8	Label-14	2002
3	central	worker-cs-8	Label-14	2003
3	central	worker-cs-8	Label-14	2003
3	central	worker-cs-8	Label-14	2002
3	central	worker-cs-8	Label-14	2002
3	central	worker-cs-8	Label-14	2002
3	central	worker-cs-8	Label-14	2003
3	central	worker-cs-8	Label-14	2002
3	central	worker-cs-8	Label-14	2002
3	central	worker-cs-8	Label-14	2002
3	central	worker-cs-8	Label-14	2002
3	central	worker-cs-8	Label-14	2007
3	central	worker-cs-8	Label-14	2002
3	central	worker-cs-8	Label-14	2002
3	central	worker-cs-8	Label-14	2002
3	central	worker-cs-8	Label-14	2002
3	central	worker-cs-8	Label-14	2002
3	central	worker-cs-8	Label-14	2002
3	central	worker-cs-8	Label-14	2002
3	central	worker-cs-8	Label-14	2002
3	central	worker-cs-8	Label-14	2008
3	central	worker-cs-8	Label-14	2002
3	central	worker-cs-8	Label-14	2011
3	central	worker-cs-8	Label-14	2002
3	central	worker-cs-8	Label-14	2002
3	central	worker-cs-8	Label-14	2002
3	central	worker-cs-8	Label-14	2003
3	central	worker-cs-8	Label-14	2002
3	central	worker-cs-8	Label-14	2002
3	central	worker-cs-8	Label-14	2002
3	central	worker-cs-8	Label-14	2003
3	central	worker-cs-8	Label-14	2003
3	central	worker-cs-8	Label-14	2004
3	central	worker-cs-8	Label-14	2001
3	central	worker-cs-8	Label-14	2003
3	central	worker-cs-8	Label-14	2002
3	central	worker-cs-8	Label-14	2001
3	central	worker-cs-8	Label-14	2002
3	central	worker-cs-8	Label-14	2002
3	central	worker-cs-8	Label-14	2004
3	central	worker-cs-8	Label-14	2003
3	central	worker-cs-8	Label-14	2002
3	central	worker-cs-8	Label-14	2003
3	central	worker-cs-8	Label-14	2002
3	central	worker-cs-8	Label-14	2002
3	central	worker-cs-8	Label-14	2002
3	central	worker-cs-8	Label-14	2002
3	central	worker-cs-8	Label-14	2002
3	central	worker-cs-8	Label-14	2003
3	central	worker-cs-8	Label-14	2002
3	central	worker-cs-9	Label-09	2003
3	central	worker-cs-9	Label-09	2001
3	central	worker-cs-9	Label-13	2002
3	central	worker-cs-9	Label-09	2001
3	central	worker-cs-9	Label-13	2002
3	central	worker-cs-9	Label-13	2001
3	central	worker-cs-9	Label-09	2001
3	central	worker-cs-9	Label-09	2001
3	central	worker-cs-9	Label-09	2002
3	central	worker-cs-9	Label-13	2002
3	central	worker-cs-9	Label-13	2001
3	central	worker-cs-9	Label-13	2002
3	central	worker-cs-9	Label-13	2001
3	central	worker-cs-9	Label-13	2002
3	central	worker-cs-9	Label-09	2002
3	central	worker-cs-9	Label-09	2001
3	central	worker-cs-9	Label-09	2002
3	central	worker-cs-9	Label-09	2001
3	central	worker-cs-9	Label-13	2002
3	central	worker-cs-9	Label-09	2000
3	central	worker-cs-9	Label-09	2002
3	central	worker-cs-9	Label-09	2002
3	central	worker-cs-9	Label-09	2002
3	central	worker-cs-9	Label-09	2001
3	central	worker-cs-9	Label-09	2001
3	central	worker-cs-9	Label-09	2001
3	central	worker-cs-9	Label-13	2001
3	central	worker-cs-9	Label-13	2001
3	central	worker-cs-9	Label-09	2001
3	central	worker-cs-9	Label-13	2001
3	central	worker-cs-9	Label-09	2001
3	central	worker-cs-9	Label-09	2001
3	central	worker-cs-9	Label-13	2002
3	central	worker-cs-9	Label-13	2001
3	central	worker-cs-9	Label-09	2001
3	central	worker-cs-9	Label-09	2004
3	central	worker-cs-9	Label-13	2002
3	central	worker-cs-9	Label-13	2002
3	central	worker-cs-9	Label-13	2001
3	central	worker-cs-9	Label-09	2002
3	central	worker-cs-9	Label-09	2001
3	central	worker-cs-9	Label-13	2002
3	central	worker-cs-9	Label-09	2001
3	central	worker-cs-9	Label-09	2002
3	central	worker-cs-9	Label-09	2002
3	central	worker-cs-9	Label-09	2001
3	central	worker-cs-9	Label-09	2001
3	central	worker-cs-9	Label-09	2002
3	central	worker-cs-9	Label-09	2002
3	central	worker-cs-9	Label-09	2002
3	central	worker-cs-9	Label-13	2001
3	central	worker-cs-9	Label-13	2002
3	central	worker-cs-9	Label-13	2002
3	central	worker-cs-9	Label-13	2002
3	central	worker-cs-9	Label-09	2001
3	central	worker-cs-9	Label-13	2002
3	central	worker-cs-9	Label-09	2002
3	central	worker-cs-9	Label-09	2001
3	central	worker-cs-9	Label-09	2001
3	central	worker-cs-9	Label-09	2002
3	central	worker-cs-9	Label-09	2001
3	central	worker-cs-9	Label-09	2002
3	central	worker-cs-9	Label-09	2002
3	central	worker-cs-9	Label-13	2001
3	central	worker-cs-9	Label-09	2002
3	central	worker-cs-9	Label-13	2002
3	central	worker-cs-9	Label-09	2002
3	central	worker-cs-9	Label-09	2001
3	central	worker-cs-9	Label-09	2001
3	central	worker-cs-9	Label-09	2001
3	central	worker-cs-9	Label-13	2005
3	central	worker-cs-9	Label-13	2002
3	central	worker-cs-9	Label-13	2005
3	central	worker-cs-9	Label-13	2001
3	central	worker-cs-9	Label-13	2002
3	central	worker-cs-9	Label-09	2001
3	central	worker-cs-9	Label-13	2002
3	central	worker-cs-9	Label-13	2001
3	central	worker-cs-9	Label-09	2001
3	central	worker-cs-9	Label-13	2002
3	central	worker-cs-9	Label-09	2002
3	central	worker-cs-9	Label-09	2001
3	central	worker-cs-9	Label-13	2002
3	central	worker-cs-9	Label-09	2001
3	central	worker-cs-9	Label-09	2001
3	central	worker-cs-9	Label-09	2002
3	central	worker-cs-9	Label-09	2001
3	central	worker-cs-9	Label-09	2002
3	central	worker-cs-9	Label-13	2003
3	central	worker-cs-9	Label-09	2001
3	central	worker-cs-9	Label-09	2002
3	central	worker-cs-9	Label-13	2002
3	central	worker-cs-9	Label-09	2002
3	central	worker-cs-9	Label-13	2000
3	central	worker-cs-9	Label-09	2002
3	central	worker-cs-9	Label-13	2001
3	central	worker-cs-9	Label-13	2002
3	central	worker-cs-9	Label-09	2001
3	central	worker-cs-9	Label-09	2001
3	central	worker-cs-9	Label-09	2002
3	central	worker-cs-9	Label-13	2001
3	central	worker-cs-9	Label-09	2003
3	central	worker-cs-9	Label-13	2001
3	central	worker-cs-9	Label-09	2004
3	central	worker-cs-9	Label-13	2001
3	central	worker-cs-9	Label-09	2002
3	central	worker-cs-9	Label-09	2001
3	central	worker-cs-9	Label-13	2001
3	central	worker-cs-9	Label-09	2010
3	central	worker-cs-9	Label-13	2002
3	central	worker-cs-9	Label-09	2002
3	central	worker-cs-9	Label-09	2001
3	central	worker-cs-9	Label-09	2001
3	central	worker-cs-9	Label-09	2003
3	central	worker-cs-9	Label-13	2003
3	central	worker-cs-9	Label-09	2001
3	central	worker-cs-9	Label-09	2002
3	central	worker-cs-9	Label-13	2001
3	central	worker-cs-9	Label-13	2001
3	central	worker-cs-9	Label-09	2001
3	central	worker-cs-9	Label-09	2001
3	central	worker-cs-9	Label-13	2002
3	central	worker-cs-9	Label-09	2001
3	central	worker-cs-9	Label-13	2001
3	central	worker-cs-9	Label-09	2001
3	central	worker-cs-9	Label-09	2001
3	central	worker-cs-9	Label-09	2002
3	central	worker-cs-9	Label-13	2001
3	central	worker-cs-9	Label-13	2001
3	central	worker-cs-9	Label-13	2001
3	central	worker-cs-9	Label-13	2001
3	central	worker-cs-9	Label-13	2001
3	central	worker-cs-9	Label-13	2001
3	central	worker-cs-9	Label-09	2002
3	central	worker-cs-9	Label-13	2002
3	central	worker-cs-9	Label-09	2002
3	central	worker-cs-9	Label-13	2001
3	central	worker-cs-9	Label-09	2001
3	central	worker-cs-9	Label-09	2001
3	central	worker-cs-9	Label-09	2003
3	central	worker-cs-9	Label-09	2002
3	central	worker-cs-9	Label-13	2002
3	central	worker-cs-9	Label-09	2003
3	central	worker-cs-9	Label-09	2001
3	central	worker-cs-9	Label-09	2001
3	central	worker-cs-9	Label-13	2001
3	central	worker-cs-9	Label-09	2001
3	central	worker-cs-9	Label-09	2001
3	central	worker-cs-9	Label-13	2003
3	central	worker-cs-9	Label-13	2001
3	central	worker-cs-9	Label-13	2001
3	central	worker-cs-9	Label-09	2002
3	central	worker-cs-9	Label-09	2001
3	central	worker-cs-9	Label-13	2002
3	central	worker-cs-9	Label-09	2002
3	central	worker-cs-9	Label-09	2002
3	central	worker-cs-9	Label-09	2004
3	central	worker-cs-9	Label-09	2001
3	central	worker-cs-9	Label-13	2001
3	central	worker-cs-9	Label-09	2001
3	central	worker-cs-9	Label-09	2002
3	central	worker-cs-9	Label-13	2001
3	central	worker-cs-9	Label-13	2001
3	central	worker-cs-9	Label-09	2002
3	central	worker-cs-9	Label-09	2002
3	central	worker-cs-9	Label-13	2001
3	central	worker-cs-9	Label-09	2002
3	central	worker-cs-9	Label-13	2001
3	central	worker-cs-9	Label-09	2001
3	central	worker-cs-9	Label-09	2002
3	central	worker-cs-9	Label-09	2001
3	central	worker-cs-9	Label-09	2001
3	central	worker-cs-9	Label-13	2002
3	central	worker-cs-9	Label-13	2002
3	central	worker-cs-9	Label-13	2001
3	central	worker-cs-9	Label-09	2001
3	central	worker-cs-9	Label-13	2002
3	central	worker-cs-9	Label-09	2002
3	central	worker-cs-9	Label-09	2001
3	central	worker-cs-9	Label-13	2002
3	central	worker-cs-9	Label-09	2002
3	central	worker-cs-9	Label-09	2001
3	central	worker-cs-9	Label-09	2002
3	central	worker-cs-9	Label-09	2001
3	central	worker-cs-9	Label-13	2000
3	central	worker-cs-9	Label-13	2002
3	central	worker-cs-9	Label-09	2003
3	central	worker-cs-9	Label-09	2001
3	central	worker-cs-9	Label-09	2002
3	central	worker-cs-9	Label-09	2002
3	central	worker-cs-9	Label-13	2002
3	central	worker-cs-9	Label-09	2002
3	central	worker-cs-9	Label-13	2001
3	central	worker-cs-9	Label-09	2001
3	central	worker-cs-9	Label-13	2001
3	central	worker-cs-9	Label-13	2002
3	central	worker-cs-9	Label-09	2002
3	central	worker-cs-9	Label-09	2001
3	central	worker-cs-9	Label-09	2002
3	central	worker-cs-9	Label-09	2003
3	central	worker-cs-9	Label-09	2002
3	central	worker-cs-9	Label-13	2001
3	central	worker-cs-9	Label-13	2001
3	central	worker-cs-9	Label-13	2002
3	central	worker-cs-9	Label-09	2000
3	central	worker-cs-9	Label-13	2001
3	central	worker-cs-9	Label-09	2002
3	central	worker-cs-9	Label-13	2002
3	central	worker-cs-9	Label-09	2002
3	central	worker-cs-9	Label-09	2001
3	central	worker-cs-9	Label-09	2001
3	central	worker-cs-9	Label-13	2002
3	central	worker-cs-9	Label-09	2001
3	central	worker-cs-9	Label-09	2002
3	central	worker-cs-9	Label-09	2002
3	central	worker-cs-9	Label-13	2001
3	central	worker-cs-9	Label-13	2001
3	central	worker-cs-9	Label-09	2001
3	central	worker-cs-9	Label-09	2003
3	central	worker-cs-9	Label-09	2005
3	central	worker-cs-9	Label-13	2001
3	central	worker-cs-9	Label-09	2002
3	central	worker-cs-9	Label-09	2001
3	central	worker-cs-9	Label-13	2001
3	central	worker-cs-9	Label-09	2001
3	central	worker-cs-9	Label-09	2002
3	central	worker-cs-9	Label-13	2002
3	central	worker-cs-9	Label-09	2001
3	central	worker-cs-9	Label-13	2003
3	central	worker-cs-9	Label-09	2000
3	central	worker-cs-9	Label-09	2001
3	central	worker-cs-9	Label-13	2002
3	central	worker-cs-9	Label-09	2002
3	central	worker-cs-9	Label-09	2002
3	central	worker-cs-9	Label-13	2002
3	central	worker-cs-9	Label-09	2002
3	central	worker-cs-9	Label-09	2002
3	central	worker-cs-9	Label-09	2001
3	central	worker-cs-9	Label-13	2002
3	central	worker-cs-9	Label-13	2002
3	central	worker-cs-9	Label-09	2002
3	central	worker-cs-9	Label-09	2002
3	central	worker-cs-9	Label-13	2001
3	central	worker-cs-9	Label-09	2002
3	central	worker-cs-9	Label-09	2002
3	central	worker-cs-9	Label-13	2003
3	central	worker-cs-9	Label-09	2002
3	central	worker-cs-9	Label-09	2002
3	central	worker-cs-9	Label-09	2001
3	central	worker-cs-9	Label-13	2001
3	central	worker-cs-9	Label-09	2001
3	central	worker-cs-9	Label-13	2002
3	central	worker-cs-9	Label-13	2001
3	central	worker-cs-9	Label-09	2002
3	central	worker-cs-9	Label-09	2000
3	central	worker-cs-9	Label-09	2002
3	central	worker-cs-9	Label-13	2002
3	central	worker-cs-9	Label-09	2001
3	central	worker-cs-9	Label-09	2001
3	central	worker-cs-9	Label-09	2001
3	central	worker-cs-9	Label-09	2002
3	central	worker-cs-9	Label-09	2001
3	central	worker-cs-9	Label-09	2001
3	central	worker-cs-9	Label-09	2002
3	central	worker-cs-9	Label-13	2001
3	central	worker-cs-9	Label-09	2000
3	central	worker-cs-9	Label-09	2001
3	central	worker-cs-9	Label-09	2003
3	central	worker-cs-9	Label-13	2001
3	central	worker-cs-9	Label-09	2001
3	central	worker-cs-9	Label-09	2001
3	central	worker-cs-9	Label-09	2002
3	central	worker-cs-9	Label-09	2001
3	central	worker-cs-9	Label-13	2002
3	central	worker-cs-9	Label-13	2001
3	central	worker-cs-9	Label-09	2002
3	central	worker-cs-9	Label-09	2002
3	central	worker-cs-9	Label-09	2002
3	central	worker-cs-9	Label-09	2002
3	central	worker-cs-9	Label-13	2001
3	central	worker-cs-9	Label-13	2002
3	central	worker-cs-9	Label-09	2001
3	central	worker-cs-9	Label-13	2002
3	central	worker-cs-9	Label-09	2002
3	central	worker-cs-9	Label-13	2000
3	central	worker-cs-9	Label-09	2001
3	central	worker-cs-9	Label-09	2002
3	central	worker-cs-9	Label-13	2001
3	central	worker-cs-9	Label-09	2001
3	central	worker-cs-9	Label-09	2002
3	central	worker-cs-9	Label-09	2002
3	central	worker-cs-9	Label-09	2002
3	central	worker-cs-9	Label-09	2002
3	central	worker-cs-9	Label-13	2001
3	central	worker-cs-9	Label-09	2002
3	central	worker-cs-9	Label-09	2002
3	central	worker-cs-9	Label-09	2001
3	central	worker-cs-9	Label-09	2001
3	central	worker-cs-9	Label-13	2002
3	central	worker-cs-9	Label-09	2002
3	central	worker-cs-9	Label-09	2002
3	central	worker-cs-9	Label-09	2002
3	central	worker-cs-9	Label-13	2001
3	central	worker-cs-9	Label-09	2002
3	central	worker-cs-9	Label-09	2001
3	central	worker-cs-9	Label-13	2002
3	central	worker-cs-9	Label-09	2003
3	central	worker-cs-9	Label-13	2003
3	central	worker-cs-9	Label-13	2001
3	central	worker-cs-9	Label-13	2001
3	central	worker-cs-9	Label-09	2001
3	central	worker-cs-9	Label-09	2001
1	pernode	worker-cs-0	Label-06	2001
1	pernode	worker-cs-0	Label-01	2002
1	pernode	worker-cs-0	Label-01	2001
1	pernode	worker-cs-0	Label-01	2001
1	pernode	worker-cs-0	Label-01	2000
1	pernode	worker-cs-0	Label-06	2002
1	pernode	worker-cs-0	Label-01	2003
1	pernode	worker-cs-0	Label-01	2001
1	pernode	worker-cs-0	Label-06	2001
1	pernode	worker-cs-0	Label-01	2002
1	pernode	worker-cs-0	Label-01	2001
1	pernode	worker-cs-0	Label-01	2001
1	pernode	worker-cs-0	Label-06	45002
1	pernode	worker-cs-0	Label-01	2001
1	pernode	worker-cs-0	Label-01	45004
1	pernode	worker-cs-0	Label-06	2002
1	pernode	worker-cs-0	Label-01	2011
1	pernode	worker-cs-0	Label-06	2001
1	pernode	worker-cs-0	Label-06	2001
1	pernode	worker-cs-0	Label-01	2000
1	pernode	worker-cs-0	Label-01	2001
1	pernode	worker-cs-0	Label-01	2001
1	pernode	worker-cs-0	Label-06	2000
1	pernode	worker-cs-0	Label-01	2001
1	pernode	worker-cs-0	Label-01	2002
1	pernode	worker-cs-0	Label-01	2001
1	pernode	worker-cs-0	Label-06	2002
1	pernode	worker-cs-0	Label-06	2000
1	pernode	worker-cs-0	Label-01	2001
1	pernode	worker-cs-0	Label-01	2000
1	pernode	worker-cs-0	Label-01	2001
1	pernode	worker-cs-0	Label-06	2001
1	pernode	worker-cs-0	Label-01	2001
1	pernode	worker-cs-0	Label-01	2002
1	pernode	worker-cs-0	Label-06	2001
1	pernode	worker-cs-0	Label-06	2001
1	pernode	worker-cs-0	Label-01	2001
1	pernode	worker-cs-0	Label-06	2005
1	pernode	worker-cs-0	Label-01	2002
1	pernode	worker-cs-0	Label-01	2001
1	pernode	worker-cs-0	Label-06	2001
1	pernode	worker-cs-0	Label-06	2001
1	pernode	worker-cs-0	Label-01	2001
1	pernode	worker-cs-0	Label-01	2000
1	pernode	worker-cs-0	Label-01	2001
1	pernode	worker-cs-0	Label-06	2001
1	pernode	worker-cs-0	Label-01	2001
1	pernode	worker-cs-0	Label-01	2001
1	pernode	worker-cs-0	Label-06	2001
1	pernode	worker-cs-0	Label-01	2000
1	pernode	worker-cs-0	Label-06	2001
1	pernode	worker-cs-0	Label-06	2002
1	pernode	worker-cs-0	Label-06	2001
1	pernode	worker-cs-0	Label-01	2001
1	pernode	worker-cs-0	Label-06	2001
1	pernode	worker-cs-0	Label-06	2000
1	pernode	worker-cs-0	Label-06	2002
1	pernode	worker-cs-0	Label-01	2002
1	pernode	worker-cs-0	Label-01	2002
1	pernode	worker-cs-0	Label-01	2003
1	pernode	worker-cs-0	Label-06	2001
1	pernode	worker-cs-0	Label-06	2001
1	pernode	worker-cs-0	Label-06	2003
1	pernode	worker-cs-0	Label-06	2002
1	pernode	worker-cs-0	Label-06	2002
1	pernode	worker-cs-0	Label-01	2001
1	pernode	worker-cs-0	Label-06	2001
1	pernode	worker-cs-0	Label-06	2001
1	pernode	worker-cs-0	Label-01	2003
1	pernode	worker-cs-0	Label-06	2002
1	pernode	worker-cs-0	Label-06	2001
1	pernode	worker-cs-0	Label-01	2001
1	pernode	worker-cs-0	Label-01	2002
1	pernode	worker-cs-0	Label-01	2001
1	pernode	worker-cs-0	Label-01	2002
1	pernode	worker-cs-0	Label-06	2001
1	pernode	worker-cs-0	Label-06	2002
1	pernode	worker-cs-0	Label-06	2001
1	pernode	worker-cs-0	Label-01	2002
1	pernode	worker-cs-0	Label-06	2001
1	pernode	worker-cs-0	Label-06	2001
1	pernode	worker-cs-0	Label-01	2000
1	pernode	worker-cs-0	Label-06	2002
1	pernode	worker-cs-0	Label-01	2001
1	pernode	worker-cs-0	Label-06	2001
1	pernode	worker-cs-0	Label-06	2001
1	pernode	worker-cs-0	Label-06	2000
1	pernode	worker-cs-0	Label-06	2000
1	pernode	worker-cs-0	Label-06	2002
1	pernode	worker-cs-0	Label-01	2002
1	pernode	worker-cs-0	Label-01	2002
1	pernode	worker-cs-0	Label-06	2001
1	pernode	worker-cs-0	Label-01	2002
1	pernode	worker-cs-0	Label-06	2001
1	pernode	worker-cs-0	Label-01	2001
1	pernode	worker-cs-0	Label-06	2000
1	pernode	worker-cs-0	Label-06	2002
1	pernode	worker-cs-0	Label-06	2001
1	pernode	worker-cs-0	Label-06	2001
1	pernode	worker-cs-0	Label-06	2005
1	pernode	worker-cs-0	Label-06	2001
1	pernode	worker-cs-0	Label-06	2001
1	pernode	worker-cs-0	Label-01	2002
1	pernode	worker-cs-0	Label-06	2002
1	pernode	worker-cs-0	Label-06	2002
1	pernode	worker-cs-0	Label-06	2000
1	pernode	worker-cs-0	Label-01	2001
1	pernode	worker-cs-0	Label-01	2001
1	pernode	worker-cs-0	Label-01	2000
1	pernode	worker-cs-0	Label-01	2001
1	pernode	worker-cs-0	Label-01	2002
1	pernode	worker-cs-0	Label-06	2001
1	pernode	worker-cs-0	Label-01	2001
1	pernode	worker-cs-0	Label-01	2002
1	pernode	worker-cs-0	Label-01	2001
1	pernode	worker-cs-0	Label-01	2001
1	pernode	worker-cs-0	Label-06	2002
1	pernode	worker-cs-0	Label-01	2001
1	pernode	worker-cs-0	Label-01	2001
1	pernode	worker-cs-0	Label-01	2002
1	pernode	worker-cs-0	Label-06	2002
1	pernode	worker-cs-0	Label-06	2001
1	pernode	worker-cs-0	Label-01	2001
1	pernode	worker-cs-0	Label-06	2001
1	pernode	worker-cs-0	Label-01	2002
1	pernode	worker-cs-0	Label-01	2001
1	pernode	worker-cs-0	Label-01	2002
1	pernode	worker-cs-0	Label-01	2002
1	pernode	worker-cs-0	Label-01	2001
1	pernode	worker-cs-0	Label-06	2001
1	pernode	worker-cs-0	Label-01	2000
1	pernode	worker-cs-0	Label-01	2002
1	pernode	worker-cs-0	Label-06	2001
1	pernode	worker-cs-0	Label-01	2001
1	pernode	worker-cs-0	Label-01	2002
1	pernode	worker-cs-0	Label-06	2003
1	pernode	worker-cs-0	Label-06	2001
1	pernode	worker-cs-0	Label-01	2002
1	pernode	worker-cs-0	Label-01	2002
1	pernode	worker-cs-0	Label-01	2001
1	pernode	worker-cs-0	Label-01	2001
1	pernode	worker-cs-0	Label-01	2004
1	pernode	worker-cs-0	Label-01	2003
1	pernode	worker-cs-0	Label-01	2001
1	pernode	worker-cs-0	Label-06	2002
1	pernode	worker-cs-0	Label-01	2001
1	pernode	worker-cs-0	Label-01	2001
1	pernode	worker-cs-0	Label-06	2000
1	pernode	worker-cs-0	Label-06	2001
1	pernode	worker-cs-0	Label-06	2001
1	pernode	worker-cs-0	Label-01	2001
1	pernode	worker-cs-0	Label-01	2001
1	pernode	worker-cs-0	Label-06	2001
1	pernode	worker-cs-0	Label-01	2001
1	pernode	worker-cs-0	Label-06	2002
1	pernode	worker-cs-0	Label-01	2000
1	pernode	worker-cs-0	Label-06	2003
1	pernode	worker-cs-0	Label-01	2001
1	pernode	worker-cs-0	Label-01	2002
1	pernode	worker-cs-0	Label-06	2010
1	pernode	worker-cs-0	Label-06	2001
1	pernode	worker-cs-0	Label-01	2001
1	pernode	worker-cs-0	Label-06	2008
1	pernode	worker-cs-0	Label-01	2001
1	pernode	worker-cs-0	Label-06	2001
1	pernode	worker-cs-0	Label-01	2001
1	pernode	worker-cs-0	Label-06	2004
1	pernode	worker-cs-0	Label-01	2001
1	pernode	worker-cs-0	Label-06	2001
1	pernode	worker-cs-0	Label-01	2005
1	pernode	worker-cs-0	Label-01	2001
1	pernode	worker-cs-0	Label-06	2001
1	pernode	worker-cs-0	Label-01	2002
1	pernode	worker-cs-0	Label-01	2001
1	pernode	worker-cs-0	Label-01	2002
1	pernode	worker-cs-0	Label-06	2001
1	pernode	worker-cs-0	Label-06	2001
1	pernode	worker-cs-0	Label-06	2002
1	pernode	worker-cs-0	Label-01	2006
1	pernode	worker-cs-0	Label-06	2001
1	pernode	worker-cs-0	Label-06	2002
1	pernode	worker-cs-0	Label-06	2001
1	pernode	worker-cs-0	Label-06	2002
1	pernode	worker-cs-0	Label-01	2001
1	pernode	worker-cs-0	Label-06	2000
1	pernode	worker-cs-0	Label-06	2001
1	pernode	worker-cs-0	Label-01	2001
1	pernode	worker-cs-0	Label-06	2001
1	pernode	worker-cs-0	Label-06	2001
1	pernode	worker-cs-0	Label-06	2002
1	pernode	worker-cs-0	Label-06	2001
1	pernode	worker-cs-0	Label-06	2001
1	pernode	worker-cs-0	Label-06	2001
1	pernode	worker-cs-0	Label-01	2001
1	pernode	worker-cs-0	Label-06	2001
1	pernode	worker-cs-0	Label-06	2001
1	pernode	worker-cs-0	Label-01	2002
1	pernode	worker-cs-0	Label-06	2002
1	pernode	worker-cs-0	Label-06	2002
1	pernode	worker-cs-0	Label-06	2004
1	pernode	worker-cs-0	Label-06	2003
1	pernode	worker-cs-0	Label-06	2000
1	pernode	worker-cs-0	Label-01	2001
1	pernode	worker-cs-0	Label-01	2000
1	pernode	worker-cs-0	Label-01	2001
1	pernode	worker-cs-0	Label-06	2002
1	pernode	worker-cs-0	Label-01	2001
1	pernode	worker-cs-0	Label-06	2002
1	pernode	worker-cs-0	Label-01	2001
1	pernode	worker-cs-0	Label-06	2001
1	pernode	worker-cs-0	Label-01	2001
1	pernode	worker-cs-0	Label-06	2002
1	pernode	worker-cs-0	Label-06	2001
1	pernode	worker-cs-0	Label-01	2001
1	pernode	worker-cs-0	Label-06	2001
1	pernode	worker-cs-0	Label-01	2001
1	pernode	worker-cs-0	Label-01	2002
1	pernode	worker-cs-0	Label-06	2001
1	pernode	worker-cs-0	Label-06	2001
1	pernode	worker-cs-0	Label-06	2001
1	pernode	worker-cs-0	Label-06	2001
1	pernode	worker-cs-0	Label-01	2001
1	pernode	worker-cs-0	Label-06	2002
1	pernode	worker-cs-0	Label-06	2002
1	pernode	worker-cs-0	Label-06	2000
1	pernode	worker-cs-0	Label-06	2001
1	pernode	worker-cs-0	Label-01	2001
1	pernode	worker-cs-0	Label-06	2001
1	pernode	worker-cs-0	Label-06	2001
1	pernode	worker-cs-0	Label-06	2002
1	pernode	worker-cs-0	Label-01	2000
1	pernode	worker-cs-0	Label-06	2001
1	pernode	worker-cs-0	Label-06	2000
1	pernode	worker-cs-0	Label-06	2001
1	pernode	worker-cs-0	Label-01	2001
1	pernode	worker-cs-0	Label-06	2001
1	pernode	worker-cs-0	Label-01	2002
1	pernode	worker-cs-0	Label-01	2000
1	pernode	worker-cs-0	Label-01	2001
1	pernode	worker-cs-0	Label-01	2001
1	pernode	worker-cs-0	Label-06	2001
1	pernode	worker-cs-0	Label-06	2002
1	pernode	worker-cs-0	Label-06	2001
1	pernode	worker-cs-0	Label-06	2000
1	pernode	worker-cs-0	Label-01	2000
1	pernode	worker-cs-0	Label-06	2000
1	pernode	worker-cs-0	Label-06	2001
1	pernode	worker-cs-0	Label-01	2002
1	pernode	worker-cs-0	Label-01	2003
1	pernode	worker-cs-0	Label-01	2001
1	pernode	worker-cs-0	Label-01	2001
1	pernode	worker-cs-0	Label-01	2001
1	pernode	worker-cs-0	Label-06	2001
1	pernode	worker-cs-0	Label-06	2002
1	pernode	worker-cs-0	Label-06	2001
1	pernode	worker-cs-0	Label-06	2001
1	pernode	worker-cs-0	Label-06	2001
1	pernode	worker-cs-0	Label-01	2001
1	pernode	worker-cs-0	Label-06	2002
1	pernode	worker-cs-0	Label-01	2004
1	pernode	worker-cs-0	Label-01	2001
1	pernode	worker-cs-0	Label-06	2001
1	pernode	worker-cs-0	Label-01	2002
1	pernode	worker-cs-0	Label-06	2002
1	pernode	worker-cs-0	Label-06	2000
1	pernode	worker-cs-0	Label-01	2001
1	pernode	worker-cs-0	Label-06	2002
1	pernode	worker-cs-0	Label-01	2001
1	pernode	worker-cs-0	Label-01	2001
1	pernode	worker-cs-0	Label-06	2001
1	pernode	worker-cs-0	Label-06	2003
1	pernode	worker-cs-0	Label-01	2001
1	pernode	worker-cs-0	Label-06	2001
1	pernode	worker-cs-0	Label-06	2001
1	pernode	worker-cs-0	Label-01	2001
1	pernode	worker-cs-0	Label-06	2001
1	pernode	worker-cs-0	Label-01	2001
1	pernode	worker-cs-0	Label-01	2002
1	pernode	worker-cs-0	Label-06	2002
1	pernode	worker-cs-0	Label-01	2001
1	pernode	worker-cs-0	Label-01	2001
1	pernode	worker-cs-0	Label-01	2001
1	pernode	worker-cs-0	Label-06	2000
1	pernode	worker-cs-0	Label-06	2001
1	pernode	worker-cs-0	Label-01	2002
1	pernode	worker-cs-0	Label-01	2001
1	pernode	worker-cs-0	Label-01	2002
1	pernode	worker-cs-0	Label-06	2001
1	pernode	worker-cs-0	Label-01	2001
1	pernode	worker-cs-0	Label-01	2001
1	pernode	worker-cs-0	Label-01	2001
1	pernode	worker-cs-0	Label-06	2001
1	pernode	worker-cs-0	Label-06	2001
1	pernode	worker-cs-0	Label-06	2001
1	pernode	worker-cs-0	Label-06	2001
1	pernode	worker-cs-0	Label-06	2001
1	pernode	worker-cs-0	Label-01	2000
1	pernode	worker-cs-0	Label-06	2006
1	pernode	worker-cs-0	Label-01	2001
1	pernode	worker-cs-0	Label-06	2003
1	pernode	worker-cs-0	Label-01	2000
1	pernode	worker-cs-0	Label-01	2001
1	pernode	worker-cs-0	Label-01	2000
1	pernode	worker-cs-0	Label-06	2000
1	pernode	worker-cs-0	Label-01	2001
1	pernode	worker-cs-0	Label-06	2001
1	pernode	worker-cs-0	Label-06	2000
1	pernode	worker-cs-0	Label-06	2002
1	pernode	worker-cs-0	Label-01	2000
1	pernode	worker-cs-0	Label-06	2001
1	pernode	worker-cs-0	Label-06	2001
1	pernode	worker-cs-0	Label-01	2002
1	pernode	worker-cs-0	Label-01	2001
1	pernode	worker-cs-0	Label-01	2001
1	pernode	worker-cs-0	Label-06	2001
1	pernode	worker-cs-0	Label-01	2000
1	pernode	worker-cs-0	Label-01	2001
1	pernode	worker-cs-0	Label-01	2002
1	pernode	worker-cs-0	Label-06	2001
1	pernode	worker-cs-0	Label-01	2002
1	pernode	worker-cs-0	Label-06	2002
1	pernode	worker-cs-0	Label-01	2002
1	pernode	worker-cs-0	Label-06	2001
1	pernode	worker-cs-0	Label-06	2001
1	pernode	worker-cs-0	Label-01	2001
1	pernode	worker-cs-0	Label-06	2001
1	pernode	worker-cs-0	Label-06	2001
1	pernode	worker-cs-0	Label-01	2001
1	pernode	worker-cs-0	Label-01	2002
1	pernode	worker-cs-0	Label-06	2001
1	pernode	worker-cs-0	Label-06	2003
1	pernode	worker-cs-0	Label-06	2002
1	pernode	worker-cs-0	Label-06	2001
1	pernode	worker-cs-0	Label-01	2001
1	pernode	worker-cs-0	Label-01	2001
1	pernode	worker-cs-0	Label-06	2001
1	pernode	worker-cs-0	Label-06	2002
1	pernode	worker-cs-0	Label-06	2001
1	pernode	worker-cs-0	Label-06	2000
1	pernode	worker-cs-0	Label-01	2001
1	pernode	worker-cs-0	Label-01	2001
1	pernode	worker-cs-0	Label-06	2001
1	pernode	worker-cs-0	Label-01	2002
1	pernode	worker-cs-0	Label-06	2000
1	pernode	worker-cs-0	Label-06	2001
1	pernode	worker-cs-0	Label-06	2002
1	pernode	worker-cs-0	Label-01	2001
1	pernode	worker-cs-0	Label-06	2001
1	pernode	worker-cs-0	Label-06	2002
1	pernode	worker-cs-0	Label-06	2001
1	pernode	worker-cs-0	Label-01	2002
1	pernode	worker-cs-0	Label-01	2001
1	pernode	worker-cs-0	Label-01	2001
1	pernode	worker-cs-0	Label-06	2002
1	pernode	worker-cs-0	Label-01	2001
1	pernode	worker-cs-0	Label-01	2007
1	pernode	worker-cs-0	Label-06	2001
1	pernode	worker-cs-0	Label-06	2001
1	pernode	worker-cs-0	Label-06	2002
1	pernode	worker-cs-0	Label-06	2001
1	pernode	worker-cs-0	Label-06	2001
1	pernode	worker-cs-0	Label-06	2002
1	pernode	worker-cs-0	Label-06	2001
1	pernode	worker-cs-0	Label-01	2002
1	pernode	worker-cs-0	Label-01	2001
1	pernode	worker-cs-0	Label-06	2001
1	pernode	worker-cs-0	Label-06	2001
1	pernode	worker-cs-0	Label-01	2001
1	pernode	worker-cs-0	Label-06	2001
1	pernode	worker-cs-0	Label-06	2001
1	pernode	worker-cs-0	Label-01	2001
1	pernode	worker-cs-0	Label-06	2002
1	pernode	worker-cs-0	Label-06	2001
1	pernode	worker-cs-0	Label-06	2001
1	pernode	worker-cs-0	Label-01	2000
1	pernode	worker-cs-0	Label-01	2001
1	pernode	worker-cs-0	Label-01	2001
1	pernode	worker-cs-0	Label-01	2001
1	pernode	worker-cs-0	Label-06	2001
1	pernode	worker-cs-0	Label-06	2001
1	pernode	worker-cs-0	Label-06	2001
1	pernode	worker-cs-0	Label-06	2001
1	pernode	worker-cs-0	Label-01	2001
1	pernode	worker-cs-0	Label-06	2001
1	pernode	worker-cs-0	Label-01	2001
1	pernode	worker-cs-0	Label-06	2003
1	pernode	worker-cs-0	Label-06	2001
1	pernode	worker-cs-0	Label-06	2002
1	pernode	worker-cs-0	Label-01	2001
1	pernode	worker-cs-0	Label-01	2001
1	pernode	worker-cs-0	Label-06	2000
1	pernode	worker-cs-0	Label-06	2000
1	pernode	worker-cs-0	Label-01	2001
1	pernode	worker-cs-0	Label-01	2002
1	pernode	worker-cs-0	Label-01	2001
1	pernode	worker-cs-0	Label-06	2001
1	pernode	worker-cs-0	Label-01	2001
1	pernode	worker-cs-0	Label-06	2001
1	pernode	worker-cs-0	Label-06	2001
1	pernode	worker-cs-0	Label-01	2001
1	pernode	worker-cs-0	Label-01	2001
1	pernode	worker-cs-0	Label-01	2001
1	pernode	worker-cs-0	Label-06	2002
1	pernode	worker-cs-0	Label-01	2002
1	pernode	worker-cs-0	Label-01	2002
1	pernode	worker-cs-0	Label-01	2001
1	pernode	worker-cs-0	Label-06	2001
1	pernode	worker-cs-0	Label-01	2001
1	pernode	worker-cs-0	Label-06	2000
1	pernode	worker-cs-0	Label-01	2001
1	pernode	worker-cs-0	Label-06	2003
1	pernode	worker-cs-0	Label-01	2001
1	pernode	worker-cs-0	Label-06	2001
1	pernode	worker-cs-0	Label-06	2001
1	pernode	worker-cs-0	Label-06	2002
1	pernode	worker-cs-0	Label-01	2000
1	pernode	worker-cs-0	Label-06	2001
1	pernode	worker-cs-0	Label-06	2000
1	pernode	worker-cs-0	Label-01	2001
1	pernode	worker-cs-0	Label-01	2002
1	pernode	worker-cs-0	Label-06	2001
1	pernode	worker-cs-0	Label-06	2002
1	pernode	worker-cs-0	Label-06	2002
1	pernode	worker-cs-0	Label-01	2002
1	pernode	worker-cs-0	Label-01	2001
1	pernode	worker-cs-0	Label-01	2001
1	pernode	worker-cs-0	Label-06	2002
1	pernode	worker-cs-0	Label-06	2002
1	pernode	worker-cs-0	Label-01	2002
1	pernode	worker-cs-0	Label-06	2000
1	pernode	worker-cs-0	Label-06	2001
1	pernode	worker-cs-0	Label-06	2001
1	pernode	worker-cs-0	Label-01	2001
1	pernode	worker-cs-0	Label-06	2001
1	pernode	worker-cs-0	Label-06	2001
1	pernode	worker-cs-0	Label-06	2001
1	pernode	worker-cs-0	Label-01	2001
1	pernode	worker-cs-0	Label-01	2001
1	pernode	worker-cs-0	Label-06	2001
1	pernode	worker-cs-0	Label-06	2001
1	pernode	worker-cs-0	Label-01	2002
1	pernode	worker-cs-0	Label-01	2001
1	pernode	worker-cs-0	Label-06	2001
1	pernode	worker-cs-0	Label-01	2002
1	pernode	worker-cs-0	Label-01	2001
1	pernode	worker-cs-0	Label-01	2001
1	pernode	worker-cs-0	Label-01	2001
1	pernode	worker-cs-0	Label-01	2001
1	pernode	worker-cs-0	Label-01	2001
1	pernode	worker-cs-0	Label-06	2001
1	pernode	worker-cs-0	Label-01	2000
1	pernode	worker-cs-0	Label-01	2000
1	pernode	worker-cs-0	Label-01	2001
1	pernode	worker-cs-0	Label-01	2000
1	pernode	worker-cs-0	Label-06	2001
1	pernode	worker-cs-0	Label-06	2002
1	pernode	worker-cs-0	Label-01	2001
1	pernode	worker-cs-0	Label-01	2002
1	pernode	worker-cs-0	Label-01	2002
1	pernode	worker-cs-0	Label-01	2002
1	pernode	worker-cs-0	Label-06	2001
1	pernode	worker-cs-0	Label-06	2002
1	pernode	worker-cs-0	Label-01	2001
1	pernode	worker-cs-0	Label-01	2006
1	pernode	worker-cs-0	Label-06	2000
1	pernode	worker-cs-1	Label-02	2003
1	pernode	worker-cs-1	Label-02	45002
1	pernode	worker-cs-1	Label-02	2002
1	pernode	worker-cs-1	Label-02	2002
1	pernode	worker-cs-1	Label-02	2002
1	pernode	worker-cs-1	Label-02	2001
1	pernode	worker-cs-1	Label-02	2002
1	pernode	worker-cs-1	Label-02	2002
1	pernode	worker-cs-1	Label-02	2002
1	pernode	worker-cs-1	Label-02	2001
1	pernode	worker-cs-1	Label-02	2002
1	pernode	worker-cs-1	Label-02	2002
1	pernode	worker-cs-1	Label-02	2003
1	pernode	worker-cs-1	Label-02	2003
1	pernode	worker-cs-1	Label-02	2002
1	pernode	worker-cs-1	Label-02	2002
1	pernode	worker-cs-1	Label-02	2003
1	pernode	worker-cs-1	Label-02	2002
1	pernode	worker-cs-1	Label-02	2002
1	pernode	worker-cs-1	Label-02	2002
1	pernode	worker-cs-1	Label-02	2003
1	pernode	worker-cs-1	Label-02	2002
1	pernode	worker-cs-1	Label-02	2002
1	pernode	worker-cs-1	Label-02	2002
1	pernode	worker-cs-1	Label-02	2002
1	pernode	worker-cs-1	Label-02	2002
1	pernode	worker-cs-1	Label-02	2001
1	pernode	worker-cs-1	Label-02	2001
1	pernode	worker-cs-1	Label-02	2002
1	pernode	worker-cs-1	Label-02	2001
1	pernode	worker-cs-1	Label-02	2001
1	pernode	worker-cs-1	Label-02	2002
1	pernode	worker-cs-1	Label-02	2002
1	pernode	worker-cs-1	Label-02	2001
1	pernode	worker-cs-1	Label-02	2002
1	pernode	worker-cs-1	Label-02	2002
1	pernode	worker-cs-1	Label-02	2002
1	pernode	worker-cs-1	Label-02	2002
1	pernode	worker-cs-1	Label-02	2003
1	pernode	worker-cs-1	Label-02	2002
1	pernode	worker-cs-1	Label-02	2003
1	pernode	worker-cs-1	Label-02	2002
1	pernode	worker-cs-1	Label-02	2002
1	pernode	worker-cs-1	Label-02	2002
1	pernode	worker-cs-1	Label-02	2002
1	pernode	worker-cs-1	Label-02	2003
1	pernode	worker-cs-1	Label-02	2002
1	pernode	worker-cs-1	Label-02	2002
1	pernode	worker-cs-1	Label-02	2002
1	pernode	worker-cs-1	Label-02	2003
1	pernode	worker-cs-1	Label-02	2002
1	pernode	worker-cs-1	Label-02	2002
1	pernode	worker-cs-1	Label-02	2002
1	pernode	worker-cs-1	Label-02	2003
1	pernode	worker-cs-1	Label-02	2002
1	pernode	worker-cs-1	Label-02	2003
1	pernode	worker-cs-1	Label-02	2003
1	pernode	worker-cs-1	Label-02	2002
1	pernode	worker-cs-1	Label-02	2002
1	pernode	worker-cs-1	Label-02	2003
1	pernode	worker-cs-1	Label-02	2001
1	pernode	worker-cs-1	Label-02	2002
1	pernode	worker-cs-1	Label-02	2001
1	pernode	worker-cs-1	Label-02	2002
1	pernode	worker-cs-1	Label-02	2002
1	pernode	worker-cs-1	Label-02	2003
1	pernode	worker-cs-1	Label-02	2003
1	pernode	worker-cs-1	Label-02	2001
1	pernode	worker-cs-1	Label-02	2003
1	pernode	worker-cs-1	Label-02	2003
1	pernode	worker-cs-1	Label-02	2002
1	pernode	worker-cs-1	Label-02	2003
1	pernode	worker-cs-1	Label-02	2002
1	pernode	worker-cs-1	Label-02	2001
1	pernode	worker-cs-1	Label-02	2001
1	pernode	worker-cs-1	Label-02	2002
1	pernode	worker-cs-1	Label-02	2002
1	pernode	worker-cs-1	Label-02	2002
1	pernode	worker-cs-1	Label-02	2003
1	pernode	worker-cs-1	Label-02	2004
1	pernode	worker-cs-1	Label-02	2002
1	pernode	worker-cs-1	Label-02	2002
1	pernode	worker-cs-1	Label-02	2001
1	pernode	worker-cs-1	Label-02	2002
1	pernode	worker-cs-1	Label-02	2002
1	pernode	worker-cs-1	Label-02	2003
1	pernode	worker-cs-1	Label-02	2002
1	pernode	worker-cs-1	Label-02	2002
1	pernode	worker-cs-1	Label-02	2002
1	pernode	worker-cs-1	Label-02	2002
1	pernode	worker-cs-1	Label-02	2002
1	pernode	worker-cs-1	Label-02	2002
1	pernode	worker-cs-1	Label-02	2003
1	pernode	worker-cs-1	Label-02	2003
1	pernode	worker-cs-1	Label-02	2003
1	pernode	worker-cs-1	Label-02	2002
1	pernode	worker-cs-1	Label-02	2002
1	pernode	worker-cs-1	Label-02	2003
1	pernode	worker-cs-1	Label-02	2004
1	pernode	worker-cs-1	Label-02	2001
1	pernode	worker-cs-1	Label-02	2002
1	pernode	worker-cs-1	Label-02	2003
1	pernode	worker-cs-1	Label-02	2002
1	pernode	worker-cs-1	Label-02	2002
1	pernode	worker-cs-1	Label-02	2003
1	pernode	worker-cs-1	Label-02	2003
1	pernode	worker-cs-1	Label-02	2002
1	pernode	worker-cs-1	Label-02	2002
1	pernode	worker-cs-1	Label-02	2002
1	pernode	worker-cs-1	Label-02	2004
1	pernode	worker-cs-1	Label-02	2006
1	pernode	worker-cs-1	Label-02	2002
1	pernode	worker-cs-1	Label-02	2003
1	pernode	worker-cs-1	Label-02	2002
1	pernode	worker-cs-1	Label-02	2002
1	pernode	worker-cs-1	Label-02	2003
1	pernode	worker-cs-1	Label-02	2003
1	pernode	worker-cs-1	Label-02	2002
1	pernode	worker-cs-1	Label-02	2003
1	pernode	worker-cs-1	Label-02	2002
1	pernode	worker-cs-1	Label-02	2001
1	pernode	worker-cs-1	Label-02	2002
1	pernode	worker-cs-1	Label-02	2002
1	pernode	worker-cs-1	Label-02	2002
1	pernode	worker-cs-1	Label-02	2002
1	pernode	worker-cs-1	Label-02	2002
1	pernode	worker-cs-1	Label-02	2004
1	pernode	worker-cs-1	Label-02	2002
1	pernode	worker-cs-1	Label-02	2003
1	pernode	worker-cs-1	Label-02	2002
1	pernode	worker-cs-1	Label-02	2004
1	pernode	worker-cs-1	Label-02	2001
1	pernode	worker-cs-1	Label-02	2001
1	pernode	worker-cs-1	Label-02	2001
1	pernode	worker-cs-1	Label-02	2002
1	pernode	worker-cs-1	Label-02	2004
1	pernode	worker-cs-1	Label-02	2001
1	pernode	worker-cs-1	Label-02	2002
1	pernode	worker-cs-1	Label-02	2002
1	pernode	worker-cs-1	Label-02	2001
1	pernode	worker-cs-1	Label-02	2001
1	pernode	worker-cs-1	Label-02	2002
1	pernode	worker-cs-1	Label-02	2003
1	pernode	worker-cs-1	Label-02	2002
1	pernode	worker-cs-1	Label-02	2002
1	pernode	worker-cs-1	Label-02	2002
1	pernode	worker-cs-1	Label-02	2002
1	pernode	worker-cs-1	Label-02	2002
1	pernode	worker-cs-1	Label-02	2002
1	pernode	worker-cs-1	Label-02	2001
1	pernode	worker-cs-1	Label-02	2003
1	pernode	worker-cs-1	Label-02	2002
1	pernode	worker-cs-1	Label-02	2003
1	pernode	worker-cs-1	Label-02	2002
1	pernode	worker-cs-1	Label-02	2002
1	pernode	worker-cs-1	Label-02	2002
1	pernode	worker-cs-1	Label-02	2001
1	pernode	worker-cs-1	Label-02	2001
1	pernode	worker-cs-1	Label-02	2003
1	pernode	worker-cs-1	Label-02	2001
1	pernode	worker-cs-1	Label-02	2002
1	pernode	worker-cs-1	Label-02	2003
1	pernode	worker-cs-1	Label-02	2001
1	pernode	worker-cs-1	Label-02	2002
1	pernode	worker-cs-1	Label-02	2002
1	pernode	worker-cs-1	Label-02	2002
1	pernode	worker-cs-1	Label-02	2002
1	pernode	worker-cs-1	Label-02	2002
1	pernode	worker-cs-1	Label-02	2002
1	pernode	worker-cs-1	Label-02	2002
1	pernode	worker-cs-1	Label-02	2002
1	pernode	worker-cs-1	Label-02	2002
1	pernode	worker-cs-1	Label-02	2001
1	pernode	worker-cs-1	Label-02	2003
1	pernode	worker-cs-1	Label-02	2002
1	pernode	worker-cs-1	Label-02	2002
1	pernode	worker-cs-1	Label-02	2007
1	pernode	worker-cs-1	Label-02	2003
1	pernode	worker-cs-1	Label-02	2002
1	pernode	worker-cs-1	Label-02	2002
1	pernode	worker-cs-1	Label-02	2003
1	pernode	worker-cs-1	Label-02	2002
1	pernode	worker-cs-1	Label-02	2003
1	pernode	worker-cs-1	Label-02	2002
1	pernode	worker-cs-1	Label-02	2002
1	pernode	worker-cs-1	Label-02	2001
1	pernode	worker-cs-1	Label-02	2003
1	pernode	worker-cs-1	Label-02	2002
1	pernode	worker-cs-1	Label-02	2002
1	pernode	worker-cs-1	Label-02	2003
1	pernode	worker-cs-1	Label-02	2002
1	pernode	worker-cs-1	Label-02	2002
1	pernode	worker-cs-1	Label-02	2003
1	pernode	worker-cs-1	Label-02	2004
1	pernode	worker-cs-1	Label-02	2002
1	pernode	worker-cs-1	Label-02	2003
1	pernode	worker-cs-1	Label-02	2002
1	pernode	worker-cs-1	Label-02	2002
1	pernode	worker-cs-1	Label-02	2002
1	pernode	worker-cs-1	Label-02	2001
1	pernode	worker-cs-1	Label-02	2003
1	pernode	worker-cs-1	Label-02	2002
1	pernode	worker-cs-1	Label-02	2002
1	pernode	worker-cs-1	Label-02	2002
1	pernode	worker-cs-1	Label-02	2002
1	pernode	worker-cs-1	Label-02	2002
1	pernode	worker-cs-1	Label-02	2002
1	pernode	worker-cs-1	Label-02	2001
1	pernode	worker-cs-1	Label-02	2005
1	pernode	worker-cs-1	Label-02	2002
1	pernode	worker-cs-1	Label-02	2001
1	pernode	worker-cs-1	Label-02	2002
1	pernode	worker-cs-1	Label-02	2003
1	pernode	worker-cs-1	Label-02	2002
1	pernode	worker-cs-1	Label-02	2002
1	pernode	worker-cs-1	Label-02	2003
1	pernode	worker-cs-1	Label-02	2001
1	pernode	worker-cs-1	Label-02	2002
1	pernode	worker-cs-1	Label-02	2002
1	pernode	worker-cs-1	Label-02	2003
1	pernode	worker-cs-1	Label-02	2001
1	pernode	worker-cs-1	Label-02	2002
1	pernode	worker-cs-1	Label-02	2003
1	pernode	worker-cs-1	Label-02	2002
1	pernode	worker-cs-1	Label-02	2002
1	pernode	worker-cs-1	Label-02	2002
1	pernode	worker-cs-1	Label-02	2002
1	pernode	worker-cs-1	Label-02	2003
1	pernode	worker-cs-1	Label-02	2004
1	pernode	worker-cs-1	Label-02	2002
1	pernode	worker-cs-1	Label-02	2002
1	pernode	worker-cs-1	Label-02	2009
1	pernode	worker-cs-1	Label-02	2002
1	pernode	worker-cs-1	Label-02	2002
1	pernode	worker-cs-1	Label-02	2002
1	pernode	worker-cs-1	Label-02	2003
1	pernode	worker-cs-1	Label-02	2002
1	pernode	worker-cs-2	Label-09	2001
1	pernode	worker-cs-2	Label-09	2001
1	pernode	worker-cs-2	Label-09	45003
1	pernode	worker-cs-2	Label-09	2003
1	pernode	worker-cs-2	Label-09	2003
1	pernode	worker-cs-2	Label-09	2002
1	pernode	worker-cs-2	Label-09	2002
1	pernode	worker-cs-2	Label-09	2003
1	pernode	worker-cs-2	Label-09	2003
1	pernode	worker-cs-2	Label-09	2002
1	pernode	worker-cs-2	Label-09	2003
1	pernode	worker-cs-2	Label-09	2003
1	pernode	worker-cs-2	Label-09	2002
1	pernode	worker-cs-2	Label-09	2002
1	pernode	worker-cs-2	Label-09	2003
1	pernode	worker-cs-2	Label-09	2002
1	pernode	worker-cs-2	Label-09	2002
1	pernode	worker-cs-2	Label-09	2003
1	pernode	worker-cs-2	Label-09	2002
1	pernode	worker-cs-2	Label-09	2001
1	pernode	worker-cs-2	Label-09	2003
1	pernode	worker-cs-2	Label-09	2002
1	pernode	worker-cs-2	Label-09	2003
1	pernode	worker-cs-2	Label-09	2002
1	pernode	worker-cs-2	Label-09	2002
1	pernode	worker-cs-2	Label-09	2004
1	pernode	worker-cs-2	Label-09	2001
1	pernode	worker-cs-2	Label-09	2002
1	pernode	worker-cs-2	Label-09	2003
1	pernode	worker-cs-2	Label-09	2002
1	pernode	worker-cs-2	Label-09	2004
1	pernode	worker-cs-2	Label-09	2002
1	pernode	worker-cs-2	Label-09	2002
1	pernode	worker-cs-2	Label-09	2002
1	pernode	worker-cs-2	Label-09	2003
1	pernode	worker-cs-2	Label-09	2001
1	pernode	worker-cs-2	Label-09	2002
1	pernode	worker-cs-2	Label-09	2008
1	pernode	worker-cs-2	Label-09	2002
1	pernode	worker-cs-2	Label-09	2004
1	pernode	worker-cs-2	Label-09	2002
1	pernode	worker-cs-2	Label-09	2004
1	pernode	worker-cs-2	Label-09	2003
1	pernode	worker-cs-2	Label-09	2003
1	pernode	worker-cs-2	Label-09	2002
1	pernode	worker-cs-2	Label-09	2003
1	pernode	worker-cs-2	Label-09	2002
1	pernode	worker-cs-2	Label-09	2002
1	pernode	worker-cs-2	Label-09	2002
1	pernode	worker-cs-2	Label-09	2001
1	pernode	worker-cs-2	Label-09	2005
1	pernode	worker-cs-2	Label-09	2001
1	pernode	worker-cs-2	Label-09	2002
1	pernode	worker-cs-2	Label-09	2003
1	pernode	worker-cs-2	Label-09	2002
1	pernode	worker-cs-2	Label-09	2003
1	pernode	worker-cs-2	Label-09	2002
1	pernode	worker-cs-2	Label-09	2004
1	pernode	worker-cs-2	Label-09	2005
1	pernode	worker-cs-2	Label-09	2002
1	pernode	worker-cs-2	Label-09	2004
1	pernode	worker-cs-2	Label-09	2003
1	pernode	worker-cs-2	Label-09	2002
1	pernode	worker-cs-2	Label-09	2005
1	pernode	worker-cs-2	Label-09	2003
1	pernode	worker-cs-2	Label-09	2002
1	pernode	worker-cs-2	Label-09	2002
1	pernode	worker-cs-2	Label-09	2003
1	pernode	worker-cs-2	Label-09	2002
1	pernode	worker-cs-2	Label-09	2003
1	pernode	worker-cs-2	Label-09	2004
1	pernode	worker-cs-2	Label-09	2003
1	pernode	worker-cs-2	Label-09	2002
1	pernode	worker-cs-2	Label-09	2002
1	pernode	worker-cs-2	Label-09	2003
1	pernode	worker-cs-2	Label-09	2005
1	pernode	worker-cs-2	Label-09	2001
1	pernode	worker-cs-2	Label-09	2002
1	pernode	worker-cs-2	Label-09	2003
1	pernode	worker-cs-2	Label-09	2001
1	pernode	worker-cs-2	Label-09	2002
1	pernode	worker-cs-2	Label-09	2015
1	pernode	worker-cs-2	Label-09	2002
1	pernode	worker-cs-2	Label-09	2003
1	pernode	worker-cs-2	Label-09	2003
1	pernode	worker-cs-2	Label-09	2002
1	pernode	worker-cs-2	Label-09	2003
1	pernode	worker-cs-2	Label-09	2003
1	pernode	worker-cs-2	Label-09	2002
1	pernode	worker-cs-2	Label-09	2002
1	pernode	worker-cs-2	Label-09	2003
1	pernode	worker-cs-2	Label-09	2003
1	pernode	worker-cs-2	Label-09	2003
1	pernode	worker-cs-2	Label-09	2003
1	pernode	worker-cs-2	Label-09	2002
1	pernode	worker-cs-2	Label-09	2004
1	pernode	worker-cs-2	Label-09	2002
1	pernode	worker-cs-2	Label-09	2002
1	pernode	worker-cs-2	Label-09	2003
1	pernode	worker-cs-2	Label-09	2004
1	pernode	worker-cs-2	Label-09	2009
1	pernode	worker-cs-2	Label-09	2002
1	pernode	worker-cs-2	Label-09	2003
1	pernode	worker-cs-2	Label-09	2002
1	pernode	worker-cs-2	Label-09	2003
1	pernode	worker-cs-2	Label-09	2002
1	pernode	worker-cs-2	Label-09	2002
1	pernode	worker-cs-2	Label-09	2003
1	pernode	worker-cs-2	Label-09	2002
1	pernode	worker-cs-2	Label-09	2006
1	pernode	worker-cs-2	Label-09	2004
1	pernode	worker-cs-2	Label-09	2002
1	pernode	worker-cs-2	Label-09	2002
1	pernode	worker-cs-2	Label-09	2003
1	pernode	worker-cs-2	Label-09	2004
1	pernode	worker-cs-2	Label-09	2003
1	pernode	worker-cs-2	Label-09	2002
1	pernode	worker-cs-2	Label-09	2002
1	pernode	worker-cs-2	Label-09	2003
1	pernode	worker-cs-2	Label-09	2004
1	pernode	worker-cs-2	Label-09	2003
1	pernode	worker-cs-2	Label-09	2003
1	pernode	worker-cs-2	Label-09	2002
1	pernode	worker-cs-2	Label-09	2002
1	pernode	worker-cs-2	Label-09	2002
1	pernode	worker-cs-2	Label-09	2003
1	pernode	worker-cs-2	Label-09	2003
1	pernode	worker-cs-2	Label-09	2003
1	pernode	worker-cs-2	Label-09	2002
1	pernode	worker-cs-2	Label-09	2003
1	pernode	worker-cs-2	Label-09	2002
1	pernode	worker-cs-2	Label-09	2002
1	pernode	worker-cs-2	Label-09	2006
1	pernode	worker-cs-2	Label-09	2003
1	pernode	worker-cs-2	Label-09	2006
1	pernode	worker-cs-2	Label-09	2002
1	pernode	worker-cs-2	Label-09	2002
1	pernode	worker-cs-2	Label-09	2002
1	pernode	worker-cs-2	Label-09	2001
1	pernode	worker-cs-2	Label-09	2003
1	pernode	worker-cs-2	Label-09	2001
1	pernode	worker-cs-2	Label-09	2002
1	pernode	worker-cs-2	Label-09	2003
1	pernode	worker-cs-2	Label-09	2003
1	pernode	worker-cs-2	Label-09	2002
1	pernode	worker-cs-2	Label-09	2002
1	pernode	worker-cs-2	Label-09	2003
1	pernode	worker-cs-2	Label-09	2003
1	pernode	worker-cs-2	Label-09	2001
1	pernode	worker-cs-2	Label-09	2002
1	pernode	worker-cs-2	Label-09	2001
1	pernode	worker-cs-2	Label-09	2002
1	pernode	worker-cs-2	Label-09	2011
1	pernode	worker-cs-2	Label-09	2003
1	pernode	worker-cs-2	Label-09	2003
1	pernode	worker-cs-2	Label-09	2002
1	pernode	worker-cs-2	Label-09	2002
1	pernode	worker-cs-2	Label-09	2002
1	pernode	worker-cs-2	Label-09	2003
1	pernode	worker-cs-2	Label-09	2005
1	pernode	worker-cs-2	Label-09	2002
1	pernode	worker-cs-2	Label-09	2002
1	pernode	worker-cs-2	Label-09	2002
1	pernode	worker-cs-2	Label-09	2003
1	pernode	worker-cs-2	Label-09	2003
1	pernode	worker-cs-2	Label-09	2002
1	pernode	worker-cs-2	Label-09	2003
1	pernode	worker-cs-2	Label-09	2002
1	pernode	worker-cs-2	Label-09	2003
1	pernode	worker-cs-2	Label-09	2005
1	pernode	worker-cs-2	Label-09	2002
1	pernode	worker-cs-2	Label-09	2002
1	pernode	worker-cs-2	Label-09	2002
1	pernode	worker-cs-2	Label-09	2004
1	pernode	worker-cs-2	Label-09	2002
1	pernode	worker-cs-2	Label-09	2002
1	pernode	worker-cs-2	Label-03	2002
1	pernode	worker-cs-2	Label-03	2002
1	pernode	worker-cs-2	Label-03	2005
1	pernode	worker-cs-2	Label-09	2002
1	pernode	worker-cs-2	Label-09	2002
1	pernode	worker-cs-2	Label-09	2002
1	pernode	worker-cs-2	Label-03	2003
1	pernode	worker-cs-2	Label-09	2002
1	pernode	worker-cs-2	Label-09	2003
1	pernode	worker-cs-2	Label-09	2003
1	pernode	worker-cs-2	Label-09	2002
1	pernode	worker-cs-2	Label-09	2005
1	pernode	worker-cs-2	Label-09	2002
1	pernode	worker-cs-2	Label-09	2002
1	pernode	worker-cs-2	Label-03	2002
1	pernode	worker-cs-2	Label-03	2003
1	pernode	worker-cs-2	Label-09	2002
1	pernode	worker-cs-2	Label-03	2002
1	pernode	worker-cs-2	Label-03	2002
1	pernode	worker-cs-2	Label-03	2003
1	pernode	worker-cs-2	Label-03	2002
1	pernode	worker-cs-2	Label-09	2008
1	pernode	worker-cs-2	Label-03	2002
1	pernode	worker-cs-2	Label-09	2004
1	pernode	worker-cs-2	Label-03	2002
1	pernode	worker-cs-2	Label-09	2003
1	pernode	worker-cs-2	Label-09	2002
1	pernode	worker-cs-2	Label-03	2003
1	pernode	worker-cs-2	Label-09	2003
1	pernode	worker-cs-2	Label-03	2003
1	pernode	worker-cs-2	Label-09	2003
1	pernode	worker-cs-2	Label-03	2003
1	pernode	worker-cs-2	Label-09	2002
1	pernode	worker-cs-2	Label-09	2004
1	pernode	worker-cs-2	Label-09	2002
1	pernode	worker-cs-2	Label-03	2002
1	pernode	worker-cs-2	Label-09	2002
1	pernode	worker-cs-2	Label-09	2002
1	pernode	worker-cs-2	Label-09	2003
1	pernode	worker-cs-2	Label-09	2003
1	pernode	worker-cs-2	Label-09	2003
1	pernode	worker-cs-2	Label-03	2003
1	pernode	worker-cs-2	Label-09	2003
1	pernode	worker-cs-2	Label-03	2002
1	pernode	worker-cs-2	Label-09	2002
1	pernode	worker-cs-2	Label-03	2003
1	pernode	worker-cs-2	Label-09	2002
1	pernode	worker-cs-2	Label-03	2002
1	pernode	worker-cs-2	Label-03	2003
1	pernode	worker-cs-2	Label-03	2003
1	pernode	worker-cs-2	Label-03	2002
1	pernode	worker-cs-2	Label-09	2003
1	pernode	worker-cs-2	Label-03	2001
1	pernode	worker-cs-2	Label-03	2002
1	pernode	worker-cs-2	Label-09	2002
1	pernode	worker-cs-2	Label-03	2003
1	pernode	worker-cs-2	Label-03	2002
1	pernode	worker-cs-2	Label-09	2002
1	pernode	worker-cs-2	Label-09	2002
1	pernode	worker-cs-2	Label-09	2001
1	pernode	worker-cs-2	Label-09	2008
1	pernode	worker-cs-2	Label-09	2002
1	pernode	worker-cs-2	Label-03	2003
1	pernode	worker-cs-2	Label-09	2002
1	pernode	worker-cs-2	Label-03	2004
1	pernode	worker-cs-2	Label-09	2002
1	pernode	worker-cs-2	Label-09	2003
1	pernode	worker-cs-2	Label-03	2003
1	pernode	worker-cs-2	Label-03	2003
1	pernode	worker-cs-2	Label-03	2003
1	pernode	worker-cs-2	Label-09	2003
1	pernode	worker-cs-2	Label-09	2003
1	pernode	worker-cs-2	Label-09	2004
1	pernode	worker-cs-2	Label-09	2001
1	pernode	worker-cs-2	Label-09	2003
1	pernode	worker-cs-2	Label-09	2002
1	pernode	worker-cs-2	Label-09	2003
1	pernode	worker-cs-2	Label-09	2003
1	pernode	worker-cs-2	Label-09	2002
1	pernode	worker-cs-2	Label-09	2003
1	pernode	worker-cs-2	Label-03	2002
1	pernode	worker-cs-2	Label-09	2004
1	pernode	worker-cs-2	Label-09	2002
1	pernode	worker-cs-2	Label-03	2002
1	pernode	worker-cs-2	Label-09	2003
1	pernode	worker-cs-2	Label-03	2002
1	pernode	worker-cs-2	Label-03	2002
1	pernode	worker-cs-2	Label-09	2003
1	pernode	worker-cs-2	Label-09	2003
1	pernode	worker-cs-2	Label-03	2003
1	pernode	worker-cs-2	Label-03	2002
1	pernode	worker-cs-2	Label-03	2003
1	pernode	worker-cs-2	Label-09	2003
1	pernode	worker-cs-2	Label-09	2003
1	pernode	worker-cs-3	Label-04	2003
1	pernode	worker-cs-3	Label-04	2002
1	pernode	worker-cs-3	Label-04	45001
1	pernode	worker-cs-3	Label-04	2002
1	pernode	worker-cs-3	Label-04	2001
1	pernode	worker-cs-3	Label-04	2002
1	pernode	worker-cs-3	Label-04	2002
1	pernode	worker-cs-3	Label-04	2001
1	pernode	worker-cs-3	Label-04	2001
1	pernode	worker-cs-3	Label-04	2002
1	pernode	worker-cs-3	Label-04	2002
1	pernode	worker-cs-3	Label-04	2001
1	pernode	worker-cs-3	Label-04	2002
1	pernode	worker-cs-3	Label-04	2001
1	pernode	worker-cs-3	Label-04	2002
1	pernode	worker-cs-3	Label-04	2002
1	pernode	worker-cs-3	Label-04	2002
1	pernode	worker-cs-3	Label-04	2003
1	pernode	worker-cs-3	Label-04	2002
1	pernode	worker-cs-3	Label-04	2002
1	pernode	worker-cs-3	Label-04	2002
1	pernode	worker-cs-3	Label-04	2002
1	pernode	worker-cs-3	Label-04	2001
1	pernode	worker-cs-3	Label-04	2003
1	pernode	worker-cs-3	Label-04	2001
1	pernode	worker-cs-3	Label-04	2001
1	pernode	worker-cs-3	Label-04	2002
1	pernode	worker-cs-3	Label-04	2001
1	pernode	worker-cs-3	Label-04	2003
1	pernode	worker-cs-3	Label-04	2002
1	pernode	worker-cs-3	Label-04	2002
1	pernode	worker-cs-3	Label-04	2001
1	pernode	worker-cs-3	Label-04	2001
1	pernode	worker-cs-3	Label-04	2001
1	pernode	worker-cs-3	Label-04	2001
1	pernode	worker-cs-3	Label-04	2002
1	pernode	worker-cs-3	Label-04	2001
1	pernode	worker-cs-3	Label-04	2002
1	pernode	worker-cs-3	Label-04	2002
1	pernode	worker-cs-3	Label-04	2002
1	pernode	worker-cs-3	Label-04	2002
1	pernode	worker-cs-3	Label-04	2002
1	pernode	worker-cs-3	Label-04	2001
1	pernode	worker-cs-3	Label-04	2001
1	pernode	worker-cs-3	Label-04	2002
1	pernode	worker-cs-3	Label-04	2002
1	pernode	worker-cs-3	Label-04	2002
1	pernode	worker-cs-3	Label-04	2001
1	pernode	worker-cs-3	Label-04	2001
1	pernode	worker-cs-3	Label-04	2002
1	pernode	worker-cs-3	Label-04	2002
1	pernode	worker-cs-3	Label-04	2002
1	pernode	worker-cs-3	Label-04	2002
1	pernode	worker-cs-3	Label-04	2002
1	pernode	worker-cs-3	Label-04	2002
1	pernode	worker-cs-3	Label-04	2002
1	pernode	worker-cs-3	Label-04	2002
1	pernode	worker-cs-3	Label-04	2002
1	pernode	worker-cs-3	Label-04	2002
1	pernode	worker-cs-3	Label-04	2002
1	pernode	worker-cs-3	Label-04	2003
1	pernode	worker-cs-3	Label-04	2002
1	pernode	worker-cs-3	Label-04	2001
1	pernode	worker-cs-3	Label-04	2002
1	pernode	worker-cs-3	Label-04	2001
1	pernode	worker-cs-3	Label-04	2002
1	pernode	worker-cs-3	Label-04	2002
1	pernode	worker-cs-3	Label-04	2002
1	pernode	worker-cs-3	Label-04	2000
1	pernode	worker-cs-3	Label-04	2000
1	pernode	worker-cs-3	Label-04	2002
1	pernode	worker-cs-3	Label-04	2002
1	pernode	worker-cs-3	Label-04	2002
1	pernode	worker-cs-3	Label-04	2001
1	pernode	worker-cs-3	Label-04	2002
1	pernode	worker-cs-3	Label-04	2001
1	pernode	worker-cs-3	Label-04	2002
1	pernode	worker-cs-3	Label-04	2001
1	pernode	worker-cs-3	Label-04	2002
1	pernode	worker-cs-3	Label-04	2002
1	pernode	worker-cs-3	Label-04	2003
1	pernode	worker-cs-3	Label-04	2002
1	pernode	worker-cs-3	Label-04	2002
1	pernode	worker-cs-3	Label-04	2002
1	pernode	worker-cs-3	Label-04	2002
1	pernode	worker-cs-3	Label-04	2001
1	pernode	worker-cs-3	Label-04	2002
1	pernode	worker-cs-3	Label-04	2005
1	pernode	worker-cs-3	Label-04	2000
1	pernode	worker-cs-3	Label-04	2002
1	pernode	worker-cs-3	Label-04	2003
1	pernode	worker-cs-3	Label-04	2002
1	pernode	worker-cs-3	Label-04	2002
1	pernode	worker-cs-3	Label-04	2002
1	pernode	worker-cs-3	Label-04	2002
1	pernode	worker-cs-3	Label-04	2002
1	pernode	worker-cs-3	Label-04	2001
1	pernode	worker-cs-3	Label-04	2002
1	pernode	worker-cs-3	Label-04	2001
1	pernode	worker-cs-3	Label-04	2003
1	pernode	worker-cs-3	Label-04	2002
1	pernode	worker-cs-3	Label-04	2002
1	pernode	worker-cs-3	Label-04	2002
1	pernode	worker-cs-3	Label-04	2002
1	pernode	worker-cs-3	Label-04	2001
1	pernode	worker-cs-3	Label-04	2001
1	pernode	worker-cs-3	Label-04	2001
1	pernode	worker-cs-3	Label-04	2001
1	pernode	worker-cs-3	Label-04	2002
1	pernode	worker-cs-3	Label-04	2001
1	pernode	worker-cs-3	Label-04	2002
1	pernode	worker-cs-3	Label-04	2002
1	pernode	worker-cs-3	Label-04	2002
1	pernode	worker-cs-3	Label-04	2002
1	pernode	worker-cs-3	Label-04	2001
1	pernode	worker-cs-3	Label-04	2001
1	pernode	worker-cs-3	Label-04	2001
1	pernode	worker-cs-3	Label-04	2002
1	pernode	worker-cs-3	Label-04	2002
1	pernode	worker-cs-3	Label-04	2002
1	pernode	worker-cs-3	Label-04	2001
1	pernode	worker-cs-3	Label-04	2001
1	pernode	worker-cs-3	Label-04	2001
1	pernode	worker-cs-3	Label-04	2001
1	pernode	worker-cs-3	Label-04	2002
1	pernode	worker-cs-3	Label-04	2001
1	pernode	worker-cs-3	Label-04	2002
1	pernode	worker-cs-3	Label-04	2002
1	pernode	worker-cs-3	Label-04	2002
1	pernode	worker-cs-3	Label-04	2002
1	pernode	worker-cs-3	Label-04	2001
1	pernode	worker-cs-3	Label-04	2001
1	pernode	worker-cs-3	Label-04	2001
1	pernode	worker-cs-3	Label-04	2001
1	pernode	worker-cs-3	Label-04	2002
1	pernode	worker-cs-3	Label-04	2001
1	pernode	worker-cs-3	Label-04	2002
1	pernode	worker-cs-3	Label-04	2001
1	pernode	worker-cs-3	Label-04	2002
1	pernode	worker-cs-3	Label-04	2002
1	pernode	worker-cs-3	Label-04	2001
1	pernode	worker-cs-3	Label-04	2002
1	pernode	worker-cs-3	Label-04	2002
1	pernode	worker-cs-3	Label-04	2003
1	pernode	worker-cs-3	Label-04	2001
1	pernode	worker-cs-3	Label-04	2002
1	pernode	worker-cs-3	Label-04	2002
1	pernode	worker-cs-3	Label-04	2002
1	pernode	worker-cs-3	Label-04	2001
1	pernode	worker-cs-3	Label-04	2002
1	pernode	worker-cs-3	Label-04	2000
1	pernode	worker-cs-3	Label-04	2001
1	pernode	worker-cs-3	Label-04	2001
1	pernode	worker-cs-3	Label-04	2001
1	pernode	worker-cs-3	Label-04	2001
1	pernode	worker-cs-3	Label-04	2001
1	pernode	worker-cs-3	Label-04	2002
1	pernode	worker-cs-3	Label-04	2002
1	pernode	worker-cs-3	Label-04	2002
1	pernode	worker-cs-3	Label-04	2001
1	pernode	worker-cs-3	Label-04	2002
1	pernode	worker-cs-3	Label-04	2001
1	pernode	worker-cs-3	Label-04	2000
1	pernode	worker-cs-3	Label-04	2002
1	pernode	worker-cs-3	Label-04	2002
1	pernode	worker-cs-3	Label-04	2001
1	pernode	worker-cs-3	Label-04	2002
1	pernode	worker-cs-3	Label-04	2002
1	pernode	worker-cs-3	Label-04	2001
1	pernode	worker-cs-3	Label-04	2001
1	pernode	worker-cs-3	Label-04	2002
1	pernode	worker-cs-3	Label-04	2002
1	pernode	worker-cs-3	Label-04	2001
1	pernode	worker-cs-3	Label-04	2002
1	pernode	worker-cs-3	Label-04	2002
1	pernode	worker-cs-3	Label-04	2001
1	pernode	worker-cs-3	Label-04	2002
1	pernode	worker-cs-3	Label-04	2002
1	pernode	worker-cs-3	Label-04	2001
1	pernode	worker-cs-3	Label-04	2001
1	pernode	worker-cs-3	Label-04	2001
1	pernode	worker-cs-3	Label-04	2001
1	pernode	worker-cs-3	Label-04	2002
1	pernode	worker-cs-3	Label-04	2001
1	pernode	worker-cs-3	Label-04	2001
1	pernode	worker-cs-3	Label-04	2002
1	pernode	worker-cs-3	Label-04	2003
1	pernode	worker-cs-3	Label-04	2002
1	pernode	worker-cs-3	Label-04	2001
1	pernode	worker-cs-3	Label-04	2001
1	pernode	worker-cs-3	Label-04	2002
1	pernode	worker-cs-3	Label-04	2001
1	pernode	worker-cs-3	Label-04	2002
1	pernode	worker-cs-3	Label-04	2001
1	pernode	worker-cs-3	Label-04	2002
1	pernode	worker-cs-3	Label-04	2002
1	pernode	worker-cs-3	Label-04	2002
1	pernode	worker-cs-3	Label-04	2002
1	pernode	worker-cs-3	Label-04	2001
1	pernode	worker-cs-3	Label-04	2001
1	pernode	worker-cs-3	Label-04	2001
1	pernode	worker-cs-3	Label-04	2002
1	pernode	worker-cs-3	Label-04	2002
1	pernode	worker-cs-3	Label-04	2001
1	pernode	worker-cs-3	Label-04	2002
1	pernode	worker-cs-3	Label-04	2001
1	pernode	worker-cs-3	Label-04	2002
1	pernode	worker-cs-3	Label-04	2001
1	pernode	worker-cs-3	Label-04	2002
1	pernode	worker-cs-3	Label-04	2001
1	pernode	worker-cs-3	Label-04	2002
1	pernode	worker-cs-3	Label-04	2001
1	pernode	worker-cs-3	Label-04	2002
1	pernode	worker-cs-3	Label-04	2001
1	pernode	worker-cs-3	Label-04	2002
1	pernode	worker-cs-3	Label-04	2002
1	pernode	worker-cs-3	Label-04	2001
1	pernode	worker-cs-3	Label-04	2002
1	pernode	worker-cs-3	Label-04	2002
1	pernode	worker-cs-3	Label-04	2002
1	pernode	worker-cs-3	Label-04	2002
1	pernode	worker-cs-3	Label-04	2002
1	pernode	worker-cs-3	Label-04	2002
1	pernode	worker-cs-3	Label-04	2002
1	pernode	worker-cs-3	Label-04	2002
1	pernode	worker-cs-3	Label-04	2001
1	pernode	worker-cs-3	Label-04	2003
1	pernode	worker-cs-3	Label-04	2001
1	pernode	worker-cs-3	Label-04	2003
1	pernode	worker-cs-3	Label-04	2001
1	pernode	worker-cs-3	Label-04	2001
1	pernode	worker-cs-3	Label-04	2002
1	pernode	worker-cs-3	Label-04	2002
1	pernode	worker-cs-3	Label-04	2001
1	pernode	worker-cs-3	Label-04	2002
1	pernode	worker-cs-3	Label-04	2002
1	pernode	worker-cs-3	Label-04	2002
1	pernode	worker-cs-3	Label-04	2001
1	pernode	worker-cs-4	Label-12	2001
1	pernode	worker-cs-4	Label-12	2000
1	pernode	worker-cs-4	Label-12	2001
1	pernode	worker-cs-4	Label-12	2002
1	pernode	worker-cs-4	Label-12	2001
1	pernode	worker-cs-4	Label-10	2000
1	pernode	worker-cs-4	Label-10	45001
1	pernode	worker-cs-4	Label-10	2002
1	pernode	worker-cs-4	Label-12	2000
1	pernode	worker-cs-4	Label-12	2001
1	pernode	worker-cs-4	Label-10	2002
1	pernode	worker-cs-4	Label-10	2001
1	pernode	worker-cs-4	Label-10	2001
1	pernode	worker-cs-4	Label-12	2001
1	pernode	worker-cs-4	Label-12	2001
1	pernode	worker-cs-4	Label-10	2001
1	pernode	worker-cs-4	Label-12	2001
1	pernode	worker-cs-4	Label-12	2001
1	pernode	worker-cs-4	Label-12	2001
1	pernode	worker-cs-4	Label-10	2001
1	pernode	worker-cs-4	Label-12	2002
1	pernode	worker-cs-4	Label-12	2001
1	pernode	worker-cs-4	Label-12	2000
1	pernode	worker-cs-4	Label-12	2000
1	pernode	worker-cs-4	Label-10	2002
1	pernode	worker-cs-4	Label-12	2001
1	pernode	worker-cs-4	Label-12	2000
1	pernode	worker-cs-4	Label-12	2001
1	pernode	worker-cs-4	Label-10	2001
1	pernode	worker-cs-4	Label-12	2001
1	pernode	worker-cs-4	Label-10	2001
1	pernode	worker-cs-4	Label-12	2001
1	pernode	worker-cs-4	Label-12	2002
1	pernode	worker-cs-4	Label-10	2002
1	pernode	worker-cs-4	Label-12	2001
1	pernode	worker-cs-4	Label-10	2002
1	pernode	worker-cs-4	Label-12	2002
1	pernode	worker-cs-4	Label-10	2000
1	pernode	worker-cs-4	Label-10	2001
1	pernode	worker-cs-4	Label-12	2001
1	pernode	worker-cs-4	Label-12	2001
1	pernode	worker-cs-4	Label-12	2000
1	pernode	worker-cs-4	Label-12	2001
1	pernode	worker-cs-4	Label-10	2000
1	pernode	worker-cs-4	Label-12	2001
1	pernode	worker-cs-4	Label-10	2001
1	pernode	worker-cs-4	Label-12	2002
1	pernode	worker-cs-4	Label-10	2001
1	pernode	worker-cs-4	Label-12	2002
1	pernode	worker-cs-4	Label-12	2002
1	pernode	worker-cs-4	Label-12	2001
1	pernode	worker-cs-4	Label-10	2002
1	pernode	worker-cs-4	Label-12	2001
1	pernode	worker-cs-4	Label-12	2001
1	pernode	worker-cs-4	Label-10	2001
1	pernode	worker-cs-4	Label-10	2001
1	pernode	worker-cs-4	Label-12	2001
1	pernode	worker-cs-4	Label-12	2002
1	pernode	worker-cs-4	Label-10	2000
1	pernode	worker-cs-4	Label-12	2001
1	pernode	worker-cs-4	Label-10	2001
1	pernode	worker-cs-4	Label-12	2000
1	pernode	worker-cs-4	Label-12	2001
1	pernode	worker-cs-4	Label-10	2001
1	pernode	worker-cs-4	Label-12	2002
1	pernode	worker-cs-4	Label-10	2001
1	pernode	worker-cs-4	Label-12	2002
1	pernode	worker-cs-4	Label-12	2001
1	pernode	worker-cs-4	Label-10	2001
1	pernode	worker-cs-4	Label-10	2001
1	pernode	worker-cs-4	Label-12	2001
1	pernode	worker-cs-4	Label-10	2001
1	pernode	worker-cs-4	Label-10	2000
1	pernode	worker-cs-4	Label-10	2000
1	pernode	worker-cs-4	Label-12	2002
1	pernode	worker-cs-4	Label-10	2001
1	pernode	worker-cs-4	Label-10	2001
1	pernode	worker-cs-4	Label-12	2001
1	pernode	worker-cs-4	Label-12	2001
1	pernode	worker-cs-4	Label-10	2002
1	pernode	worker-cs-4	Label-12	2001
1	pernode	worker-cs-4	Label-10	2001
1	pernode	worker-cs-4	Label-12	2001
1	pernode	worker-cs-4	Label-12	2001
1	pernode	worker-cs-4	Label-12	2001
1	pernode	worker-cs-4	Label-10	2001
1	pernode	worker-cs-4	Label-10	2000
1	pernode	worker-cs-4	Label-12	2001
1	pernode	worker-cs-4	Label-12	2000
1	pernode	worker-cs-4	Label-12	2000
1	pernode	worker-cs-4	Label-12	2002
1	pernode	worker-cs-4	Label-10	2001
1	pernode	worker-cs-4	Label-12	2001
1	pernode	worker-cs-4	Label-10	2001
1	pernode	worker-cs-4	Label-10	2001
1	pernode	worker-cs-4	Label-10	2001
1	pernode	worker-cs-4	Label-10	2001
1	pernode	worker-cs-4	Label-12	2001
1	pernode	worker-cs-4	Label-10	2001
1	pernode	worker-cs-4	Label-12	2000
1	pernode	worker-cs-4	Label-10	2002
1	pernode	worker-cs-4	Label-12	2002
1	pernode	worker-cs-4	Label-12	2001
1	pernode	worker-cs-4	Label-12	2002
1	pernode	worker-cs-4	Label-12	2001
1	pernode	worker-cs-4	Label-10	2001
1	pernode	worker-cs-4	Label-12	2001
1	pernode	worker-cs-4	Label-12	2000
1	pernode	worker-cs-4	Label-12	2000
1	pernode	worker-cs-4	Label-10	2002
1	pernode	worker-cs-4	Label-12	2000
1	pernode	worker-cs-4	Label-12	2002
1	pernode	worker-cs-4	Label-10	2001
1	pernode	worker-cs-4	Label-10	2001
1	pernode	worker-cs-4	Label-10	2001
1	pernode	worker-cs-4	Label-12	2001
1	pernode	worker-cs-4	Label-10	2001
1	pernode	worker-cs-4	Label-12	2001
1	pernode	worker-cs-4	Label-12	2001
1	pernode	worker-cs-4	Label-12	2000
1	pernode	worker-cs-4	Label-10	2001
1	pernode	worker-cs-4	Label-10	2001
1	pernode	worker-cs-4	Label-10	2001
1	pernode	worker-cs-4	Label-12	2002
1	pernode	worker-cs-4	Label-12	2002
1	pernode	worker-cs-4	Label-10	2001
1	pernode	worker-cs-4	Label-10	2001
1	pernode	worker-cs-4	Label-12	2000
1	pernode	worker-cs-4	Label-12	2000
1	pernode	worker-cs-4	Label-10	2000
1	pernode	worker-cs-4	Label-10	2000
1	pernode	worker-cs-4	Label-12	2001
1	pernode	worker-cs-4	Label-10	2001
1	pernode	worker-cs-4	Label-10	2001
1	pernode	worker-cs-4	Label-10	2001
1	pernode	worker-cs-4	Label-10	2001
1	pernode	worker-cs-4	Label-10	2001
1	pernode	worker-cs-4	Label-10	2001
1	pernode	worker-cs-4	Label-10	2003
1	pernode	worker-cs-4	Label-10	2001
1	pernode	worker-cs-4	Label-12	2001
1	pernode	worker-cs-4	Label-12	2001
1	pernode	worker-cs-4	Label-12	2001
1	pernode	worker-cs-4	Label-12	2001
1	pernode	worker-cs-4	Label-12	2001
1	pernode	worker-cs-4	Label-10	2002
1	pernode	worker-cs-4	Label-10	2000
1	pernode	worker-cs-4	Label-12	2001
1	pernode	worker-cs-4	Label-10	2001
1	pernode	worker-cs-4	Label-10	2001
1	pernode	worker-cs-4	Label-12	2002
1	pernode	worker-cs-4	Label-12	2001
1	pernode	worker-cs-4	Label-12	2001
1	pernode	worker-cs-4	Label-12	2002
1	pernode	worker-cs-4	Label-10	2001
1	pernode	worker-cs-4	Label-10	2000
1	pernode	worker-cs-4	Label-10	2001
1	pernode	worker-cs-4	Label-12	2001
1	pernode	worker-cs-4	Label-10	2000
1	pernode	worker-cs-4	Label-10	2001
1	pernode	worker-cs-4	Label-10	2001
1	pernode	worker-cs-4	Label-12	2001
1	pernode	worker-cs-4	Label-10	2001
1	pernode	worker-cs-4	Label-10	2001
1	pernode	worker-cs-4	Label-10	2000
1	pernode	worker-cs-4	Label-10	2000
1	pernode	worker-cs-4	Label-12	2002
1	pernode	worker-cs-4	Label-10	2001
1	pernode	worker-cs-4	Label-12	2001
1	pernode	worker-cs-4	Label-10	2001
1	pernode	worker-cs-4	Label-12	2000
1	pernode	worker-cs-4	Label-12	2001
1	pernode	worker-cs-4	Label-10	2002
1	pernode	worker-cs-4	Label-10	2001
1	pernode	worker-cs-4	Label-10	2002
1	pernode	worker-cs-4	Label-12	2002
1	pernode	worker-cs-4	Label-10	2001
1	pernode	worker-cs-4	Label-10	2001
1	pernode	worker-cs-4	Label-12	2001
1	pernode	worker-cs-4	Label-10	2002
1	pernode	worker-cs-4	Label-10	2001
1	pernode	worker-cs-4	Label-10	2002
1	pernode	worker-cs-4	Label-12	2001
1	pernode	worker-cs-4	Label-10	2002
1	pernode	worker-cs-4	Label-10	2001
1	pernode	worker-cs-4	Label-10	2001
1	pernode	worker-cs-4	Label-10	2002
1	pernode	worker-cs-4	Label-10	2001
1	pernode	worker-cs-4	Label-12	2001
1	pernode	worker-cs-4	Label-10	2000
1	pernode	worker-cs-4	Label-10	2002
1	pernode	worker-cs-4	Label-12	2000
1	pernode	worker-cs-4	Label-12	2001
1	pernode	worker-cs-4	Label-12	2002
1	pernode	worker-cs-4	Label-12	2001
1	pernode	worker-cs-4	Label-12	2000
1	pernode	worker-cs-4	Label-10	2002
1	pernode	worker-cs-4	Label-12	2001
1	pernode	worker-cs-4	Label-12	2001
1	pernode	worker-cs-4	Label-12	2002
1	pernode	worker-cs-4	Label-12	2002
1	pernode	worker-cs-4	Label-12	2001
1	pernode	worker-cs-4	Label-10	2001
1	pernode	worker-cs-4	Label-10	2000
1	pernode	worker-cs-4	Label-10	2001
1	pernode	worker-cs-4	Label-10	2001
1	pernode	worker-cs-4	Label-12	2001
1	pernode	worker-cs-4	Label-10	2001
1	pernode	worker-cs-4	Label-10	2001
1	pernode	worker-cs-4	Label-12	2001
1	pernode	worker-cs-4	Label-10	2001
1	pernode	worker-cs-4	Label-12	2001
1	pernode	worker-cs-4	Label-12	2001
1	pernode	worker-cs-4	Label-12	2000
1	pernode	worker-cs-4	Label-12	2002
1	pernode	worker-cs-4	Label-10	2001
1	pernode	worker-cs-4	Label-12	2002
1	pernode	worker-cs-4	Label-12	2002
1	pernode	worker-cs-4	Label-12	2002
1	pernode	worker-cs-4	Label-12	2000
1	pernode	worker-cs-4	Label-12	2001
1	pernode	worker-cs-4	Label-12	2001
1	pernode	worker-cs-4	Label-10	2001
1	pernode	worker-cs-4	Label-12	2000
1	pernode	worker-cs-4	Label-12	2000
1	pernode	worker-cs-4	Label-12	2001
1	pernode	worker-cs-4	Label-12	2002
1	pernode	worker-cs-4	Label-10	2000
1	pernode	worker-cs-4	Label-10	2002
1	pernode	worker-cs-4	Label-12	2002
1	pernode	worker-cs-4	Label-10	2001
1	pernode	worker-cs-4	Label-10	2002
1	pernode	worker-cs-4	Label-10	2000
1	pernode	worker-cs-4	Label-10	2002
1	pernode	worker-cs-4	Label-10	2001
1	pernode	worker-cs-4	Label-10	2001
1	pernode	worker-cs-4	Label-12	2001
1	pernode	worker-cs-4	Label-12	2001
1	pernode	worker-cs-4	Label-10	2000
1	pernode	worker-cs-4	Label-12	2001
1	pernode	worker-cs-4	Label-12	2000
1	pernode	worker-cs-4	Label-10	2001
1	pernode	worker-cs-4	Label-12	2001
1	pernode	worker-cs-4	Label-12	2000
1	pernode	worker-cs-4	Label-12	2001
1	pernode	worker-cs-4	Label-10	2002
1	pernode	worker-cs-4	Label-10	2001
1	pernode	worker-cs-4	Label-10	2001
1	pernode	worker-cs-4	Label-10	2001
1	pernode	worker-cs-4	Label-12	2001
1	pernode	worker-cs-4	Label-12	2000
1	pernode	worker-cs-4	Label-10	2001
1	pernode	worker-cs-4	Label-12	2000
1	pernode	worker-cs-4	Label-12	2001
1	pernode	worker-cs-4	Label-10	2000
1	pernode	worker-cs-4	Label-10	2001
1	pernode	worker-cs-4	Label-10	2000
1	pernode	worker-cs-4	Label-10	2000
1	pernode	worker-cs-4	Label-12	2001
1	pernode	worker-cs-4	Label-12	2001
1	pernode	worker-cs-4	Label-12	2001
1	pernode	worker-cs-4	Label-12	2001
1	pernode	worker-cs-4	Label-12	2001
1	pernode	worker-cs-4	Label-10	2001
1	pernode	worker-cs-4	Label-10	2002
1	pernode	worker-cs-4	Label-10	2001
1	pernode	worker-cs-4	Label-10	2002
1	pernode	worker-cs-4	Label-10	2001
1	pernode	worker-cs-4	Label-12	2001
1	pernode	worker-cs-4	Label-10	2000
1	pernode	worker-cs-4	Label-12	2001
1	pernode	worker-cs-4	Label-12	2002
1	pernode	worker-cs-4	Label-10	2001
1	pernode	worker-cs-4	Label-10	2001
1	pernode	worker-cs-4	Label-10	2000
1	pernode	worker-cs-4	Label-10	2001
1	pernode	worker-cs-4	Label-10	2000
1	pernode	worker-cs-4	Label-10	2001
1	pernode	worker-cs-4	Label-12	2000
1	pernode	worker-cs-4	Label-12	2001
1	pernode	worker-cs-4	Label-10	2002
1	pernode	worker-cs-4	Label-10	2002
1	pernode	worker-cs-4	Label-10	2002
1	pernode	worker-cs-4	Label-10	2001
1	pernode	worker-cs-4	Label-12	2001
1	pernode	worker-cs-4	Label-12	2001
1	pernode	worker-cs-4	Label-10	2000
1	pernode	worker-cs-4	Label-10	2001
1	pernode	worker-cs-4	Label-12	2001
1	pernode	worker-cs-4	Label-12	2000
1	pernode	worker-cs-4	Label-10	2001
1	pernode	worker-cs-4	Label-10	2001
1	pernode	worker-cs-4	Label-10	2002
1	pernode	worker-cs-4	Label-10	2000
1	pernode	worker-cs-4	Label-10	2001
1	pernode	worker-cs-4	Label-10	2001
1	pernode	worker-cs-4	Label-10	2002
1	pernode	worker-cs-4	Label-12	2000
1	pernode	worker-cs-4	Label-12	2002
1	pernode	worker-cs-4	Label-10	2000
1	pernode	worker-cs-4	Label-12	2001
1	pernode	worker-cs-4	Label-12	2001
1	pernode	worker-cs-4	Label-12	2001
1	pernode	worker-cs-4	Label-10	2001
1	pernode	worker-cs-4	Label-10	2001
1	pernode	worker-cs-4	Label-10	2001
1	pernode	worker-cs-4	Label-10	2001
1	pernode	worker-cs-4	Label-10	2001
1	pernode	worker-cs-4	Label-12	2000
1	pernode	worker-cs-4	Label-10	2001
1	pernode	worker-cs-4	Label-12	2001
1	pernode	worker-cs-4	Label-12	2002
1	pernode	worker-cs-4	Label-12	2001
1	pernode	worker-cs-4	Label-12	2000
1	pernode	worker-cs-4	Label-12	2001
1	pernode	worker-cs-4	Label-10	2001
1	pernode	worker-cs-4	Label-12	2001
1	pernode	worker-cs-4	Label-10	2000
1	pernode	worker-cs-4	Label-10	2002
1	pernode	worker-cs-4	Label-10	2001
1	pernode	worker-cs-4	Label-10	2001
1	pernode	worker-cs-4	Label-10	2000
1	pernode	worker-cs-4	Label-10	2002
1	pernode	worker-cs-4	Label-10	2001
1	pernode	worker-cs-4	Label-12	2001
1	pernode	worker-cs-4	Label-12	2001
1	pernode	worker-cs-4	Label-10	2001
1	pernode	worker-cs-4	Label-10	2002
1	pernode	worker-cs-4	Label-12	2001
1	pernode	worker-cs-4	Label-10	2001
1	pernode	worker-cs-4	Label-10	2001
1	pernode	worker-cs-4	Label-10	2001
1	pernode	worker-cs-4	Label-12	2001
1	pernode	worker-cs-4	Label-12	2000
1	pernode	worker-cs-4	Label-12	2000
1	pernode	worker-cs-4	Label-10	2000
1	pernode	worker-cs-4	Label-12	2001
1	pernode	worker-cs-4	Label-10	2001
1	pernode	worker-cs-4	Label-12	2002
1	pernode	worker-cs-4	Label-10	2001
1	pernode	worker-cs-4	Label-10	2001
1	pernode	worker-cs-4	Label-10	2001
1	pernode	worker-cs-4	Label-10	2003
1	pernode	worker-cs-4	Label-10	2000
1	pernode	worker-cs-4	Label-10	2001
1	pernode	worker-cs-4	Label-10	2001
1	pernode	worker-cs-4	Label-10	2001
1	pernode	worker-cs-4	Label-12	2001
1	pernode	worker-cs-4	Label-12	2001
1	pernode	worker-cs-4	Label-10	2000
1	pernode	worker-cs-4	Label-12	2001
1	pernode	worker-cs-4	Label-10	2001
1	pernode	worker-cs-4	Label-10	2001
1	pernode	worker-cs-4	Label-10	2001
1	pernode	worker-cs-4	Label-10	2000
1	pernode	worker-cs-4	Label-10	2000
1	pernode	worker-cs-4	Label-10	2000
1	pernode	worker-cs-4	Label-10	2001
1	pernode	worker-cs-4	Label-12	2001
1	pernode	worker-cs-4	Label-12	2001
1	pernode	worker-cs-4	Label-10	2001
1	pernode	worker-cs-4	Label-10	2000
1	pernode	worker-cs-4	Label-10	2001
1	pernode	worker-cs-4	Label-12	2001
1	pernode	worker-cs-4	Label-10	2001
1	pernode	worker-cs-4	Label-10	2001
1	pernode	worker-cs-4	Label-12	2001
1	pernode	worker-cs-4	Label-10	2001
1	pernode	worker-cs-4	Label-12	2001
1	pernode	worker-cs-4	Label-12	2002
1	pernode	worker-cs-4	Label-12	2001
1	pernode	worker-cs-4	Label-10	2002
1	pernode	worker-cs-4	Label-10	2001
1	pernode	worker-cs-4	Label-12	2001
1	pernode	worker-cs-4	Label-10	2001
1	pernode	worker-cs-4	Label-10	2001
1	pernode	worker-cs-4	Label-12	2000
1	pernode	worker-cs-4	Label-12	2001
1	pernode	worker-cs-4	Label-12	2001
1	pernode	worker-cs-4	Label-10	2001
1	pernode	worker-cs-4	Label-10	2001
1	pernode	worker-cs-4	Label-10	2000
1	pernode	worker-cs-4	Label-10	2000
1	pernode	worker-cs-4	Label-10	2001
1	pernode	worker-cs-4	Label-10	2001
1	pernode	worker-cs-4	Label-10	2001
1	pernode	worker-cs-4	Label-12	2001
1	pernode	worker-cs-4	Label-12	2000
1	pernode	worker-cs-4	Label-12	2001
1	pernode	worker-cs-4	Label-10	2001
1	pernode	worker-cs-4	Label-12	2001
1	pernode	worker-cs-4	Label-10	2000
1	pernode	worker-cs-4	Label-12	2000
1	pernode	worker-cs-4	Label-12	2002
1	pernode	worker-cs-4	Label-12	2001
1	pernode	worker-cs-4	Label-10	2000
1	pernode	worker-cs-4	Label-12	2001
1	pernode	worker-cs-4	Label-12	2000
1	pernode	worker-cs-4	Label-12	2002
1	pernode	worker-cs-4	Label-10	2001
1	pernode	worker-cs-4	Label-10	2001
1	pernode	worker-cs-4	Label-12	2001
1	pernode	worker-cs-4	Label-12	2001
1	pernode	worker-cs-4	Label-10	2001
1	pernode	worker-cs-4	Label-10	2001
1	pernode	worker-cs-4	Label-12	2002
1	pernode	worker-cs-4	Label-12	2001
1	pernode	worker-cs-4	Label-10	2002
1	pernode	worker-cs-4	Label-12	2000
1	pernode	worker-cs-4	Label-12	2001
1	pernode	worker-cs-4	Label-12	2000
1	pernode	worker-cs-4	Label-12	2002
1	pernode	worker-cs-4	Label-12	2002
1	pernode	worker-cs-4	Label-10	2001
1	pernode	worker-cs-4	Label-12	2001
1	pernode	worker-cs-4	Label-10	2002
1	pernode	worker-cs-4	Label-12	2001
1	pernode	worker-cs-4	Label-10	2001
1	pernode	worker-cs-4	Label-10	2000
1	pernode	worker-cs-4	Label-12	2002
1	pernode	worker-cs-4	Label-10	2001
1	pernode	worker-cs-4	Label-10	2002
1	pernode	worker-cs-4	Label-12	2001
1	pernode	worker-cs-4	Label-10	2001
1	pernode	worker-cs-4	Label-10	2002
1	pernode	worker-cs-4	Label-12	2000
1	pernode	worker-cs-4	Label-10	2000
1	pernode	worker-cs-4	Label-12	2001
1	pernode	worker-cs-4	Label-12	2001
1	pernode	worker-cs-4	Label-10	2001
1	pernode	worker-cs-4	Label-10	2001
1	pernode	worker-cs-4	Label-12	2001
1	pernode	worker-cs-4	Label-10	2001
1	pernode	worker-cs-4	Label-12	2002
1	pernode	worker-cs-4	Label-10	2000
1	pernode	worker-cs-4	Label-12	2001
1	pernode	worker-cs-4	Label-12	2000
1	pernode	worker-cs-4	Label-12	2001
1	pernode	worker-cs-4	Label-10	2004
1	pernode	worker-cs-4	Label-10	2000
1	pernode	worker-cs-4	Label-12	2001
1	pernode	worker-cs-4	Label-10	2001
1	pernode	worker-cs-4	Label-12	2001
1	pernode	worker-cs-4	Label-12	2001
1	pernode	worker-cs-4	Label-12	2000
1	pernode	worker-cs-4	Label-12	2001
1	pernode	worker-cs-4	Label-10	2002
1	pernode	worker-cs-4	Label-12	2001
1	pernode	worker-cs-4	Label-10	2002
1	pernode	worker-cs-4	Label-12	2001
1	pernode	worker-cs-4	Label-12	2001
1	pernode	worker-cs-4	Label-12	2001
1	pernode	worker-cs-4	Label-12	2000
1	pernode	worker-cs-4	Label-10	2001
1	pernode	worker-cs-4	Label-10	2000
1	pernode	worker-cs-4	Label-10	2000
1	pernode	worker-cs-4	Label-12	2001
1	pernode	worker-cs-4	Label-12	2001
1	pernode	worker-cs-4	Label-12	2001
1	pernode	worker-cs-5	Label-05	2003
1	pernode	worker-cs-5	Label-07	2001
1	pernode	worker-cs-5	Label-05	2002
1	pernode	worker-cs-5	Label-07	2003
1	pernode	worker-cs-5	Label-05	2002
1	pernode	worker-cs-5	Label-05	2001
1	pernode	worker-cs-5	Label-05	2002
1	pernode	worker-cs-5	Label-07	2001
1	pernode	worker-cs-5	Label-05	2001
1	pernode	worker-cs-5	Label-07	2002
1	pernode	worker-cs-5	Label-05	2002
1	pernode	worker-cs-5	Label-07	2002
1	pernode	worker-cs-5	Label-05	2001
1	pernode	worker-cs-5	Label-07	2001
1	pernode	worker-cs-5	Label-14	2002
1	pernode	worker-cs-5	Label-05	2001
1	pernode	worker-cs-5	Label-05	2002
1	pernode	worker-cs-5	Label-05	2002
1	pernode	worker-cs-5	Label-14	2001
1	pernode	worker-cs-5	Label-07	2003
1	pernode	worker-cs-5	Label-07	2001
1	pernode	worker-cs-5	Label-07	2001
1	pernode	worker-cs-5	Label-05	2002
1	pernode	worker-cs-5	Label-05	2002
1	pernode	worker-cs-5	Label-14	2002
1	pernode	worker-cs-5	Label-14	2002
1	pernode	worker-cs-5	Label-05	2002
1	pernode	worker-cs-5	Label-05	2001
1	pernode	worker-cs-5	Label-05	2002
1	pernode	worker-cs-5	Label-14	2002
1	pernode	worker-cs-5	Label-05	2002
1	pernode	worker-cs-5	Label-05	2002
1	pernode	worker-cs-5	Label-05	2002
1	pernode	worker-cs-5	Label-14	2002
1	pernode	worker-cs-5	Label-14	2002
1	pernode	worker-cs-5	Label-05	2002
1	pernode	worker-cs-5	Label-07	2002
1	pernode	worker-cs-5	Label-07	2002
1	pernode	worker-cs-5	Label-05	2002
1	pernode	worker-cs-5	Label-05	2001
1	pernode	worker-cs-5	Label-05	2002
1	pernode	worker-cs-5	Label-07	2002
1	pernode	worker-cs-5	Label-14	2002
1	pernode	worker-cs-5	Label-07	2002
1	pernode	worker-cs-5	Label-05	2001
1	pernode	worker-cs-5	Label-05	2001
1	pernode	worker-cs-5	Label-07	2002
1	pernode	worker-cs-5	Label-05	2001
1	pernode	worker-cs-5	Label-05	2002
1	pernode	worker-cs-5	Label-07	2001
1	pernode	worker-cs-5	Label-07	2002
1	pernode	worker-cs-5	Label-14	2002
1	pernode	worker-cs-5	Label-05	2002
1	pernode	worker-cs-5	Label-07	2002
1	pernode	worker-cs-5	Label-14	2001
1	pernode	worker-cs-5	Label-14	180002
1	pernode	worker-cs-5	Label-07	2001
1	pernode	worker-cs-5	Label-14	2002
1	pernode	worker-cs-5	Label-07	2003
1	pernode	worker-cs-5	Label-05	2003
1	pernode	worker-cs-5	Label-07	2002
1	pernode	worker-cs-5	Label-14	2002
1	pernode	worker-cs-5	Label-05	2002
1	pernode	worker-cs-5	Label-07	2001
1	pernode	worker-cs-5	Label-14	2002
1	pernode	worker-cs-5	Label-07	2002
1	pernode	worker-cs-5	Label-05	2003
1	pernode	worker-cs-5	Label-07	2001
1	pernode	worker-cs-5	Label-05	2002
1	pernode	worker-cs-5	Label-14	2002
1	pernode	worker-cs-5	Label-05	2003
1	pernode	worker-cs-5	Label-05	2002
1	pernode	worker-cs-5	Label-14	2002
1	pernode	worker-cs-5	Label-14	2002
1	pernode	worker-cs-5	Label-07	2002
1	pernode	worker-cs-5	Label-07	2002
1	pernode	worker-cs-5	Label-07	2002
1	pernode	worker-cs-5	Label-07	2002
1	pernode	worker-cs-5	Label-05	2002
1	pernode	worker-cs-5	Label-07	2002
1	pernode	worker-cs-5	Label-14	2002
1	pernode	worker-cs-5	Label-14	2003
1	pernode	worker-cs-5	Label-07	2002
1	pernode	worker-cs-5	Label-05	2002
1	pernode	worker-cs-5	Label-05	2002
1	pernode	worker-cs-5	Label-05	2002
1	pernode	worker-cs-5	Label-07	2001
1	pernode	worker-cs-5	Label-07	2001
1	pernode	worker-cs-5	Label-05	2002
1	pernode	worker-cs-5	Label-05	2003
1	pernode	worker-cs-5	Label-07	2001
1	pernode	worker-cs-5	Label-05	2002
1	pernode	worker-cs-5	Label-14	2002
1	pernode	worker-cs-5	Label-14	2001
1	pernode	worker-cs-5	Label-07	2001
1	pernode	worker-cs-5	Label-05	2002
1	pernode	worker-cs-5	Label-14	2002
1	pernode	worker-cs-5	Label-07	2002
1	pernode	worker-cs-5	Label-05	2001
1	pernode	worker-cs-5	Label-05	2002
1	pernode	worker-cs-5	Label-07	2002
1	pernode	worker-cs-5	Label-14	2002
1	pernode	worker-cs-5	Label-05	2002
1	pernode	worker-cs-5	Label-05	2002
1	pernode	worker-cs-5	Label-14	2001
1	pernode	worker-cs-5	Label-07	2001
1	pernode	worker-cs-5	Label-05	2003
1	pernode	worker-cs-5	Label-05	2001
1	pernode	worker-cs-5	Label-07	2001
1	pernode	worker-cs-5	Label-14	2001
1	pernode	worker-cs-5	Label-07	2002
1	pernode	worker-cs-5	Label-05	2001
1	pernode	worker-cs-5	Label-14	2002
1	pernode	worker-cs-5	Label-07	2002
1	pernode	worker-cs-5	Label-05	2002
1	pernode	worker-cs-5	Label-07	2002
1	pernode	worker-cs-5	Label-05	2001
1	pernode	worker-cs-5	Label-14	2001
1	pernode	worker-cs-5	Label-14	2002
1	pernode	worker-cs-5	Label-05	2002
1	pernode	worker-cs-5	Label-05	2001
1	pernode	worker-cs-5	Label-07	2001
1	pernode	worker-cs-5	Label-14	2002
1	pernode	worker-cs-5	Label-07	2001
1	pernode	worker-cs-5	Label-05	2002
1	pernode	worker-cs-5	Label-07	2002
1	pernode	worker-cs-5	Label-05	2002
1	pernode	worker-cs-5	Label-05	2001
1	pernode	worker-cs-5	Label-05	2002
1	pernode	worker-cs-5	Label-05	2002
1	pernode	worker-cs-5	Label-05	2002
1	pernode	worker-cs-5	Label-05	2001
1	pernode	worker-cs-5	Label-07	2001
1	pernode	worker-cs-5	Label-05	2001
1	pernode	worker-cs-5	Label-05	2002
1	pernode	worker-cs-5	Label-07	2002
1	pernode	worker-cs-5	Label-07	2002
1	pernode	worker-cs-5	Label-07	2002
1	pernode	worker-cs-5	Label-05	2002
1	pernode	worker-cs-5	Label-07	2003
1	pernode	worker-cs-5	Label-05	2001
1	pernode	worker-cs-5	Label-05	2001
1	pernode	worker-cs-5	Label-07	2002
1	pernode	worker-cs-5	Label-05	2002
1	pernode	worker-cs-5	Label-14	2002
1	pernode	worker-cs-5	Label-14	2001
1	pernode	worker-cs-5	Label-07	2003
1	pernode	worker-cs-5	Label-05	2002
1	pernode	worker-cs-5	Label-05	2001
1	pernode	worker-cs-5	Label-05	2001
1	pernode	worker-cs-5	Label-07	2000
1	pernode	worker-cs-5	Label-07	2001
1	pernode	worker-cs-5	Label-14	2001
1	pernode	worker-cs-5	Label-07	2002
1	pernode	worker-cs-5	Label-05	2002
1	pernode	worker-cs-5	Label-05	2002
1	pernode	worker-cs-5	Label-14	2001
1	pernode	worker-cs-5	Label-14	2001
1	pernode	worker-cs-5	Label-05	2002
1	pernode	worker-cs-5	Label-05	2002
1	pernode	worker-cs-5	Label-07	2002
1	pernode	worker-cs-5	Label-05	2001
1	pernode	worker-cs-5	Label-07	2001
1	pernode	worker-cs-5	Label-05	2003
1	pernode	worker-cs-5	Label-05	2002
1	pernode	worker-cs-5	Label-14	2001
1	pernode	worker-cs-5	Label-07	2002
1	pernode	worker-cs-5	Label-05	2001
1	pernode	worker-cs-5	Label-14	2002
1	pernode	worker-cs-5	Label-05	2002
1	pernode	worker-cs-5	Label-05	2002
1	pernode	worker-cs-5	Label-07	2002
1	pernode	worker-cs-5	Label-05	2002
1	pernode	worker-cs-5	Label-14	2001
1	pernode	worker-cs-5	Label-07	2002
1	pernode	worker-cs-5	Label-05	2002
1	pernode	worker-cs-5	Label-14	2001
1	pernode	worker-cs-5	Label-14	2002
1	pernode	worker-cs-5	Label-05	2003
1	pernode	worker-cs-5	Label-07	2002
1	pernode	worker-cs-5	Label-05	2002
1	pernode	worker-cs-5	Label-05	2002
1	pernode	worker-cs-5	Label-05	2002
1	pernode	worker-cs-5	Label-14	2003
1	pernode	worker-cs-5	Label-05	2002
1	pernode	worker-cs-5	Label-14	2002
1	pernode	worker-cs-5	Label-14	2002
1	pernode	worker-cs-5	Label-14	2002
1	pernode	worker-cs-5	Label-07	2002
1	pernode	worker-cs-5	Label-14	2001
1	pernode	worker-cs-5	Label-07	2001
1	pernode	worker-cs-5	Label-07	2002
1	pernode	worker-cs-5	Label-05	2003
1	pernode	worker-cs-5	Label-05	2001
1	pernode	worker-cs-5	Label-05	2003
1	pernode	worker-cs-5	Label-07	2002
1	pernode	worker-cs-5	Label-05	2002
1	pernode	worker-cs-5	Label-05	2002
1	pernode	worker-cs-5	Label-05	2003
1	pernode	worker-cs-5	Label-07	2001
1	pernode	worker-cs-5	Label-14	2002
1	pernode	worker-cs-5	Label-14	2001
1	pernode	worker-cs-5	Label-14	2002
1	pernode	worker-cs-5	Label-07	2002
1	pernode	worker-cs-5	Label-07	2001
1	pernode	worker-cs-5	Label-05	2002
1	pernode	worker-cs-5	Label-07	2001
1	pernode	worker-cs-5	Label-05	2004
1	pernode	worker-cs-5	Label-14	2003
1	pernode	worker-cs-5	Label-07	2002
1	pernode	worker-cs-5	Label-07	2002
1	pernode	worker-cs-5	Label-07	2002
1	pernode	worker-cs-5	Label-05	2001
1	pernode	worker-cs-5	Label-07	2004
1	pernode	worker-cs-5	Label-07	2001
1	pernode	worker-cs-5	Label-07	2002
1	pernode	worker-cs-5	Label-14	2002
1	pernode	worker-cs-5	Label-05	2002
1	pernode	worker-cs-5	Label-14	2002
1	pernode	worker-cs-5	Label-07	2003
1	pernode	worker-cs-5	Label-05	2000
1	pernode	worker-cs-5	Label-05	2002
1	pernode	worker-cs-5	Label-07	2002
1	pernode	worker-cs-5	Label-05	2003
1	pernode	worker-cs-5	Label-05	2002
1	pernode	worker-cs-5	Label-05	2001
1	pernode	worker-cs-5	Label-05	2002
1	pernode	worker-cs-5	Label-05	2002
1	pernode	worker-cs-5	Label-14	2002
1	pernode	worker-cs-5	Label-07	2002
1	pernode	worker-cs-5	Label-05	2001
1	pernode	worker-cs-5	Label-14	2001
1	pernode	worker-cs-5	Label-14	2002
1	pernode	worker-cs-5	Label-05	2001
1	pernode	worker-cs-5	Label-07	2002
1	pernode	worker-cs-5	Label-14	2002
1	pernode	worker-cs-5	Label-07	2002
1	pernode	worker-cs-5	Label-05	2002
1	pernode	worker-cs-5	Label-05	2002
1	pernode	worker-cs-5	Label-14	2002
1	pernode	worker-cs-5	Label-14	2002
1	pernode	worker-cs-5	Label-14	2003
1	pernode	worker-cs-5	Label-07	2001
1	pernode	worker-cs-5	Label-05	2002
1	pernode	worker-cs-5	Label-05	2002
1	pernode	worker-cs-5	Label-05	2001
1	pernode	worker-cs-5	Label-07	2001
1	pernode	worker-cs-5	Label-05	2001
1	pernode	worker-cs-5	Label-05	2002
1	pernode	worker-cs-5	Label-07	2002
1	pernode	worker-cs-5	Label-07	2002
1	pernode	worker-cs-5	Label-07	2002
1	pernode	worker-cs-5	Label-05	2001
1	pernode	worker-cs-5	Label-07	2002
1	pernode	worker-cs-5	Label-05	2002
1	pernode	worker-cs-5	Label-05	2002
1	pernode	worker-cs-5	Label-07	2001
1	pernode	worker-cs-5	Label-14	2002
1	pernode	worker-cs-5	Label-05	2002
1	pernode	worker-cs-5	Label-14	2001
1	pernode	worker-cs-5	Label-05	2002
1	pernode	worker-cs-5	Label-07	2002
1	pernode	worker-cs-5	Label-07	2002
1	pernode	worker-cs-5	Label-14	2002
1	pernode	worker-cs-5	Label-14	2002
1	pernode	worker-cs-5	Label-14	2002
1	pernode	worker-cs-5	Label-14	2001
1	pernode	worker-cs-5	Label-07	2001
1	pernode	worker-cs-5	Label-07	2002
1	pernode	worker-cs-5	Label-07	2002
1	pernode	worker-cs-5	Label-05	2002
1	pernode	worker-cs-5	Label-05	2002
1	pernode	worker-cs-5	Label-05	2001
1	pernode	worker-cs-5	Label-14	2001
1	pernode	worker-cs-5	Label-05	2002
1	pernode	worker-cs-5	Label-07	2002
1	pernode	worker-cs-5	Label-07	2001
1	pernode	worker-cs-5	Label-05	2002
1	pernode	worker-cs-5	Label-07	2002
1	pernode	worker-cs-5	Label-07	2002
1	pernode	worker-cs-5	Label-07	2002
1	pernode	worker-cs-5	Label-05	2001
1	pernode	worker-cs-5	Label-14	2002
1	pernode	worker-cs-5	Label-07	2001
1	pernode	worker-cs-5	Label-05	2002
1	pernode	worker-cs-5	Label-07	2003
1	pernode	worker-cs-5	Label-07	2001
1	pernode	worker-cs-5	Label-14	2001
1	pernode	worker-cs-5	Label-14	2003
1	pernode	worker-cs-5	Label-14	2002
1	pernode	worker-cs-5	Label-05	2002
1	pernode	worker-cs-5	Label-07	2002
1	pernode	worker-cs-5	Label-05	2002
1	pernode	worker-cs-5	Label-07	2002
1	pernode	worker-cs-5	Label-05	2003
1	pernode	worker-cs-5	Label-14	2002
1	pernode	worker-cs-5	Label-07	2005
1	pernode	worker-cs-5	Label-07	2002
1	pernode	worker-cs-5	Label-07	2002
1	pernode	worker-cs-5	Label-05	2002
1	pernode	worker-cs-5	Label-05	2002
1	pernode	worker-cs-5	Label-07	2002
1	pernode	worker-cs-5	Label-05	2002
1	pernode	worker-cs-5	Label-05	2001
1	pernode	worker-cs-5	Label-07	2003
1	pernode	worker-cs-5	Label-05	2002
1	pernode	worker-cs-5	Label-07	2001
1	pernode	worker-cs-5	Label-05	2002
1	pernode	worker-cs-5	Label-07	2000
1	pernode	worker-cs-5	Label-07	2002
1	pernode	worker-cs-5	Label-05	2003
1	pernode	worker-cs-5	Label-07	2001
1	pernode	worker-cs-5	Label-07	2002
1	pernode	worker-cs-5	Label-07	2001
1	pernode	worker-cs-5	Label-05	2001
1	pernode	worker-cs-5	Label-05	2001
1	pernode	worker-cs-5	Label-05	2002
1	pernode	worker-cs-5	Label-14	2002
1	pernode	worker-cs-5	Label-05	2002
1	pernode	worker-cs-5	Label-05	2002
1	pernode	worker-cs-5	Label-07	2003
1	pernode	worker-cs-5	Label-07	2002
1	pernode	worker-cs-5	Label-07	2002
1	pernode	worker-cs-5	Label-07	2002
1	pernode	worker-cs-5	Label-05	2002
1	pernode	worker-cs-5	Label-05	2001
1	pernode	worker-cs-5	Label-05	2002
1	pernode	worker-cs-5	Label-07	2002
1	pernode	worker-cs-5	Label-07	2001
1	pernode	worker-cs-5	Label-05	2001
1	pernode	worker-cs-5	Label-07	2001
1	pernode	worker-cs-5	Label-05	2003
1	pernode	worker-cs-5	Label-05	2001
1	pernode	worker-cs-5	Label-05	2002
1	pernode	worker-cs-5	Label-07	2002
1	pernode	worker-cs-5	Label-07	2002
1	pernode	worker-cs-5	Label-14	2002
1	pernode	worker-cs-5	Label-07	2003
1	pernode	worker-cs-5	Label-14	2001
1	pernode	worker-cs-5	Label-07	2000
1	pernode	worker-cs-5	Label-07	2001
1	pernode	worker-cs-5	Label-05	2002
1	pernode	worker-cs-5	Label-07	2002
1	pernode	worker-cs-5	Label-05	2001
1	pernode	worker-cs-5	Label-07	2002
1	pernode	worker-cs-5	Label-14	2002
1	pernode	worker-cs-5	Label-07	2001
1	pernode	worker-cs-5	Label-05	2002
1	pernode	worker-cs-5	Label-05	2002
1	pernode	worker-cs-5	Label-07	2001
1	pernode	worker-cs-5	Label-07	2002
1	pernode	worker-cs-5	Label-05	2002
1	pernode	worker-cs-5	Label-07	2001
1	pernode	worker-cs-5	Label-07	2002
1	pernode	worker-cs-5	Label-14	2001
1	pernode	worker-cs-5	Label-05	2002
1	pernode	worker-cs-5	Label-05	2001
1	pernode	worker-cs-5	Label-05	2003
1	pernode	worker-cs-5	Label-14	2001
1	pernode	worker-cs-5	Label-05	2001
1	pernode	worker-cs-5	Label-07	2001
1	pernode	worker-cs-5	Label-14	2001
1	pernode	worker-cs-5	Label-05	2002
1	pernode	worker-cs-5	Label-07	2001
1	pernode	worker-cs-5	Label-14	2002
1	pernode	worker-cs-5	Label-14	2002
1	pernode	worker-cs-5	Label-07	2002
1	pernode	worker-cs-5	Label-14	2002
1	pernode	worker-cs-5	Label-07	2002
1	pernode	worker-cs-5	Label-07	2002
1	pernode	worker-cs-5	Label-05	2001
1	pernode	worker-cs-5	Label-05	2002
1	pernode	worker-cs-5	Label-05	2002
1	pernode	worker-cs-5	Label-07	2003
1	pernode	worker-cs-5	Label-07	2001
1	pernode	worker-cs-5	Label-07	2002
1	pernode	worker-cs-5	Label-14	2001
1	pernode	worker-cs-5	Label-07	2002
1	pernode	worker-cs-5	Label-07	2003
1	pernode	worker-cs-5	Label-07	2002
1	pernode	worker-cs-5	Label-07	2002
1	pernode	worker-cs-5	Label-14	2001
1	pernode	worker-cs-5	Label-07	2001
1	pernode	worker-cs-5	Label-05	2001
1	pernode	worker-cs-5	Label-05	2001
1	pernode	worker-cs-5	Label-07	2001
1	pernode	worker-cs-5	Label-14	2001
1	pernode	worker-cs-5	Label-05	2002
1	pernode	worker-cs-5	Label-05	2001
1	pernode	worker-cs-5	Label-07	2001
1	pernode	worker-cs-5	Label-07	2002
1	pernode	worker-cs-5	Label-07	2001
1	pernode	worker-cs-5	Label-05	2002
1	pernode	worker-cs-5	Label-05	2001
1	pernode	worker-cs-5	Label-14	2002
1	pernode	worker-cs-5	Label-07	2002
1	pernode	worker-cs-5	Label-14	2002
1	pernode	worker-cs-5	Label-07	2002
1	pernode	worker-cs-5	Label-14	2001
1	pernode	worker-cs-5	Label-14	2004
1	pernode	worker-cs-5	Label-05	2001
1	pernode	worker-cs-5	Label-05	2001
1	pernode	worker-cs-5	Label-05	2001
1	pernode	worker-cs-5	Label-05	2002
1	pernode	worker-cs-5	Label-05	2001
1	pernode	worker-cs-5	Label-05	2002
1	pernode	worker-cs-5	Label-14	2002
1	pernode	worker-cs-5	Label-05	2002
1	pernode	worker-cs-5	Label-07	2001
1	pernode	worker-cs-5	Label-07	2002
1	pernode	worker-cs-5	Label-05	2002
1	pernode	worker-cs-5	Label-07	2002
1	pernode	worker-cs-5	Label-07	2002
1	pernode	worker-cs-5	Label-07	2002
1	pernode	worker-cs-5	Label-07	2003
1	pernode	worker-cs-5	Label-07	2002
1	pernode	worker-cs-5	Label-14	2001
1	pernode	worker-cs-5	Label-07	2001
1	pernode	worker-cs-5	Label-14	2002
1	pernode	worker-cs-5	Label-05	2001
1	pernode	worker-cs-5	Label-05	2001
1	pernode	worker-cs-5	Label-05	2002
1	pernode	worker-cs-5	Label-07	2002
1	pernode	worker-cs-5	Label-05	2002
1	pernode	worker-cs-5	Label-07	2001
1	pernode	worker-cs-5	Label-05	2002
1	pernode	worker-cs-5	Label-14	2002
1	pernode	worker-cs-5	Label-14	2001
1	pernode	worker-cs-5	Label-14	2001
1	pernode	worker-cs-5	Label-07	2002
1	pernode	worker-cs-5	Label-05	2002
1	pernode	worker-cs-5	Label-07	2001
1	pernode	worker-cs-5	Label-05	2002
1	pernode	worker-cs-5	Label-07	2002
1	pernode	worker-cs-5	Label-05	2001
1	pernode	worker-cs-5	Label-07	2002
1	pernode	worker-cs-5	Label-05	2002
1	pernode	worker-cs-5	Label-07	2000
1	pernode	worker-cs-5	Label-14	2001
1	pernode	worker-cs-5	Label-05	2001
1	pernode	worker-cs-5	Label-14	2001
1	pernode	worker-cs-5	Label-05	2003
1	pernode	worker-cs-5	Label-07	2002
1	pernode	worker-cs-5	Label-05	2002
1	pernode	worker-cs-5	Label-07	2001
1	pernode	worker-cs-5	Label-05	2001
1	pernode	worker-cs-5	Label-05	2001
1	pernode	worker-cs-5	Label-07	2001
1	pernode	worker-cs-5	Label-05	2001
1	pernode	worker-cs-5	Label-14	2002
1	pernode	worker-cs-5	Label-05	2002
1	pernode	worker-cs-5	Label-05	2002
1	pernode	worker-cs-5	Label-05	2002
1	pernode	worker-cs-5	Label-05	2001
1	pernode	worker-cs-5	Label-07	2002
1	pernode	worker-cs-5	Label-05	2002
1	pernode	worker-cs-5	Label-07	2003
1	pernode	worker-cs-5	Label-07	2001
1	pernode	worker-cs-5	Label-07	2001
1	pernode	worker-cs-5	Label-05	2001
1	pernode	worker-cs-5	Label-07	2002
1	pernode	worker-cs-5	Label-05	2001
1	pernode	worker-cs-5	Label-07	2002
1	pernode	worker-cs-5	Label-14	2002
1	pernode	worker-cs-5	Label-14	2001
1	pernode	worker-cs-5	Label-07	2002
1	pernode	worker-cs-5	Label-07	2001
1	pernode	worker-cs-5	Label-05	2001
1	pernode	worker-cs-5	Label-05	2002
1	pernode	worker-cs-5	Label-05	2002
1	pernode	worker-cs-5	Label-07	2002
1	pernode	worker-cs-5	Label-05	2001
1	pernode	worker-cs-5	Label-14	2002
1	pernode	worker-cs-5	Label-14	2002
1	pernode	worker-cs-5	Label-05	2001
1	pernode	worker-cs-5	Label-14	2002
1	pernode	worker-cs-5	Label-05	2002
1	pernode	worker-cs-5	Label-05	2002
1	pernode	worker-cs-5	Label-07	2002
1	pernode	worker-cs-5	Label-05	2002
1	pernode	worker-cs-5	Label-05	2002
1	pernode	worker-cs-5	Label-05	2002
1	pernode	worker-cs-5	Label-14	2001
1	pernode	worker-cs-5	Label-07	2002
1	pernode	worker-cs-5	Label-07	2001
1	pernode	worker-cs-5	Label-05	2002
1	pernode	worker-cs-5	Label-07	2001
1	pernode	worker-cs-5	Label-05	2001
1	pernode	worker-cs-5	Label-07	2002
1	pernode	worker-cs-5	Label-14	2001
1	pernode	worker-cs-5	Label-14	2002
1	pernode	worker-cs-5	Label-05	2001
1	pernode	worker-cs-5	Label-07	2002
1	pernode	worker-cs-5	Label-05	2002
1	pernode	worker-cs-5	Label-07	2001
1	pernode	worker-cs-5	Label-14	2002
1	pernode	worker-cs-5	Label-07	2002
1	pernode	worker-cs-5	Label-07	2001
1	pernode	worker-cs-5	Label-14	2002
1	pernode	worker-cs-5	Label-05	2002
1	pernode	worker-cs-5	Label-07	2002
1	pernode	worker-cs-5	Label-07	2002
1	pernode	worker-cs-5	Label-14	2001
1	pernode	worker-cs-5	Label-07	2003
1	pernode	worker-cs-5	Label-05	2001
1	pernode	worker-cs-5	Label-05	2001
1	pernode	worker-cs-5	Label-05	2002
1	pernode	worker-cs-5	Label-14	2002
1	pernode	worker-cs-5	Label-14	2004
1	pernode	worker-cs-5	Label-07	2002
1	pernode	worker-cs-5	Label-05	2001
1	pernode	worker-cs-5	Label-14	2002
1	pernode	worker-cs-5	Label-07	2002
1	pernode	worker-cs-5	Label-05	2001
1	pernode	worker-cs-5	Label-14	2001
1	pernode	worker-cs-5	Label-14	2001
1	pernode	worker-cs-5	Label-07	2002
1	pernode	worker-cs-5	Label-07	2002
1	pernode	worker-cs-5	Label-07	2001
1	pernode	worker-cs-5	Label-07	2002
1	pernode	worker-cs-5	Label-05	2020
1	pernode	worker-cs-5	Label-07	2002
1	pernode	worker-cs-5	Label-05	2002
1	pernode	worker-cs-5	Label-05	2002
1	pernode	worker-cs-5	Label-14	2002
1	pernode	worker-cs-6	Label-08	2002
1	pernode	worker-cs-6	Label-08	2001
1	pernode	worker-cs-6	Label-08	2001
1	pernode	worker-cs-6	Label-08	45001
1	pernode	worker-cs-6	Label-08	2002
1	pernode	worker-cs-6	Label-08	2001
1	pernode	worker-cs-6	Label-08	2002
1	pernode	worker-cs-6	Label-08	2002
1	pernode	worker-cs-6	Label-08	2003
1	pernode	worker-cs-6	Label-08	2000
1	pernode	worker-cs-6	Label-08	2001
1	pernode	worker-cs-6	Label-08	2001
1	pernode	worker-cs-6	Label-08	2001
1	pernode	worker-cs-6	Label-08	2000
1	pernode	worker-cs-6	Label-08	2001
1	pernode	worker-cs-6	Label-08	2001
1	pernode	worker-cs-6	Label-08	2001
1	pernode	worker-cs-6	Label-08	2001
1	pernode	worker-cs-6	Label-08	2001
1	pernode	worker-cs-6	Label-08	2000
1	pernode	worker-cs-6	Label-08	2001
1	pernode	worker-cs-6	Label-08	2001
1	pernode	worker-cs-6	Label-08	2001
1	pernode	worker-cs-6	Label-08	2001
1	pernode	worker-cs-6	Label-08	2002
1	pernode	worker-cs-6	Label-08	2000
1	pernode	worker-cs-6	Label-08	2001
1	pernode	worker-cs-6	Label-08	2002
1	pernode	worker-cs-6	Label-08	2002
1	pernode	worker-cs-6	Label-08	2001
1	pernode	worker-cs-6	Label-08	2001
1	pernode	worker-cs-6	Label-08	2001
1	pernode	worker-cs-6	Label-08	2002
1	pernode	worker-cs-6	Label-08	2001
1	pernode	worker-cs-6	Label-08	2001
1	pernode	worker-cs-6	Label-08	2001
1	pernode	worker-cs-6	Label-08	2001
1	pernode	worker-cs-6	Label-08	2001
1	pernode	worker-cs-6	Label-08	2001
1	pernode	worker-cs-6	Label-08	2001
1	pernode	worker-cs-6	Label-08	2001
1	pernode	worker-cs-6	Label-08	2001
1	pernode	worker-cs-6	Label-08	2002
1	pernode	worker-cs-6	Label-08	2001
1	pernode	worker-cs-6	Label-08	2001
1	pernode	worker-cs-6	Label-08	1999
1	pernode	worker-cs-6	Label-08	2000
1	pernode	worker-cs-6	Label-08	2001
1	pernode	worker-cs-6	Label-08	2000
1	pernode	worker-cs-6	Label-08	2002
1	pernode	worker-cs-6	Label-08	2001
1	pernode	worker-cs-6	Label-08	2001
1	pernode	worker-cs-6	Label-08	2000
1	pernode	worker-cs-6	Label-08	2000
1	pernode	worker-cs-6	Label-08	2001
1	pernode	worker-cs-6	Label-08	2000
1	pernode	worker-cs-6	Label-08	2001
1	pernode	worker-cs-6	Label-08	2001
1	pernode	worker-cs-6	Label-08	2000
1	pernode	worker-cs-6	Label-08	2001
1	pernode	worker-cs-6	Label-08	2001
1	pernode	worker-cs-6	Label-08	2001
1	pernode	worker-cs-6	Label-08	2001
1	pernode	worker-cs-6	Label-08	2001
1	pernode	worker-cs-6	Label-08	2001
1	pernode	worker-cs-6	Label-08	2000
1	pernode	worker-cs-6	Label-08	2000
1	pernode	worker-cs-6	Label-08	2001
1	pernode	worker-cs-6	Label-08	2000
1	pernode	worker-cs-6	Label-08	2001
1	pernode	worker-cs-6	Label-08	2001
1	pernode	worker-cs-6	Label-08	2001
1	pernode	worker-cs-6	Label-08	2001
1	pernode	worker-cs-6	Label-08	2001
1	pernode	worker-cs-6	Label-08	2001
1	pernode	worker-cs-6	Label-08	2001
1	pernode	worker-cs-6	Label-08	2001
1	pernode	worker-cs-6	Label-08	2001
1	pernode	worker-cs-6	Label-08	2002
1	pernode	worker-cs-6	Label-08	2001
1	pernode	worker-cs-6	Label-08	2001
1	pernode	worker-cs-6	Label-08	2001
1	pernode	worker-cs-6	Label-08	2001
1	pernode	worker-cs-6	Label-08	2000
1	pernode	worker-cs-6	Label-08	2001
1	pernode	worker-cs-6	Label-08	2001
1	pernode	worker-cs-6	Label-08	2001
1	pernode	worker-cs-6	Label-08	2001
1	pernode	worker-cs-6	Label-08	2000
1	pernode	worker-cs-6	Label-08	2001
1	pernode	worker-cs-6	Label-08	2001
1	pernode	worker-cs-6	Label-08	2001
1	pernode	worker-cs-6	Label-08	2001
1	pernode	worker-cs-6	Label-08	2000
1	pernode	worker-cs-6	Label-08	2001
1	pernode	worker-cs-6	Label-08	2001
1	pernode	worker-cs-6	Label-08	2001
1	pernode	worker-cs-6	Label-08	2001
1	pernode	worker-cs-6	Label-08	2002
1	pernode	worker-cs-6	Label-08	2001
1	pernode	worker-cs-6	Label-08	2001
1	pernode	worker-cs-6	Label-08	2001
1	pernode	worker-cs-6	Label-08	2002
1	pernode	worker-cs-6	Label-08	2001
1	pernode	worker-cs-6	Label-08	2001
1	pernode	worker-cs-6	Label-08	2002
1	pernode	worker-cs-6	Label-08	2001
1	pernode	worker-cs-6	Label-08	2001
1	pernode	worker-cs-6	Label-08	2001
1	pernode	worker-cs-6	Label-08	2001
1	pernode	worker-cs-6	Label-08	2001
1	pernode	worker-cs-6	Label-08	2000
1	pernode	worker-cs-6	Label-08	2000
1	pernode	worker-cs-6	Label-08	2001
1	pernode	worker-cs-6	Label-08	2001
1	pernode	worker-cs-6	Label-08	2000
1	pernode	worker-cs-6	Label-08	2002
1	pernode	worker-cs-6	Label-08	2002
1	pernode	worker-cs-6	Label-08	2001
1	pernode	worker-cs-6	Label-08	2000
1	pernode	worker-cs-6	Label-08	2001
1	pernode	worker-cs-6	Label-08	2001
1	pernode	worker-cs-6	Label-08	2001
1	pernode	worker-cs-6	Label-08	2001
1	pernode	worker-cs-6	Label-08	2000
1	pernode	worker-cs-6	Label-08	2001
1	pernode	worker-cs-6	Label-08	2001
1	pernode	worker-cs-6	Label-08	2000
1	pernode	worker-cs-6	Label-08	2002
1	pernode	worker-cs-6	Label-08	2001
1	pernode	worker-cs-6	Label-08	2002
1	pernode	worker-cs-6	Label-08	2002
1	pernode	worker-cs-6	Label-08	2001
1	pernode	worker-cs-6	Label-08	2001
1	pernode	worker-cs-6	Label-08	2001
1	pernode	worker-cs-6	Label-08	2002
1	pernode	worker-cs-6	Label-08	2001
1	pernode	worker-cs-6	Label-08	2001
1	pernode	worker-cs-6	Label-08	2001
1	pernode	worker-cs-6	Label-08	2001
1	pernode	worker-cs-6	Label-08	2001
1	pernode	worker-cs-6	Label-08	2000
1	pernode	worker-cs-6	Label-08	2002
1	pernode	worker-cs-6	Label-08	2001
1	pernode	worker-cs-6	Label-08	2001
1	pernode	worker-cs-6	Label-08	2000
1	pernode	worker-cs-6	Label-08	2000
1	pernode	worker-cs-6	Label-08	2000
1	pernode	worker-cs-6	Label-08	2001
1	pernode	worker-cs-6	Label-08	2001
1	pernode	worker-cs-6	Label-08	2001
1	pernode	worker-cs-6	Label-08	2000
1	pernode	worker-cs-6	Label-08	2001
1	pernode	worker-cs-6	Label-08	2000
1	pernode	worker-cs-6	Label-08	2000
1	pernode	worker-cs-6	Label-08	2001
1	pernode	worker-cs-6	Label-08	2001
1	pernode	worker-cs-6	Label-08	2001
1	pernode	worker-cs-6	Label-08	2001
1	pernode	worker-cs-6	Label-08	2000
1	pernode	worker-cs-6	Label-08	2004
1	pernode	worker-cs-6	Label-08	2001
1	pernode	worker-cs-6	Label-08	2000
1	pernode	worker-cs-6	Label-08	2001
1	pernode	worker-cs-6	Label-08	2000
1	pernode	worker-cs-6	Label-08	2001
1	pernode	worker-cs-6	Label-08	2001
1	pernode	worker-cs-6	Label-08	2001
1	pernode	worker-cs-6	Label-08	2000
1	pernode	worker-cs-6	Label-08	2001
1	pernode	worker-cs-6	Label-08	2001
1	pernode	worker-cs-6	Label-08	2002
1	pernode	worker-cs-6	Label-08	2001
1	pernode	worker-cs-6	Label-08	2000
1	pernode	worker-cs-6	Label-08	2000
1	pernode	worker-cs-6	Label-08	2001
1	pernode	worker-cs-6	Label-08	2001
1	pernode	worker-cs-6	Label-08	2001
1	pernode	worker-cs-6	Label-08	2000
1	pernode	worker-cs-6	Label-08	2001
1	pernode	worker-cs-6	Label-08	2001
1	pernode	worker-cs-6	Label-08	2001
1	pernode	worker-cs-6	Label-08	2000
1	pernode	worker-cs-6	Label-08	2001
1	pernode	worker-cs-6	Label-08	2000
1	pernode	worker-cs-6	Label-08	2001
1	pernode	worker-cs-6	Label-08	2001
1	pernode	worker-cs-6	Label-08	2002
1	pernode	worker-cs-6	Label-08	2000
1	pernode	worker-cs-6	Label-08	2001
1	pernode	worker-cs-6	Label-08	2001
1	pernode	worker-cs-6	Label-08	2001
1	pernode	worker-cs-6	Label-08	2001
1	pernode	worker-cs-6	Label-08	2000
1	pernode	worker-cs-6	Label-08	2000
1	pernode	worker-cs-6	Label-08	2001
1	pernode	worker-cs-6	Label-08	2001
1	pernode	worker-cs-6	Label-08	2001
1	pernode	worker-cs-6	Label-08	2001
1	pernode	worker-cs-6	Label-08	2001
1	pernode	worker-cs-6	Label-08	2001
1	pernode	worker-cs-6	Label-08	2001
1	pernode	worker-cs-6	Label-08	2001
1	pernode	worker-cs-6	Label-08	2001
1	pernode	worker-cs-6	Label-08	2002
1	pernode	worker-cs-6	Label-08	2002
1	pernode	worker-cs-6	Label-08	2000
1	pernode	worker-cs-6	Label-08	2000
1	pernode	worker-cs-7	Label-11	2002
1	pernode	worker-cs-7	Label-11	45001
1	pernode	worker-cs-7	Label-11	2000
1	pernode	worker-cs-7	Label-11	2001
1	pernode	worker-cs-7	Label-11	2001
1	pernode	worker-cs-7	Label-11	2001
1	pernode	worker-cs-7	Label-15	2001
1	pernode	worker-cs-7	Label-11	2000
1	pernode	worker-cs-7	Label-11	2002
1	pernode	worker-cs-7	Label-11	2001
1	pernode	worker-cs-7	Label-11	2001
1	pernode	worker-cs-7	Label-15	2001
1	pernode	worker-cs-7	Label-11	2001
1	pernode	worker-cs-7	Label-11	2001
1	pernode	worker-cs-7	Label-11	2001
1	pernode	worker-cs-7	Label-15	2001
1	pernode	worker-cs-7	Label-15	2001
1	pernode	worker-cs-7	Label-15	2000
1	pernode	worker-cs-7	Label-11	2001
1	pernode	worker-cs-7	Label-15	2001
1	pernode	worker-cs-7	Label-11	2001
1	pernode	worker-cs-7	Label-11	2001
1	pernode	worker-cs-7	Label-11	2001
1	pernode	worker-cs-7	Label-15	2001
1	pernode	worker-cs-7	Label-11	2001
1	pernode	worker-cs-7	Label-11	2002
1	pernode	worker-cs-7	Label-15	2000
1	pernode	worker-cs-7	Label-11	2001
1	pernode	worker-cs-7	Label-11	2002
1	pernode	worker-cs-7	Label-11	2002
1	pernode	worker-cs-7	Label-15	2001
1	pernode	worker-cs-7	Label-15	2000
1	pernode	worker-cs-7	Label-15	2000
1	pernode	worker-cs-7	Label-11	2002
1	pernode	worker-cs-7	Label-11	2001
1	pernode	worker-cs-7	Label-15	180001
1	pernode	worker-cs-7	Label-15	2001
1	pernode	worker-cs-7	Label-11	2001
1	pernode	worker-cs-7	Label-11	2001
1	pernode	worker-cs-7	Label-11	2001
1	pernode	worker-cs-7	Label-11	2001
1	pernode	worker-cs-7	Label-11	2002
1	pernode	worker-cs-7	Label-11	2000
1	pernode	worker-cs-7	Label-11	2000
1	pernode	worker-cs-7	Label-11	2000
1	pernode	worker-cs-7	Label-15	2001
1	pernode	worker-cs-7	Label-15	2001
1	pernode	worker-cs-7	Label-11	2001
1	pernode	worker-cs-7	Label-15	2001
1	pernode	worker-cs-7	Label-11	2001
1	pernode	worker-cs-7	Label-11	2002
1	pernode	worker-cs-7	Label-11	2001
1	pernode	worker-cs-7	Label-11	2001
1	pernode	worker-cs-7	Label-11	2002
1	pernode	worker-cs-7	Label-11	2000
1	pernode	worker-cs-7	Label-11	2001
1	pernode	worker-cs-7	Label-15	2002
1	pernode	worker-cs-7	Label-11	2001
1	pernode	worker-cs-7	Label-11	2000
1	pernode	worker-cs-7	Label-11	2001
1	pernode	worker-cs-7	Label-15	2001
1	pernode	worker-cs-7	Label-11	2001
1	pernode	worker-cs-7	Label-11	2001
1	pernode	worker-cs-7	Label-11	2001
1	pernode	worker-cs-7	Label-11	2001
1	pernode	worker-cs-7	Label-11	2000
1	pernode	worker-cs-7	Label-11	2001
1	pernode	worker-cs-7	Label-11	2000
1	pernode	worker-cs-7	Label-11	2000
1	pernode	worker-cs-7	Label-11	2002
1	pernode	worker-cs-7	Label-15	2001
1	pernode	worker-cs-7	Label-11	2001
1	pernode	worker-cs-7	Label-11	2002
1	pernode	worker-cs-7	Label-15	2001
1	pernode	worker-cs-7	Label-11	2002
1	pernode	worker-cs-7	Label-15	2001
1	pernode	worker-cs-7	Label-15	2001
1	pernode	worker-cs-7	Label-11	2001
1	pernode	worker-cs-7	Label-11	2002
1	pernode	worker-cs-7	Label-11	2000
1	pernode	worker-cs-7	Label-11	2000
1	pernode	worker-cs-7	Label-11	2001
1	pernode	worker-cs-7	Label-11	2002
1	pernode	worker-cs-7	Label-11	2000
1	pernode	worker-cs-7	Label-11	2000
1	pernode	worker-cs-7	Label-11	2001
1	pernode	worker-cs-7	Label-11	2000
1	pernode	worker-cs-7	Label-15	2000
1	pernode	worker-cs-7	Label-15	2001
1	pernode	worker-cs-7	Label-11	2002
1	pernode	worker-cs-7	Label-11	2002
1	pernode	worker-cs-7	Label-11	2001
1	pernode	worker-cs-7	Label-11	2000
1	pernode	worker-cs-7	Label-15	2001
1	pernode	worker-cs-7	Label-11	2001
1	pernode	worker-cs-7	Label-11	2000
1	pernode	worker-cs-7	Label-15	2001
1	pernode	worker-cs-7	Label-11	2000
1	pernode	worker-cs-7	Label-15	2000
1	pernode	worker-cs-7	Label-15	2002
1	pernode	worker-cs-7	Label-15	2000
1	pernode	worker-cs-7	Label-11	2001
1	pernode	worker-cs-7	Label-15	2002
1	pernode	worker-cs-7	Label-11	2000
1	pernode	worker-cs-7	Label-15	2001
1	pernode	worker-cs-7	Label-15	2001
1	pernode	worker-cs-7	Label-15	2002
1	pernode	worker-cs-7	Label-11	2000
1	pernode	worker-cs-7	Label-15	2001
1	pernode	worker-cs-7	Label-11	2001
1	pernode	worker-cs-7	Label-11	2001
1	pernode	worker-cs-7	Label-15	2000
1	pernode	worker-cs-7	Label-11	2001
1	pernode	worker-cs-7	Label-11	2001
1	pernode	worker-cs-7	Label-11	2001
1	pernode	worker-cs-7	Label-11	2001
1	pernode	worker-cs-7	Label-11	2001
1	pernode	worker-cs-7	Label-11	2000
1	pernode	worker-cs-7	Label-11	2000
1	pernode	worker-cs-7	Label-11	2001
1	pernode	worker-cs-7	Label-11	2001
1	pernode	worker-cs-7	Label-11	2001
1	pernode	worker-cs-7	Label-11	2001
1	pernode	worker-cs-7	Label-15	2002
1	pernode	worker-cs-7	Label-15	2001
1	pernode	worker-cs-7	Label-11	2002
1	pernode	worker-cs-7	Label-15	2002
1	pernode	worker-cs-7	Label-11	2000
1	pernode	worker-cs-7	Label-11	2001
1	pernode	worker-cs-7	Label-11	2000
1	pernode	worker-cs-7	Label-11	2000
1	pernode	worker-cs-7	Label-11	2002
1	pernode	worker-cs-7	Label-11	2000
1	pernode	worker-cs-7	Label-11	2001
1	pernode	worker-cs-7	Label-11	2001
1	pernode	worker-cs-7	Label-11	2000
1	pernode	worker-cs-7	Label-15	2001
1	pernode	worker-cs-7	Label-11	2001
1	pernode	worker-cs-7	Label-15	2001
1	pernode	worker-cs-7	Label-15	2001
1	pernode	worker-cs-7	Label-11	2001
1	pernode	worker-cs-7	Label-11	2002
1	pernode	worker-cs-7	Label-11	2001
1	pernode	worker-cs-7	Label-15	2001
1	pernode	worker-cs-7	Label-11	2001
1	pernode	worker-cs-7	Label-15	2001
1	pernode	worker-cs-7	Label-11	2001
1	pernode	worker-cs-7	Label-15	2000
1	pernode	worker-cs-7	Label-11	2001
1	pernode	worker-cs-7	Label-11	2001
1	pernode	worker-cs-7	Label-11	2001
1	pernode	worker-cs-7	Label-11	2000
1	pernode	worker-cs-7	Label-15	2001
1	pernode	worker-cs-7	Label-11	2001
1	pernode	worker-cs-7	Label-11	2001
1	pernode	worker-cs-7	Label-11	2001
1	pernode	worker-cs-7	Label-15	2001
1	pernode	worker-cs-7	Label-11	2001
1	pernode	worker-cs-7	Label-11	2001
1	pernode	worker-cs-7	Label-11	2001
1	pernode	worker-cs-7	Label-11	2002
1	pernode	worker-cs-7	Label-11	2001
1	pernode	worker-cs-7	Label-11	2002
1	pernode	worker-cs-7	Label-11	2001
1	pernode	worker-cs-7	Label-11	2002
1	pernode	worker-cs-7	Label-15	2001
1	pernode	worker-cs-7	Label-11	2002
1	pernode	worker-cs-7	Label-11	2001
1	pernode	worker-cs-7	Label-15	2001
1	pernode	worker-cs-7	Label-11	2001
1	pernode	worker-cs-7	Label-11	2001
1	pernode	worker-cs-7	Label-11	2001
1	pernode	worker-cs-7	Label-15	2003
1	pernode	worker-cs-7	Label-11	2001
1	pernode	worker-cs-7	Label-15	2001
1	pernode	worker-cs-7	Label-11	2001
1	pernode	worker-cs-7	Label-15	2001
1	pernode	worker-cs-7	Label-11	2000
1	pernode	worker-cs-7	Label-11	2001
1	pernode	worker-cs-7	Label-11	2002
1	pernode	worker-cs-7	Label-11	2001
1	pernode	worker-cs-7	Label-11	2001
1	pernode	worker-cs-7	Label-11	2001
1	pernode	worker-cs-7	Label-15	2001
1	pernode	worker-cs-7	Label-11	2001
1	pernode	worker-cs-7	Label-11	2001
1	pernode	worker-cs-7	Label-11	2001
1	pernode	worker-cs-7	Label-11	2001
1	pernode	worker-cs-7	Label-11	2001
1	pernode	worker-cs-7	Label-15	2001
1	pernode	worker-cs-7	Label-11	2001
1	pernode	worker-cs-7	Label-11	2002
1	pernode	worker-cs-7	Label-11	2001
1	pernode	worker-cs-7	Label-11	2000
1	pernode	worker-cs-7	Label-11	2001
1	pernode	worker-cs-7	Label-15	2001
1	pernode	worker-cs-7	Label-11	2001
1	pernode	worker-cs-7	Label-11	2001
1	pernode	worker-cs-7	Label-15	2000
1	pernode	worker-cs-7	Label-11	2001
1	pernode	worker-cs-7	Label-11	2000
1	pernode	worker-cs-7	Label-11	2001
1	pernode	worker-cs-7	Label-11	2000
1	pernode	worker-cs-7	Label-15	2001
1	pernode	worker-cs-7	Label-11	2001
1	pernode	worker-cs-7	Label-11	2000
1	pernode	worker-cs-7	Label-11	2001
1	pernode	worker-cs-7	Label-11	2000
1	pernode	worker-cs-7	Label-11	2002
1	pernode	worker-cs-7	Label-11	2001
1	pernode	worker-cs-7	Label-11	2001
1	pernode	worker-cs-7	Label-15	1999
1	pernode	worker-cs-7	Label-15	2001
1	pernode	worker-cs-7	Label-11	2000
1	pernode	worker-cs-7	Label-11	2001
1	pernode	worker-cs-7	Label-11	2001
1	pernode	worker-cs-7	Label-11	2001
1	pernode	worker-cs-7	Label-11	2000
1	pernode	worker-cs-7	Label-11	2001
1	pernode	worker-cs-7	Label-11	2001
1	pernode	worker-cs-7	Label-11	2000
1	pernode	worker-cs-7	Label-11	2001
1	pernode	worker-cs-7	Label-11	2001
1	pernode	worker-cs-7	Label-11	2000
1	pernode	worker-cs-7	Label-11	2001
1	pernode	worker-cs-7	Label-11	2001
1	pernode	worker-cs-7	Label-11	2002
1	pernode	worker-cs-7	Label-11	2001
1	pernode	worker-cs-7	Label-15	2001
1	pernode	worker-cs-7	Label-11	2001
1	pernode	worker-cs-7	Label-11	2001
1	pernode	worker-cs-7	Label-15	2001
1	pernode	worker-cs-7	Label-11	2000
1	pernode	worker-cs-7	Label-11	2001
1	pernode	worker-cs-7	Label-11	2001
1	pernode	worker-cs-7	Label-11	2001
1	pernode	worker-cs-7	Label-11	2002
1	pernode	worker-cs-7	Label-11	2001
1	pernode	worker-cs-7	Label-11	2002
1	pernode	worker-cs-7	Label-15	2000
1	pernode	worker-cs-7	Label-11	2000
1	pernode	worker-cs-7	Label-11	2001
1	pernode	worker-cs-7	Label-11	2001
1	pernode	worker-cs-7	Label-15	2001
1	pernode	worker-cs-7	Label-11	2001
1	pernode	worker-cs-7	Label-15	2001
1	pernode	worker-cs-7	Label-11	2000
1	pernode	worker-cs-7	Label-11	2000
1	pernode	worker-cs-7	Label-11	2002
1	pernode	worker-cs-7	Label-11	2001
1	pernode	worker-cs-7	Label-15	2001
1	pernode	worker-cs-7	Label-11	2000
1	pernode	worker-cs-7	Label-15	2000
1	pernode	worker-cs-7	Label-11	2000
1	pernode	worker-cs-7	Label-11	2001
1	pernode	worker-cs-7	Label-11	2000
1	pernode	worker-cs-7	Label-11	2002
1	pernode	worker-cs-7	Label-11	2000
1	pernode	worker-cs-7	Label-11	2001
1	pernode	worker-cs-7	Label-11	2000
1	pernode	worker-cs-7	Label-11	2001
1	pernode	worker-cs-7	Label-11	2001
1	pernode	worker-cs-7	Label-11	2000
1	pernode	worker-cs-7	Label-11	2002
1	pernode	worker-cs-7	Label-15	2000
1	pernode	worker-cs-7	Label-15	2001
1	pernode	worker-cs-7	Label-11	2000
1	pernode	worker-cs-7	Label-11	2000
1	pernode	worker-cs-7	Label-11	2000
1	pernode	worker-cs-7	Label-15	2001
1	pernode	worker-cs-7	Label-11	2001
1	pernode	worker-cs-7	Label-11	2000
1	pernode	worker-cs-7	Label-15	2000
1	pernode	worker-cs-7	Label-11	2002
1	pernode	worker-cs-7	Label-11	2001
1	pernode	worker-cs-7	Label-11	2001
1	pernode	worker-cs-7	Label-11	2000
1	pernode	worker-cs-7	Label-11	2001
1	pernode	worker-cs-7	Label-11	2001
1	pernode	worker-cs-7	Label-11	2001
1	pernode	worker-cs-7	Label-15	2001
1	pernode	worker-cs-7	Label-15	2002
1	pernode	worker-cs-7	Label-11	2001
1	pernode	worker-cs-7	Label-15	2001
1	pernode	worker-cs-7	Label-11	2002
1	pernode	worker-cs-7	Label-15	2001
1	pernode	worker-cs-7	Label-11	2001
1	pernode	worker-cs-7	Label-11	2001
1	pernode	worker-cs-7	Label-11	2002
1	pernode	worker-cs-7	Label-15	2001
1	pernode	worker-cs-7	Label-15	2001
1	pernode	worker-cs-7	Label-15	2001
1	pernode	worker-cs-7	Label-15	2000
1	pernode	worker-cs-7	Label-11	2000
1	pernode	worker-cs-7	Label-11	2001
1	pernode	worker-cs-7	Label-11	2001
1	pernode	worker-cs-7	Label-15	2001
1	pernode	worker-cs-7	Label-15	2000
1	pernode	worker-cs-7	Label-11	2001
1	pernode	worker-cs-7	Label-11	2000
1	pernode	worker-cs-7	Label-11	2002
1	pernode	worker-cs-7	Label-15	2001
1	pernode	worker-cs-7	Label-15	2002
1	pernode	worker-cs-7	Label-15	2001
1	pernode	worker-cs-7	Label-11	2000
1	pernode	worker-cs-7	Label-11	2002
1	pernode	worker-cs-8	Label-13	2003
1	pernode	worker-cs-8	Label-13	2003
1	pernode	worker-cs-8	Label-13	2003
1	pernode	worker-cs-8	Label-13	2003
1	pernode	worker-cs-8	Label-13	2003
1	pernode	worker-cs-8	Label-13	2003
1	pernode	worker-cs-8	Label-13	2003
1	pernode	worker-cs-8	Label-13	2001
1	pernode	worker-cs-8	Label-13	180002
1	pernode	worker-cs-8	Label-13	2003
1	pernode	worker-cs-8	Label-13	2003
1	pernode	worker-cs-8	Label-13	2003
1	pernode	worker-cs-8	Label-13	2002
1	pernode	worker-cs-8	Label-13	2002
1	pernode	worker-cs-8	Label-13	2002
1	pernode	worker-cs-8	Label-13	2003
1	pernode	worker-cs-8	Label-13	2002
1	pernode	worker-cs-8	Label-13	2003
1	pernode	worker-cs-8	Label-13	2002
1	pernode	worker-cs-8	Label-13	2002
1	pernode	worker-cs-8	Label-13	2002
1	pernode	worker-cs-8	Label-13	2004
1	pernode	worker-cs-8	Label-13	2002
1	pernode	worker-cs-8	Label-13	2002
1	pernode	worker-cs-8	Label-13	2003
1	pernode	worker-cs-8	Label-13	2003
1	pernode	worker-cs-8	Label-13	2002
1	pernode	worker-cs-8	Label-13	2003
1	pernode	worker-cs-8	Label-13	2002
1	pernode	worker-cs-8	Label-13	2005
1	pernode	worker-cs-8	Label-13	2002
1	pernode	worker-cs-8	Label-13	2002
1	pernode	worker-cs-8	Label-13	2002
1	pernode	worker-cs-8	Label-13	2002
1	pernode	worker-cs-8	Label-13	2002
1	pernode	worker-cs-8	Label-13	2003
1	pernode	worker-cs-8	Label-13	2003
1	pernode	worker-cs-8	Label-13	2002
1	pernode	worker-cs-8	Label-13	2003
1	pernode	worker-cs-8	Label-13	2002
1	pernode	worker-cs-8	Label-13	2002
1	pernode	worker-cs-8	Label-13	2002
1	pernode	worker-cs-8	Label-13	2002
1	pernode	worker-cs-8	Label-13	2009
1	pernode	worker-cs-8	Label-13	2003
1	pernode	worker-cs-8	Label-13	2002
1	pernode	worker-cs-8	Label-13	2002
1	pernode	worker-cs-8	Label-13	2002
1	pernode	worker-cs-8	Label-13	2001
1	pernode	worker-cs-8	Label-13	2002
1	pernode	worker-cs-8	Label-13	2002
1	pernode	worker-cs-8	Label-13	2002
1	pernode	worker-cs-8	Label-13	2003
1	pernode	worker-cs-8	Label-13	2002
1	pernode	worker-cs-8	Label-13	2001
1	pernode	worker-cs-8	Label-13	2002
1	pernode	worker-cs-8	Label-13	2003
1	pernode	worker-cs-8	Label-13	2002
1	pernode	worker-cs-8	Label-13	2003
1	pernode	worker-cs-8	Label-13	2002
1	pernode	worker-cs-8	Label-13	2002
1	pernode	worker-cs-8	Label-13	2002
1	pernode	worker-cs-8	Label-13	2001
1	pernode	worker-cs-8	Label-13	2003
1	pernode	worker-cs-8	Label-13	2002
1	pernode	worker-cs-8	Label-13	2003
1	pernode	worker-cs-8	Label-13	2002
1	pernode	worker-cs-8	Label-13	2002
1	pernode	worker-cs-8	Label-13	2001
1	pernode	worker-cs-8	Label-13	2003
1	pernode	worker-cs-8	Label-13	2002
1	pernode	worker-cs-8	Label-13	2004
1	pernode	worker-cs-8	Label-13	2001
1	pernode	worker-cs-8	Label-13	2002
1	pernode	worker-cs-8	Label-13	2003
1	pernode	worker-cs-8	Label-13	2002
1	pernode	worker-cs-8	Label-13	2002
1	pernode	worker-cs-8	Label-13	2003
1	pernode	worker-cs-8	Label-13	2002
1	pernode	worker-cs-8	Label-13	2004
1	pernode	worker-cs-8	Label-13	2002
1	pernode	worker-cs-8	Label-13	2003
1	pernode	worker-cs-8	Label-13	2003
1	pernode	worker-cs-8	Label-13	2002
1	pernode	worker-cs-8	Label-13	2002
1	pernode	worker-cs-8	Label-13	2005
1	pernode	worker-cs-8	Label-13	2002
1	pernode	worker-cs-8	Label-13	2002
1	pernode	worker-cs-8	Label-13	2002
1	pernode	worker-cs-8	Label-13	2002
1	pernode	worker-cs-8	Label-13	2003
1	pernode	worker-cs-8	Label-13	2002
1	pernode	worker-cs-8	Label-13	2002
1	pernode	worker-cs-8	Label-13	2003
1	pernode	worker-cs-8	Label-13	2002
1	pernode	worker-cs-8	Label-13	2004
1	pernode	worker-cs-8	Label-13	2002
1	pernode	worker-cs-8	Label-13	2002
1	pernode	worker-cs-8	Label-13	2002
1	pernode	worker-cs-8	Label-13	2002
1	pernode	worker-cs-9	Label-03	2002
1	pernode	worker-cs-9	Label-03	2002
1	pernode	worker-cs-9	Label-03	2002
1	pernode	worker-cs-9	Label-03	2002
1	pernode	worker-cs-9	Label-03	45002
1	pernode	worker-cs-9	Label-03	2002
1	pernode	worker-cs-9	Label-03	2001
1	pernode	worker-cs-9	Label-03	2001
1	pernode	worker-cs-9	Label-03	2002
1	pernode	worker-cs-9	Label-03	2001
1	pernode	worker-cs-9	Label-03	2001
1	pernode	worker-cs-9	Label-03	2002
1	pernode	worker-cs-9	Label-03	2003
1	pernode	worker-cs-9	Label-03	2001
1	pernode	worker-cs-9	Label-03	2001
1	pernode	worker-cs-9	Label-03	2002
1	pernode	worker-cs-9	Label-03	2002
1	pernode	worker-cs-9	Label-03	2003
1	pernode	worker-cs-9	Label-03	2002
1	pernode	worker-cs-9	Label-03	2001
1	pernode	worker-cs-9	Label-03	2002
1	pernode	worker-cs-9	Label-03	2002
1	pernode	worker-cs-9	Label-03	2001
1	pernode	worker-cs-9	Label-03	2002
1	pernode	worker-cs-9	Label-03	2001
1	pernode	worker-cs-9	Label-03	2002
1	pernode	worker-cs-9	Label-03	2002
1	pernode	worker-cs-9	Label-03	2002
1	pernode	worker-cs-9	Label-03	2001
1	pernode	worker-cs-9	Label-03	2002
1	pernode	worker-cs-9	Label-03	2002
1	pernode	worker-cs-9	Label-03	2002
1	pernode	worker-cs-9	Label-03	2002
1	pernode	worker-cs-9	Label-03	2002
1	pernode	worker-cs-9	Label-03	2002
1	pernode	worker-cs-9	Label-03	2002
1	pernode	worker-cs-9	Label-03	2002
1	pernode	worker-cs-9	Label-03	2002
1	pernode	worker-cs-9	Label-03	2002
1	pernode	worker-cs-9	Label-03	2001
1	pernode	worker-cs-9	Label-03	2002
1	pernode	worker-cs-9	Label-03	2002
1	pernode	worker-cs-9	Label-03	2002
1	pernode	worker-cs-9	Label-03	2002
1	pernode	worker-cs-9	Label-03	2002
1	pernode	worker-cs-9	Label-03	2002
1	pernode	worker-cs-9	Label-03	2002
1	pernode	worker-cs-9	Label-03	2002
1	pernode	worker-cs-9	Label-03	2002
1	pernode	worker-cs-9	Label-03	2003
1	pernode	worker-cs-9	Label-03	2002
1	pernode	worker-cs-9	Label-03	2002
1	pernode	worker-cs-9	Label-03	2002
1	pernode	worker-cs-9	Label-03	2001
1	pernode	worker-cs-9	Label-03	2001
1	pernode	worker-cs-9	Label-03	2001
1	pernode	worker-cs-9	Label-03	2002
1	pernode	worker-cs-9	Label-03	2002
1	pernode	worker-cs-9	Label-03	2002
1	pernode	worker-cs-9	Label-03	2003
1	pernode	worker-cs-9	Label-03	2002
1	pernode	worker-cs-9	Label-03	2001
1	pernode	worker-cs-9	Label-03	2001
1	pernode	worker-cs-9	Label-03	2001
1	pernode	worker-cs-9	Label-03	2002
1	pernode	worker-cs-9	Label-03	2002
1	pernode	worker-cs-9	Label-03	2001
1	pernode	worker-cs-9	Label-03	2002
1	pernode	worker-cs-9	Label-03	2002
1	pernode	worker-cs-9	Label-03	2002
1	pernode	worker-cs-9	Label-03	2002
1	pernode	worker-cs-9	Label-03	2003
1	pernode	worker-cs-9	Label-03	2002
1	pernode	worker-cs-9	Label-03	2002
1	pernode	worker-cs-9	Label-03	2002
1	pernode	worker-cs-9	Label-03	2002
1	pernode	worker-cs-9	Label-03	2002
1	pernode	worker-cs-9	Label-03	2002
1	pernode	worker-cs-9	Label-03	2002
1	pernode	worker-cs-9	Label-03	2003
1	pernode	worker-cs-9	Label-03	2002
1	pernode	worker-cs-9	Label-03	2001
1	pernode	worker-cs-9	Label-03	2002
1	pernode	worker-cs-9	Label-03	2002
1	pernode	worker-cs-9	Label-03	2002
1	pernode	worker-cs-9	Label-03	2001
1	pernode	worker-cs-9	Label-03	2002
1	pernode	worker-cs-9	Label-03	2001
1	pernode	worker-cs-9	Label-03	2002
1	pernode	worker-cs-9	Label-03	2002
1	pernode	worker-cs-9	Label-03	2003
1	pernode	worker-cs-9	Label-03	2002
1	pernode	worker-cs-9	Label-03	2002
1	pernode	worker-cs-9	Label-03	2002
1	pernode	worker-cs-9	Label-03	2001
1	pernode	worker-cs-9	Label-03	2003
1	pernode	worker-cs-9	Label-03	2002
1	pernode	worker-cs-9	Label-03	2003
1	pernode	worker-cs-9	Label-03	2001
1	pernode	worker-cs-9	Label-03	2002
1	pernode	worker-cs-9	Label-03	2002
1	pernode	worker-cs-9	Label-03	2002
1	pernode	worker-cs-9	Label-03	2002
1	pernode	worker-cs-9	Label-03	2001
1	pernode	worker-cs-9	Label-03	2002
1	pernode	worker-cs-9	Label-03	2002
1	pernode	worker-cs-9	Label-03	2001
1	pernode	worker-cs-9	Label-03	2002
1	pernode	worker-cs-9	Label-03	2002
1	pernode	worker-cs-9	Label-03	2002
1	pernode	worker-cs-9	Label-03	2001
1	pernode	worker-cs-9	Label-03	2002
1	pernode	worker-cs-9	Label-03	2001
1	pernode	worker-cs-9	Label-03	2001
1	pernode	worker-cs-9	Label-03	2001
1	pernode	worker-cs-9	Label-03	2002
1	pernode	worker-cs-9	Label-03	2002
1	pernode	worker-cs-9	Label-03	2002
1	pernode	worker-cs-9	Label-03	2001
1	pernode	worker-cs-9	Label-03	2001
1	pernode	worker-cs-9	Label-03	2002
1	pernode	worker-cs-9	Label-03	2002
1	pernode	worker-cs-9	Label-03	2002
1	pernode	worker-cs-9	Label-03	2001
1	pernode	worker-cs-9	Label-03	2002
1	pernode	worker-cs-9	Label-03	2002
1	pernode	worker-cs-9	Label-03	2001
1	pernode	worker-cs-9	Label-03	2002
1	pernode	worker-cs-9	Label-03	2001
1	pernode	worker-cs-9	Label-03	2002
1	pernode	worker-cs-9	Label-03	2001
1	pernode	worker-cs-9	Label-03	2001
1	pernode	worker-cs-9	Label-03	2002
1	pernode	worker-cs-9	Label-03	2002
1	pernode	worker-cs-9	Label-03	2001
1	pernode	worker-cs-9	Label-03	2002
1	pernode	worker-cs-9	Label-03	2002
1	pernode	worker-cs-9	Label-03	2002
1	pernode	worker-cs-9	Label-03	2002
1	pernode	worker-cs-9	Label-03	2001
1	pernode	worker-cs-9	Label-03	2001
1	pernode	worker-cs-9	Label-03	2001
1	pernode	worker-cs-9	Label-03	2001
1	pernode	worker-cs-9	Label-03	2001
1	pernode	worker-cs-9	Label-03	2002
1	pernode	worker-cs-9	Label-03	2002
1	pernode	worker-cs-9	Label-03	2002
1	pernode	worker-cs-9	Label-03	2001
1	pernode	worker-cs-9	Label-03	2001
1	pernode	worker-cs-9	Label-03	2002
1	pernode	worker-cs-9	Label-03	2001
1	pernode	worker-cs-9	Label-03	2002
1	pernode	worker-cs-9	Label-03	2001
1	pernode	worker-cs-9	Label-03	2002
1	pernode	worker-cs-9	Label-03	2001
1	pernode	worker-cs-9	Label-03	2001
1	pernode	worker-cs-9	Label-03	2002
1	pernode	worker-cs-9	Label-03	2002
1	pernode	worker-cs-9	Label-03	2002
1	pernode	worker-cs-9	Label-03	2003
1	pernode	worker-cs-9	Label-03	2002
1	pernode	worker-cs-9	Label-03	2001
1	pernode	worker-cs-9	Label-03	2001
1	pernode	worker-cs-9	Label-03	2001
1	pernode	worker-cs-9	Label-03	2002
1	pernode	worker-cs-9	Label-03	2001
1	pernode	worker-cs-9	Label-03	2002
1	pernode	worker-cs-9	Label-03	2002
1	pernode	worker-cs-9	Label-03	2001
1	pernode	worker-cs-9	Label-03	2002
1	pernode	worker-cs-9	Label-03	2001
1	pernode	worker-cs-9	Label-03	2002
1	pernode	worker-cs-9	Label-03	2003
1	pernode	worker-cs-9	Label-03	2001
1	pernode	worker-cs-9	Label-03	2002
1	pernode	worker-cs-9	Label-03	2002
1	pernode	worker-cs-9	Label-03	2001
1	pernode	worker-cs-9	Label-03	2002
1	pernode	worker-cs-9	Label-03	2001
1	pernode	worker-cs-9	Label-03	2002
1	pernode	worker-cs-9	Label-03	2002
1	pernode	worker-cs-9	Label-03	2002
1	pernode	worker-cs-9	Label-03	2001
1	pernode	worker-cs-9	Label-03	2001
1	pernode	worker-cs-9	Label-03	2003
1	pernode	worker-cs-9	Label-03	2002
1	pernode	worker-cs-9	Label-03	2001
1	pernode	worker-cs-9	Label-03	2001
1	pernode	worker-cs-9	Label-03	2002
1	pernode	worker-cs-9	Label-03	2002
1	pernode	worker-cs-9	Label-03	2001
1	pernode	worker-cs-9	Label-03	2002
1	pernode	worker-cs-9	Label-03	2001
1	pernode	worker-cs-9	Label-03	2001
1	pernode	worker-cs-9	Label-03	2001
1	pernode	worker-cs-9	Label-03	2001
1	pernode	worker-cs-9	Label-03	2002
1	pernode	worker-cs-9	Label-03	2001
1	pernode	worker-cs-9	Label-03	2002
1	pernode	worker-cs-9	Label-03	2003
1	pernode	worker-cs-9	Label-03	2002
1	pernode	worker-cs-9	Label-03	2003
2	pernode	worker-cs-0	Label-06	2001
2	pernode	worker-cs-0	Label-06	2001
2	pernode	worker-cs-0	Label-06	2001
2	pernode	worker-cs-0	Label-06	2001
2	pernode	worker-cs-0	Label-06	2001
2	pernode	worker-cs-0	Label-01	2001
2	pernode	worker-cs-0	Label-06	2001
2	pernode	worker-cs-0	Label-06	2003
2	pernode	worker-cs-0	Label-06	2001
2	pernode	worker-cs-0	Label-01	2002
2	pernode	worker-cs-0	Label-01	2001
2	pernode	worker-cs-0	Label-01	2001
2	pernode	worker-cs-0	Label-06	2000
2	pernode	worker-cs-0	Label-01	2000
2	pernode	worker-cs-0	Label-01	2000
2	pernode	worker-cs-0	Label-06	2001
2	pernode	worker-cs-0	Label-01	2001
2	pernode	worker-cs-0	Label-06	2001
2	pernode	worker-cs-0	Label-06	2002
2	pernode	worker-cs-0	Label-01	2001
2	pernode	worker-cs-0	Label-06	2002
2	pernode	worker-cs-0	Label-06	2002
2	pernode	worker-cs-0	Label-01	2001
2	pernode	worker-cs-0	Label-01	2002
2	pernode	worker-cs-0	Label-06	2001
2	pernode	worker-cs-0	Label-06	2000
2	pernode	worker-cs-0	Label-06	2001
2	pernode	worker-cs-0	Label-06	2001
2	pernode	worker-cs-0	Label-01	2001
2	pernode	worker-cs-0	Label-06	2001
2	pernode	worker-cs-0	Label-06	2002
2	pernode	worker-cs-0	Label-06	2002
2	pernode	worker-cs-0	Label-06	2001
2	pernode	worker-cs-0	Label-06	2001
2	pernode	worker-cs-0	Label-01	2002
2	pernode	worker-cs-0	Label-06	2002
2	pernode	worker-cs-0	Label-06	2005
2	pernode	worker-cs-0	Label-01	2002
2	pernode	worker-cs-0	Label-06	2000
2	pernode	worker-cs-0	Label-01	2001
2	pernode	worker-cs-0	Label-01	2001
2	pernode	worker-cs-0	Label-06	2001
2	pernode	worker-cs-0	Label-06	2001
2	pernode	worker-cs-0	Label-06	2002
2	pernode	worker-cs-0	Label-01	2002
2	pernode	worker-cs-0	Label-01	2000
2	pernode	worker-cs-0	Label-06	2001
2	pernode	worker-cs-0	Label-01	2000
2	pernode	worker-cs-0	Label-06	2001
2	pernode	worker-cs-0	Label-01	2001
2	pernode	worker-cs-0	Label-01	2001
2	pernode	worker-cs-0	Label-06	2001
2	pernode	worker-cs-0	Label-06	2001
2	pernode	worker-cs-0	Label-01	2002
2	pernode	worker-cs-0	Label-06	2001
2	pernode	worker-cs-0	Label-06	2001
2	pernode	worker-cs-0	Label-01	2001
2	pernode	worker-cs-0	Label-01	2000
2	pernode	worker-cs-0	Label-01	2000
2	pernode	worker-cs-0	Label-01	2003
2	pernode	worker-cs-0	Label-01	2002
2	pernode	worker-cs-0	Label-06	2000
2	pernode	worker-cs-0	Label-06	2001
2	pernode	worker-cs-0	Label-06	2001
2	pernode	worker-cs-0	Label-06	2001
2	pernode	worker-cs-0	Label-01	2001
2	pernode	worker-cs-0	Label-06	2001
2	pernode	worker-cs-0	Label-01	2001
2	pernode	worker-cs-0	Label-06	2001
2	pernode	worker-cs-0	Label-06	2002
2	pernode	worker-cs-0	Label-01	2001
2	pernode	worker-cs-0	Label-01	2001
2	pernode	worker-cs-0	Label-06	2002
2	pernode	worker-cs-0	Label-06	2001
2	pernode	worker-cs-0	Label-06	2001
2	pernode	worker-cs-0	Label-01	2001
2	pernode	worker-cs-0	Label-06	2002
2	pernode	worker-cs-0	Label-06	2001
2	pernode	worker-cs-0	Label-01	2001
2	pernode	worker-cs-0	Label-06	2001
2	pernode	worker-cs-0	Label-06	2001
2	pernode	worker-cs-0	Label-06	2002
2	pernode	worker-cs-0	Label-06	2001
2	pernode	worker-cs-0	Label-01	2001
2	pernode	worker-cs-0	Label-01	2001
2	pernode	worker-cs-0	Label-06	2001
2	pernode	worker-cs-0	Label-01	2010
2	pernode	worker-cs-0	Label-01	2001
2	pernode	worker-cs-0	Label-06	2000
2	pernode	worker-cs-0	Label-01	2002
2	pernode	worker-cs-0	Label-06	2000
2	pernode	worker-cs-0	Label-01	2002
2	pernode	worker-cs-0	Label-01	2001
2	pernode	worker-cs-0	Label-06	2000
2	pernode	worker-cs-0	Label-06	2001
2	pernode	worker-cs-0	Label-06	2001
2	pernode	worker-cs-0	Label-06	2001
2	pernode	worker-cs-0	Label-01	2001
2	pernode	worker-cs-0	Label-01	2001
2	pernode	worker-cs-0	Label-01	2002
2	pernode	worker-cs-0	Label-06	2001
2	pernode	worker-cs-0	Label-01	2003
2	pernode	worker-cs-0	Label-01	2000
2	pernode	worker-cs-0	Label-06	2002
2	pernode	worker-cs-0	Label-06	2001
2	pernode	worker-cs-0	Label-06	2001
2	pernode	worker-cs-0	Label-06	2001
2	pernode	worker-cs-0	Label-01	2001
2	pernode	worker-cs-0	Label-01	2001
2	pernode	worker-cs-0	Label-01	2001
2	pernode	worker-cs-0	Label-01	2002
2	pernode	worker-cs-0	Label-06	2001
2	pernode	worker-cs-0	Label-01	2001
2	pernode	worker-cs-0	Label-01	2001
2	pernode	worker-cs-0	Label-01	2001
2	pernode	worker-cs-0	Label-01	2001
2	pernode	worker-cs-0	Label-01	2001
2	pernode	worker-cs-0	Label-06	2002
2	pernode	worker-cs-0	Label-06	2003
2	pernode	worker-cs-0	Label-01	2001
2	pernode	worker-cs-0	Label-01	2002
2	pernode	worker-cs-0	Label-01	2000
2	pernode	worker-cs-0	Label-01	2002
2	pernode	worker-cs-0	Label-06	2001
2	pernode	worker-cs-0	Label-06	2001
2	pernode	worker-cs-0	Label-06	2000
2	pernode	worker-cs-0	Label-01	2001
2	pernode	worker-cs-0	Label-01	2002
2	pernode	worker-cs-0	Label-01	2001
2	pernode	worker-cs-0	Label-01	2001
2	pernode	worker-cs-0	Label-06	2002
2	pernode	worker-cs-0	Label-06	2001
2	pernode	worker-cs-0	Label-01	2001
2	pernode	worker-cs-0	Label-01	2001
2	pernode	worker-cs-0	Label-01	2001
2	pernode	worker-cs-0	Label-06	2001
2	pernode	worker-cs-0	Label-06	2000
2	pernode	worker-cs-0	Label-01	2007
2	pernode	worker-cs-0	Label-06	2000
2	pernode	worker-cs-0	Label-06	2001
2	pernode	worker-cs-0	Label-01	2006
2	pernode	worker-cs-0	Label-06	2001
2	pernode	worker-cs-0	Label-06	2002
2	pernode	worker-cs-0	Label-06	2001
2	pernode	worker-cs-0	Label-01	2001
2	pernode	worker-cs-0	Label-06	2001
2	pernode	worker-cs-0	Label-06	2001
2	pernode	worker-cs-0	Label-06	2001
2	pernode	worker-cs-0	Label-06	2001
2	pernode	worker-cs-0	Label-01	2001
2	pernode	worker-cs-0	Label-06	2001
2	pernode	worker-cs-0	Label-01	2001
2	pernode	worker-cs-0	Label-01	2001
2	pernode	worker-cs-0	Label-01	2001
2	pernode	worker-cs-0	Label-06	2001
2	pernode	worker-cs-0	Label-01	2001
2	pernode	worker-cs-0	Label-06	2001
2	pernode	worker-cs-0	Label-01	2000
2	pernode	worker-cs-0	Label-01	2006
2	pernode	worker-cs-0	Label-06	2000
2	pernode	worker-cs-0	Label-01	2002
2	pernode	worker-cs-0	Label-01	2002
2	pernode	worker-cs-0	Label-06	2002
2	pernode	worker-cs-0	Label-01	2001
2	pernode	worker-cs-0	Label-01	2001
2	pernode	worker-cs-0	Label-06	2001
2	pernode	worker-cs-0	Label-01	2001
2	pernode	worker-cs-0	Label-06	2002
2	pernode	worker-cs-0	Label-06	2001
2	pernode	worker-cs-0	Label-06	2001
2	pernode	worker-cs-0	Label-01	2002
2	pernode	worker-cs-0	Label-06	2000
2	pernode	worker-cs-0	Label-01	2000
2	pernode	worker-cs-0	Label-06	2002
2	pernode	worker-cs-0	Label-06	2000
2	pernode	worker-cs-0	Label-06	2001
2	pernode	worker-cs-0	Label-06	2002
2	pernode	worker-cs-0	Label-01	2001
2	pernode	worker-cs-0	Label-06	2000
2	pernode	worker-cs-0	Label-01	2001
2	pernode	worker-cs-0	Label-06	2001
2	pernode	worker-cs-0	Label-06	2002
2	pernode	worker-cs-0	Label-06	2001
2	pernode	worker-cs-0	Label-01	2000
2	pernode	worker-cs-0	Label-06	2002
2	pernode	worker-cs-0	Label-06	2000
2	pernode	worker-cs-0	Label-01	2001
2	pernode	worker-cs-0	Label-06	2001
2	pernode	worker-cs-0	Label-01	2001
2	pernode	worker-cs-0	Label-06	2002
2	pernode	worker-cs-0	Label-06	2001
2	pernode	worker-cs-0	Label-01	2000
2	pernode	worker-cs-0	Label-01	2000
2	pernode	worker-cs-0	Label-01	2002
2	pernode	worker-cs-0	Label-01	2001
2	pernode	worker-cs-0	Label-06	2001
2	pernode	worker-cs-0	Label-06	2001
2	pernode	worker-cs-0	Label-01	2001
2	pernode	worker-cs-0	Label-06	2001
2	pernode	worker-cs-0	Label-06	2001
2	pernode	worker-cs-0	Label-06	2001
2	pernode	worker-cs-0	Label-01	2000
2	pernode	worker-cs-0	Label-01	2001
2	pernode	worker-cs-0	Label-06	2002
2	pernode	worker-cs-0	Label-01	2001
2	pernode	worker-cs-0	Label-01	2001
2	pernode	worker-cs-0	Label-01	2002
2	pernode	worker-cs-0	Label-06	2001
2	pernode	worker-cs-0	Label-01	2001
2	pernode	worker-cs-0	Label-01	2001
2	pernode	worker-cs-0	Label-06	2001
2	pernode	worker-cs-0	Label-01	2001
2	pernode	worker-cs-0	Label-01	2002
2	pernode	worker-cs-0	Label-01	2001
2	pernode	worker-cs-0	Label-01	2002
2	pernode	worker-cs-0	Label-01	2001
2	pernode	worker-cs-0	Label-06	2001
2	pernode	worker-cs-0	Label-01	2002
2	pernode	worker-cs-0	Label-06	2002
2	pernode	worker-cs-0	Label-06	2001
2	pernode	worker-cs-0	Label-06	2002
2	pernode	worker-cs-0	Label-06	2002
2	pernode	worker-cs-0	Label-01	2000
2	pernode	worker-cs-0	Label-06	2001
2	pernode	worker-cs-0	Label-01	2001
2	pernode	worker-cs-0	Label-01	2001
2	pernode	worker-cs-0	Label-01	2002
2	pernode	worker-cs-0	Label-06	2000
2	pernode	worker-cs-0	Label-01	2000
2	pernode	worker-cs-0	Label-01	2000
2	pernode	worker-cs-0	Label-06	2002
2	pernode	worker-cs-0	Label-01	2000
2	pernode	worker-cs-0	Label-06	2001
2	pernode	worker-cs-0	Label-01	2001
2	pernode	worker-cs-0	Label-06	2002
2	pernode	worker-cs-0	Label-06	2002
2	pernode	worker-cs-0	Label-06	2001
2	pernode	worker-cs-0	Label-06	2001
2	pernode	worker-cs-0	Label-06	2004
2	pernode	worker-cs-0	Label-01	2002
2	pernode	worker-cs-0	Label-06	2001
2	pernode	worker-cs-0	Label-06	2001
2	pernode	worker-cs-0	Label-06	2000
2	pernode	worker-cs-0	Label-06	2002
2	pernode	worker-cs-0	Label-06	2001
2	pernode	worker-cs-0	Label-06	2002
2	pernode	worker-cs-0	Label-01	2002
2	pernode	worker-cs-0	Label-06	2001
2	pernode	worker-cs-0	Label-06	2002
2	pernode	worker-cs-0	Label-06	2003
2	pernode	worker-cs-0	Label-06	2000
2	pernode	worker-cs-0	Label-06	2001
2	pernode	worker-cs-0	Label-01	2002
2	pernode	worker-cs-0	Label-01	2002
2	pernode	worker-cs-0	Label-01	2002
2	pernode	worker-cs-0	Label-06	2002
2	pernode	worker-cs-0	Label-01	2001
2	pernode	worker-cs-0	Label-01	2001
2	pernode	worker-cs-0	Label-01	2001
2	pernode	worker-cs-0	Label-01	2000
2	pernode	worker-cs-0	Label-01	2001
2	pernode	worker-cs-0	Label-01	2001
2	pernode	worker-cs-0	Label-01	2002
2	pernode	worker-cs-0	Label-01	2001
2	pernode	worker-cs-0	Label-01	2003
2	pernode	worker-cs-0	Label-06	2001
2	pernode	worker-cs-0	Label-01	2001
2	pernode	worker-cs-0	Label-01	2001
2	pernode	worker-cs-0	Label-06	2002
2	pernode	worker-cs-0	Label-06	2001
2	pernode	worker-cs-0	Label-01	2001
2	pernode	worker-cs-0	Label-06	2001
2	pernode	worker-cs-0	Label-06	2001
2	pernode	worker-cs-0	Label-06	2001
2	pernode	worker-cs-0	Label-01	2001
2	pernode	worker-cs-0	Label-06	2001
2	pernode	worker-cs-0	Label-01	2001
2	pernode	worker-cs-0	Label-06	2001
2	pernode	worker-cs-0	Label-01	2002
2	pernode	worker-cs-0	Label-06	2001
2	pernode	worker-cs-0	Label-06	2001
2	pernode	worker-cs-0	Label-01	2001
2	pernode	worker-cs-0	Label-01	2001
2	pernode	worker-cs-0	Label-01	2002
2	pernode	worker-cs-0	Label-06	2001
2	pernode	worker-cs-0	Label-06	2000
2	pernode	worker-cs-0	Label-01	2001
2	pernode	worker-cs-0	Label-06	2000
2	pernode	worker-cs-0	Label-06	2002
2	pernode	worker-cs-0	Label-06	2002
2	pernode	worker-cs-0	Label-06	2001
2	pernode	worker-cs-0	Label-06	2001
2	pernode	worker-cs-0	Label-01	2001
2	pernode	worker-cs-0	Label-01	2000
2	pernode	worker-cs-0	Label-01	2000
2	pernode	worker-cs-0	Label-06	2001
2	pernode	worker-cs-0	Label-01	2001
2	pernode	worker-cs-0	Label-01	2001
2	pernode	worker-cs-0	Label-01	2001
2	pernode	worker-cs-0	Label-01	2001
2	pernode	worker-cs-0	Label-06	2001
2	pernode	worker-cs-0	Label-06	2001
2	pernode	worker-cs-0	Label-06	2001
2	pernode	worker-cs-0	Label-01	2001
2	pernode	worker-cs-0	Label-01	2002
2	pernode	worker-cs-0	Label-01	2001
2	pernode	worker-cs-0	Label-01	2001
2	pernode	worker-cs-0	Label-06	2001
2	pernode	worker-cs-0	Label-01	2011
2	pernode	worker-cs-0	Label-06	2001
2	pernode	worker-cs-0	Label-06	2000
2	pernode	worker-cs-0	Label-01	2001
2	pernode	worker-cs-0	Label-01	2001
2	pernode	worker-cs-0	Label-06	2001
2	pernode	worker-cs-0	Label-01	2001
2	pernode	worker-cs-0	Label-01	2000
2	pernode	worker-cs-0	Label-06	2002
2	pernode	worker-cs-0	Label-06	2001
2	pernode	worker-cs-0	Label-06	2001
2	pernode	worker-cs-0	Label-01	2001
2	pernode	worker-cs-0	Label-06	2000
2	pernode	worker-cs-0	Label-01	2001
2	pernode	worker-cs-0	Label-06	2000
2	pernode	worker-cs-0	Label-01	2002
2	pernode	worker-cs-0	Label-01	2001
2	pernode	worker-cs-0	Label-06	2002
2	pernode	worker-cs-0	Label-06	2002
2	pernode	worker-cs-0	Label-06	2001
2	pernode	worker-cs-0	Label-06	2001
2	pernode	worker-cs-0	Label-01	2001
2	pernode	worker-cs-0	Label-06	2001
2	pernode	worker-cs-0	Label-06	2000
2	pernode	worker-cs-0	Label-01	2001
2	pernode	worker-cs-0	Label-01	2001
2	pernode	worker-cs-0	Label-01	2001
2	pernode	worker-cs-0	Label-01	2002
2	pernode	worker-cs-0	Label-01	2001
2	pernode	worker-cs-0	Label-06	2001
2	pernode	worker-cs-0	Label-01	2001
2	pernode	worker-cs-0	Label-06	2001
2	pernode	worker-cs-0	Label-06	2003
2	pernode	worker-cs-0	Label-01	2001
2	pernode	worker-cs-0	Label-06	2001
2	pernode	worker-cs-0	Label-01	2001
2	pernode	worker-cs-0	Label-01	2000
2	pernode	worker-cs-0	Label-06	2002
2	pernode	worker-cs-0	Label-01	2001
2	pernode	worker-cs-0	Label-01	2002
2	pernode	worker-cs-0	Label-01	2002
2	pernode	worker-cs-0	Label-06	2001
2	pernode	worker-cs-0	Label-01	2001
2	pernode	worker-cs-0	Label-01	2001
2	pernode	worker-cs-0	Label-01	2000
2	pernode	worker-cs-0	Label-06	2002
2	pernode	worker-cs-0	Label-01	2002
2	pernode	worker-cs-0	Label-06	2000
2	pernode	worker-cs-0	Label-01	2001
2	pernode	worker-cs-0	Label-06	2002
2	pernode	worker-cs-0	Label-06	2000
2	pernode	worker-cs-0	Label-01	2001
2	pernode	worker-cs-0	Label-01	2000
2	pernode	worker-cs-0	Label-01	2001
2	pernode	worker-cs-0	Label-06	2001
2	pernode	worker-cs-0	Label-01	2002
2	pernode	worker-cs-0	Label-01	2001
2	pernode	worker-cs-0	Label-01	2001
2	pernode	worker-cs-0	Label-06	2001
2	pernode	worker-cs-0	Label-01	2001
2	pernode	worker-cs-0	Label-01	2001
2	pernode	worker-cs-0	Label-06	2002
2	pernode	worker-cs-0	Label-06	2002
2	pernode	worker-cs-0	Label-01	2002
2	pernode	worker-cs-0	Label-01	2001
2	pernode	worker-cs-0	Label-01	2001
2	pernode	worker-cs-0	Label-01	2001
2	pernode	worker-cs-0	Label-06	2001
2	pernode	worker-cs-0	Label-01	2001
2	pernode	worker-cs-0	Label-01	2001
2	pernode	worker-cs-0	Label-06	2001
2	pernode	worker-cs-0	Label-06	2009
2	pernode	worker-cs-0	Label-06	2001
2	pernode	worker-cs-0	Label-01	2001
2	pernode	worker-cs-0	Label-01	2001
2	pernode	worker-cs-0	Label-06	2002
2	pernode	worker-cs-0	Label-06	2003
2	pernode	worker-cs-0	Label-06	2000
2	pernode	worker-cs-0	Label-01	2001
2	pernode	worker-cs-0	Label-06	2001
2	pernode	worker-cs-0	Label-01	2001
2	pernode	worker-cs-0	Label-06	2000
2	pernode	worker-cs-0	Label-01	2001
2	pernode	worker-cs-0	Label-01	2002
2	pernode	worker-cs-0	Label-01	2000
2	pernode	worker-cs-0	Label-01	2005
2	pernode	worker-cs-0	Label-01	2001
2	pernode	worker-cs-0	Label-01	2001
2	pernode	worker-cs-0	Label-01	2004
2	pernode	worker-cs-0	Label-01	2001
2	pernode	worker-cs-0	Label-06	2001
2	pernode	worker-cs-0	Label-01	2006
2	pernode	worker-cs-0	Label-06	2002
2	pernode	worker-cs-0	Label-01	2001
2	pernode	worker-cs-0	Label-01	2001
2	pernode	worker-cs-0	Label-06	2001
2	pernode	worker-cs-0	Label-06	2001
2	pernode	worker-cs-0	Label-06	2000
2	pernode	worker-cs-0	Label-06	2000
2	pernode	worker-cs-0	Label-06	2002
2	pernode	worker-cs-0	Label-01	2000
2	pernode	worker-cs-0	Label-01	2001
2	pernode	worker-cs-0	Label-06	2001
2	pernode	worker-cs-0	Label-06	2000
2	pernode	worker-cs-0	Label-06	2001
2	pernode	worker-cs-0	Label-06	2000
2	pernode	worker-cs-0	Label-06	2000
2	pernode	worker-cs-0	Label-06	2001
2	pernode	worker-cs-0	Label-01	2001
2	pernode	worker-cs-0	Label-01	2001
2	pernode	worker-cs-0	Label-06	2001
2	pernode	worker-cs-0	Label-01	2001
2	pernode	worker-cs-0	Label-06	2001
2	pernode	worker-cs-0	Label-01	2001
2	pernode	worker-cs-0	Label-06	2001
2	pernode	worker-cs-0	Label-06	2001
2	pernode	worker-cs-0	Label-06	2001
2	pernode	worker-cs-0	Label-06	2001
2	pernode	worker-cs-0	Label-01	2002
2	pernode	worker-cs-0	Label-06	2000
2	pernode	worker-cs-0	Label-01	2002
2	pernode	worker-cs-0	Label-06	2003
2	pernode	worker-cs-0	Label-06	2001
2	pernode	worker-cs-0	Label-06	2001
2	pernode	worker-cs-0	Label-01	2001
2	pernode	worker-cs-0	Label-06	2001
2	pernode	worker-cs-0	Label-01	2001
2	pernode	worker-cs-0	Label-06	2002
2	pernode	worker-cs-0	Label-06	2001
2	pernode	worker-cs-0	Label-06	2001
2	pernode	worker-cs-0	Label-06	2001
2	pernode	worker-cs-0	Label-06	2000
2	pernode	worker-cs-0	Label-01	2001
2	pernode	worker-cs-0	Label-01	2001
2	pernode	worker-cs-0	Label-01	2001
2	pernode	worker-cs-0	Label-01	2000
2	pernode	worker-cs-0	Label-01	2001
2	pernode	worker-cs-0	Label-01	2001
2	pernode	worker-cs-0	Label-06	2001
2	pernode	worker-cs-0	Label-06	2001
2	pernode	worker-cs-1	Label-02	2003
2	pernode	worker-cs-1	Label-02	2002
2	pernode	worker-cs-1	Label-02	2005
2	pernode	worker-cs-1	Label-02	2005
2	pernode	worker-cs-1	Label-02	2002
2	pernode	worker-cs-1	Label-02	2003
2	pernode	worker-cs-1	Label-02	2002
2	pernode	worker-cs-1	Label-02	2002
2	pernode	worker-cs-1	Label-02	2002
2	pernode	worker-cs-1	Label-02	2003
2	pernode	worker-cs-1	Label-02	2001
2	pernode	worker-cs-1	Label-02	2001
2	pernode	worker-cs-1	Label-02	2002
2	pernode	worker-cs-1	Label-02	2002
2	pernode	worker-cs-1	Label-02	2002
2	pernode	worker-cs-1	Label-02	2002
2	pernode	worker-cs-1	Label-02	2002
2	pernode	worker-cs-1	Label-02	2001
2	pernode	worker-cs-1	Label-02	2002
2	pernode	worker-cs-1	Label-02	2002
2	pernode	worker-cs-1	Label-02	2002
2	pernode	worker-cs-1	Label-02	2002
2	pernode	worker-cs-1	Label-02	2002
2	pernode	worker-cs-1	Label-02	2002
2	pernode	worker-cs-1	Label-02	2002
2	pernode	worker-cs-1	Label-02	2001
2	pernode	worker-cs-1	Label-02	2002
2	pernode	worker-cs-1	Label-02	2002
2	pernode	worker-cs-1	Label-02	2001
2	pernode	worker-cs-1	Label-02	2002
2	pernode	worker-cs-1	Label-02	2003
2	pernode	worker-cs-1	Label-02	2002
2	pernode	worker-cs-1	Label-02	2003
2	pernode	worker-cs-1	Label-02	2002
2	pernode	worker-cs-1	Label-02	2002
2	pernode	worker-cs-1	Label-02	2002
2	pernode	worker-cs-1	Label-02	2003
2	pernode	worker-cs-1	Label-02	2003
2	pernode	worker-cs-1	Label-02	2002
2	pernode	worker-cs-1	Label-02	2002
2	pernode	worker-cs-1	Label-02	2002
2	pernode	worker-cs-1	Label-02	2001
2	pernode	worker-cs-1	Label-02	2002
2	pernode	worker-cs-1	Label-02	2001
2	pernode	worker-cs-1	Label-02	2003
2	pernode	worker-cs-1	Label-02	2002
2	pernode	worker-cs-1	Label-02	2002
2	pernode	worker-cs-1	Label-02	2003
2	pernode	worker-cs-1	Label-02	2002
2	pernode	worker-cs-1	Label-02	2002
2	pernode	worker-cs-1	Label-02	2002
2	pernode	worker-cs-1	Label-02	2002
2	pernode	worker-cs-1	Label-02	2002
2	pernode	worker-cs-1	Label-02	2003
2	pernode	worker-cs-1	Label-02	2002
2	pernode	worker-cs-1	Label-02	2002
2	pernode	worker-cs-1	Label-02	2005
2	pernode	worker-cs-1	Label-02	2001
2	pernode	worker-cs-1	Label-02	2008
2	pernode	worker-cs-1	Label-02	2002
2	pernode	worker-cs-1	Label-02	2003
2	pernode	worker-cs-1	Label-02	2001
2	pernode	worker-cs-1	Label-02	2002
2	pernode	worker-cs-1	Label-02	2002
2	pernode	worker-cs-1	Label-02	2003
2	pernode	worker-cs-1	Label-02	2001
2	pernode	worker-cs-1	Label-02	2002
2	pernode	worker-cs-1	Label-02	2001
2	pernode	worker-cs-1	Label-02	2002
2	pernode	worker-cs-1	Label-02	2001
2	pernode	worker-cs-1	Label-02	2003
2	pernode	worker-cs-1	Label-02	2003
2	pernode	worker-cs-1	Label-02	2002
2	pernode	worker-cs-1	Label-02	2002
2	pernode	worker-cs-1	Label-02	2005
2	pernode	worker-cs-1	Label-02	2002
2	pernode	worker-cs-1	Label-02	2002
2	pernode	worker-cs-1	Label-02	2002
2	pernode	worker-cs-1	Label-02	2001
2	pernode	worker-cs-1	Label-02	2001
2	pernode	worker-cs-1	Label-02	2002
2	pernode	worker-cs-1	Label-02	2002
2	pernode	worker-cs-1	Label-02	2001
2	pernode	worker-cs-1	Label-02	2002
2	pernode	worker-cs-1	Label-02	2003
2	pernode	worker-cs-1	Label-02	2003
2	pernode	worker-cs-1	Label-02	2002
2	pernode	worker-cs-1	Label-02	2002
2	pernode	worker-cs-1	Label-02	2002
2	pernode	worker-cs-1	Label-02	2002
2	pernode	worker-cs-1	Label-02	2002
2	pernode	worker-cs-1	Label-02	2003
2	pernode	worker-cs-1	Label-02	2002
2	pernode	worker-cs-1	Label-02	2003
2	pernode	worker-cs-1	Label-02	2003
2	pernode	worker-cs-1	Label-02	2002
2	pernode	worker-cs-1	Label-02	2002
2	pernode	worker-cs-1	Label-02	2002
2	pernode	worker-cs-1	Label-02	2002
2	pernode	worker-cs-1	Label-02	2002
2	pernode	worker-cs-1	Label-02	2003
2	pernode	worker-cs-1	Label-02	2005
2	pernode	worker-cs-1	Label-02	2002
2	pernode	worker-cs-1	Label-02	2001
2	pernode	worker-cs-1	Label-02	2002
2	pernode	worker-cs-1	Label-02	2002
2	pernode	worker-cs-1	Label-02	2001
2	pernode	worker-cs-1	Label-02	2003
2	pernode	worker-cs-1	Label-02	2003
2	pernode	worker-cs-1	Label-02	2005
2	pernode	worker-cs-1	Label-02	2002
2	pernode	worker-cs-1	Label-02	2002
2	pernode	worker-cs-1	Label-02	2002
2	pernode	worker-cs-1	Label-02	2001
2	pernode	worker-cs-1	Label-02	2002
2	pernode	worker-cs-1	Label-02	2001
2	pernode	worker-cs-1	Label-02	2001
2	pernode	worker-cs-1	Label-02	2002
2	pernode	worker-cs-1	Label-02	2001
2	pernode	worker-cs-1	Label-02	2002
2	pernode	worker-cs-1	Label-02	2002
2	pernode	worker-cs-1	Label-02	2001
2	pernode	worker-cs-1	Label-02	2002
2	pernode	worker-cs-1	Label-02	2002
2	pernode	worker-cs-1	Label-02	2002
2	pernode	worker-cs-1	Label-02	2001
2	pernode	worker-cs-1	Label-02	2002
2	pernode	worker-cs-1	Label-02	2005
2	pernode	worker-cs-1	Label-02	2001
2	pernode	worker-cs-1	Label-02	2003
2	pernode	worker-cs-1	Label-02	2001
2	pernode	worker-cs-1	Label-02	2002
2	pernode	worker-cs-1	Label-02	2001
2	pernode	worker-cs-1	Label-02	2002
2	pernode	worker-cs-1	Label-02	2003
2	pernode	worker-cs-1	Label-02	2002
2	pernode	worker-cs-1	Label-02	2002
2	pernode	worker-cs-1	Label-02	2002
2	pernode	worker-cs-1	Label-02	2002
2	pernode	worker-cs-1	Label-02	2001
2	pernode	worker-cs-1	Label-02	2002
2	pernode	worker-cs-1	Label-02	2003
2	pernode	worker-cs-1	Label-02	2002
2	pernode	worker-cs-1	Label-02	2002
2	pernode	worker-cs-1	Label-02	2002
2	pernode	worker-cs-1	Label-02	2002
2	pernode	worker-cs-1	Label-02	2002
2	pernode	worker-cs-1	Label-02	2002
2	pernode	worker-cs-1	Label-02	2003
2	pernode	worker-cs-1	Label-02	2002
2	pernode	worker-cs-1	Label-02	2003
2	pernode	worker-cs-1	Label-02	2002
2	pernode	worker-cs-1	Label-02	2002
2	pernode	worker-cs-1	Label-02	2001
2	pernode	worker-cs-1	Label-02	2002
2	pernode	worker-cs-1	Label-02	2002
2	pernode	worker-cs-1	Label-02	2002
2	pernode	worker-cs-1	Label-02	2003
2	pernode	worker-cs-1	Label-02	2002
2	pernode	worker-cs-1	Label-02	2002
2	pernode	worker-cs-1	Label-02	2002
2	pernode	worker-cs-1	Label-02	2003
2	pernode	worker-cs-1	Label-02	2002
2	pernode	worker-cs-1	Label-02	2003
2	pernode	worker-cs-1	Label-02	2002
2	pernode	worker-cs-1	Label-02	2002
2	pernode	worker-cs-1	Label-02	2003
2	pernode	worker-cs-1	Label-02	2004
2	pernode	worker-cs-1	Label-02	2003
2	pernode	worker-cs-1	Label-02	2001
2	pernode	worker-cs-1	Label-02	2002
2	pernode	worker-cs-1	Label-02	2001
2	pernode	worker-cs-1	Label-02	2003
2	pernode	worker-cs-1	Label-02	2004
2	pernode	worker-cs-1	Label-02	2002
2	pernode	worker-cs-1	Label-02	2002
2	pernode	worker-cs-1	Label-02	2001
2	pernode	worker-cs-1	Label-02	2001
2	pernode	worker-cs-1	Label-02	2002
2	pernode	worker-cs-1	Label-02	2003
2	pernode	worker-cs-1	Label-02	2003
2	pernode	worker-cs-1	Label-02	2002
2	pernode	worker-cs-1	Label-02	2003
2	pernode	worker-cs-1	Label-02	2002
2	pernode	worker-cs-1	Label-02	2003
2	pernode	worker-cs-1	Label-02	2003
2	pernode	worker-cs-1	Label-02	2001
2	pernode	worker-cs-1	Label-02	2002
2	pernode	worker-cs-1	Label-02	2002
2	pernode	worker-cs-1	Label-02	2002
2	pernode	worker-cs-1	Label-02	2003
2	pernode	worker-cs-1	Label-02	2002
2	pernode	worker-cs-1	Label-02	2003
2	pernode	worker-cs-1	Label-02	2002
2	pernode	worker-cs-1	Label-02	2002
2	pernode	worker-cs-1	Label-02	2002
2	pernode	worker-cs-1	Label-02	2002
2	pernode	worker-cs-1	Label-02	2003
2	pernode	worker-cs-1	Label-02	2002
2	pernode	worker-cs-1	Label-02	2002
2	pernode	worker-cs-1	Label-02	2002
2	pernode	worker-cs-1	Label-02	2001
2	pernode	worker-cs-1	Label-02	2003
2	pernode	worker-cs-1	Label-02	2002
2	pernode	worker-cs-1	Label-02	2002
2	pernode	worker-cs-1	Label-02	2002
2	pernode	worker-cs-1	Label-02	2002
2	pernode	worker-cs-1	Label-02	2002
2	pernode	worker-cs-1	Label-02	2002
2	pernode	worker-cs-1	Label-02	2002
2	pernode	worker-cs-1	Label-02	2002
2	pernode	worker-cs-1	Label-02	2002
2	pernode	worker-cs-1	Label-02	2003
2	pernode	worker-cs-1	Label-02	2002
2	pernode	worker-cs-1	Label-02	2005
2	pernode	worker-cs-1	Label-02	2001
2	pernode	worker-cs-1	Label-02	2002
2	pernode	worker-cs-1	Label-02	2004
2	pernode	worker-cs-1	Label-02	2000
2	pernode	worker-cs-1	Label-02	2002
2	pernode	worker-cs-1	Label-02	2002
2	pernode	worker-cs-1	Label-02	2002
2	pernode	worker-cs-1	Label-02	2002
2	pernode	worker-cs-1	Label-02	2002
2	pernode	worker-cs-2	Label-09	2003
2	pernode	worker-cs-2	Label-09	2002
2	pernode	worker-cs-2	Label-09	2002
2	pernode	worker-cs-2	Label-09	2002
2	pernode	worker-cs-2	Label-09	2003
2	pernode	worker-cs-2	Label-09	2002
2	pernode	worker-cs-2	Label-03	2002
2	pernode	worker-cs-2	Label-09	2002
2	pernode	worker-cs-2	Label-09	2002
2	pernode	worker-cs-2	Label-09	2003
2	pernode	worker-cs-2	Label-09	2002
2	pernode	worker-cs-2	Label-09	2002
2	pernode	worker-cs-2	Label-09	2003
2	pernode	worker-cs-2	Label-03	2002
2	pernode	worker-cs-2	Label-03	2003
2	pernode	worker-cs-2	Label-03	2002
2	pernode	worker-cs-2	Label-03	2003
2	pernode	worker-cs-2	Label-03	2002
2	pernode	worker-cs-2	Label-03	2003
2	pernode	worker-cs-2	Label-03	2003
2	pernode	worker-cs-2	Label-09	2003
2	pernode	worker-cs-2	Label-03	2002
2	pernode	worker-cs-2	Label-03	2002
2	pernode	worker-cs-2	Label-09	2004
2	pernode	worker-cs-2	Label-09	2003
2	pernode	worker-cs-2	Label-09	2002
2	pernode	worker-cs-2	Label-09	2002
2	pernode	worker-cs-2	Label-09	2002
2	pernode	worker-cs-2	Label-09	2004
2	pernode	worker-cs-2	Label-03	2002
2	pernode	worker-cs-2	Label-09	2005
2	pernode	worker-cs-2	Label-09	2003
2	pernode	worker-cs-2	Label-03	2007
2	pernode	worker-cs-2	Label-09	2003
2	pernode	worker-cs-2	Label-03	2002
2	pernode	worker-cs-2	Label-09	2002
2	pernode	worker-cs-2	Label-03	2002
2	pernode	worker-cs-2	Label-09	2001
2	pernode	worker-cs-2	Label-09	2003
2	pernode	worker-cs-2	Label-09	2002
2	pernode	worker-cs-2	Label-09	2004
2	pernode	worker-cs-2	Label-03	2004
2	pernode	worker-cs-2	Label-03	2002
2	pernode	worker-cs-2	Label-09	2003
2	pernode	worker-cs-2	Label-03	2002
2	pernode	worker-cs-2	Label-09	2005
2	pernode	worker-cs-2	Label-03	2001
2	pernode	worker-cs-2	Label-09	2011
2	pernode	worker-cs-2	Label-09	2002
2	pernode	worker-cs-2	Label-03	2002
2	pernode	worker-cs-2	Label-03	2003
2	pernode	worker-cs-2	Label-09	2002
2	pernode	worker-cs-2	Label-09	2002
2	pernode	worker-cs-2	Label-09	2002
2	pernode	worker-cs-2	Label-09	2002
2	pernode	worker-cs-2	Label-03	2003
2	pernode	worker-cs-2	Label-09	2005
2	pernode	worker-cs-2	Label-09	2002
2	pernode	worker-cs-2	Label-03	2003
2	pernode	worker-cs-2	Label-09	2002
2	pernode	worker-cs-2	Label-09	2013
2	pernode	worker-cs-2	Label-09	2006
2	pernode	worker-cs-2	Label-03	2003
2	pernode	worker-cs-2	Label-09	2002
2	pernode	worker-cs-2	Label-03	2003
2	pernode	worker-cs-2	Label-09	2002
2	pernode	worker-cs-2	Label-09	2003
2	pernode	worker-cs-2	Label-03	2002
2	pernode	worker-cs-2	Label-09	2002
2	pernode	worker-cs-2	Label-09	2002
2	pernode	worker-cs-2	Label-03	2003
2	pernode	worker-cs-2	Label-03	2002
2	pernode	worker-cs-2	Label-09	2002
2	pernode	worker-cs-2	Label-09	2002
2	pernode	worker-cs-2	Label-09	2002
2	pernode	worker-cs-2	Label-09	2003
2	pernode	worker-cs-2	Label-03	2002
2	pernode	worker-cs-2	Label-09	2003
2	pernode	worker-cs-2	Label-09	2003
2	pernode	worker-cs-2	Label-09	2002
2	pernode	worker-cs-2	Label-09	2002
2	pernode	worker-cs-2	Label-09	2002
2	pernode	worker-cs-2	Label-03	2002
2	pernode	worker-cs-2	Label-09	2005
2	pernode	worker-cs-2	Label-09	2002
2	pernode	worker-cs-2	Label-09	2002
2	pernode	worker-cs-2	Label-09	2002
2	pernode	worker-cs-2	Label-09	2002
2	pernode	worker-cs-2	Label-09	2002
2	pernode	worker-cs-2	Label-09	2002
2	pernode	worker-cs-2	Label-03	2002
2	pernode	worker-cs-2	Label-09	2003
2	pernode	worker-cs-2	Label-09	2002
2	pernode	worker-cs-2	Label-09	2002
2	pernode	worker-cs-2	Label-03	2002
2	pernode	worker-cs-2	Label-09	2003
2	pernode	worker-cs-2	Label-03	2005
2	pernode	worker-cs-2	Label-09	2002
2	pernode	worker-cs-2	Label-09	2002
2	pernode	worker-cs-2	Label-09	2003
2	pernode	worker-cs-2	Label-03	2002
2	pernode	worker-cs-2	Label-09	2001
2	pernode	worker-cs-2	Label-09	2002
2	pernode	worker-cs-2	Label-09	2002
2	pernode	worker-cs-2	Label-09	2002
2	pernode	worker-cs-2	Label-09	2002
2	pernode	worker-cs-2	Label-09	2003
2	pernode	worker-cs-2	Label-09	2002
2	pernode	worker-cs-2	Label-03	2003
2	pernode	worker-cs-2	Label-09	2001
2	pernode	worker-cs-2	Label-09	2003
2	pernode	worker-cs-2	Label-03	2002
2	pernode	worker-cs-2	Label-09	2001
2	pernode	worker-cs-2	Label-09	2003
2	pernode	worker-cs-2	Label-03	2003
2	pernode	worker-cs-2	Label-03	2003
2	pernode	worker-cs-2	Label-09	2002
2	pernode	worker-cs-2	Label-09	2002
2	pernode	worker-cs-2	Label-03	2003
2	pernode	worker-cs-2	Label-03	2002
2	pernode	worker-cs-2	Label-09	2002
2	pernode	worker-cs-2	Label-09	2002
2	pernode	worker-cs-2	Label-03	2002
2	pernode	worker-cs-2	Label-09	2003
2	pernode	worker-cs-2	Label-03	2002
2	pernode	worker-cs-2	Label-09	2003
2	pernode	worker-cs-2	Label-09	2002
2	pernode	worker-cs-2	Label-09	2001
2	pernode	worker-cs-2	Label-09	2002
2	pernode	worker-cs-2	Label-09	2002
2	pernode	worker-cs-2	Label-09	2003
2	pernode	worker-cs-2	Label-03	2003
2	pernode	worker-cs-2	Label-03	2001
2	pernode	worker-cs-2	Label-09	2003
2	pernode	worker-cs-2	Label-03	2002
2	pernode	worker-cs-2	Label-09	2001
2	pernode	worker-cs-2	Label-09	2002
2	pernode	worker-cs-2	Label-09	2003
2	pernode	worker-cs-2	Label-09	2006
2	pernode	worker-cs-2	Label-09	2002
2	pernode	worker-cs-2	Label-03	2005
2	pernode	worker-cs-2	Label-09	2003
2	pernode	worker-cs-2	Label-09	2003
2	pernode	worker-cs-2	Label-09	2002
2	pernode	worker-cs-2	Label-09	2002
2	pernode	worker-cs-2	Label-03	2002
2	pernode	worker-cs-2	Label-09	2003
2	pernode	worker-cs-2	Label-03	2005
2	pernode	worker-cs-2	Label-09	2001
2	pernode	worker-cs-2	Label-09	2002
2	pernode	worker-cs-2	Label-03	2003
2	pernode	worker-cs-2	Label-09	2002
2	pernode	worker-cs-2	Label-03	2002
2	pernode	worker-cs-2	Label-09	2002
2	pernode	worker-cs-2	Label-09	2003
2	pernode	worker-cs-2	Label-09	2002
2	pernode	worker-cs-2	Label-09	2002
2	pernode	worker-cs-2	Label-09	2003
2	pernode	worker-cs-2	Label-09	2002
2	pernode	worker-cs-2	Label-09	2008
2	pernode	worker-cs-2	Label-09	2006
2	pernode	worker-cs-2	Label-03	2002
2	pernode	worker-cs-2	Label-09	2003
2	pernode	worker-cs-2	Label-09	2003
2	pernode	worker-cs-2	Label-03	2002
2	pernode	worker-cs-2	Label-09	2002
2	pernode	worker-cs-2	Label-09	2004
2	pernode	worker-cs-2	Label-09	2002
2	pernode	worker-cs-2	Label-09	2002
2	pernode	worker-cs-2	Label-09	2002
2	pernode	worker-cs-2	Label-09	2001
2	pernode	worker-cs-2	Label-09	2004
2	pernode	worker-cs-2	Label-09	2002
2	pernode	worker-cs-2	Label-09	2002
2	pernode	worker-cs-2	Label-03	2002
2	pernode	worker-cs-2	Label-09	2003
2	pernode	worker-cs-2	Label-09	2002
2	pernode	worker-cs-2	Label-09	2002
2	pernode	worker-cs-2	Label-09	2009
2	pernode	worker-cs-2	Label-09	2002
2	pernode	worker-cs-2	Label-09	2004
2	pernode	worker-cs-2	Label-09	2003
2	pernode	worker-cs-2	Label-09	2001
2	pernode	worker-cs-2	Label-03	2003
2	pernode	worker-cs-2	Label-09	2002
2	pernode	worker-cs-2	Label-09	2002
2	pernode	worker-cs-2	Label-09	2003
2	pernode	worker-cs-2	Label-03	2003
2	pernode	worker-cs-2	Label-03	2002
2	pernode	worker-cs-2	Label-09	2002
2	pernode	worker-cs-2	Label-09	2002
2	pernode	worker-cs-2	Label-03	2003
2	pernode	worker-cs-2	Label-03	2003
2	pernode	worker-cs-2	Label-09	2002
2	pernode	worker-cs-2	Label-09	2002
2	pernode	worker-cs-2	Label-09	2003
2	pernode	worker-cs-2	Label-09	2002
2	pernode	worker-cs-2	Label-09	2002
2	pernode	worker-cs-2	Label-09	2001
2	pernode	worker-cs-2	Label-09	2002
2	pernode	worker-cs-2	Label-09	2002
2	pernode	worker-cs-2	Label-03	2002
2	pernode	worker-cs-2	Label-09	2002
2	pernode	worker-cs-2	Label-09	2002
2	pernode	worker-cs-2	Label-09	2002
2	pernode	worker-cs-2	Label-09	2008
2	pernode	worker-cs-2	Label-03	2002
2	pernode	worker-cs-2	Label-09	2002
2	pernode	worker-cs-2	Label-09	2003
2	pernode	worker-cs-2	Label-09	2007
2	pernode	worker-cs-2	Label-09	2003
2	pernode	worker-cs-2	Label-09	2003
2	pernode	worker-cs-2	Label-03	2003
2	pernode	worker-cs-2	Label-09	2003
2	pernode	worker-cs-2	Label-09	2003
2	pernode	worker-cs-2	Label-09	2002
2	pernode	worker-cs-2	Label-09	2002
2	pernode	worker-cs-2	Label-09	2003
2	pernode	worker-cs-2	Label-03	2001
2	pernode	worker-cs-2	Label-03	2004
2	pernode	worker-cs-2	Label-03	2003
2	pernode	worker-cs-2	Label-03	2002
2	pernode	worker-cs-2	Label-03	2001
2	pernode	worker-cs-2	Label-09	2003
2	pernode	worker-cs-2	Label-03	2003
2	pernode	worker-cs-2	Label-03	2002
2	pernode	worker-cs-2	Label-09	2002
2	pernode	worker-cs-2	Label-09	2001
2	pernode	worker-cs-2	Label-09	2004
2	pernode	worker-cs-2	Label-03	2001
2	pernode	worker-cs-2	Label-09	2001
2	pernode	worker-cs-2	Label-09	2003
2	pernode	worker-cs-2	Label-09	2002
2	pernode	worker-cs-2	Label-09	2003
2	pernode	worker-cs-2	Label-09	2003
2	pernode	worker-cs-2	Label-09	2002
2	pernode	worker-cs-2	Label-09	2003
2	pernode	worker-cs-2	Label-09	2005
2	pernode	worker-cs-2	Label-03	2007
2	pernode	worker-cs-2	Label-03	2002
2	pernode	worker-cs-2	Label-09	2002
2	pernode	worker-cs-2	Label-03	2002
2	pernode	worker-cs-2	Label-09	2001
2	pernode	worker-cs-2	Label-09	2001
2	pernode	worker-cs-2	Label-03	2001
2	pernode	worker-cs-2	Label-09	2001
2	pernode	worker-cs-2	Label-09	2001
2	pernode	worker-cs-2	Label-09	2002
2	pernode	worker-cs-2	Label-09	2003
2	pernode	worker-cs-2	Label-09	2009
2	pernode	worker-cs-2	Label-09	2003
2	pernode	worker-cs-2	Label-09	2001
2	pernode	worker-cs-2	Label-09	2004
2	pernode	worker-cs-2	Label-03	2003
2	pernode	worker-cs-2	Label-09	2003
2	pernode	worker-cs-2	Label-09	2002
2	pernode	worker-cs-2	Label-03	2002
2	pernode	worker-cs-2	Label-09	2002
2	pernode	worker-cs-2	Label-09	2006
2	pernode	worker-cs-2	Label-09	2001
2	pernode	worker-cs-2	Label-09	2002
2	pernode	worker-cs-2	Label-09	2002
2	pernode	worker-cs-2	Label-09	2004
2	pernode	worker-cs-2	Label-03	2002
2	pernode	worker-cs-2	Label-09	2001
2	pernode	worker-cs-2	Label-09	2001
2	pernode	worker-cs-2	Label-09	2006
2	pernode	worker-cs-2	Label-09	2003
2	pernode	worker-cs-2	Label-09	2003
2	pernode	worker-cs-2	Label-09	2003
2	pernode	worker-cs-2	Label-09	2004
2	pernode	worker-cs-2	Label-09	2003
2	pernode	worker-cs-2	Label-09	2001
2	pernode	worker-cs-2	Label-03	2005
2	pernode	worker-cs-2	Label-03	2003
2	pernode	worker-cs-2	Label-09	2002
2	pernode	worker-cs-2	Label-09	2001
2	pernode	worker-cs-2	Label-09	2002
2	pernode	worker-cs-2	Label-03	2002
2	pernode	worker-cs-2	Label-03	2001
2	pernode	worker-cs-2	Label-09	2002
2	pernode	worker-cs-2	Label-09	2002
2	pernode	worker-cs-2	Label-09	2003
2	pernode	worker-cs-2	Label-03	2002
2	pernode	worker-cs-2	Label-09	2002
2	pernode	worker-cs-2	Label-09	2003
2	pernode	worker-cs-2	Label-09	2002
2	pernode	worker-cs-2	Label-03	2002
2	pernode	worker-cs-2	Label-09	2002
2	pernode	worker-cs-2	Label-09	2003
2	pernode	worker-cs-2	Label-09	2004
2	pernode	worker-cs-2	Label-09	2002
2	pernode	worker-cs-2	Label-03	2001
2	pernode	worker-cs-2	Label-09	2002
2	pernode	worker-cs-2	Label-09	2003
2	pernode	worker-cs-2	Label-09	2003
2	pernode	worker-cs-2	Label-09	2002
2	pernode	worker-cs-2	Label-09	2006
2	pernode	worker-cs-2	Label-09	2002
2	pernode	worker-cs-2	Label-09	2003
2	pernode	worker-cs-2	Label-09	2002
2	pernode	worker-cs-2	Label-09	2003
2	pernode	worker-cs-2	Label-09	2002
2	pernode	worker-cs-2	Label-03	2002
2	pernode	worker-cs-2	Label-03	2002
2	pernode	worker-cs-2	Label-09	2002
2	pernode	worker-cs-2	Label-09	2002
2	pernode	worker-cs-2	Label-09	2002
2	pernode	worker-cs-2	Label-03	2002
2	pernode	worker-cs-2	Label-09	2003
2	pernode	worker-cs-2	Label-03	2002
2	pernode	worker-cs-2	Label-03	2002
2	pernode	worker-cs-2	Label-03	2003
2	pernode	worker-cs-2	Label-09	2002
2	pernode	worker-cs-2	Label-09	2003
2	pernode	worker-cs-2	Label-09	2002
2	pernode	worker-cs-2	Label-09	2003
2	pernode	worker-cs-2	Label-03	2003
2	pernode	worker-cs-2	Label-09	2003
2	pernode	worker-cs-2	Label-03	2002
2	pernode	worker-cs-2	Label-09	2003
2	pernode	worker-cs-2	Label-09	2003
2	pernode	worker-cs-2	Label-09	2002
2	pernode	worker-cs-2	Label-09	2001
2	pernode	worker-cs-2	Label-09	2002
2	pernode	worker-cs-2	Label-09	2003
2	pernode	worker-cs-2	Label-09	2001
2	pernode	worker-cs-2	Label-09	2001
2	pernode	worker-cs-2	Label-09	2002
2	pernode	worker-cs-3	Label-04	2000
2	pernode	worker-cs-3	Label-04	2001
2	pernode	worker-cs-3	Label-04	2002
2	pernode	worker-cs-3	Label-04	2002
2	pernode	worker-cs-3	Label-04	2001
2	pernode	worker-cs-3	Label-04	2001
2	pernode	worker-cs-3	Label-04	2001
2	pernode	worker-cs-3	Label-04	2001
2	pernode	worker-cs-3	Label-04	2001
2	pernode	worker-cs-3	Label-04	2001
2	pernode	worker-cs-3	Label-04	2001
2	pernode	worker-cs-3	Label-04	2001
2	pernode	worker-cs-3	Label-04	2002
2	pernode	worker-cs-3	Label-04	2001
2	pernode	worker-cs-3	Label-04	2002
2	pernode	worker-cs-3	Label-04	2002
2	pernode	worker-cs-3	Label-04	2002
2	pernode	worker-cs-3	Label-04	2002
2	pernode	worker-cs-3	Label-04	2001
2	pernode	worker-cs-3	Label-04	2002
2	pernode	worker-cs-3	Label-04	2001
2	pernode	worker-cs-3	Label-04	2002
2	pernode	worker-cs-3	Label-04	2001
2	pernode	worker-cs-3	Label-04	2001
2	pernode	worker-cs-3	Label-04	2001
2	pernode	worker-cs-3	Label-04	2001
2	pernode	worker-cs-3	Label-04	2001
2	pernode	worker-cs-3	Label-04	2001
2	pernode	worker-cs-3	Label-04	2002
2	pernode	worker-cs-3	Label-04	2001
2	pernode	worker-cs-3	Label-04	2002
2	pernode	worker-cs-3	Label-04	2002
2	pernode	worker-cs-3	Label-04	2001
2	pernode	worker-cs-3	Label-04	2002
2	pernode	worker-cs-3	Label-04	2002
2	pernode	worker-cs-3	Label-04	2001
2	pernode	worker-cs-3	Label-04	2001
2	pernode	worker-cs-3	Label-04	2001
2	pernode	worker-cs-3	Label-04	2002
2	pernode	worker-cs-3	Label-04	2001
2	pernode	worker-cs-3	Label-04	2001
2	pernode	worker-cs-3	Label-04	2001
2	pernode	worker-cs-3	Label-04	2001
2	pernode	worker-cs-3	Label-04	2001
2	pernode	worker-cs-3	Label-04	2002
2	pernode	worker-cs-3	Label-04	2001
2	pernode	worker-cs-3	Label-04	2002
2	pernode	worker-cs-3	Label-04	2002
2	pernode	worker-cs-3	Label-04	2001
2	pernode	worker-cs-3	Label-04	2000
2	pernode	worker-cs-3	Label-04	2002
2	pernode	worker-cs-3	Label-04	2001
2	pernode	worker-cs-3	Label-04	2001
2	pernode	worker-cs-3	Label-04	2002
2	pernode	worker-cs-3	Label-04	2002
2	pernode	worker-cs-3	Label-04	2002
2	pernode	worker-cs-3	Label-04	2001
2	pernode	worker-cs-3	Label-04	2002
2	pernode	worker-cs-3	Label-04	2002
2	pernode	worker-cs-3	Label-04	2002
2	pernode	worker-cs-3	Label-04	2002
2	pernode	worker-cs-3	Label-04	2002
2	pernode	worker-cs-3	Label-04	2002
2	pernode	worker-cs-3	Label-04	2002
2	pernode	worker-cs-3	Label-04	2001
2	pernode	worker-cs-3	Label-04	2002
2	pernode	worker-cs-3	Label-04	2001
2	pernode	worker-cs-3	Label-04	2002
2	pernode	worker-cs-3	Label-04	2001
2	pernode	worker-cs-3	Label-04	2001
2	pernode	worker-cs-3	Label-04	2002
2	pernode	worker-cs-3	Label-04	2001
2	pernode	worker-cs-3	Label-04	2001
2	pernode	worker-cs-3	Label-04	2002
2	pernode	worker-cs-3	Label-04	2001
2	pernode	worker-cs-3	Label-04	2001
2	pernode	worker-cs-3	Label-04	2001
2	pernode	worker-cs-3	Label-04	2002
2	pernode	worker-cs-3	Label-04	2001
2	pernode	worker-cs-3	Label-04	2001
2	pernode	worker-cs-3	Label-04	2002
2	pernode	worker-cs-3	Label-04	2001
2	pernode	worker-cs-3	Label-04	2002
2	pernode	worker-cs-3	Label-04	2001
2	pernode	worker-cs-3	Label-04	2002
2	pernode	worker-cs-3	Label-04	2002
2	pernode	worker-cs-3	Label-04	2001
2	pernode	worker-cs-3	Label-04	2002
2	pernode	worker-cs-3	Label-04	2001
2	pernode	worker-cs-3	Label-04	2002
2	pernode	worker-cs-3	Label-04	2001
2	pernode	worker-cs-3	Label-04	2000
2	pernode	worker-cs-3	Label-04	2002
2	pernode	worker-cs-3	Label-04	2002
2	pernode	worker-cs-3	Label-04	2001
2	pernode	worker-cs-3	Label-04	2002
2	pernode	worker-cs-3	Label-04	2001
2	pernode	worker-cs-3	Label-04	2001
2	pernode	worker-cs-3	Label-04	2000
2	pernode	worker-cs-3	Label-04	2001
2	pernode	worker-cs-3	Label-04	2001
2	pernode	worker-cs-3	Label-04	2002
2	pernode	worker-cs-3	Label-04	2001
2	pernode	worker-cs-3	Label-04	2001
2	pernode	worker-cs-3	Label-04	2002
2	pernode	worker-cs-3	Label-04	2001
2	pernode	worker-cs-3	Label-04	2001
2	pernode	worker-cs-3	Label-04	2001
2	pernode	worker-cs-3	Label-04	2002
2	pernode	worker-cs-3	Label-04	2001
2	pernode	worker-cs-3	Label-04	2002
2	pernode	worker-cs-3	Label-04	2001
2	pernode	worker-cs-3	Label-04	2002
2	pernode	worker-cs-3	Label-04	2002
2	pernode	worker-cs-3	Label-04	2002
2	pernode	worker-cs-3	Label-04	2002
2	pernode	worker-cs-3	Label-04	2002
2	pernode	worker-cs-3	Label-04	2001
2	pernode	worker-cs-3	Label-04	2001
2	pernode	worker-cs-3	Label-04	2002
2	pernode	worker-cs-3	Label-04	2002
2	pernode	worker-cs-3	Label-04	2002
2	pernode	worker-cs-3	Label-04	2002
2	pernode	worker-cs-3	Label-04	2001
2	pernode	worker-cs-3	Label-04	2001
2	pernode	worker-cs-3	Label-04	2003
2	pernode	worker-cs-3	Label-04	2002
2	pernode	worker-cs-3	Label-04	2002
2	pernode	worker-cs-3	Label-04	2002
2	pernode	worker-cs-3	Label-04	2002
2	pernode	worker-cs-3	Label-04	2001
2	pernode	worker-cs-3	Label-04	2002
2	pernode	worker-cs-3	Label-04	2002
2	pernode	worker-cs-3	Label-04	2002
2	pernode	worker-cs-3	Label-04	2001
2	pernode	worker-cs-3	Label-04	2001
2	pernode	worker-cs-3	Label-04	2002
2	pernode	worker-cs-3	Label-04	2002
2	pernode	worker-cs-3	Label-04	2002
2	pernode	worker-cs-3	Label-04	2001
2	pernode	worker-cs-3	Label-04	2002
2	pernode	worker-cs-3	Label-04	2001
2	pernode	worker-cs-3	Label-04	2002
2	pernode	worker-cs-3	Label-04	2001
2	pernode	worker-cs-3	Label-04	2000
2	pernode	worker-cs-3	Label-04	2001
2	pernode	worker-cs-3	Label-04	2001
2	pernode	worker-cs-3	Label-04	2001
2	pernode	worker-cs-3	Label-04	2004
2	pernode	worker-cs-3	Label-04	2002
2	pernode	worker-cs-3	Label-04	2001
2	pernode	worker-cs-3	Label-04	2002
2	pernode	worker-cs-3	Label-04	2002
2	pernode	worker-cs-3	Label-04	2002
2	pernode	worker-cs-3	Label-04	2002
2	pernode	worker-cs-3	Label-04	2001
2	pernode	worker-cs-3	Label-04	2001
2	pernode	worker-cs-3	Label-04	2001
2	pernode	worker-cs-3	Label-04	2001
2	pernode	worker-cs-3	Label-04	2001
2	pernode	worker-cs-3	Label-04	2002
2	pernode	worker-cs-3	Label-04	2001
2	pernode	worker-cs-3	Label-04	2002
2	pernode	worker-cs-3	Label-04	2001
2	pernode	worker-cs-3	Label-04	2000
2	pernode	worker-cs-3	Label-04	2001
2	pernode	worker-cs-3	Label-04	2002
2	pernode	worker-cs-3	Label-04	2002
2	pernode	worker-cs-3	Label-04	2001
2	pernode	worker-cs-3	Label-04	2002
2	pernode	worker-cs-3	Label-04	2001
2	pernode	worker-cs-3	Label-04	2002
2	pernode	worker-cs-3	Label-04	2002
2	pernode	worker-cs-3	Label-04	2002
2	pernode	worker-cs-3	Label-04	2002
2	pernode	worker-cs-3	Label-04	2001
2	pernode	worker-cs-3	Label-04	2002
2	pernode	worker-cs-3	Label-04	2002
2	pernode	worker-cs-3	Label-04	2001
2	pernode	worker-cs-3	Label-04	2002
2	pernode	worker-cs-3	Label-04	2001
2	pernode	worker-cs-3	Label-04	2002
2	pernode	worker-cs-3	Label-04	2002
2	pernode	worker-cs-3	Label-04	2002
2	pernode	worker-cs-3	Label-04	2002
2	pernode	worker-cs-3	Label-04	2002
2	pernode	worker-cs-3	Label-04	2002
2	pernode	worker-cs-3	Label-04	2002
2	pernode	worker-cs-3	Label-04	2002
2	pernode	worker-cs-3	Label-04	2002
2	pernode	worker-cs-3	Label-04	2001
2	pernode	worker-cs-3	Label-04	2001
2	pernode	worker-cs-3	Label-04	2001
2	pernode	worker-cs-3	Label-04	2001
2	pernode	worker-cs-3	Label-04	2002
2	pernode	worker-cs-3	Label-04	2001
2	pernode	worker-cs-3	Label-04	2001
2	pernode	worker-cs-3	Label-04	2002
2	pernode	worker-cs-3	Label-04	2001
2	pernode	worker-cs-3	Label-04	2002
2	pernode	worker-cs-3	Label-04	2002
2	pernode	worker-cs-3	Label-04	2002
2	pernode	worker-cs-3	Label-04	2001
2	pernode	worker-cs-3	Label-04	2002
2	pernode	worker-cs-3	Label-04	2001
2	pernode	worker-cs-3	Label-04	2002
2	pernode	worker-cs-3	Label-04	2001
2	pernode	worker-cs-4	Label-10	2001
2	pernode	worker-cs-4	Label-10	2001
2	pernode	worker-cs-4	Label-10	2001
2	pernode	worker-cs-4	Label-10	2001
2	pernode	worker-cs-4	Label-12	2001
2	pernode	worker-cs-4	Label-10	2001
2	pernode	worker-cs-4	Label-12	2001
2	pernode	worker-cs-4	Label-12	2002
2	pernode	worker-cs-4	Label-10	2000
2	pernode	worker-cs-4	Label-12	2000
2	pernode	worker-cs-4	Label-12	2001
2	pernode	worker-cs-4	Label-10	2001
2	pernode	worker-cs-4	Label-12	2001
2	pernode	worker-cs-4	Label-12	2000
2	pernode	worker-cs-4	Label-12	2000
2	pernode	worker-cs-4	Label-10	2001
2	pernode	worker-cs-4	Label-10	2001
2	pernode	worker-cs-4	Label-10	2001
2	pernode	worker-cs-4	Label-10	2001
2	pernode	worker-cs-4	Label-10	2002
2	pernode	worker-cs-4	Label-10	2001
2	pernode	worker-cs-4	Label-10	2001
2	pernode	worker-cs-4	Label-12	2002
2	pernode	worker-cs-4	Label-10	2000
2	pernode	worker-cs-4	Label-10	2001
2	pernode	worker-cs-4	Label-12	2002
2	pernode	worker-cs-4	Label-12	2001
2	pernode	worker-cs-4	Label-12	2001
2	pernode	worker-cs-4	Label-10	2001
2	pernode	worker-cs-4	Label-12	2000
2	pernode	worker-cs-4	Label-10	2000
2	pernode	worker-cs-4	Label-10	2000
2	pernode	worker-cs-4	Label-10	2000
2	pernode	worker-cs-4	Label-10	2001
2	pernode	worker-cs-4	Label-12	2002
2	pernode	worker-cs-4	Label-12	2001
2	pernode	worker-cs-4	Label-10	2001
2	pernode	worker-cs-4	Label-10	2000
2	pernode	worker-cs-4	Label-12	2000
2	pernode	worker-cs-4	Label-12	2001
2	pernode	worker-cs-4	Label-12	2001
2	pernode	worker-cs-4	Label-10	2001
2	pernode	worker-cs-4	Label-12	2001
2	pernode	worker-cs-4	Label-12	2001
2	pernode	worker-cs-4	Label-12	2001
2	pernode	worker-cs-4	Label-10	2000
2	pernode	worker-cs-4	Label-12	2001
2	pernode	worker-cs-4	Label-12	2001
2	pernode	worker-cs-4	Label-12	2001
2	pernode	worker-cs-4	Label-12	2001
2	pernode	worker-cs-4	Label-12	2001
2	pernode	worker-cs-4	Label-12	2002
2	pernode	worker-cs-4	Label-12	2002
2	pernode	worker-cs-4	Label-10	2001
2	pernode	worker-cs-4	Label-10	2001
2	pernode	worker-cs-4	Label-12	2001
2	pernode	worker-cs-4	Label-12	2002
2	pernode	worker-cs-4	Label-10	2001
2	pernode	worker-cs-4	Label-12	2001
2	pernode	worker-cs-4	Label-10	2001
2	pernode	worker-cs-4	Label-12	2001
2	pernode	worker-cs-4	Label-10	2001
2	pernode	worker-cs-4	Label-12	2000
2	pernode	worker-cs-4	Label-10	2000
2	pernode	worker-cs-4	Label-12	2002
2	pernode	worker-cs-4	Label-10	2000
2	pernode	worker-cs-4	Label-10	2001
2	pernode	worker-cs-4	Label-10	2001
2	pernode	worker-cs-4	Label-12	2001
2	pernode	worker-cs-4	Label-10	2002
2	pernode	worker-cs-4	Label-12	2000
2	pernode	worker-cs-4	Label-12	2000
2	pernode	worker-cs-4	Label-10	2000
2	pernode	worker-cs-4	Label-10	2002
2	pernode	worker-cs-4	Label-12	2002
2	pernode	worker-cs-4	Label-10	2001
2	pernode	worker-cs-4	Label-12	2001
2	pernode	worker-cs-4	Label-10	2001
2	pernode	worker-cs-4	Label-10	2000
2	pernode	worker-cs-4	Label-12	2001
2	pernode	worker-cs-4	Label-10	2001
2	pernode	worker-cs-4	Label-12	2001
2	pernode	worker-cs-4	Label-12	2001
2	pernode	worker-cs-4	Label-12	2002
2	pernode	worker-cs-4	Label-10	2000
2	pernode	worker-cs-4	Label-10	2000
2	pernode	worker-cs-4	Label-12	2001
2	pernode	worker-cs-4	Label-10	2000
2	pernode	worker-cs-4	Label-12	2001
2	pernode	worker-cs-4	Label-12	2002
2	pernode	worker-cs-4	Label-10	2001
2	pernode	worker-cs-4	Label-10	2001
2	pernode	worker-cs-4	Label-12	2001
2	pernode	worker-cs-4	Label-10	2001
2	pernode	worker-cs-4	Label-12	2001
2	pernode	worker-cs-4	Label-10	2000
2	pernode	worker-cs-4	Label-10	2001
2	pernode	worker-cs-4	Label-10	2001
2	pernode	worker-cs-4	Label-12	2000
2	pernode	worker-cs-4	Label-12	2001
2	pernode	worker-cs-4	Label-10	2001
2	pernode	worker-cs-4	Label-10	2002
2	pernode	worker-cs-4	Label-10	2001
2	pernode	worker-cs-4	Label-12	2001
2	pernode	worker-cs-4	Label-12	2001
2	pernode	worker-cs-4	Label-10	2001
2	pernode	worker-cs-4	Label-10	2001
2	pernode	worker-cs-4	Label-10	2001
2	pernode	worker-cs-4	Label-12	2000
2	pernode	worker-cs-4	Label-12	2001
2	pernode	worker-cs-4	Label-10	2001
2	pernode	worker-cs-4	Label-12	2000
2	pernode	worker-cs-4	Label-12	2000
2	pernode	worker-cs-4	Label-12	2001
2	pernode	worker-cs-4	Label-10	2001
2	pernode	worker-cs-4	Label-10	2001
2	pernode	worker-cs-4	Label-10	2001
2	pernode	worker-cs-4	Label-12	2001
2	pernode	worker-cs-4	Label-10	2000
2	pernode	worker-cs-4	Label-10	2001
2	pernode	worker-cs-4	Label-10	2001
2	pernode	worker-cs-4	Label-12	2001
2	pernode	worker-cs-4	Label-12	2000
2	pernode	worker-cs-4	Label-12	2001
2	pernode	worker-cs-4	Label-10	2001
2	pernode	worker-cs-4	Label-10	2003
2	pernode	worker-cs-4	Label-10	2001
2	pernode	worker-cs-4	Label-12	2000
2	pernode	worker-cs-4	Label-12	2002
2	pernode	worker-cs-4	Label-12	2001
2	pernode	worker-cs-4	Label-12	2000
2	pernode	worker-cs-4	Label-10	2000
2	pernode	worker-cs-4	Label-12	2001
2	pernode	worker-cs-4	Label-12	2001
2	pernode	worker-cs-4	Label-12	2002
2	pernode	worker-cs-4	Label-12	2000
2	pernode	worker-cs-4	Label-10	2001
2	pernode	worker-cs-4	Label-10	2002
2	pernode	worker-cs-4	Label-12	2002
2	pernode	worker-cs-4	Label-12	2001
2	pernode	worker-cs-4	Label-12	2000
2	pernode	worker-cs-4	Label-12	2001
2	pernode	worker-cs-4	Label-12	2001
2	pernode	worker-cs-4	Label-10	2002
2	pernode	worker-cs-4	Label-10	2001
2	pernode	worker-cs-4	Label-12	2001
2	pernode	worker-cs-4	Label-10	2001
2	pernode	worker-cs-4	Label-10	2001
2	pernode	worker-cs-4	Label-12	2001
2	pernode	worker-cs-4	Label-10	2001
2	pernode	worker-cs-4	Label-12	2001
2	pernode	worker-cs-4	Label-12	2002
2	pernode	worker-cs-4	Label-10	2002
2	pernode	worker-cs-4	Label-12	2001
2	pernode	worker-cs-4	Label-10	2001
2	pernode	worker-cs-4	Label-12	2001
2	pernode	worker-cs-4	Label-12	2001
2	pernode	worker-cs-4	Label-10	2001
2	pernode	worker-cs-4	Label-12	2001
2	pernode	worker-cs-4	Label-12	2000
2	pernode	worker-cs-4	Label-12	2000
2	pernode	worker-cs-4	Label-10	2001
2	pernode	worker-cs-4	Label-10	2000
2	pernode	worker-cs-4	Label-10	2001
2	pernode	worker-cs-4	Label-12	2001
2	pernode	worker-cs-4	Label-12	2001
2	pernode	worker-cs-4	Label-10	2000
2	pernode	worker-cs-4	Label-10	2001
2	pernode	worker-cs-4	Label-12	2000
2	pernode	worker-cs-4	Label-10	2001
2	pernode	worker-cs-4	Label-10	2001
2	pernode	worker-cs-4	Label-10	2001
2	pernode	worker-cs-4	Label-12	2001
2	pernode	worker-cs-4	Label-10	2003
2	pernode	worker-cs-4	Label-12	2001
2	pernode	worker-cs-4	Label-12	2001
2	pernode	worker-cs-4	Label-12	2001
2	pernode	worker-cs-4	Label-10	2000
2	pernode	worker-cs-4	Label-10	2001
2	pernode	worker-cs-4	Label-10	2002
2	pernode	worker-cs-4	Label-12	2003
2	pernode	worker-cs-4	Label-10	2000
2	pernode	worker-cs-4	Label-10	2001
2	pernode	worker-cs-4	Label-12	2001
2	pernode	worker-cs-4	Label-12	2001
2	pernode	worker-cs-4	Label-10	2001
2	pernode	worker-cs-4	Label-10	2001
2	pernode	worker-cs-4	Label-10	2001
2	pernode	worker-cs-4	Label-10	2002
2	pernode	worker-cs-4	Label-12	2001
2	pernode	worker-cs-4	Label-10	2001
2	pernode	worker-cs-4	Label-10	2001
2	pernode	worker-cs-4	Label-12	2001
2	pernode	worker-cs-4	Label-10	2001
2	pernode	worker-cs-4	Label-10	2001
2	pernode	worker-cs-4	Label-10	2002
2	pernode	worker-cs-4	Label-10	2002
2	pernode	worker-cs-4	Label-12	2001
2	pernode	worker-cs-4	Label-10	2000
2	pernode	worker-cs-4	Label-10	2001
2	pernode	worker-cs-4	Label-10	2002
2	pernode	worker-cs-4	Label-12	2001
2	pernode	worker-cs-4	Label-10	2001
2	pernode	worker-cs-4	Label-10	2000
2	pernode	worker-cs-4	Label-10	2000
2	pernode	worker-cs-4	Label-12	2001
2	pernode	worker-cs-4	Label-10	2004
2	pernode	worker-cs-4	Label-10	2002
2	pernode	worker-cs-4	Label-12	2000
2	pernode	worker-cs-4	Label-10	2001
2	pernode	worker-cs-4	Label-10	2001
2	pernode	worker-cs-4	Label-12	2002
2	pernode	worker-cs-4	Label-10	2001
2	pernode	worker-cs-4	Label-10	1999
2	pernode	worker-cs-4	Label-12	2001
2	pernode	worker-cs-4	Label-10	2001
2	pernode	worker-cs-4	Label-12	2002
2	pernode	worker-cs-4	Label-12	2002
2	pernode	worker-cs-4	Label-10	2001
2	pernode	worker-cs-4	Label-10	2001
2	pernode	worker-cs-4	Label-12	2001
2	pernode	worker-cs-4	Label-10	2000
2	pernode	worker-cs-4	Label-10	2001
2	pernode	worker-cs-4	Label-12	2001
2	pernode	worker-cs-4	Label-10	2001
2	pernode	worker-cs-4	Label-12	2001
2	pernode	worker-cs-4	Label-12	2000
2	pernode	worker-cs-4	Label-10	2001
2	pernode	worker-cs-4	Label-12	2000
2	pernode	worker-cs-4	Label-10	2001
2	pernode	worker-cs-4	Label-12	2001
2	pernode	worker-cs-4	Label-12	2001
2	pernode	worker-cs-4	Label-12	2001
2	pernode	worker-cs-4	Label-10	2001
2	pernode	worker-cs-4	Label-12	2001
2	pernode	worker-cs-4	Label-12	2002
2	pernode	worker-cs-4	Label-12	2001
2	pernode	worker-cs-4	Label-12	2001
2	pernode	worker-cs-4	Label-12	2001
2	pernode	worker-cs-4	Label-12	2001
2	pernode	worker-cs-4	Label-12	2001
2	pernode	worker-cs-4	Label-12	2000
2	pernode	worker-cs-4	Label-10	2001
2	pernode	worker-cs-4	Label-12	2001
2	pernode	worker-cs-4	Label-10	2001
2	pernode	worker-cs-4	Label-12	2000
2	pernode	worker-cs-4	Label-12	2001
2	pernode	worker-cs-4	Label-10	2002
2	pernode	worker-cs-4	Label-12	2000
2	pernode	worker-cs-4	Label-12	2000
2	pernode	worker-cs-4	Label-10	2002
2	pernode	worker-cs-4	Label-10	2001
2	pernode	worker-cs-4	Label-10	2002
2	pernode	worker-cs-4	Label-10	2001
2	pernode	worker-cs-4	Label-12	2001
2	pernode	worker-cs-4	Label-10	2001
2	pernode	worker-cs-4	Label-10	2002
2	pernode	worker-cs-4	Label-12	2001
2	pernode	worker-cs-4	Label-12	2001
2	pernode	worker-cs-4	Label-10	2001
2	pernode	worker-cs-4	Label-10	2002
2	pernode	worker-cs-4	Label-10	2000
2	pernode	worker-cs-4	Label-10	2000
2	pernode	worker-cs-4	Label-10	2002
2	pernode	worker-cs-4	Label-10	2001
2	pernode	worker-cs-4	Label-10	2001
2	pernode	worker-cs-4	Label-12	2002
2	pernode	worker-cs-4	Label-12	2001
2	pernode	worker-cs-4	Label-12	2001
2	pernode	worker-cs-4	Label-10	2001
2	pernode	worker-cs-4	Label-10	2001
2	pernode	worker-cs-4	Label-12	2001
2	pernode	worker-cs-4	Label-10	2001
2	pernode	worker-cs-4	Label-12	2001
2	pernode	worker-cs-4	Label-12	2001
2	pernode	worker-cs-4	Label-10	2001
2	pernode	worker-cs-4	Label-12	2002
2	pernode	worker-cs-4	Label-10	2001
2	pernode	worker-cs-4	Label-12	2000
2	pernode	worker-cs-4	Label-10	2000
2	pernode	worker-cs-4	Label-12	2000
2	pernode	worker-cs-4	Label-10	2001
2	pernode	worker-cs-4	Label-10	2000
2	pernode	worker-cs-4	Label-10	2003
2	pernode	worker-cs-4	Label-10	2002
2	pernode	worker-cs-4	Label-10	2000
2	pernode	worker-cs-4	Label-12	2001
2	pernode	worker-cs-4	Label-10	2002
2	pernode	worker-cs-4	Label-10	2001
2	pernode	worker-cs-4	Label-12	2001
2	pernode	worker-cs-4	Label-10	2001
2	pernode	worker-cs-4	Label-12	2001
2	pernode	worker-cs-4	Label-12	2002
2	pernode	worker-cs-4	Label-12	2001
2	pernode	worker-cs-4	Label-10	2001
2	pernode	worker-cs-4	Label-10	2001
2	pernode	worker-cs-4	Label-10	2002
2	pernode	worker-cs-4	Label-12	2001
2	pernode	worker-cs-4	Label-12	2001
2	pernode	worker-cs-4	Label-12	2000
2	pernode	worker-cs-4	Label-12	2000
2	pernode	worker-cs-4	Label-12	2001
2	pernode	worker-cs-4	Label-12	2001
2	pernode	worker-cs-4	Label-12	2001
2	pernode	worker-cs-4	Label-12	2001
2	pernode	worker-cs-4	Label-12	2001
2	pernode	worker-cs-4	Label-10	2000
2	pernode	worker-cs-4	Label-12	2001
2	pernode	worker-cs-4	Label-10	2000
2	pernode	worker-cs-4	Label-12	2001
2	pernode	worker-cs-4	Label-10	2001
2	pernode	worker-cs-4	Label-12	2000
2	pernode	worker-cs-4	Label-12	2002
2	pernode	worker-cs-4	Label-12	2001
2	pernode	worker-cs-4	Label-12	2001
2	pernode	worker-cs-4	Label-10	2001
2	pernode	worker-cs-4	Label-10	2000
2	pernode	worker-cs-4	Label-10	2000
2	pernode	worker-cs-4	Label-12	2001
2	pernode	worker-cs-4	Label-10	2000
2	pernode	worker-cs-4	Label-12	2001
2	pernode	worker-cs-4	Label-12	2001
2	pernode	worker-cs-4	Label-12	2001
2	pernode	worker-cs-4	Label-10	2000
2	pernode	worker-cs-4	Label-12	2001
2	pernode	worker-cs-4	Label-10	2001
2	pernode	worker-cs-4	Label-12	2001
2	pernode	worker-cs-4	Label-10	2001
2	pernode	worker-cs-4	Label-10	2001
2	pernode	worker-cs-4	Label-12	1999
2	pernode	worker-cs-4	Label-12	2001
2	pernode	worker-cs-4	Label-12	2000
2	pernode	worker-cs-4	Label-12	2001
2	pernode	worker-cs-4	Label-12	2002
2	pernode	worker-cs-4	Label-10	2002
2	pernode	worker-cs-4	Label-10	2000
2	pernode	worker-cs-4	Label-10	2001
2	pernode	worker-cs-4	Label-12	2002
2	pernode	worker-cs-4	Label-12	2001
2	pernode	worker-cs-4	Label-10	2000
2	pernode	worker-cs-4	Label-12	2001
2	pernode	worker-cs-4	Label-12	2001
2	pernode	worker-cs-4	Label-12	2001
2	pernode	worker-cs-4	Label-10	2001
2	pernode	worker-cs-4	Label-10	2001
2	pernode	worker-cs-4	Label-10	2001
2	pernode	worker-cs-4	Label-10	2000
2	pernode	worker-cs-4	Label-10	2001
2	pernode	worker-cs-4	Label-10	2001
2	pernode	worker-cs-4	Label-10	2000
2	pernode	worker-cs-4	Label-10	2001
2	pernode	worker-cs-4	Label-12	2002
2	pernode	worker-cs-4	Label-10	2001
2	pernode	worker-cs-4	Label-10	2001
2	pernode	worker-cs-4	Label-12	2001
2	pernode	worker-cs-4	Label-10	2001
2	pernode	worker-cs-4	Label-12	2001
2	pernode	worker-cs-4	Label-10	2001
2	pernode	worker-cs-4	Label-10	2000
2	pernode	worker-cs-4	Label-12	2001
2	pernode	worker-cs-4	Label-10	2001
2	pernode	worker-cs-4	Label-10	2000
2	pernode	worker-cs-4	Label-12	2001
2	pernode	worker-cs-4	Label-12	2000
2	pernode	worker-cs-4	Label-12	2001
2	pernode	worker-cs-4	Label-12	2001
2	pernode	worker-cs-4	Label-10	2001
2	pernode	worker-cs-4	Label-12	2000
2	pernode	worker-cs-4	Label-12	2000
2	pernode	worker-cs-4	Label-10	2001
2	pernode	worker-cs-4	Label-12	2001
2	pernode	worker-cs-4	Label-10	2002
2	pernode	worker-cs-4	Label-12	2001
2	pernode	worker-cs-4	Label-12	2001
2	pernode	worker-cs-4	Label-10	2001
2	pernode	worker-cs-4	Label-12	2001
2	pernode	worker-cs-4	Label-12	2000
2	pernode	worker-cs-4	Label-10	2001
2	pernode	worker-cs-4	Label-12	2001
2	pernode	worker-cs-4	Label-10	2002
2	pernode	worker-cs-4	Label-12	2001
2	pernode	worker-cs-4	Label-10	2001
2	pernode	worker-cs-4	Label-10	2001
2	pernode	worker-cs-4	Label-12	2000
2	pernode	worker-cs-4	Label-10	2000
2	pernode	worker-cs-4	Label-10	2001
2	pernode	worker-cs-4	Label-12	2001
2	pernode	worker-cs-4	Label-10	2001
2	pernode	worker-cs-4	Label-10	2002
2	pernode	worker-cs-4	Label-10	2001
2	pernode	worker-cs-4	Label-10	2001
2	pernode	worker-cs-4	Label-10	2002
2	pernode	worker-cs-4	Label-10	2001
2	pernode	worker-cs-4	Label-12	2001
2	pernode	worker-cs-4	Label-10	2002
2	pernode	worker-cs-4	Label-12	2001
2	pernode	worker-cs-4	Label-12	2001
2	pernode	worker-cs-4	Label-10	2001
2	pernode	worker-cs-4	Label-12	2001
2	pernode	worker-cs-4	Label-12	2001
2	pernode	worker-cs-4	Label-12	2001
2	pernode	worker-cs-4	Label-12	2001
2	pernode	worker-cs-4	Label-12	2001
2	pernode	worker-cs-4	Label-10	2001
2	pernode	worker-cs-4	Label-12	2001
2	pernode	worker-cs-4	Label-12	2001
2	pernode	worker-cs-4	Label-12	2001
2	pernode	worker-cs-4	Label-12	2002
2	pernode	worker-cs-4	Label-10	2001
2	pernode	worker-cs-4	Label-10	2002
2	pernode	worker-cs-4	Label-10	2000
2	pernode	worker-cs-4	Label-10	2001
2	pernode	worker-cs-4	Label-10	2001
2	pernode	worker-cs-4	Label-10	2002
2	pernode	worker-cs-4	Label-10	2001
2	pernode	worker-cs-4	Label-12	2001
2	pernode	worker-cs-4	Label-10	2001
2	pernode	worker-cs-4	Label-12	2001
2	pernode	worker-cs-4	Label-10	2001
2	pernode	worker-cs-4	Label-12	2000
2	pernode	worker-cs-4	Label-12	2001
2	pernode	worker-cs-4	Label-10	2000
2	pernode	worker-cs-4	Label-10	2000
2	pernode	worker-cs-4	Label-10	2002
2	pernode	worker-cs-4	Label-12	2000
2	pernode	worker-cs-4	Label-12	2001
2	pernode	worker-cs-4	Label-10	2001
2	pernode	worker-cs-4	Label-10	2001
2	pernode	worker-cs-4	Label-12	2002
2	pernode	worker-cs-4	Label-12	2000
2	pernode	worker-cs-4	Label-10	2002
2	pernode	worker-cs-4	Label-10	2001
2	pernode	worker-cs-4	Label-12	2002
2	pernode	worker-cs-4	Label-10	2001
2	pernode	worker-cs-4	Label-12	2000
2	pernode	worker-cs-4	Label-10	2001
2	pernode	worker-cs-4	Label-10	2001
2	pernode	worker-cs-4	Label-12	2002
2	pernode	worker-cs-4	Label-10	2001
2	pernode	worker-cs-4	Label-10	2001
2	pernode	worker-cs-4	Label-12	2001
2	pernode	worker-cs-4	Label-10	2001
2	pernode	worker-cs-4	Label-10	2000
2	pernode	worker-cs-4	Label-12	2000
2	pernode	worker-cs-4	Label-12	2002
2	pernode	worker-cs-4	Label-12	2001
2	pernode	worker-cs-4	Label-10	2001
2	pernode	worker-cs-4	Label-10	2000
2	pernode	worker-cs-4	Label-12	2001
2	pernode	worker-cs-4	Label-12	2001
2	pernode	worker-cs-4	Label-10	2001
2	pernode	worker-cs-4	Label-10	2001
2	pernode	worker-cs-4	Label-10	2002
2	pernode	worker-cs-4	Label-12	2003
2	pernode	worker-cs-4	Label-10	2001
2	pernode	worker-cs-4	Label-10	2000
2	pernode	worker-cs-5	Label-05	2001
2	pernode	worker-cs-5	Label-07	2002
2	pernode	worker-cs-5	Label-05	2016
2	pernode	worker-cs-5	Label-05	2002
2	pernode	worker-cs-5	Label-07	2002
2	pernode	worker-cs-5	Label-05	2002
2	pernode	worker-cs-5	Label-07	2002
2	pernode	worker-cs-5	Label-07	2002
2	pernode	worker-cs-5	Label-07	2002
2	pernode	worker-cs-5	Label-14	2002
2	pernode	worker-cs-5	Label-05	2003
2	pernode	worker-cs-5	Label-07	2002
2	pernode	worker-cs-5	Label-05	2001
2	pernode	worker-cs-5	Label-07	2002
2	pernode	worker-cs-5	Label-07	2001
2	pernode	worker-cs-5	Label-05	2001
2	pernode	worker-cs-5	Label-05	2002
2	pernode	worker-cs-5	Label-07	2001
2	pernode	worker-cs-5	Label-05	2002
2	pernode	worker-cs-5	Label-07	2001
2	pernode	worker-cs-5	Label-07	2001
2	pernode	worker-cs-5	Label-07	2001
2	pernode	worker-cs-5	Label-07	2002
2	pernode	worker-cs-5	Label-05	2002
2	pernode	worker-cs-5	Label-14	2002
2	pernode	worker-cs-5	Label-07	2001
2	pernode	worker-cs-5	Label-07	2002
2	pernode	worker-cs-5	Label-14	2002
2	pernode	worker-cs-5	Label-05	2003
2	pernode	worker-cs-5	Label-07	2001
2	pernode	worker-cs-5	Label-14	2001
2	pernode	worker-cs-5	Label-07	2002
2	pernode	worker-cs-5	Label-14	2003
2	pernode	worker-cs-5	Label-07	2002
2	pernode	worker-cs-5	Label-07	2001
2	pernode	worker-cs-5	Label-05	2001
2	pernode	worker-cs-5	Label-05	2002
2	pernode	worker-cs-5	Label-07	2001
2	pernode	worker-cs-5	Label-05	2002
2	pernode	worker-cs-5	Label-05	2001
2	pernode	worker-cs-5	Label-14	2002
2	pernode	worker-cs-5	Label-07	2002
2	pernode	worker-cs-5	Label-05	2001
2	pernode	worker-cs-5	Label-14	2002
2	pernode	worker-cs-5	Label-07	2003
2	pernode	worker-cs-5	Label-05	2002
2	pernode	worker-cs-5	Label-07	2001
2	pernode	worker-cs-5	Label-14	2001
2	pernode	worker-cs-5	Label-05	2001
2	pernode	worker-cs-5	Label-05	2001
2	pernode	worker-cs-5	Label-07	2000
2	pernode	worker-cs-5	Label-14	2003
2	pernode	worker-cs-5	Label-07	2002
2	pernode	worker-cs-5	Label-07	2002
2	pernode	worker-cs-5	Label-05	2001
2	pernode	worker-cs-5	Label-05	2002
2	pernode	worker-cs-5	Label-07	2001
2	pernode	worker-cs-5	Label-05	2002
2	pernode	worker-cs-5	Label-07	2002
2	pernode	worker-cs-5	Label-05	2003
2	pernode	worker-cs-5	Label-07	2002
2	pernode	worker-cs-5	Label-05	2001
2	pernode	worker-cs-5	Label-05	2003
2	pernode	worker-cs-5	Label-05	2001
2	pernode	worker-cs-5	Label-05	2001
2	pernode	worker-cs-5	Label-05	2002
2	pernode	worker-cs-5	Label-05	2002
2	pernode	worker-cs-5	Label-05	2002
2	pernode	worker-cs-5	Label-14	2001
2	pernode	worker-cs-5	Label-05	2001
2	pernode	worker-cs-5	Label-14	2002
2	pernode	worker-cs-5	Label-05	2002
2	pernode	worker-cs-5	Label-14	2001
2	pernode	worker-cs-5	Label-05	2003
2	pernode	worker-cs-5	Label-05	2002
2	pernode	worker-cs-5	Label-07	2002
2	pernode	worker-cs-5	Label-05	2002
2	pernode	worker-cs-5	Label-07	2002
2	pernode	worker-cs-5	Label-05	2002
2	pernode	worker-cs-5	Label-05	2001
2	pernode	worker-cs-5	Label-07	2002
2	pernode	worker-cs-5	Label-07	2001
2	pernode	worker-cs-5	Label-05	2001
2	pernode	worker-cs-5	Label-05	2002
2	pernode	worker-cs-5	Label-07	2001
2	pernode	worker-cs-5	Label-07	2002
2	pernode	worker-cs-5	Label-07	2001
2	pernode	worker-cs-5	Label-07	2001
2	pernode	worker-cs-5	Label-14	2002
2	pernode	worker-cs-5	Label-07	2002
2	pernode	worker-cs-5	Label-14	2003
2	pernode	worker-cs-5	Label-05	2003
2	pernode	worker-cs-5	Label-05	2001
2	pernode	worker-cs-5	Label-14	2001
2	pernode	worker-cs-5	Label-14	2002
2	pernode	worker-cs-5	Label-05	2001
2	pernode	worker-cs-5	Label-05	2003
2	pernode	worker-cs-5	Label-07	2002
2	pernode	worker-cs-5	Label-14	2001
2	pernode	worker-cs-5	Label-05	2002
2	pernode	worker-cs-5	Label-07	2002
2	pernode	worker-cs-5	Label-05	2001
2	pernode	worker-cs-5	Label-05	2002
2	pernode	worker-cs-5	Label-05	2002
2	pernode	worker-cs-5	Label-05	2001
2	pernode	worker-cs-5	Label-05	2002
2	pernode	worker-cs-5	Label-07	2001
2	pernode	worker-cs-5	Label-07	2002
2	pernode	worker-cs-5	Label-14	2002
2	pernode	worker-cs-5	Label-07	2002
2	pernode	worker-cs-5	Label-05	2002
2	pernode	worker-cs-5	Label-14	2002
2	pernode	worker-cs-5	Label-07	2001
2	pernode	worker-cs-5	Label-14	2002
2	pernode	worker-cs-5	Label-05	2002
2	pernode	worker-cs-5	Label-05	2001
2	pernode	worker-cs-5	Label-05	2003
2	pernode	worker-cs-5	Label-07	2001
2	pernode	worker-cs-5	Label-05	2001
2	pernode	worker-cs-5	Label-07	2002
2	pernode	worker-cs-5	Label-14	2007
2	pernode	worker-cs-5	Label-05	2002
2	pernode	worker-cs-5	Label-05	2002
2	pernode	worker-cs-5	Label-14	2003
2	pernode	worker-cs-5	Label-05	2001
2	pernode	worker-cs-5	Label-07	2002
2	pernode	worker-cs-5	Label-07	2002
2	pernode	worker-cs-5	Label-07	2001
2	pernode	worker-cs-5	Label-05	2001
2	pernode	worker-cs-5	Label-07	2002
2	pernode	worker-cs-5	Label-05	2002
2	pernode	worker-cs-5	Label-07	2001
2	pernode	worker-cs-5	Label-05	2001
2	pernode	worker-cs-5	Label-05	2002
2	pernode	worker-cs-5	Label-14	2002
2	pernode	worker-cs-5	Label-05	2002
2	pernode	worker-cs-5	Label-05	2002
2	pernode	worker-cs-5	Label-05	2001
2	pernode	worker-cs-5	Label-05	2002
2	pernode	worker-cs-5	Label-07	2001
2	pernode	worker-cs-5	Label-05	2002
2	pernode	worker-cs-5	Label-05	2002
2	pernode	worker-cs-5	Label-07	2001
2	pernode	worker-cs-5	Label-07	2001
2	pernode	worker-cs-5	Label-07	2002
2	pernode	worker-cs-5	Label-14	2002
2	pernode	worker-cs-5	Label-05	2002
2	pernode	worker-cs-5	Label-07	2001
2	pernode	worker-cs-5	Label-05	2001
2	pernode	worker-cs-5	Label-05	2002
2	pernode	worker-cs-5	Label-05	2002
2	pernode	worker-cs-5	Label-05	2002
2	pernode	worker-cs-5	Label-05	2001
2	pernode	worker-cs-5	Label-07	2002
2	pernode	worker-cs-5	Label-05	2001
2	pernode	worker-cs-5	Label-07	2002
2	pernode	worker-cs-5	Label-07	2002
2	pernode	worker-cs-5	Label-05	2002
2	pernode	worker-cs-5	Label-14	2002
2	pernode	worker-cs-5	Label-07	2002
2	pernode	worker-cs-5	Label-14	2001
2	pernode	worker-cs-5	Label-05	2002
2	pernode	worker-cs-5	Label-05	2002
2	pernode	worker-cs-5	Label-07	2002
2	pernode	worker-cs-5	Label-07	2002
2	pernode	worker-cs-5	Label-07	2002
2	pernode	worker-cs-5	Label-05	2002
2	pernode	worker-cs-5	Label-14	2001
2	pernode	worker-cs-5	Label-07	2002
2	pernode	worker-cs-5	Label-07	2002
2	pernode	worker-cs-5	Label-07	2001
2	pernode	worker-cs-5	Label-05	2002
2	pernode	worker-cs-5	Label-14	2002
2	pernode	worker-cs-5	Label-05	2002
2	pernode	worker-cs-5	Label-07	2002
2	pernode	worker-cs-5	Label-05	2001
2	pernode	worker-cs-5	Label-05	2002
2	pernode	worker-cs-5	Label-05	2003
2	pernode	worker-cs-5	Label-07	2001
2	pernode	worker-cs-5	Label-05	2002
2	pernode	worker-cs-5	Label-07	2002
2	pernode	worker-cs-5	Label-07	2002
2	pernode	worker-cs-5	Label-05	2002
2	pernode	worker-cs-5	Label-07	2002
2	pernode	worker-cs-5	Label-07	2001
2	pernode	worker-cs-5	Label-05	2001
2	pernode	worker-cs-5	Label-07	2001
2	pernode	worker-cs-5	Label-14	2001
2	pernode	worker-cs-5	Label-05	2002
2	pernode	worker-cs-5	Label-05	2001
2	pernode	worker-cs-5	Label-14	2002
2	pernode	worker-cs-5	Label-07	2001
2	pernode	worker-cs-5	Label-07	2002
2	pernode	worker-cs-5	Label-05	2002
2	pernode	worker-cs-5	Label-14	2002
2	pernode	worker-cs-5	Label-05	2002
2	pernode	worker-cs-5	Label-05	2002
2	pernode	worker-cs-5	Label-07	2002
2	pernode	worker-cs-5	Label-07	2002
2	pernode	worker-cs-5	Label-05	2002
2	pernode	worker-cs-5	Label-07	2002
2	pernode	worker-cs-5	Label-05	2001
2	pernode	worker-cs-5	Label-14	2002
2	pernode	worker-cs-5	Label-05	2002
2	pernode	worker-cs-5	Label-07	2003
2	pernode	worker-cs-5	Label-05	2002
2	pernode	worker-cs-5	Label-05	2002
2	pernode	worker-cs-5	Label-05	2001
2	pernode	worker-cs-5	Label-07	2001
2	pernode	worker-cs-5	Label-14	2002
2	pernode	worker-cs-5	Label-05	2003
2	pernode	worker-cs-5	Label-07	2001
2	pernode	worker-cs-5	Label-07	2001
2	pernode	worker-cs-5	Label-05	2002
2	pernode	worker-cs-5	Label-05	2001
2	pernode	worker-cs-5	Label-07	2001
2	pernode	worker-cs-5	Label-05	2002
2	pernode	worker-cs-5	Label-05	2002
2	pernode	worker-cs-5	Label-05	2001
2	pernode	worker-cs-5	Label-05	2001
2	pernode	worker-cs-5	Label-05	2002
2	pernode	worker-cs-5	Label-05	2002
2	pernode	worker-cs-5	Label-14	2003
2	pernode	worker-cs-5	Label-05	2002
2	pernode	worker-cs-5	Label-07	2002
2	pernode	worker-cs-5	Label-07	2002
2	pernode	worker-cs-5	Label-07	2001
2	pernode	worker-cs-5	Label-14	2001
2	pernode	worker-cs-5	Label-07	2002
2	pernode	worker-cs-5	Label-07	2001
2	pernode	worker-cs-5	Label-07	2001
2	pernode	worker-cs-5	Label-07	2002
2	pernode	worker-cs-5	Label-14	2002
2	pernode	worker-cs-5	Label-05	2001
2	pernode	worker-cs-5	Label-05	2002
2	pernode	worker-cs-5	Label-07	2002
2	pernode	worker-cs-5	Label-07	2002
2	pernode	worker-cs-5	Label-05	2001
2	pernode	worker-cs-5	Label-14	2002
2	pernode	worker-cs-5	Label-05	2002
2	pernode	worker-cs-5	Label-07	2001
2	pernode	worker-cs-5	Label-05	2001
2	pernode	worker-cs-5	Label-05	2001
2	pernode	worker-cs-5	Label-07	2001
2	pernode	worker-cs-5	Label-14	2001
2	pernode	worker-cs-5	Label-05	2002
2	pernode	worker-cs-5	Label-07	2006
2	pernode	worker-cs-5	Label-05	2002
2	pernode	worker-cs-5	Label-05	2001
2	pernode	worker-cs-5	Label-07	2001
2	pernode	worker-cs-5	Label-14	2002
2	pernode	worker-cs-5	Label-05	2002
2	pernode	worker-cs-5	Label-07	2001
2	pernode	worker-cs-5	Label-07	2001
2	pernode	worker-cs-5	Label-07	2002
2	pernode	worker-cs-5	Label-07	2001
2	pernode	worker-cs-5	Label-05	2001
2	pernode	worker-cs-5	Label-07	2002
2	pernode	worker-cs-5	Label-05	2002
2	pernode	worker-cs-5	Label-14	2001
2	pernode	worker-cs-5	Label-05	2002
2	pernode	worker-cs-5	Label-07	2001
2	pernode	worker-cs-5	Label-05	2002
2	pernode	worker-cs-5	Label-05	2001
2	pernode	worker-cs-5	Label-14	2001
2	pernode	worker-cs-5	Label-07	2003
2	pernode	worker-cs-5	Label-07	2002
2	pernode	worker-cs-5	Label-07	2002
2	pernode	worker-cs-5	Label-05	2001
2	pernode	worker-cs-5	Label-07	2001
2	pernode	worker-cs-5	Label-14	2001
2	pernode	worker-cs-5	Label-07	2002
2	pernode	worker-cs-5	Label-05	2002
2	pernode	worker-cs-5	Label-05	2001
2	pernode	worker-cs-5	Label-05	2001
2	pernode	worker-cs-5	Label-07	2002
2	pernode	worker-cs-5	Label-07	2002
2	pernode	worker-cs-5	Label-07	2001
2	pernode	worker-cs-5	Label-14	2002
2	pernode	worker-cs-5	Label-07	2001
2	pernode	worker-cs-5	Label-07	2002
2	pernode	worker-cs-5	Label-07	2002
2	pernode	worker-cs-5	Label-07	2002
2	pernode	worker-cs-5	Label-07	2001
2	pernode	worker-cs-5	Label-05	2002
2	pernode	worker-cs-5	Label-07	2002
2	pernode	worker-cs-5	Label-14	2002
2	pernode	worker-cs-5	Label-07	2002
2	pernode	worker-cs-5	Label-05	2001
2	pernode	worker-cs-5	Label-07	2002
2	pernode	worker-cs-5	Label-07	2001
2	pernode	worker-cs-5	Label-14	2001
2	pernode	worker-cs-5	Label-05	2001
2	pernode	worker-cs-5	Label-05	2002
2	pernode	worker-cs-5	Label-07	2002
2	pernode	worker-cs-5	Label-05	2002
2	pernode	worker-cs-5	Label-05	2001
2	pernode	worker-cs-5	Label-14	2002
2	pernode	worker-cs-5	Label-07	2002
2	pernode	worker-cs-5	Label-05	2002
2	pernode	worker-cs-5	Label-05	2001
2	pernode	worker-cs-5	Label-07	2001
2	pernode	worker-cs-5	Label-05	2002
2	pernode	worker-cs-5	Label-07	2024
2	pernode	worker-cs-5	Label-05	2002
2	pernode	worker-cs-5	Label-07	2002
2	pernode	worker-cs-5	Label-14	2001
2	pernode	worker-cs-5	Label-07	2001
2	pernode	worker-cs-5	Label-07	2002
2	pernode	worker-cs-5	Label-05	2001
2	pernode	worker-cs-5	Label-07	2001
2	pernode	worker-cs-5	Label-07	2002
2	pernode	worker-cs-5	Label-14	2001
2	pernode	worker-cs-5	Label-07	2002
2	pernode	worker-cs-5	Label-07	2001
2	pernode	worker-cs-5	Label-14	2002
2	pernode	worker-cs-5	Label-14	2001
2	pernode	worker-cs-5	Label-07	2001
2	pernode	worker-cs-5	Label-05	2001
2	pernode	worker-cs-5	Label-07	2002
2	pernode	worker-cs-5	Label-05	2002
2	pernode	worker-cs-5	Label-14	2002
2	pernode	worker-cs-5	Label-05	2002
2	pernode	worker-cs-5	Label-05	2002
2	pernode	worker-cs-5	Label-05	2002
2	pernode	worker-cs-5	Label-07	2004
2	pernode	worker-cs-5	Label-05	2002
2	pernode	worker-cs-5	Label-14	2001
2	pernode	worker-cs-5	Label-14	2002
2	pernode	worker-cs-5	Label-14	2002
2	pernode	worker-cs-5	Label-05	2001
2	pernode	worker-cs-5	Label-07	2003
2	pernode	worker-cs-5	Label-07	2002
2	pernode	worker-cs-5	Label-05	2002
2	pernode	worker-cs-5	Label-07	2002
2	pernode	worker-cs-5	Label-07	2001
2	pernode	worker-cs-5	Label-07	2000
2	pernode	worker-cs-5	Label-07	2001
2	pernode	worker-cs-5	Label-14	2001
2	pernode	worker-cs-5	Label-05	2001
2	pernode	worker-cs-5	Label-07	2002
2	pernode	worker-cs-5	Label-14	2002
2	pernode	worker-cs-5	Label-14	2002
2	pernode	worker-cs-5	Label-07	2002
2	pernode	worker-cs-5	Label-07	2002
2	pernode	worker-cs-5	Label-07	2001
2	pernode	worker-cs-5	Label-14	2001
2	pernode	worker-cs-5	Label-07	2002
2	pernode	worker-cs-5	Label-07	2001
2	pernode	worker-cs-5	Label-07	2001
2	pernode	worker-cs-5	Label-07	2002
2	pernode	worker-cs-5	Label-07	2001
2	pernode	worker-cs-5	Label-05	2001
2	pernode	worker-cs-5	Label-14	2001
2	pernode	worker-cs-5	Label-14	2002
2	pernode	worker-cs-5	Label-05	2001
2	pernode	worker-cs-5	Label-07	2001
2	pernode	worker-cs-5	Label-07	2002
2	pernode	worker-cs-5	Label-14	2001
2	pernode	worker-cs-5	Label-07	2002
2	pernode	worker-cs-5	Label-05	2003
2	pernode	worker-cs-5	Label-05	2002
2	pernode	worker-cs-5	Label-05	2003
2	pernode	worker-cs-5	Label-14	2002
2	pernode	worker-cs-5	Label-14	2002
2	pernode	worker-cs-5	Label-05	2002
2	pernode	worker-cs-5	Label-05	2002
2	pernode	worker-cs-5	Label-07	2001
2	pernode	worker-cs-5	Label-05	2002
2	pernode	worker-cs-5	Label-07	2001
2	pernode	worker-cs-5	Label-14	2003
2	pernode	worker-cs-5	Label-07	2001
2	pernode	worker-cs-5	Label-07	2002
2	pernode	worker-cs-5	Label-07	2002
2	pernode	worker-cs-5	Label-05	2001
2	pernode	worker-cs-5	Label-14	2001
2	pernode	worker-cs-5	Label-14	2001
2	pernode	worker-cs-5	Label-07	2002
2	pernode	worker-cs-5	Label-05	2001
2	pernode	worker-cs-5	Label-07	2002
2	pernode	worker-cs-5	Label-07	2002
2	pernode	worker-cs-5	Label-07	2001
2	pernode	worker-cs-5	Label-05	2002
2	pernode	worker-cs-5	Label-07	2002
2	pernode	worker-cs-5	Label-05	2002
2	pernode	worker-cs-5	Label-05	2003
2	pernode	worker-cs-5	Label-07	2002
2	pernode	worker-cs-5	Label-05	2001
2	pernode	worker-cs-5	Label-05	2002
2	pernode	worker-cs-5	Label-05	2002
2	pernode	worker-cs-5	Label-07	2001
2	pernode	worker-cs-5	Label-07	2001
2	pernode	worker-cs-5	Label-14	2002
2	pernode	worker-cs-5	Label-14	2001
2	pernode	worker-cs-5	Label-07	2002
2	pernode	worker-cs-5	Label-05	2002
2	pernode	worker-cs-5	Label-05	2001
2	pernode	worker-cs-5	Label-05	2002
2	pernode	worker-cs-5	Label-05	2001
2	pernode	worker-cs-5	Label-07	2002
2	pernode	worker-cs-5	Label-07	2001
2	pernode	worker-cs-5	Label-07	2002
2	pernode	worker-cs-5	Label-14	2002
2	pernode	worker-cs-5	Label-07	2002
2	pernode	worker-cs-5	Label-07	2003
2	pernode	worker-cs-5	Label-05	2002
2	pernode	worker-cs-5	Label-05	2006
2	pernode	worker-cs-5	Label-07	2002
2	pernode	worker-cs-5	Label-07	2002
2	pernode	worker-cs-5	Label-05	2001
2	pernode	worker-cs-5	Label-05	2001
2	pernode	worker-cs-5	Label-07	2002
2	pernode	worker-cs-5	Label-07	2001
2	pernode	worker-cs-5	Label-07	2002
2	pernode	worker-cs-5	Label-05	2002
2	pernode	worker-cs-5	Label-05	2001
2	pernode	worker-cs-5	Label-14	2002
2	pernode	worker-cs-5	Label-14	2001
2	pernode	worker-cs-5	Label-14	2001
2	pernode	worker-cs-5	Label-05	2001
2	pernode	worker-cs-5	Label-05	2001
2	pernode	worker-cs-5	Label-05	2002
2	pernode	worker-cs-5	Label-14	2001
2	pernode	worker-cs-5	Label-14	2001
2	pernode	worker-cs-5	Label-05	2003
2	pernode	worker-cs-5	Label-14	2002
2	pernode	worker-cs-5	Label-05	2001
2	pernode	worker-cs-5	Label-07	2002
2	pernode	worker-cs-5	Label-14	2001
2	pernode	worker-cs-5	Label-05	2002
2	pernode	worker-cs-5	Label-14	2001
2	pernode	worker-cs-5	Label-05	2002
2	pernode	worker-cs-5	Label-07	2002
2	pernode	worker-cs-5	Label-05	2002
2	pernode	worker-cs-5	Label-05	2002
2	pernode	worker-cs-5	Label-14	2001
2	pernode	worker-cs-5	Label-07	2002
2	pernode	worker-cs-5	Label-14	2002
2	pernode	worker-cs-5	Label-14	2002
2	pernode	worker-cs-5	Label-07	2003
2	pernode	worker-cs-5	Label-14	2002
2	pernode	worker-cs-5	Label-07	2001
2	pernode	worker-cs-5	Label-14	2002
2	pernode	worker-cs-5	Label-05	2001
2	pernode	worker-cs-5	Label-14	2002
2	pernode	worker-cs-5	Label-07	2002
2	pernode	worker-cs-5	Label-07	2002
2	pernode	worker-cs-5	Label-07	2002
2	pernode	worker-cs-5	Label-07	2002
2	pernode	worker-cs-5	Label-07	2001
2	pernode	worker-cs-5	Label-07	2000
2	pernode	worker-cs-5	Label-14	2002
2	pernode	worker-cs-5	Label-05	2002
2	pernode	worker-cs-5	Label-05	2001
2	pernode	worker-cs-5	Label-07	2002
2	pernode	worker-cs-5	Label-07	2001
2	pernode	worker-cs-5	Label-07	2002
2	pernode	worker-cs-5	Label-07	2002
2	pernode	worker-cs-5	Label-07	2002
2	pernode	worker-cs-5	Label-05	2003
2	pernode	worker-cs-5	Label-07	2001
2	pernode	worker-cs-5	Label-05	2002
2	pernode	worker-cs-5	Label-05	2002
2	pernode	worker-cs-5	Label-07	2002
2	pernode	worker-cs-5	Label-05	2002
2	pernode	worker-cs-5	Label-07	2001
2	pernode	worker-cs-5	Label-05	2001
2	pernode	worker-cs-5	Label-07	2002
2	pernode	worker-cs-5	Label-05	2001
2	pernode	worker-cs-5	Label-05	2001
2	pernode	worker-cs-5	Label-07	2001
2	pernode	worker-cs-5	Label-05	2002
2	pernode	worker-cs-5	Label-07	2001
2	pernode	worker-cs-5	Label-05	2002
2	pernode	worker-cs-5	Label-05	2001
2	pernode	worker-cs-5	Label-05	2001
2	pernode	worker-cs-5	Label-05	2002
2	pernode	worker-cs-5	Label-05	2002
2	pernode	worker-cs-5	Label-07	2002
2	pernode	worker-cs-5	Label-07	2001
2	pernode	worker-cs-5	Label-14	2001
2	pernode	worker-cs-5	Label-07	2002
2	pernode	worker-cs-5	Label-14	2001
2	pernode	worker-cs-5	Label-07	2001
2	pernode	worker-cs-5	Label-05	2002
2	pernode	worker-cs-5	Label-07	2001
2	pernode	worker-cs-5	Label-14	2001
2	pernode	worker-cs-5	Label-07	2002
2	pernode	worker-cs-5	Label-05	2002
2	pernode	worker-cs-5	Label-05	2004
2	pernode	worker-cs-5	Label-14	2004
2	pernode	worker-cs-5	Label-07	2002
2	pernode	worker-cs-5	Label-05	2001
2	pernode	worker-cs-5	Label-07	2002
2	pernode	worker-cs-5	Label-05	2001
2	pernode	worker-cs-5	Label-05	2001
2	pernode	worker-cs-5	Label-05	2002
2	pernode	worker-cs-5	Label-05	2002
2	pernode	worker-cs-5	Label-07	2001
2	pernode	worker-cs-5	Label-05	2002
2	pernode	worker-cs-5	Label-05	2002
2	pernode	worker-cs-5	Label-07	2003
2	pernode	worker-cs-5	Label-05	2001
2	pernode	worker-cs-5	Label-07	2002
2	pernode	worker-cs-5	Label-07	2002
2	pernode	worker-cs-5	Label-05	2002
2	pernode	worker-cs-5	Label-07	2001
2	pernode	worker-cs-5	Label-05	2002
2	pernode	worker-cs-5	Label-14	2003
2	pernode	worker-cs-5	Label-07	2001
2	pernode	worker-cs-5	Label-05	2002
2	pernode	worker-cs-5	Label-07	2002
2	pernode	worker-cs-5	Label-14	2002
2	pernode	worker-cs-5	Label-14	2002
2	pernode	worker-cs-5	Label-05	2002
2	pernode	worker-cs-5	Label-05	2002
2	pernode	worker-cs-5	Label-05	2002
2	pernode	worker-cs-5	Label-05	2002
2	pernode	worker-cs-5	Label-07	2002
2	pernode	worker-cs-5	Label-05	2002
2	pernode	worker-cs-5	Label-05	2001
2	pernode	worker-cs-5	Label-07	2003
2	pernode	worker-cs-5	Label-05	2002
2	pernode	worker-cs-5	Label-07	2002
2	pernode	worker-cs-5	Label-07	2002
2	pernode	worker-cs-6	Label-08	2001
2	pernode	worker-cs-6	Label-08	2000
2	pernode	worker-cs-6	Label-08	2002
2	pernode	worker-cs-6	Label-08	2002
2	pernode	worker-cs-6	Label-08	2000
2	pernode	worker-cs-6	Label-08	2002
2	pernode	worker-cs-6	Label-08	2001
2	pernode	worker-cs-6	Label-08	2001
2	pernode	worker-cs-6	Label-08	2001
2	pernode	worker-cs-6	Label-08	2001
2	pernode	worker-cs-6	Label-08	2001
2	pernode	worker-cs-6	Label-08	2001
2	pernode	worker-cs-6	Label-08	2000
2	pernode	worker-cs-6	Label-08	2002
2	pernode	worker-cs-6	Label-08	2001
2	pernode	worker-cs-6	Label-08	2000
2	pernode	worker-cs-6	Label-08	2001
2	pernode	worker-cs-6	Label-08	2001
2	pernode	worker-cs-6	Label-08	2000
2	pernode	worker-cs-6	Label-08	2000
2	pernode	worker-cs-6	Label-08	2001
2	pernode	worker-cs-6	Label-08	2000
2	pernode	worker-cs-6	Label-08	2001
2	pernode	worker-cs-6	Label-08	2002
2	pernode	worker-cs-6	Label-08	2002
2	pernode	worker-cs-6	Label-08	2001
2	pernode	worker-cs-6	Label-08	2001
2	pernode	worker-cs-6	Label-08	2002
2	pernode	worker-cs-6	Label-08	2001
2	pernode	worker-cs-6	Label-08	2000
2	pernode	worker-cs-6	Label-08	2001
2	pernode	worker-cs-6	Label-08	2001
2	pernode	worker-cs-6	Label-08	2001
2	pernode	worker-cs-6	Label-08	2000
2	pernode	worker-cs-6	Label-08	2000
2	pernode	worker-cs-6	Label-08	2002
2	pernode	worker-cs-6	Label-08	2001
2	pernode	worker-cs-6	Label-08	2000
2	pernode	worker-cs-6	Label-08	2001
2	pernode	worker-cs-6	Label-08	2001
2	pernode	worker-cs-6	Label-08	2000
2	pernode	worker-cs-6	Label-08	2000
2	pernode	worker-cs-6	Label-08	2002
2	pernode	worker-cs-6	Label-08	2002
2	pernode	worker-cs-6	Label-08	2002
2	pernode	worker-cs-6	Label-08	2000
2	pernode	worker-cs-6	Label-08	2000
2	pernode	worker-cs-6	Label-08	2001
2	pernode	worker-cs-6	Label-08	2001
2	pernode	worker-cs-6	Label-08	2001
2	pernode	worker-cs-6	Label-08	2001
2	pernode	worker-cs-6	Label-08	2001
2	pernode	worker-cs-6	Label-08	2001
2	pernode	worker-cs-6	Label-08	2002
2	pernode	worker-cs-6	Label-08	2001
2	pernode	worker-cs-6	Label-08	2001
2	pernode	worker-cs-6	Label-08	2001
2	pernode	worker-cs-6	Label-08	2001
2	pernode	worker-cs-6	Label-08	2000
2	pernode	worker-cs-6	Label-08	2000
2	pernode	worker-cs-6	Label-08	2000
2	pernode	worker-cs-6	Label-08	2001
2	pernode	worker-cs-6	Label-08	2001
2	pernode	worker-cs-6	Label-08	2001
2	pernode	worker-cs-6	Label-08	2001
2	pernode	worker-cs-6	Label-08	2000
2	pernode	worker-cs-6	Label-08	2001
2	pernode	worker-cs-6	Label-08	2001
2	pernode	worker-cs-6	Label-08	2001
2	pernode	worker-cs-6	Label-08	2000
2	pernode	worker-cs-6	Label-08	2002
2	pernode	worker-cs-6	Label-08	2000
2	pernode	worker-cs-6	Label-08	2000
2	pernode	worker-cs-6	Label-08	2001
2	pernode	worker-cs-6	Label-08	2000
2	pernode	worker-cs-6	Label-08	2001
2	pernode	worker-cs-6	Label-08	2002
2	pernode	worker-cs-6	Label-08	2001
2	pernode	worker-cs-6	Label-08	2001
2	pernode	worker-cs-6	Label-08	2000
2	pernode	worker-cs-6	Label-08	2001
2	pernode	worker-cs-6	Label-08	2000
2	pernode	worker-cs-6	Label-08	2001
2	pernode	worker-cs-6	Label-08	2001
2	pernode	worker-cs-6	Label-08	2002
2	pernode	worker-cs-6	Label-08	2001
2	pernode	worker-cs-6	Label-08	2000
2	pernode	worker-cs-6	Label-08	2001
2	pernode	worker-cs-6	Label-08	2000
2	pernode	worker-cs-6	Label-08	2002
2	pernode	worker-cs-6	Label-08	2000
2	pernode	worker-cs-6	Label-08	2002
2	pernode	worker-cs-6	Label-08	2000
2	pernode	worker-cs-6	Label-08	2001
2	pernode	worker-cs-6	Label-08	2002
2	pernode	worker-cs-6	Label-08	2000
2	pernode	worker-cs-6	Label-08	2002
2	pernode	worker-cs-6	Label-08	2001
2	pernode	worker-cs-6	Label-08	2001
2	pernode	worker-cs-6	Label-08	2000
2	pernode	worker-cs-6	Label-08	2000
2	pernode	worker-cs-6	Label-08	2001
2	pernode	worker-cs-6	Label-08	2001
2	pernode	worker-cs-6	Label-08	2001
2	pernode	worker-cs-6	Label-08	2001
2	pernode	worker-cs-6	Label-08	2001
2	pernode	worker-cs-6	Label-08	2000
2	pernode	worker-cs-6	Label-08	2001
2	pernode	worker-cs-6	Label-08	2001
2	pernode	worker-cs-6	Label-08	2002
2	pernode	worker-cs-6	Label-08	2001
2	pernode	worker-cs-6	Label-08	2000
2	pernode	worker-cs-6	Label-08	2001
2	pernode	worker-cs-6	Label-08	2000
2	pernode	worker-cs-6	Label-08	2000
2	pernode	worker-cs-6	Label-08	2002
2	pernode	worker-cs-6	Label-08	2001
2	pernode	worker-cs-6	Label-08	2001
2	pernode	worker-cs-6	Label-08	2000
2	pernode	worker-cs-6	Label-08	2002
2	pernode	worker-cs-6	Label-08	2000
2	pernode	worker-cs-6	Label-08	2001
2	pernode	worker-cs-6	Label-08	2000
2	pernode	worker-cs-6	Label-08	2001
2	pernode	worker-cs-6	Label-08	2001
2	pernode	worker-cs-6	Label-08	2001
2	pernode	worker-cs-6	Label-08	2001
2	pernode	worker-cs-6	Label-08	2000
2	pernode	worker-cs-6	Label-08	2001
2	pernode	worker-cs-6	Label-08	2001
2	pernode	worker-cs-6	Label-08	2001
2	pernode	worker-cs-6	Label-08	2002
2	pernode	worker-cs-6	Label-08	2000
2	pernode	worker-cs-6	Label-08	2001
2	pernode	worker-cs-6	Label-08	2000
2	pernode	worker-cs-6	Label-08	2000
2	pernode	worker-cs-6	Label-08	2000
2	pernode	worker-cs-6	Label-08	2002
2	pernode	worker-cs-6	Label-08	2001
2	pernode	worker-cs-6	Label-08	2001
2	pernode	worker-cs-6	Label-08	2000
2	pernode	worker-cs-6	Label-08	2002
2	pernode	worker-cs-6	Label-08	2000
2	pernode	worker-cs-6	Label-08	2000
2	pernode	worker-cs-6	Label-08	2000
2	pernode	worker-cs-6	Label-08	2000
2	pernode	worker-cs-6	Label-08	2001
2	pernode	worker-cs-6	Label-08	2003
2	pernode	worker-cs-6	Label-08	2001
2	pernode	worker-cs-6	Label-08	2001
2	pernode	worker-cs-6	Label-08	2000
2	pernode	worker-cs-6	Label-08	2001
2	pernode	worker-cs-6	Label-08	2000
2	pernode	worker-cs-6	Label-08	2001
2	pernode	worker-cs-6	Label-08	2000
2	pernode	worker-cs-6	Label-08	2000
2	pernode	worker-cs-6	Label-08	2001
2	pernode	worker-cs-6	Label-08	2000
2	pernode	worker-cs-6	Label-08	2001
2	pernode	worker-cs-6	Label-08	2002
2	pernode	worker-cs-6	Label-08	2001
2	pernode	worker-cs-6	Label-08	2001
2	pernode	worker-cs-6	Label-08	2002
2	pernode	worker-cs-6	Label-08	2001
2	pernode	worker-cs-6	Label-08	2001
2	pernode	worker-cs-6	Label-08	2002
2	pernode	worker-cs-6	Label-08	2001
2	pernode	worker-cs-6	Label-08	2000
2	pernode	worker-cs-6	Label-08	2001
2	pernode	worker-cs-6	Label-08	2002
2	pernode	worker-cs-6	Label-08	2000
2	pernode	worker-cs-6	Label-08	2001
2	pernode	worker-cs-6	Label-08	2001
2	pernode	worker-cs-6	Label-08	2001
2	pernode	worker-cs-6	Label-08	2002
2	pernode	worker-cs-6	Label-08	2001
2	pernode	worker-cs-6	Label-08	2001
2	pernode	worker-cs-6	Label-08	2002
2	pernode	worker-cs-6	Label-08	2001
2	pernode	worker-cs-6	Label-08	2001
2	pernode	worker-cs-6	Label-08	2001
2	pernode	worker-cs-6	Label-08	2001
2	pernode	worker-cs-6	Label-08	2001
2	pernode	worker-cs-6	Label-08	2002
2	pernode	worker-cs-6	Label-08	2001
2	pernode	worker-cs-6	Label-08	2001
2	pernode	worker-cs-6	Label-08	2001
2	pernode	worker-cs-6	Label-08	2003
2	pernode	worker-cs-6	Label-08	2001
2	pernode	worker-cs-6	Label-08	2000
2	pernode	worker-cs-6	Label-08	2001
2	pernode	worker-cs-6	Label-08	2001
2	pernode	worker-cs-6	Label-08	2000
2	pernode	worker-cs-6	Label-08	2001
2	pernode	worker-cs-6	Label-08	2001
2	pernode	worker-cs-6	Label-08	2001
2	pernode	worker-cs-6	Label-08	2001
2	pernode	worker-cs-6	Label-08	2000
2	pernode	worker-cs-6	Label-08	2001
2	pernode	worker-cs-6	Label-08	2000
2	pernode	worker-cs-6	Label-08	2000
2	pernode	worker-cs-6	Label-08	2001
2	pernode	worker-cs-6	Label-08	2001
2	pernode	worker-cs-6	Label-08	2000
2	pernode	worker-cs-6	Label-08	2001
2	pernode	worker-cs-6	Label-08	2001
2	pernode	worker-cs-6	Label-08	2001
2	pernode	worker-cs-6	Label-08	2001
2	pernode	worker-cs-6	Label-08	2001
2	pernode	worker-cs-6	Label-08	2001
2	pernode	worker-cs-6	Label-08	2002
2	pernode	worker-cs-6	Label-08	2001
2	pernode	worker-cs-6	Label-08	2001
2	pernode	worker-cs-6	Label-08	2001
2	pernode	worker-cs-6	Label-08	2001
2	pernode	worker-cs-6	Label-08	2001
2	pernode	worker-cs-6	Label-08	2001
2	pernode	worker-cs-6	Label-08	2001
2	pernode	worker-cs-6	Label-08	2000
2	pernode	worker-cs-6	Label-08	2000
2	pernode	worker-cs-6	Label-08	2001
2	pernode	worker-cs-6	Label-08	2000
2	pernode	worker-cs-6	Label-08	2002
2	pernode	worker-cs-6	Label-08	2001
2	pernode	worker-cs-6	Label-08	2000
2	pernode	worker-cs-6	Label-08	2000
2	pernode	worker-cs-6	Label-08	2002
2	pernode	worker-cs-6	Label-08	2001
2	pernode	worker-cs-6	Label-08	2001
2	pernode	worker-cs-6	Label-08	2001
2	pernode	worker-cs-6	Label-08	2001
2	pernode	worker-cs-6	Label-08	2000
2	pernode	worker-cs-7	Label-15	2000
2	pernode	worker-cs-7	Label-11	2001
2	pernode	worker-cs-7	Label-11	2000
2	pernode	worker-cs-7	Label-11	2000
2	pernode	worker-cs-7	Label-11	2001
2	pernode	worker-cs-7	Label-15	2002
2	pernode	worker-cs-7	Label-11	2000
2	pernode	worker-cs-7	Label-15	2001
2	pernode	worker-cs-7	Label-11	2003
2	pernode	worker-cs-7	Label-11	2001
2	pernode	worker-cs-7	Label-11	2000
2	pernode	worker-cs-7	Label-11	2000
2	pernode	worker-cs-7	Label-11	2000
2	pernode	worker-cs-7	Label-15	2002
2	pernode	worker-cs-7	Label-15	2001
2	pernode	worker-cs-7	Label-11	2001
2	pernode	worker-cs-7	Label-11	2000
2	pernode	worker-cs-7	Label-11	2000
2	pernode	worker-cs-7	Label-15	2001
2	pernode	worker-cs-7	Label-11	2001
2	pernode	worker-cs-7	Label-11	2001
2	pernode	worker-cs-7	Label-11	2001
2	pernode	worker-cs-7	Label-11	2001
2	pernode	worker-cs-7	Label-11	2000
2	pernode	worker-cs-7	Label-11	2000
2	pernode	worker-cs-7	Label-11	2001
2	pernode	worker-cs-7	Label-15	2001
2	pernode	worker-cs-7	Label-11	2002
2	pernode	worker-cs-7	Label-11	2001
2	pernode	worker-cs-7	Label-11	2001
2	pernode	worker-cs-7	Label-11	2002
2	pernode	worker-cs-7	Label-11	2001
2	pernode	worker-cs-7	Label-11	2001
2	pernode	worker-cs-7	Label-15	2000
2	pernode	worker-cs-7	Label-15	2001
2	pernode	worker-cs-7	Label-11	2000
2	pernode	worker-cs-7	Label-11	2001
2	pernode	worker-cs-7	Label-11	2001
2	pernode	worker-cs-7	Label-11	2001
2	pernode	worker-cs-7	Label-15	2001
2	pernode	worker-cs-7	Label-15	2001
2	pernode	worker-cs-7	Label-11	2001
2	pernode	worker-cs-7	Label-11	2000
2	pernode	worker-cs-7	Label-11	2001
2	pernode	worker-cs-7	Label-15	2000
2	pernode	worker-cs-7	Label-11	2002
2	pernode	worker-cs-7	Label-11	2000
2	pernode	worker-cs-7	Label-11	2000
2	pernode	worker-cs-7	Label-11	2001
2	pernode	worker-cs-7	Label-11	2001
2	pernode	worker-cs-7	Label-11	2002
2	pernode	worker-cs-7	Label-11	2001
2	pernode	worker-cs-7	Label-11	2001
2	pernode	worker-cs-7	Label-11	2001
2	pernode	worker-cs-7	Label-11	2003
2	pernode	worker-cs-7	Label-15	2000
2	pernode	worker-cs-7	Label-11	2001
2	pernode	worker-cs-7	Label-11	2001
2	pernode	worker-cs-7	Label-15	2001
2	pernode	worker-cs-7	Label-15	2000
2	pernode	worker-cs-7	Label-15	2001
2	pernode	worker-cs-7	Label-15	2000
2	pernode	worker-cs-7	Label-11	2001
2	pernode	worker-cs-7	Label-11	2001
2	pernode	worker-cs-7	Label-11	2000
2	pernode	worker-cs-7	Label-15	2000
2	pernode	worker-cs-7	Label-15	2001
2	pernode	worker-cs-7	Label-11	2000
2	pernode	worker-cs-7	Label-11	2001
2	pernode	worker-cs-7	Label-11	2001
2	pernode	worker-cs-7	Label-11	2002
2	pernode	worker-cs-7	Label-11	2001
2	pernode	worker-cs-7	Label-11	2001
2	pernode	worker-cs-7	Label-11	2000
2	pernode	worker-cs-7	Label-11	2001
2	pernode	worker-cs-7	Label-11	2001
2	pernode	worker-cs-7	Label-11	2001
2	pernode	worker-cs-7	Label-11	2000
2	pernode	worker-cs-7	Label-15	2001
2	pernode	worker-cs-7	Label-15	2001
2	pernode	worker-cs-7	Label-15	2001
2	pernode	worker-cs-7	Label-11	2001
2	pernode	worker-cs-7	Label-11	2001
2	pernode	worker-cs-7	Label-11	2001
2	pernode	worker-cs-7	Label-11	2000
2	pernode	worker-cs-7	Label-11	2002
2	pernode	worker-cs-7	Label-15	2001
2	pernode	worker-cs-7	Label-15	2002
2	pernode	worker-cs-7	Label-15	2001
2	pernode	worker-cs-7	Label-11	2001
2	pernode	worker-cs-7	Label-15	2000
2	pernode	worker-cs-7	Label-11	2001
2	pernode	worker-cs-7	Label-15	2001
2	pernode	worker-cs-7	Label-11	2001
2	pernode	worker-cs-7	Label-11	2001
2	pernode	worker-cs-7	Label-11	2001
2	pernode	worker-cs-7	Label-15	2001
2	pernode	worker-cs-7	Label-15	2001
2	pernode	worker-cs-7	Label-11	2001
2	pernode	worker-cs-7	Label-11	2001
2	pernode	worker-cs-7	Label-11	2002
2	pernode	worker-cs-7	Label-11	2001
2	pernode	worker-cs-7	Label-11	2002
2	pernode	worker-cs-7	Label-15	2001
2	pernode	worker-cs-7	Label-11	2000
2	pernode	worker-cs-7	Label-11	2002
2	pernode	worker-cs-7	Label-11	2001
2	pernode	worker-cs-7	Label-11	2001
2	pernode	worker-cs-7	Label-11	2001
2	pernode	worker-cs-7	Label-11	2001
2	pernode	worker-cs-7	Label-15	2001
2	pernode	worker-cs-7	Label-15	2001
2	pernode	worker-cs-7	Label-11	2001
2	pernode	worker-cs-7	Label-11	2001
2	pernode	worker-cs-7	Label-15	2002
2	pernode	worker-cs-7	Label-11	2001
2	pernode	worker-cs-7	Label-11	2001
2	pernode	worker-cs-7	Label-11	2001
2	pernode	worker-cs-7	Label-11	2001
2	pernode	worker-cs-7	Label-11	2001
2	pernode	worker-cs-7	Label-15	2002
2	pernode	worker-cs-7	Label-11	2001
2	pernode	worker-cs-7	Label-11	2001
2	pernode	worker-cs-7	Label-15	2002
2	pernode	worker-cs-7	Label-15	2000
2	pernode	worker-cs-7	Label-11	2001
2	pernode	worker-cs-7	Label-15	2001
2	pernode	worker-cs-7	Label-11	2001
2	pernode	worker-cs-7	Label-11	2001
2	pernode	worker-cs-7	Label-15	2001
2	pernode	worker-cs-7	Label-11	2000
2	pernode	worker-cs-7	Label-11	2001
2	pernode	worker-cs-7	Label-15	2000
2	pernode	worker-cs-7	Label-11	2001
2	pernode	worker-cs-7	Label-11	2000
2	pernode	worker-cs-7	Label-11	2000
2	pernode	worker-cs-7	Label-11	2000
2	pernode	worker-cs-7	Label-11	2001
2	pernode	worker-cs-7	Label-11	2001
2	pernode	worker-cs-7	Label-15	2000
2	pernode	worker-cs-7	Label-11	2001
2	pernode	worker-cs-7	Label-11	2000
2	pernode	worker-cs-7	Label-11	2000
2	pernode	worker-cs-7	Label-11	2002
2	pernode	worker-cs-7	Label-11	2001
2	pernode	worker-cs-7	Label-11	2001
2	pernode	worker-cs-7	Label-15	2002
2	pernode	worker-cs-7	Label-11	2001
2	pernode	worker-cs-7	Label-11	2001
2	pernode	worker-cs-7	Label-15	2001
2	pernode	worker-cs-7	Label-11	2002
2	pernode	worker-cs-7	Label-11	2001
2	pernode	worker-cs-7	Label-11	2001
2	pernode	worker-cs-7	Label-11	2001
2	pernode	worker-cs-7	Label-11	2001
2	pernode	worker-cs-7	Label-11	2001
2	pernode	worker-cs-7	Label-11	2000
2	pernode	worker-cs-7	Label-11	2002
2	pernode	worker-cs-7	Label-11	2001
2	pernode	worker-cs-7	Label-11	2000
2	pernode	worker-cs-7	Label-11	2001
2	pernode	worker-cs-7	Label-11	2000
2	pernode	worker-cs-7	Label-11	2001
2	pernode	worker-cs-7	Label-11	2001
2	pernode	worker-cs-7	Label-15	2001
2	pernode	worker-cs-7	Label-15	2000
2	pernode	worker-cs-7	Label-15	2001
2	pernode	worker-cs-7	Label-11	2001
2	pernode	worker-cs-7	Label-15	2001
2	pernode	worker-cs-7	Label-11	2002
2	pernode	worker-cs-7	Label-11	2000
2	pernode	worker-cs-7	Label-11	2001
2	pernode	worker-cs-7	Label-15	2000
2	pernode	worker-cs-7	Label-11	2001
2	pernode	worker-cs-7	Label-15	2001
2	pernode	worker-cs-7	Label-11	2001
2	pernode	worker-cs-7	Label-11	2001
2	pernode	worker-cs-7	Label-15	2000
2	pernode	worker-cs-7	Label-11	2001
2	pernode	worker-cs-7	Label-11	2000
2	pernode	worker-cs-7	Label-11	2000
2	pernode	worker-cs-7	Label-11	2001
2	pernode	worker-cs-7	Label-11	2001
2	pernode	worker-cs-7	Label-15	2000
2	pernode	worker-cs-7	Label-11	2000
2	pernode	worker-cs-7	Label-15	2001
2	pernode	worker-cs-7	Label-11	2000
2	pernode	worker-cs-7	Label-15	2001
2	pernode	worker-cs-7	Label-11	2001
2	pernode	worker-cs-7	Label-11	2000
2	pernode	worker-cs-7	Label-15	2000
2	pernode	worker-cs-7	Label-11	2000
2	pernode	worker-cs-7	Label-11	2000
2	pernode	worker-cs-7	Label-11	2001
2	pernode	worker-cs-7	Label-11	2001
2	pernode	worker-cs-7	Label-15	2001
2	pernode	worker-cs-7	Label-15	2000
2	pernode	worker-cs-7	Label-11	2000
2	pernode	worker-cs-7	Label-11	2001
2	pernode	worker-cs-7	Label-11	2001
2	pernode	worker-cs-7	Label-11	2001
2	pernode	worker-cs-7	Label-15	2003
2	pernode	worker-cs-7	Label-11	2000
2	pernode	worker-cs-7	Label-11	2001
2	pernode	worker-cs-7	Label-15	2001
2	pernode	worker-cs-7	Label-15	2000
2	pernode	worker-cs-7	Label-11	2000
2	pernode	worker-cs-7	Label-11	2001
2	pernode	worker-cs-7	Label-15	2001
2	pernode	worker-cs-7	Label-11	2002
2	pernode	worker-cs-7	Label-11	2000
2	pernode	worker-cs-7	Label-11	2001
2	pernode	worker-cs-7	Label-11	2001
2	pernode	worker-cs-7	Label-11	2001
2	pernode	worker-cs-7	Label-11	2000
2	pernode	worker-cs-7	Label-11	2002
2	pernode	worker-cs-7	Label-11	2001
2	pernode	worker-cs-7	Label-11	2001
2	pernode	worker-cs-7	Label-11	2000
2	pernode	worker-cs-7	Label-11	2000
2	pernode	worker-cs-7	Label-11	2000
2	pernode	worker-cs-7	Label-11	2000
2	pernode	worker-cs-7	Label-11	2001
2	pernode	worker-cs-7	Label-11	2000
2	pernode	worker-cs-7	Label-11	2000
2	pernode	worker-cs-7	Label-11	2006
2	pernode	worker-cs-7	Label-11	2003
2	pernode	worker-cs-7	Label-11	2001
2	pernode	worker-cs-7	Label-15	2000
2	pernode	worker-cs-7	Label-11	2000
2	pernode	worker-cs-7	Label-11	2001
2	pernode	worker-cs-7	Label-11	2001
2	pernode	worker-cs-7	Label-11	2002
2	pernode	worker-cs-7	Label-11	2002
2	pernode	worker-cs-7	Label-11	2000
2	pernode	worker-cs-7	Label-11	2000
2	pernode	worker-cs-7	Label-11	2001
2	pernode	worker-cs-7	Label-11	2001
2	pernode	worker-cs-7	Label-11	2002
2	pernode	worker-cs-7	Label-11	2002
2	pernode	worker-cs-7	Label-11	2000
2	pernode	worker-cs-7	Label-11	2001
2	pernode	worker-cs-7	Label-15	2001
2	pernode	worker-cs-7	Label-11	2001
2	pernode	worker-cs-7	Label-15	2001
2	pernode	worker-cs-7	Label-15	2001
2	pernode	worker-cs-7	Label-15	2000
2	pernode	worker-cs-7	Label-11	2001
2	pernode	worker-cs-7	Label-11	2002
2	pernode	worker-cs-7	Label-11	2001
2	pernode	worker-cs-7	Label-15	2001
2	pernode	worker-cs-7	Label-11	2002
2	pernode	worker-cs-7	Label-11	2002
2	pernode	worker-cs-7	Label-11	2001
2	pernode	worker-cs-7	Label-11	2001
2	pernode	worker-cs-7	Label-15	2001
2	pernode	worker-cs-7	Label-11	2000
2	pernode	worker-cs-7	Label-11	2000
2	pernode	worker-cs-7	Label-11	2001
2	pernode	worker-cs-7	Label-11	2001
2	pernode	worker-cs-7	Label-11	2001
2	pernode	worker-cs-7	Label-15	2001
2	pernode	worker-cs-7	Label-11	2000
2	pernode	worker-cs-7	Label-11	2000
2	pernode	worker-cs-7	Label-15	2001
2	pernode	worker-cs-7	Label-15	2001
2	pernode	worker-cs-7	Label-11	2000
2	pernode	worker-cs-7	Label-11	2002
2	pernode	worker-cs-7	Label-11	2000
2	pernode	worker-cs-7	Label-11	2001
2	pernode	worker-cs-7	Label-15	2001
2	pernode	worker-cs-7	Label-15	2000
2	pernode	worker-cs-7	Label-11	2001
2	pernode	worker-cs-7	Label-11	2000
2	pernode	worker-cs-7	Label-11	2002
2	pernode	worker-cs-7	Label-15	2000
2	pernode	worker-cs-7	Label-15	2000
2	pernode	worker-cs-7	Label-15	2000
2	pernode	worker-cs-7	Label-11	2001
2	pernode	worker-cs-7	Label-11	2001
2	pernode	worker-cs-7	Label-11	2001
2	pernode	worker-cs-7	Label-11	2001
2	pernode	worker-cs-7	Label-15	2001
2	pernode	worker-cs-7	Label-11	2001
2	pernode	worker-cs-7	Label-15	2001
2	pernode	worker-cs-7	Label-11	2001
2	pernode	worker-cs-7	Label-11	2001
2	pernode	worker-cs-7	Label-11	2000
2	pernode	worker-cs-7	Label-11	2001
2	pernode	worker-cs-7	Label-11	2002
2	pernode	worker-cs-7	Label-11	2000
2	pernode	worker-cs-7	Label-11	2001
2	pernode	worker-cs-7	Label-11	2001
2	pernode	worker-cs-7	Label-11	2001
2	pernode	worker-cs-7	Label-15	2001
2	pernode	worker-cs-7	Label-11	2000
2	pernode	worker-cs-7	Label-11	2001
2	pernode	worker-cs-7	Label-15	2001
2	pernode	worker-cs-7	Label-15	2000
2	pernode	worker-cs-7	Label-11	2000
2	pernode	worker-cs-7	Label-11	2000
2	pernode	worker-cs-7	Label-11	2001
2	pernode	worker-cs-7	Label-11	2001
2	pernode	worker-cs-7	Label-11	2001
2	pernode	worker-cs-7	Label-11	2002
2	pernode	worker-cs-7	Label-15	2002
2	pernode	worker-cs-7	Label-15	2001
2	pernode	worker-cs-7	Label-15	2001
2	pernode	worker-cs-7	Label-15	2000
2	pernode	worker-cs-7	Label-15	2001
2	pernode	worker-cs-7	Label-11	2000
2	pernode	worker-cs-7	Label-15	2000
2	pernode	worker-cs-7	Label-15	2001
2	pernode	worker-cs-7	Label-11	2000
2	pernode	worker-cs-7	Label-11	2001
2	pernode	worker-cs-7	Label-11	2001
2	pernode	worker-cs-7	Label-11	2001
2	pernode	worker-cs-7	Label-11	2002
2	pernode	worker-cs-7	Label-11	2000
2	pernode	worker-cs-7	Label-11	2000
2	pernode	worker-cs-7	Label-11	2000
2	pernode	worker-cs-7	Label-11	2000
2	pernode	worker-cs-7	Label-15	2001
2	pernode	worker-cs-7	Label-11	2000
2	pernode	worker-cs-7	Label-15	2000
2	pernode	worker-cs-7	Label-11	2001
2	pernode	worker-cs-7	Label-11	2002
2	pernode	worker-cs-7	Label-15	2000
2	pernode	worker-cs-7	Label-11	2002
2	pernode	worker-cs-7	Label-11	2002
2	pernode	worker-cs-7	Label-15	2002
2	pernode	worker-cs-7	Label-11	2001
2	pernode	worker-cs-7	Label-15	2001
2	pernode	worker-cs-7	Label-11	2000
2	pernode	worker-cs-7	Label-11	2001
2	pernode	worker-cs-7	Label-11	2001
2	pernode	worker-cs-7	Label-15	2000
2	pernode	worker-cs-7	Label-15	2003
2	pernode	worker-cs-7	Label-11	2001
2	pernode	worker-cs-7	Label-15	2000
2	pernode	worker-cs-7	Label-15	2001
2	pernode	worker-cs-8	Label-13	2002
2	pernode	worker-cs-8	Label-13	2002
2	pernode	worker-cs-8	Label-13	2002
2	pernode	worker-cs-8	Label-13	2002
2	pernode	worker-cs-8	Label-13	2002
2	pernode	worker-cs-8	Label-13	2002
2	pernode	worker-cs-8	Label-13	2002
2	pernode	worker-cs-8	Label-13	2002
2	pernode	worker-cs-8	Label-13	2002
2	pernode	worker-cs-8	Label-13	2003
2	pernode	worker-cs-8	Label-13	2002
2	pernode	worker-cs-8	Label-13	2002
2	pernode	worker-cs-8	Label-13	2003
2	pernode	worker-cs-8	Label-13	2002
2	pernode	worker-cs-8	Label-13	2002
2	pernode	worker-cs-8	Label-13	2002
2	pernode	worker-cs-8	Label-13	2002
2	pernode	worker-cs-8	Label-13	2001
2	pernode	worker-cs-8	Label-13	2003
2	pernode	worker-cs-8	Label-13	2001
2	pernode	worker-cs-8	Label-13	2001
2	pernode	worker-cs-8	Label-13	2002
2	pernode	worker-cs-8	Label-13	2002
2	pernode	worker-cs-8	Label-13	2001
2	pernode	worker-cs-8	Label-13	2002
2	pernode	worker-cs-8	Label-13	2002
2	pernode	worker-cs-8	Label-13	2001
2	pernode	worker-cs-8	Label-13	2003
2	pernode	worker-cs-8	Label-13	2004
2	pernode	worker-cs-8	Label-13	2002
2	pernode	worker-cs-8	Label-13	2002
2	pernode	worker-cs-8	Label-13	2003
2	pernode	worker-cs-8	Label-13	2002
2	pernode	worker-cs-8	Label-13	2002
2	pernode	worker-cs-8	Label-13	2003
2	pernode	worker-cs-8	Label-13	2005
2	pernode	worker-cs-8	Label-13	2002
2	pernode	worker-cs-8	Label-13	2002
2	pernode	worker-cs-8	Label-13	2011
2	pernode	worker-cs-8	Label-13	2002
2	pernode	worker-cs-8	Label-13	2002
2	pernode	worker-cs-8	Label-13	2002
2	pernode	worker-cs-8	Label-13	2002
2	pernode	worker-cs-8	Label-13	2002
2	pernode	worker-cs-8	Label-13	2003
2	pernode	worker-cs-8	Label-13	2002
2	pernode	worker-cs-8	Label-13	2003
2	pernode	worker-cs-8	Label-13	2002
2	pernode	worker-cs-8	Label-13	2003
2	pernode	worker-cs-8	Label-13	2004
2	pernode	worker-cs-8	Label-13	2003
2	pernode	worker-cs-8	Label-13	2003
2	pernode	worker-cs-8	Label-13	2002
2	pernode	worker-cs-8	Label-13	2002
2	pernode	worker-cs-8	Label-13	2005
2	pernode	worker-cs-8	Label-13	2003
2	pernode	worker-cs-8	Label-13	2003
2	pernode	worker-cs-8	Label-13	2001
2	pernode	worker-cs-8	Label-13	2002
2	pernode	worker-cs-8	Label-13	2002
2	pernode	worker-cs-8	Label-13	2002
2	pernode	worker-cs-8	Label-13	2002
2	pernode	worker-cs-8	Label-13	2003
2	pernode	worker-cs-8	Label-13	2002
2	pernode	worker-cs-8	Label-13	2002
2	pernode	worker-cs-8	Label-13	2003
2	pernode	worker-cs-8	Label-13	2002
2	pernode	worker-cs-8	Label-13	2003
2	pernode	worker-cs-8	Label-13	2002
2	pernode	worker-cs-8	Label-13	2003
2	pernode	worker-cs-8	Label-13	2002
2	pernode	worker-cs-8	Label-13	2002
2	pernode	worker-cs-8	Label-13	2001
2	pernode	worker-cs-8	Label-13	2002
2	pernode	worker-cs-8	Label-13	2002
2	pernode	worker-cs-8	Label-13	2001
2	pernode	worker-cs-8	Label-13	2003
2	pernode	worker-cs-8	Label-13	2002
2	pernode	worker-cs-8	Label-13	2002
2	pernode	worker-cs-8	Label-13	2002
2	pernode	worker-cs-8	Label-13	2003
2	pernode	worker-cs-8	Label-13	2002
2	pernode	worker-cs-8	Label-13	2003
2	pernode	worker-cs-8	Label-13	2002
2	pernode	worker-cs-8	Label-13	2001
2	pernode	worker-cs-8	Label-13	2003
2	pernode	worker-cs-8	Label-13	2002
2	pernode	worker-cs-8	Label-13	2003
2	pernode	worker-cs-8	Label-13	2002
2	pernode	worker-cs-8	Label-13	2003
2	pernode	worker-cs-8	Label-13	2002
2	pernode	worker-cs-8	Label-13	2002
2	pernode	worker-cs-8	Label-13	2002
2	pernode	worker-cs-8	Label-13	2003
2	pernode	worker-cs-8	Label-13	2002
2	pernode	worker-cs-8	Label-13	2002
2	pernode	worker-cs-8	Label-13	2001
2	pernode	worker-cs-8	Label-13	2002
2	pernode	worker-cs-8	Label-13	2002
2	pernode	worker-cs-8	Label-13	2002
2	pernode	worker-cs-8	Label-13	2002
2	pernode	worker-cs-8	Label-13	2003
2	pernode	worker-cs-8	Label-13	2002
2	pernode	worker-cs-8	Label-13	2005
2	pernode	worker-cs-8	Label-13	2003
2	pernode	worker-cs-8	Label-13	2003
2	pernode	worker-cs-8	Label-13	2002
2	pernode	worker-cs-8	Label-13	2003
2	pernode	worker-cs-8	Label-13	2003
2	pernode	worker-cs-8	Label-13	2013
2	pernode	worker-cs-8	Label-13	2003
2	pernode	worker-cs-9	Label-03	2002
2	pernode	worker-cs-9	Label-03	2002
2	pernode	worker-cs-9	Label-03	2001
2	pernode	worker-cs-9	Label-03	2001
2	pernode	worker-cs-9	Label-03	2001
2	pernode	worker-cs-9	Label-03	2002
2	pernode	worker-cs-9	Label-03	2001
2	pernode	worker-cs-9	Label-03	2001
2	pernode	worker-cs-9	Label-03	2001
2	pernode	worker-cs-9	Label-03	2001
2	pernode	worker-cs-9	Label-03	2001
2	pernode	worker-cs-9	Label-03	2001
2	pernode	worker-cs-9	Label-03	2001
2	pernode	worker-cs-9	Label-03	2001
2	pernode	worker-cs-9	Label-03	2002
2	pernode	worker-cs-9	Label-03	2002
2	pernode	worker-cs-9	Label-03	2002
2	pernode	worker-cs-9	Label-03	2001
2	pernode	worker-cs-9	Label-03	2001
2	pernode	worker-cs-9	Label-03	2002
2	pernode	worker-cs-9	Label-03	2002
2	pernode	worker-cs-9	Label-03	2002
2	pernode	worker-cs-9	Label-03	2002
2	pernode	worker-cs-9	Label-03	2002
2	pernode	worker-cs-9	Label-03	2002
2	pernode	worker-cs-9	Label-03	2002
2	pernode	worker-cs-9	Label-03	2003
2	pernode	worker-cs-9	Label-03	2001
2	pernode	worker-cs-9	Label-03	2002
2	pernode	worker-cs-9	Label-03	2002
2	pernode	worker-cs-9	Label-03	2002
2	pernode	worker-cs-9	Label-03	2002
2	pernode	worker-cs-9	Label-03	2001
2	pernode	worker-cs-9	Label-03	2002
2	pernode	worker-cs-9	Label-03	2002
2	pernode	worker-cs-9	Label-03	2001
2	pernode	worker-cs-9	Label-03	2002
2	pernode	worker-cs-9	Label-03	2002
2	pernode	worker-cs-9	Label-03	2003
2	pernode	worker-cs-9	Label-03	2001
2	pernode	worker-cs-9	Label-03	2001
2	pernode	worker-cs-9	Label-03	2002
2	pernode	worker-cs-9	Label-03	2002
2	pernode	worker-cs-9	Label-03	2002
2	pernode	worker-cs-9	Label-03	2002
2	pernode	worker-cs-9	Label-03	2001
2	pernode	worker-cs-9	Label-03	2002
2	pernode	worker-cs-9	Label-03	2001
2	pernode	worker-cs-9	Label-03	2001
2	pernode	worker-cs-9	Label-03	2001
2	pernode	worker-cs-9	Label-03	2002
2	pernode	worker-cs-9	Label-03	2002
2	pernode	worker-cs-9	Label-03	2003
2	pernode	worker-cs-9	Label-03	2001
2	pernode	worker-cs-9	Label-03	2002
2	pernode	worker-cs-9	Label-03	2002
2	pernode	worker-cs-9	Label-03	2002
2	pernode	worker-cs-9	Label-03	2003
2	pernode	worker-cs-9	Label-03	2003
2	pernode	worker-cs-9	Label-03	2002
2	pernode	worker-cs-9	Label-03	2002
2	pernode	worker-cs-9	Label-03	2001
2	pernode	worker-cs-9	Label-03	2001
2	pernode	worker-cs-9	Label-03	2001
2	pernode	worker-cs-9	Label-03	2001
2	pernode	worker-cs-9	Label-03	2002
2	pernode	worker-cs-9	Label-03	2002
2	pernode	worker-cs-9	Label-03	2001
2	pernode	worker-cs-9	Label-03	2002
2	pernode	worker-cs-9	Label-03	2001
2	pernode	worker-cs-9	Label-03	2002
2	pernode	worker-cs-9	Label-03	2001
2	pernode	worker-cs-9	Label-03	2002
2	pernode	worker-cs-9	Label-03	2002
2	pernode	worker-cs-9	Label-03	2001
2	pernode	worker-cs-9	Label-03	2002
2	pernode	worker-cs-9	Label-03	2001
2	pernode	worker-cs-9	Label-03	2001
2	pernode	worker-cs-9	Label-03	2001
2	pernode	worker-cs-9	Label-03	2002
2	pernode	worker-cs-9	Label-03	2001
2	pernode	worker-cs-9	Label-03	2001
2	pernode	worker-cs-9	Label-03	2002
2	pernode	worker-cs-9	Label-03	2002
2	pernode	worker-cs-9	Label-03	2001
2	pernode	worker-cs-9	Label-03	2002
2	pernode	worker-cs-9	Label-03	2002
2	pernode	worker-cs-9	Label-03	2001
2	pernode	worker-cs-9	Label-03	2001
2	pernode	worker-cs-9	Label-03	2002
2	pernode	worker-cs-9	Label-03	2001
2	pernode	worker-cs-9	Label-03	2002
2	pernode	worker-cs-9	Label-03	2002
2	pernode	worker-cs-9	Label-03	2001
2	pernode	worker-cs-9	Label-03	2001
2	pernode	worker-cs-9	Label-03	2002
2	pernode	worker-cs-9	Label-03	2001
2	pernode	worker-cs-9	Label-03	2002
2	pernode	worker-cs-9	Label-03	2001
2	pernode	worker-cs-9	Label-03	2002
2	pernode	worker-cs-9	Label-03	2002
2	pernode	worker-cs-9	Label-03	2002
2	pernode	worker-cs-9	Label-03	2002
2	pernode	worker-cs-9	Label-03	2001
2	pernode	worker-cs-9	Label-03	2001
2	pernode	worker-cs-9	Label-03	2001
2	pernode	worker-cs-9	Label-03	2003
2	pernode	worker-cs-9	Label-03	2002
2	pernode	worker-cs-9	Label-03	2001
2	pernode	worker-cs-9	Label-03	2002
2	pernode	worker-cs-9	Label-03	2001
2	pernode	worker-cs-9	Label-03	2002
2	pernode	worker-cs-9	Label-03	2002
2	pernode	worker-cs-9	Label-03	2002
2	pernode	worker-cs-9	Label-03	2002
2	pernode	worker-cs-9	Label-03	2002
2	pernode	worker-cs-9	Label-03	2001
2	pernode	worker-cs-9	Label-03	2002
2	pernode	worker-cs-9	Label-03	2002
2	pernode	worker-cs-9	Label-03	2001
2	pernode	worker-cs-9	Label-03	2003
2	pernode	worker-cs-9	Label-03	2002
2	pernode	worker-cs-9	Label-03	2002
2	pernode	worker-cs-9	Label-03	2001
2	pernode	worker-cs-9	Label-03	2001
2	pernode	worker-cs-9	Label-03	2003
2	pernode	worker-cs-9	Label-03	2002
2	pernode	worker-cs-9	Label-03	2002
3	pernode	worker-cs-0	Label-01	2001
3	pernode	worker-cs-0	Label-01	2000
3	pernode	worker-cs-0	Label-01	2001
3	pernode	worker-cs-0	Label-01	2001
3	pernode	worker-cs-0	Label-06	2001
3	pernode	worker-cs-0	Label-06	2001
3	pernode	worker-cs-0	Label-01	2002
3	pernode	worker-cs-0	Label-06	2000
3	pernode	worker-cs-0	Label-01	2002
3	pernode	worker-cs-0	Label-06	2001
3	pernode	worker-cs-0	Label-06	2001
3	pernode	worker-cs-0	Label-06	2002
3	pernode	worker-cs-0	Label-01	2001
3	pernode	worker-cs-0	Label-06	2002
3	pernode	worker-cs-0	Label-06	2001
3	pernode	worker-cs-0	Label-06	2001
3	pernode	worker-cs-0	Label-06	2001
3	pernode	worker-cs-0	Label-06	2002
3	pernode	worker-cs-0	Label-01	2001
3	pernode	worker-cs-0	Label-06	2001
3	pernode	worker-cs-0	Label-06	2001
3	pernode	worker-cs-0	Label-06	2001
3	pernode	worker-cs-0	Label-06	2001
3	pernode	worker-cs-0	Label-01	2001
3	pernode	worker-cs-0	Label-01	2001
3	pernode	worker-cs-0	Label-06	2002
3	pernode	worker-cs-0	Label-06	2002
3	pernode	worker-cs-0	Label-01	2001
3	pernode	worker-cs-0	Label-01	2000
3	pernode	worker-cs-0	Label-06	2001
3	pernode	worker-cs-0	Label-06	2001
3	pernode	worker-cs-0	Label-06	2000
3	pernode	worker-cs-0	Label-06	2001
3	pernode	worker-cs-0	Label-06	2001
3	pernode	worker-cs-0	Label-01	2001
3	pernode	worker-cs-0	Label-01	2001
3	pernode	worker-cs-0	Label-06	2001
3	pernode	worker-cs-0	Label-01	2001
3	pernode	worker-cs-0	Label-01	2001
3	pernode	worker-cs-0	Label-06	2002
3	pernode	worker-cs-0	Label-01	2001
3	pernode	worker-cs-0	Label-01	2010
3	pernode	worker-cs-0	Label-06	2000
3	pernode	worker-cs-0	Label-06	2001
3	pernode	worker-cs-0	Label-06	2001
3	pernode	worker-cs-0	Label-06	2001
3	pernode	worker-cs-0	Label-01	2000
3	pernode	worker-cs-0	Label-06	2001
3	pernode	worker-cs-0	Label-01	2001
3	pernode	worker-cs-0	Label-01	2000
3	pernode	worker-cs-0	Label-06	2001
3	pernode	worker-cs-0	Label-06	2001
3	pernode	worker-cs-0	Label-01	2001
3	pernode	worker-cs-0	Label-06	2001
3	pernode	worker-cs-0	Label-06	2001
3	pernode	worker-cs-0	Label-01	2002
3	pernode	worker-cs-0	Label-01	2001
3	pernode	worker-cs-0	Label-06	2001
3	pernode	worker-cs-0	Label-01	2000
3	pernode	worker-cs-0	Label-06	2002
3	pernode	worker-cs-0	Label-01	2002
3	pernode	worker-cs-0	Label-01	2002
3	pernode	worker-cs-0	Label-06	2001
3	pernode	worker-cs-0	Label-01	2000
3	pernode	worker-cs-0	Label-06	2002
3	pernode	worker-cs-0	Label-01	2001
3	pernode	worker-cs-0	Label-06	2001
3	pernode	worker-cs-0	Label-01	2001
3	pernode	worker-cs-0	Label-01	2001
3	pernode	worker-cs-0	Label-01	2001
3	pernode	worker-cs-0	Label-06	2001
3	pernode	worker-cs-0	Label-01	2001
3	pernode	worker-cs-0	Label-06	2001
3	pernode	worker-cs-0	Label-01	2003
3	pernode	worker-cs-0	Label-01	2002
3	pernode	worker-cs-0	Label-06	2002
3	pernode	worker-cs-0	Label-01	2001
3	pernode	worker-cs-0	Label-01	2001
3	pernode	worker-cs-0	Label-06	2002
3	pernode	worker-cs-0	Label-01	2002
3	pernode	worker-cs-0	Label-01	2000
3	pernode	worker-cs-0	Label-06	2001
3	pernode	worker-cs-0	Label-01	2001
3	pernode	worker-cs-0	Label-01	2002
3	pernode	worker-cs-0	Label-01	2001
3	pernode	worker-cs-0	Label-06	2001
3	pernode	worker-cs-0	Label-01	2002
3	pernode	worker-cs-0	Label-06	2001
3	pernode	worker-cs-0	Label-06	2000
3	pernode	worker-cs-0	Label-01	2002
3	pernode	worker-cs-0	Label-01	2001
3	pernode	worker-cs-0	Label-01	2000
3	pernode	worker-cs-0	Label-06	2001
3	pernode	worker-cs-0	Label-01	2002
3	pernode	worker-cs-0	Label-01	2000
3	pernode	worker-cs-0	Label-06	2001
3	pernode	worker-cs-0	Label-06	2002
3	pernode	worker-cs-0	Label-06	2001
3	pernode	worker-cs-0	Label-06	2001
3	pernode	worker-cs-0	Label-06	2000
3	pernode	worker-cs-0	Label-01	2002
3	pernode	worker-cs-0	Label-06	2003
3	pernode	worker-cs-0	Label-01	2000
3	pernode	worker-cs-0	Label-01	2001
3	pernode	worker-cs-0	Label-01	2002
3	pernode	worker-cs-0	Label-01	2001
3	pernode	worker-cs-0	Label-06	2002
3	pernode	worker-cs-0	Label-06	2002
3	pernode	worker-cs-0	Label-01	2001
3	pernode	worker-cs-0	Label-01	2001
3	pernode	worker-cs-0	Label-01	2001
3	pernode	worker-cs-0	Label-06	2003
3	pernode	worker-cs-0	Label-01	2001
3	pernode	worker-cs-0	Label-06	2002
3	pernode	worker-cs-0	Label-01	2001
3	pernode	worker-cs-0	Label-06	2001
3	pernode	worker-cs-0	Label-06	2001
3	pernode	worker-cs-0	Label-06	2001
3	pernode	worker-cs-0	Label-01	2001
3	pernode	worker-cs-0	Label-01	2002
3	pernode	worker-cs-0	Label-01	2002
3	pernode	worker-cs-0	Label-01	2000
3	pernode	worker-cs-0	Label-01	2002
3	pernode	worker-cs-0	Label-01	2001
3	pernode	worker-cs-0	Label-06	2001
3	pernode	worker-cs-0	Label-06	2000
3	pernode	worker-cs-0	Label-01	2000
3	pernode	worker-cs-0	Label-06	2001
3	pernode	worker-cs-0	Label-01	2000
3	pernode	worker-cs-0	Label-06	2004
3	pernode	worker-cs-0	Label-01	2003
3	pernode	worker-cs-0	Label-06	2001
3	pernode	worker-cs-0	Label-06	2000
3	pernode	worker-cs-0	Label-06	2001
3	pernode	worker-cs-0	Label-01	2002
3	pernode	worker-cs-0	Label-06	2004
3	pernode	worker-cs-0	Label-01	2001
3	pernode	worker-cs-0	Label-01	2002
3	pernode	worker-cs-0	Label-01	2000
3	pernode	worker-cs-0	Label-01	2001
3	pernode	worker-cs-0	Label-01	2001
3	pernode	worker-cs-0	Label-01	2001
3	pernode	worker-cs-0	Label-01	2001
3	pernode	worker-cs-0	Label-06	2001
3	pernode	worker-cs-0	Label-06	2003
3	pernode	worker-cs-0	Label-01	2001
3	pernode	worker-cs-0	Label-01	2001
3	pernode	worker-cs-0	Label-01	2000
3	pernode	worker-cs-0	Label-01	2000
3	pernode	worker-cs-0	Label-06	2003
3	pernode	worker-cs-0	Label-06	2002
3	pernode	worker-cs-0	Label-06	2001
3	pernode	worker-cs-0	Label-06	2001
3	pernode	worker-cs-0	Label-06	2002
3	pernode	worker-cs-0	Label-01	2001
3	pernode	worker-cs-0	Label-06	2002
3	pernode	worker-cs-0	Label-01	2001
3	pernode	worker-cs-0	Label-01	2003
3	pernode	worker-cs-0	Label-06	2001
3	pernode	worker-cs-0	Label-06	2001
3	pernode	worker-cs-0	Label-06	2000
3	pernode	worker-cs-0	Label-01	2002
3	pernode	worker-cs-0	Label-01	2000
3	pernode	worker-cs-0	Label-01	2001
3	pernode	worker-cs-0	Label-01	2001
3	pernode	worker-cs-0	Label-06	2001
3	pernode	worker-cs-0	Label-01	2001
3	pernode	worker-cs-0	Label-01	2001
3	pernode	worker-cs-0	Label-01	2001
3	pernode	worker-cs-0	Label-06	2001
3	pernode	worker-cs-0	Label-06	2001
3	pernode	worker-cs-0	Label-01	2002
3	pernode	worker-cs-0	Label-06	2000
3	pernode	worker-cs-0	Label-01	2001
3	pernode	worker-cs-0	Label-06	2001
3	pernode	worker-cs-0	Label-01	2000
3	pernode	worker-cs-0	Label-01	2000
3	pernode	worker-cs-0	Label-06	2003
3	pernode	worker-cs-0	Label-06	2001
3	pernode	worker-cs-0	Label-01	2001
3	pernode	worker-cs-0	Label-06	2002
3	pernode	worker-cs-0	Label-06	2001
3	pernode	worker-cs-0	Label-06	2000
3	pernode	worker-cs-0	Label-06	2001
3	pernode	worker-cs-0	Label-06	2001
3	pernode	worker-cs-0	Label-06	2001
3	pernode	worker-cs-0	Label-06	2001
3	pernode	worker-cs-0	Label-06	2001
3	pernode	worker-cs-0	Label-01	2001
3	pernode	worker-cs-0	Label-01	2001
3	pernode	worker-cs-0	Label-01	2001
3	pernode	worker-cs-0	Label-01	2002
3	pernode	worker-cs-0	Label-06	2001
3	pernode	worker-cs-0	Label-06	2001
3	pernode	worker-cs-0	Label-06	2001
3	pernode	worker-cs-0	Label-01	2002
3	pernode	worker-cs-0	Label-01	2000
3	pernode	worker-cs-0	Label-01	2001
3	pernode	worker-cs-0	Label-01	2001
3	pernode	worker-cs-0	Label-06	2000
3	pernode	worker-cs-0	Label-06	2001
3	pernode	worker-cs-0	Label-06	2000
3	pernode	worker-cs-0	Label-06	2001
3	pernode	worker-cs-0	Label-01	2001
3	pernode	worker-cs-0	Label-06	2001
3	pernode	worker-cs-0	Label-06	2001
3	pernode	worker-cs-0	Label-01	2001
3	pernode	worker-cs-0	Label-01	2002
3	pernode	worker-cs-0	Label-01	2001
3	pernode	worker-cs-0	Label-06	2001
3	pernode	worker-cs-0	Label-06	2001
3	pernode	worker-cs-0	Label-06	2014
3	pernode	worker-cs-0	Label-06	2000
3	pernode	worker-cs-0	Label-06	2001
3	pernode	worker-cs-0	Label-01	2000
3	pernode	worker-cs-0	Label-01	2001
3	pernode	worker-cs-0	Label-01	2000
3	pernode	worker-cs-0	Label-01	2001
3	pernode	worker-cs-0	Label-01	2001
3	pernode	worker-cs-0	Label-01	2001
3	pernode	worker-cs-0	Label-01	2001
3	pernode	worker-cs-0	Label-01	2001
3	pernode	worker-cs-0	Label-01	2001
3	pernode	worker-cs-0	Label-01	2001
3	pernode	worker-cs-0	Label-01	2001
3	pernode	worker-cs-0	Label-01	2001
3	pernode	worker-cs-0	Label-01	2001
3	pernode	worker-cs-0	Label-06	2003
3	pernode	worker-cs-0	Label-06	2001
3	pernode	worker-cs-0	Label-01	2001
3	pernode	worker-cs-0	Label-06	2001
3	pernode	worker-cs-0	Label-01	2001
3	pernode	worker-cs-0	Label-01	2001
3	pernode	worker-cs-0	Label-01	2001
3	pernode	worker-cs-0	Label-06	2001
3	pernode	worker-cs-0	Label-06	2000
3	pernode	worker-cs-0	Label-01	2000
3	pernode	worker-cs-0	Label-06	2001
3	pernode	worker-cs-0	Label-01	2001
3	pernode	worker-cs-0	Label-06	2000
3	pernode	worker-cs-0	Label-06	2001
3	pernode	worker-cs-0	Label-06	2000
3	pernode	worker-cs-0	Label-06	2001
3	pernode	worker-cs-0	Label-01	2001
3	pernode	worker-cs-0	Label-06	2001
3	pernode	worker-cs-0	Label-06	2001
3	pernode	worker-cs-0	Label-01	2001
3	pernode	worker-cs-0	Label-01	2002
3	pernode	worker-cs-0	Label-06	2002
3	pernode	worker-cs-0	Label-06	2001
3	pernode	worker-cs-0	Label-01	2001
3	pernode	worker-cs-0	Label-06	2001
3	pernode	worker-cs-0	Label-01	2000
3	pernode	worker-cs-0	Label-01	2002
3	pernode	worker-cs-0	Label-06	2000
3	pernode	worker-cs-0	Label-06	2001
3	pernode	worker-cs-0	Label-01	2000
3	pernode	worker-cs-0	Label-01	2001
3	pernode	worker-cs-0	Label-01	2002
3	pernode	worker-cs-0	Label-01	2000
3	pernode	worker-cs-0	Label-06	2001
3	pernode	worker-cs-0	Label-06	2001
3	pernode	worker-cs-0	Label-06	2001
3	pernode	worker-cs-0	Label-01	2001
3	pernode	worker-cs-0	Label-06	2007
3	pernode	worker-cs-0	Label-01	2001
3	pernode	worker-cs-0	Label-06	2002
3	pernode	worker-cs-0	Label-06	2001
3	pernode	worker-cs-0	Label-06	2001
3	pernode	worker-cs-0	Label-06	2001
3	pernode	worker-cs-0	Label-06	2002
3	pernode	worker-cs-0	Label-01	2002
3	pernode	worker-cs-0	Label-01	2000
3	pernode	worker-cs-0	Label-06	2001
3	pernode	worker-cs-0	Label-06	2001
3	pernode	worker-cs-0	Label-06	2002
3	pernode	worker-cs-0	Label-06	2003
3	pernode	worker-cs-0	Label-01	2000
3	pernode	worker-cs-0	Label-01	2001
3	pernode	worker-cs-0	Label-06	2002
3	pernode	worker-cs-0	Label-01	2003
3	pernode	worker-cs-0	Label-06	2001
3	pernode	worker-cs-0	Label-01	2001
3	pernode	worker-cs-0	Label-06	2001
3	pernode	worker-cs-0	Label-06	2001
3	pernode	worker-cs-0	Label-06	2002
3	pernode	worker-cs-0	Label-01	2002
3	pernode	worker-cs-0	Label-01	2001
3	pernode	worker-cs-0	Label-01	2002
3	pernode	worker-cs-0	Label-01	2001
3	pernode	worker-cs-0	Label-01	2001
3	pernode	worker-cs-0	Label-06	2000
3	pernode	worker-cs-0	Label-01	2002
3	pernode	worker-cs-0	Label-01	2001
3	pernode	worker-cs-0	Label-06	2005
3	pernode	worker-cs-0	Label-06	2000
3	pernode	worker-cs-0	Label-01	2001
3	pernode	worker-cs-0	Label-01	2002
3	pernode	worker-cs-0	Label-06	2001
3	pernode	worker-cs-0	Label-01	2002
3	pernode	worker-cs-0	Label-01	2001
3	pernode	worker-cs-0	Label-06	2001
3	pernode	worker-cs-0	Label-06	2002
3	pernode	worker-cs-0	Label-01	2001
3	pernode	worker-cs-0	Label-06	2001
3	pernode	worker-cs-0	Label-01	2001
3	pernode	worker-cs-0	Label-06	2002
3	pernode	worker-cs-0	Label-01	2001
3	pernode	worker-cs-0	Label-01	2001
3	pernode	worker-cs-0	Label-01	2002
3	pernode	worker-cs-0	Label-01	2002
3	pernode	worker-cs-0	Label-01	2001
3	pernode	worker-cs-0	Label-01	2002
3	pernode	worker-cs-0	Label-06	2002
3	pernode	worker-cs-0	Label-01	2001
3	pernode	worker-cs-0	Label-01	2001
3	pernode	worker-cs-0	Label-01	2001
3	pernode	worker-cs-0	Label-06	2001
3	pernode	worker-cs-0	Label-06	2000
3	pernode	worker-cs-0	Label-01	2003
3	pernode	worker-cs-0	Label-06	2001
3	pernode	worker-cs-0	Label-01	2001
3	pernode	worker-cs-0	Label-06	2002
3	pernode	worker-cs-0	Label-01	2001
3	pernode	worker-cs-0	Label-01	2001
3	pernode	worker-cs-0	Label-01	2001
3	pernode	worker-cs-0	Label-01	2001
3	pernode	worker-cs-0	Label-06	2001
3	pernode	worker-cs-0	Label-06	2002
3	pernode	worker-cs-0	Label-06	2001
3	pernode	worker-cs-0	Label-01	2001
3	pernode	worker-cs-0	Label-01	2001
3	pernode	worker-cs-0	Label-06	2001
3	pernode	worker-cs-0	Label-06	2000
3	pernode	worker-cs-0	Label-01	2001
3	pernode	worker-cs-0	Label-06	2003
3	pernode	worker-cs-0	Label-01	2000
3	pernode	worker-cs-0	Label-01	2001
3	pernode	worker-cs-0	Label-06	2001
3	pernode	worker-cs-0	Label-06	2002
3	pernode	worker-cs-0	Label-06	2001
3	pernode	worker-cs-0	Label-06	2000
3	pernode	worker-cs-0	Label-01	2001
3	pernode	worker-cs-0	Label-06	2001
3	pernode	worker-cs-0	Label-06	2001
3	pernode	worker-cs-0	Label-01	2001
3	pernode	worker-cs-0	Label-06	2001
3	pernode	worker-cs-0	Label-06	2002
3	pernode	worker-cs-0	Label-01	2001
3	pernode	worker-cs-0	Label-06	2001
3	pernode	worker-cs-0	Label-01	2000
3	pernode	worker-cs-0	Label-06	2001
3	pernode	worker-cs-0	Label-01	2001
3	pernode	worker-cs-0	Label-01	2001
3	pernode	worker-cs-0	Label-01	2001
3	pernode	worker-cs-0	Label-01	2001
3	pernode	worker-cs-0	Label-01	2001
3	pernode	worker-cs-0	Label-01	2000
3	pernode	worker-cs-0	Label-01	2000
3	pernode	worker-cs-0	Label-01	2002
3	pernode	worker-cs-0	Label-06	2001
3	pernode	worker-cs-0	Label-01	2001
3	pernode	worker-cs-0	Label-01	2003
3	pernode	worker-cs-0	Label-06	2001
3	pernode	worker-cs-0	Label-06	2001
3	pernode	worker-cs-0	Label-01	2003
3	pernode	worker-cs-0	Label-01	2001
3	pernode	worker-cs-0	Label-01	2001
3	pernode	worker-cs-0	Label-01	2001
3	pernode	worker-cs-0	Label-06	2002
3	pernode	worker-cs-0	Label-01	2001
3	pernode	worker-cs-0	Label-06	2002
3	pernode	worker-cs-0	Label-06	2001
3	pernode	worker-cs-0	Label-01	2001
3	pernode	worker-cs-0	Label-01	2001
3	pernode	worker-cs-0	Label-06	2001
3	pernode	worker-cs-0	Label-01	2000
3	pernode	worker-cs-0	Label-01	2001
3	pernode	worker-cs-0	Label-01	2002
3	pernode	worker-cs-0	Label-06	2002
3	pernode	worker-cs-0	Label-06	2000
3	pernode	worker-cs-0	Label-06	2002
3	pernode	worker-cs-0	Label-06	2001
3	pernode	worker-cs-0	Label-01	2002
3	pernode	worker-cs-0	Label-06	2000
3	pernode	worker-cs-0	Label-06	2002
3	pernode	worker-cs-0	Label-01	2001
3	pernode	worker-cs-0	Label-06	2000
3	pernode	worker-cs-0	Label-01	2001
3	pernode	worker-cs-0	Label-06	2002
3	pernode	worker-cs-0	Label-06	2001
3	pernode	worker-cs-0	Label-06	2002
3	pernode	worker-cs-0	Label-06	2001
3	pernode	worker-cs-0	Label-01	2000
3	pernode	worker-cs-0	Label-06	2000
3	pernode	worker-cs-0	Label-01	2001
3	pernode	worker-cs-0	Label-06	2001
3	pernode	worker-cs-0	Label-01	2001
3	pernode	worker-cs-0	Label-06	2002
3	pernode	worker-cs-0	Label-01	2002
3	pernode	worker-cs-0	Label-06	2000
3	pernode	worker-cs-0	Label-06	2001
3	pernode	worker-cs-0	Label-06	2002
3	pernode	worker-cs-0	Label-06	2002
3	pernode	worker-cs-0	Label-01	2001
3	pernode	worker-cs-0	Label-01	2001
3	pernode	worker-cs-0	Label-01	2001
3	pernode	worker-cs-0	Label-06	2001
3	pernode	worker-cs-0	Label-06	2001
3	pernode	worker-cs-0	Label-01	2001
3	pernode	worker-cs-0	Label-01	2000
3	pernode	worker-cs-0	Label-01	2002
3	pernode	worker-cs-0	Label-01	2000
3	pernode	worker-cs-0	Label-06	2001
3	pernode	worker-cs-0	Label-06	2001
3	pernode	worker-cs-0	Label-06	2002
3	pernode	worker-cs-0	Label-06	2002
3	pernode	worker-cs-0	Label-06	2001
3	pernode	worker-cs-0	Label-01	2003
3	pernode	worker-cs-0	Label-01	2001
3	pernode	worker-cs-0	Label-01	2001
3	pernode	worker-cs-0	Label-01	2002
3	pernode	worker-cs-0	Label-01	2002
3	pernode	worker-cs-0	Label-01	2003
3	pernode	worker-cs-0	Label-06	2004
3	pernode	worker-cs-0	Label-06	2001
3	pernode	worker-cs-0	Label-06	2000
3	pernode	worker-cs-0	Label-01	2002
3	pernode	worker-cs-0	Label-06	2001
3	pernode	worker-cs-0	Label-01	2003
3	pernode	worker-cs-0	Label-01	2001
3	pernode	worker-cs-0	Label-06	2002
3	pernode	worker-cs-0	Label-01	2001
3	pernode	worker-cs-0	Label-06	2002
3	pernode	worker-cs-0	Label-01	2001
3	pernode	worker-cs-0	Label-01	2003
3	pernode	worker-cs-0	Label-06	2001
3	pernode	worker-cs-0	Label-01	2000
3	pernode	worker-cs-0	Label-06	2003
3	pernode	worker-cs-0	Label-01	2000
3	pernode	worker-cs-0	Label-01	2001
3	pernode	worker-cs-0	Label-01	2001
3	pernode	worker-cs-0	Label-06	2002
3	pernode	worker-cs-0	Label-01	2000
3	pernode	worker-cs-0	Label-01	2003
3	pernode	worker-cs-0	Label-01	2000
3	pernode	worker-cs-0	Label-01	2002
3	pernode	worker-cs-0	Label-01	2001
3	pernode	worker-cs-0	Label-01	2000
3	pernode	worker-cs-0	Label-01	2001
3	pernode	worker-cs-0	Label-06	2001
3	pernode	worker-cs-0	Label-06	2001
3	pernode	worker-cs-0	Label-06	2001
3	pernode	worker-cs-0	Label-06	2001
3	pernode	worker-cs-0	Label-01	2001
3	pernode	worker-cs-0	Label-01	2001
3	pernode	worker-cs-0	Label-01	2000
3	pernode	worker-cs-0	Label-01	2001
3	pernode	worker-cs-1	Label-02	2002
3	pernode	worker-cs-1	Label-02	2002
3	pernode	worker-cs-1	Label-02	2003
3	pernode	worker-cs-1	Label-02	2001
3	pernode	worker-cs-1	Label-02	2002
3	pernode	worker-cs-1	Label-02	2001
3	pernode	worker-cs-1	Label-02	2002
3	pernode	worker-cs-1	Label-02	2003
3	pernode	worker-cs-1	Label-02	2003
3	pernode	worker-cs-1	Label-02	2002
3	pernode	worker-cs-1	Label-02	2003
3	pernode	worker-cs-1	Label-02	2003
3	pernode	worker-cs-1	Label-02	2002
3	pernode	worker-cs-1	Label-02	2002
3	pernode	worker-cs-1	Label-02	2002
3	pernode	worker-cs-1	Label-02	2002
3	pernode	worker-cs-1	Label-02	2001
3	pernode	worker-cs-1	Label-02	2003
3	pernode	worker-cs-1	Label-02	2002
3	pernode	worker-cs-1	Label-02	2002
3	pernode	worker-cs-1	Label-02	2002
3	pernode	worker-cs-1	Label-02	2002
3	pernode	worker-cs-1	Label-02	2002
3	pernode	worker-cs-1	Label-02	2001
3	pernode	worker-cs-1	Label-02	2002
3	pernode	worker-cs-1	Label-02	2001
3	pernode	worker-cs-1	Label-02	2001
3	pernode	worker-cs-1	Label-02	2002
3	pernode	worker-cs-1	Label-02	2002
3	pernode	worker-cs-1	Label-02	2002
3	pernode	worker-cs-1	Label-02	2003
3	pernode	worker-cs-1	Label-02	2002
3	pernode	worker-cs-1	Label-02	2002
3	pernode	worker-cs-1	Label-02	2002
3	pernode	worker-cs-1	Label-02	2002
3	pernode	worker-cs-1	Label-02	2002
3	pernode	worker-cs-1	Label-02	2002
3	pernode	worker-cs-1	Label-02	2001
3	pernode	worker-cs-1	Label-02	2002
3	pernode	worker-cs-1	Label-02	2002
3	pernode	worker-cs-1	Label-02	2002
3	pernode	worker-cs-1	Label-02	2002
3	pernode	worker-cs-1	Label-02	2002
3	pernode	worker-cs-1	Label-02	2002
3	pernode	worker-cs-1	Label-02	2002
3	pernode	worker-cs-1	Label-02	2001
3	pernode	worker-cs-1	Label-02	2003
3	pernode	worker-cs-1	Label-02	2002
3	pernode	worker-cs-1	Label-02	2002
3	pernode	worker-cs-1	Label-02	2002
3	pernode	worker-cs-1	Label-02	2002
3	pernode	worker-cs-1	Label-02	2002
3	pernode	worker-cs-1	Label-02	2002
3	pernode	worker-cs-1	Label-02	2002
3	pernode	worker-cs-1	Label-02	2002
3	pernode	worker-cs-1	Label-02	2006
3	pernode	worker-cs-1	Label-02	2002
3	pernode	worker-cs-1	Label-02	2002
3	pernode	worker-cs-1	Label-02	2003
3	pernode	worker-cs-1	Label-02	2001
3	pernode	worker-cs-1	Label-02	2002
3	pernode	worker-cs-1	Label-02	2003
3	pernode	worker-cs-1	Label-02	2002
3	pernode	worker-cs-1	Label-02	2002
3	pernode	worker-cs-1	Label-02	2002
3	pernode	worker-cs-1	Label-02	2001
3	pernode	worker-cs-1	Label-02	2002
3	pernode	worker-cs-1	Label-02	2002
3	pernode	worker-cs-1	Label-02	2002
3	pernode	worker-cs-1	Label-02	2002
3	pernode	worker-cs-1	Label-02	2001
3	pernode	worker-cs-1	Label-02	2002
3	pernode	worker-cs-1	Label-02	2001
3	pernode	worker-cs-1	Label-02	2001
3	pernode	worker-cs-1	Label-02	2002
3	pernode	worker-cs-1	Label-02	2002
3	pernode	worker-cs-1	Label-02	2002
3	pernode	worker-cs-1	Label-02	2002
3	pernode	worker-cs-1	Label-02	2002
3	pernode	worker-cs-1	Label-02	2003
3	pernode	worker-cs-1	Label-02	2002
3	pernode	worker-cs-1	Label-02	2002
3	pernode	worker-cs-1	Label-02	2002
3	pernode	worker-cs-1	Label-02	2002
3	pernode	worker-cs-1	Label-02	2002
3	pernode	worker-cs-1	Label-02	2002
3	pernode	worker-cs-1	Label-02	2002
3	pernode	worker-cs-1	Label-02	2002
3	pernode	worker-cs-1	Label-02	2002
3	pernode	worker-cs-1	Label-02	2003
3	pernode	worker-cs-1	Label-02	2002
3	pernode	worker-cs-1	Label-02	2001
3	pernode	worker-cs-1	Label-02	2002
3	pernode	worker-cs-1	Label-02	2002
3	pernode	worker-cs-1	Label-02	2002
3	pernode	worker-cs-1	Label-02	2002
3	pernode	worker-cs-1	Label-02	2002
3	pernode	worker-cs-1	Label-02	2001
3	pernode	worker-cs-1	Label-02	2002
3	pernode	worker-cs-1	Label-02	2002
3	pernode	worker-cs-1	Label-02	2002
3	pernode	worker-cs-1	Label-02	2002
3	pernode	worker-cs-1	Label-02	2002
3	pernode	worker-cs-1	Label-02	2002
3	pernode	worker-cs-1	Label-02	2002
3	pernode	worker-cs-1	Label-02	2002
3	pernode	worker-cs-1	Label-02	2002
3	pernode	worker-cs-1	Label-02	2002
3	pernode	worker-cs-1	Label-02	2002
3	pernode	worker-cs-1	Label-02	2001
3	pernode	worker-cs-1	Label-02	2002
3	pernode	worker-cs-1	Label-02	2003
3	pernode	worker-cs-1	Label-02	2002
3	pernode	worker-cs-1	Label-02	2002
3	pernode	worker-cs-1	Label-02	2002
3	pernode	worker-cs-1	Label-02	2003
3	pernode	worker-cs-1	Label-02	2002
3	pernode	worker-cs-1	Label-02	2000
3	pernode	worker-cs-1	Label-02	2002
3	pernode	worker-cs-1	Label-02	2002
3	pernode	worker-cs-1	Label-02	2002
3	pernode	worker-cs-1	Label-02	2002
3	pernode	worker-cs-1	Label-02	2003
3	pernode	worker-cs-1	Label-02	2002
3	pernode	worker-cs-1	Label-02	2002
3	pernode	worker-cs-1	Label-02	2002
3	pernode	worker-cs-1	Label-02	2002
3	pernode	worker-cs-1	Label-02	2002
3	pernode	worker-cs-1	Label-02	2002
3	pernode	worker-cs-1	Label-02	2002
3	pernode	worker-cs-1	Label-02	2003
3	pernode	worker-cs-1	Label-02	2003
3	pernode	worker-cs-1	Label-02	2002
3	pernode	worker-cs-1	Label-02	2002
3	pernode	worker-cs-1	Label-02	2003
3	pernode	worker-cs-1	Label-02	2002
3	pernode	worker-cs-1	Label-02	2002
3	pernode	worker-cs-1	Label-02	2002
3	pernode	worker-cs-1	Label-02	2002
3	pernode	worker-cs-1	Label-02	2002
3	pernode	worker-cs-1	Label-02	2002
3	pernode	worker-cs-1	Label-02	2003
3	pernode	worker-cs-1	Label-02	2002
3	pernode	worker-cs-1	Label-02	2002
3	pernode	worker-cs-1	Label-02	2002
3	pernode	worker-cs-1	Label-02	2003
3	pernode	worker-cs-1	Label-02	2002
3	pernode	worker-cs-1	Label-02	2002
3	pernode	worker-cs-1	Label-02	2003
3	pernode	worker-cs-1	Label-02	2002
3	pernode	worker-cs-1	Label-02	2002
3	pernode	worker-cs-1	Label-02	2002
3	pernode	worker-cs-1	Label-02	2002
3	pernode	worker-cs-1	Label-02	2003
3	pernode	worker-cs-1	Label-02	2003
3	pernode	worker-cs-1	Label-02	2002
3	pernode	worker-cs-1	Label-02	2003
3	pernode	worker-cs-1	Label-02	2002
3	pernode	worker-cs-1	Label-02	2003
3	pernode	worker-cs-1	Label-02	2002
3	pernode	worker-cs-1	Label-02	2001
3	pernode	worker-cs-1	Label-02	2002
3	pernode	worker-cs-1	Label-02	2002
3	pernode	worker-cs-1	Label-02	2002
3	pernode	worker-cs-1	Label-02	2002
3	pernode	worker-cs-1	Label-02	2001
3	pernode	worker-cs-1	Label-02	2002
3	pernode	worker-cs-1	Label-02	2002
3	pernode	worker-cs-1	Label-02	2002
3	pernode	worker-cs-1	Label-02	2002
3	pernode	worker-cs-1	Label-02	2002
3	pernode	worker-cs-1	Label-02	2002
3	pernode	worker-cs-1	Label-02	2002
3	pernode	worker-cs-1	Label-02	2002
3	pernode	worker-cs-1	Label-02	2002
3	pernode	worker-cs-1	Label-02	2002
3	pernode	worker-cs-1	Label-02	2002
3	pernode	worker-cs-1	Label-02	2003
3	pernode	worker-cs-1	Label-02	2002
3	pernode	worker-cs-1	Label-02	2002
3	pernode	worker-cs-1	Label-02	2002
3	pernode	worker-cs-1	Label-02	2002
3	pernode	worker-cs-1	Label-02	2003
3	pernode	worker-cs-1	Label-02	2001
3	pernode	worker-cs-1	Label-02	2002
3	pernode	worker-cs-1	Label-02	2001
3	pernode	worker-cs-1	Label-02	2001
3	pernode	worker-cs-1	Label-02	2002
3	pernode	worker-cs-1	Label-02	2002
3	pernode	worker-cs-1	Label-02	2002
3	pernode	worker-cs-1	Label-02	2001
3	pernode	worker-cs-1	Label-02	2003
3	pernode	worker-cs-1	Label-02	2003
3	pernode	worker-cs-1	Label-02	2002
3	pernode	worker-cs-1	Label-02	2002
3	pernode	worker-cs-1	Label-02	2002
3	pernode	worker-cs-1	Label-02	2002
3	pernode	worker-cs-1	Label-02	2002
3	pernode	worker-cs-1	Label-02	2003
3	pernode	worker-cs-1	Label-02	2002
3	pernode	worker-cs-1	Label-02	2002
3	pernode	worker-cs-1	Label-02	2002
3	pernode	worker-cs-1	Label-02	2002
3	pernode	worker-cs-1	Label-02	2003
3	pernode	worker-cs-1	Label-02	2003
3	pernode	worker-cs-1	Label-02	2002
3	pernode	worker-cs-1	Label-02	2003
3	pernode	worker-cs-1	Label-02	2003
3	pernode	worker-cs-1	Label-02	2002
3	pernode	worker-cs-1	Label-02	2002
3	pernode	worker-cs-1	Label-02	2002
3	pernode	worker-cs-1	Label-02	2002
3	pernode	worker-cs-1	Label-02	2001
3	pernode	worker-cs-1	Label-02	2002
3	pernode	worker-cs-1	Label-02	2002
3	pernode	worker-cs-1	Label-02	2002
3	pernode	worker-cs-1	Label-02	2003
3	pernode	worker-cs-1	Label-02	2002
3	pernode	worker-cs-1	Label-02	2002
3	pernode	worker-cs-1	Label-02	2002
3	pernode	worker-cs-1	Label-02	2003
3	pernode	worker-cs-2	Label-09	2001
3	pernode	worker-cs-2	Label-09	2002
3	pernode	worker-cs-2	Label-03	2003
3	pernode	worker-cs-2	Label-09	2002
3	pernode	worker-cs-2	Label-09	2002
3	pernode	worker-cs-2	Label-09	2003
3	pernode	worker-cs-2	Label-03	2002
3	pernode	worker-cs-2	Label-09	2002
3	pernode	worker-cs-2	Label-09	2003
3	pernode	worker-cs-2	Label-09	2002
3	pernode	worker-cs-2	Label-09	2003
3	pernode	worker-cs-2	Label-03	2002
3	pernode	worker-cs-2	Label-09	2002
3	pernode	worker-cs-2	Label-09	2002
3	pernode	worker-cs-2	Label-03	2003
3	pernode	worker-cs-2	Label-09	2002
3	pernode	worker-cs-2	Label-09	2003
3	pernode	worker-cs-2	Label-09	2002
3	pernode	worker-cs-2	Label-03	2002
3	pernode	worker-cs-2	Label-09	2001
3	pernode	worker-cs-2	Label-09	2002
3	pernode	worker-cs-2	Label-09	2003
3	pernode	worker-cs-2	Label-03	2003
3	pernode	worker-cs-2	Label-09	2005
3	pernode	worker-cs-2	Label-09	2002
3	pernode	worker-cs-2	Label-09	2003
3	pernode	worker-cs-2	Label-09	2002
3	pernode	worker-cs-2	Label-09	2002
3	pernode	worker-cs-2	Label-03	2003
3	pernode	worker-cs-2	Label-03	2002
3	pernode	worker-cs-2	Label-09	2002
3	pernode	worker-cs-2	Label-09	2002
3	pernode	worker-cs-2	Label-03	2001
3	pernode	worker-cs-2	Label-09	2001
3	pernode	worker-cs-2	Label-03	2002
3	pernode	worker-cs-2	Label-09	2003
3	pernode	worker-cs-2	Label-09	2002
3	pernode	worker-cs-2	Label-09	2006
3	pernode	worker-cs-2	Label-09	2002
3	pernode	worker-cs-2	Label-09	2002
3	pernode	worker-cs-2	Label-09	2002
3	pernode	worker-cs-2	Label-09	2003
3	pernode	worker-cs-2	Label-09	2001
3	pernode	worker-cs-2	Label-09	2001
3	pernode	worker-cs-2	Label-09	2003
3	pernode	worker-cs-2	Label-09	2002
3	pernode	worker-cs-2	Label-09	2002
3	pernode	worker-cs-2	Label-09	2003
3	pernode	worker-cs-2	Label-09	2002
3	pernode	worker-cs-2	Label-03	2002
3	pernode	worker-cs-2	Label-09	2002
3	pernode	worker-cs-2	Label-09	2003
3	pernode	worker-cs-2	Label-03	2002
3	pernode	worker-cs-2	Label-09	2002
3	pernode	worker-cs-2	Label-09	2003
3	pernode	worker-cs-2	Label-03	2002
3	pernode	worker-cs-2	Label-09	2002
3	pernode	worker-cs-2	Label-03	2002
3	pernode	worker-cs-2	Label-09	2003
3	pernode	worker-cs-2	Label-09	2002
3	pernode	worker-cs-2	Label-09	2002
3	pernode	worker-cs-2	Label-09	2005
3	pernode	worker-cs-2	Label-09	2002
3	pernode	worker-cs-2	Label-03	2002
3	pernode	worker-cs-2	Label-09	2002
3	pernode	worker-cs-2	Label-09	2003
3	pernode	worker-cs-2	Label-03	2005
3	pernode	worker-cs-2	Label-09	2001
3	pernode	worker-cs-2	Label-03	2003
3	pernode	worker-cs-2	Label-09	2003
3	pernode	worker-cs-2	Label-03	2006
3	pernode	worker-cs-2	Label-03	2003
3	pernode	worker-cs-2	Label-09	2001
3	pernode	worker-cs-2	Label-09	2002
3	pernode	worker-cs-2	Label-09	2002
3	pernode	worker-cs-2	Label-03	2002
3	pernode	worker-cs-2	Label-03	2002
3	pernode	worker-cs-2	Label-09	2002
3	pernode	worker-cs-2	Label-09	2002
3	pernode	worker-cs-2	Label-03	2001
3	pernode	worker-cs-2	Label-09	2002
3	pernode	worker-cs-2	Label-03	2006
3	pernode	worker-cs-2	Label-09	2003
3	pernode	worker-cs-2	Label-03	2001
3	pernode	worker-cs-2	Label-03	2002
3	pernode	worker-cs-2	Label-03	2002
3	pernode	worker-cs-2	Label-09	2002
3	pernode	worker-cs-2	Label-09	2002
3	pernode	worker-cs-2	Label-09	2002
3	pernode	worker-cs-2	Label-03	2002
3	pernode	worker-cs-2	Label-03	2003
3	pernode	worker-cs-2	Label-09	2009
3	pernode	worker-cs-2	Label-03	2002
3	pernode	worker-cs-2	Label-09	2002
3	pernode	worker-cs-2	Label-09	2003
3	pernode	worker-cs-2	Label-09	2003
3	pernode	worker-cs-2	Label-03	2002
3	pernode	worker-cs-2	Label-09	2002
3	pernode	worker-cs-2	Label-09	2002
3	pernode	worker-cs-2	Label-09	2002
3	pernode	worker-cs-2	Label-09	2002
3	pernode	worker-cs-2	Label-03	2007
3	pernode	worker-cs-2	Label-03	2003
3	pernode	worker-cs-2	Label-09	2003
3	pernode	worker-cs-2	Label-09	2002
3	pernode	worker-cs-2	Label-09	2002
3	pernode	worker-cs-2	Label-09	2001
3	pernode	worker-cs-2	Label-09	2002
3	pernode	worker-cs-2	Label-09	2002
3	pernode	worker-cs-2	Label-03	2002
3	pernode	worker-cs-2	Label-09	2003
3	pernode	worker-cs-2	Label-09	2002
3	pernode	worker-cs-2	Label-09	2002
3	pernode	worker-cs-2	Label-03	2004
3	pernode	worker-cs-2	Label-09	2004
3	pernode	worker-cs-2	Label-03	2003
3	pernode	worker-cs-2	Label-09	2002
3	pernode	worker-cs-2	Label-09	2002
3	pernode	worker-cs-2	Label-09	2002
3	pernode	worker-cs-2	Label-09	2003
3	pernode	worker-cs-2	Label-09	2003
3	pernode	worker-cs-2	Label-09	2003
3	pernode	worker-cs-2	Label-03	2001
3	pernode	worker-cs-2	Label-09	2001
3	pernode	worker-cs-2	Label-03	2001
3	pernode	worker-cs-2	Label-09	2002
3	pernode	worker-cs-2	Label-09	2003
3	pernode	worker-cs-2	Label-09	2003
3	pernode	worker-cs-2	Label-09	2006
3	pernode	worker-cs-2	Label-09	2003
3	pernode	worker-cs-2	Label-03	2004
3	pernode	worker-cs-2	Label-03	2003
3	pernode	worker-cs-2	Label-03	2003
3	pernode	worker-cs-2	Label-09	2001
3	pernode	worker-cs-2	Label-09	2002
3	pernode	worker-cs-2	Label-09	2003
3	pernode	worker-cs-2	Label-09	2001
3	pernode	worker-cs-2	Label-09	2001
3	pernode	worker-cs-2	Label-09	2003
3	pernode	worker-cs-2	Label-09	2002
3	pernode	worker-cs-2	Label-03	2003
3	pernode	worker-cs-2	Label-03	2002
3	pernode	worker-cs-2	Label-03	2002
3	pernode	worker-cs-2	Label-09	2002
3	pernode	worker-cs-2	Label-09	2002
3	pernode	worker-cs-2	Label-09	2002
3	pernode	worker-cs-2	Label-03	2002
3	pernode	worker-cs-2	Label-09	2002
3	pernode	worker-cs-2	Label-09	2004
3	pernode	worker-cs-2	Label-09	2003
3	pernode	worker-cs-2	Label-09	2003
3	pernode	worker-cs-2	Label-09	2002
3	pernode	worker-cs-2	Label-09	2003
3	pernode	worker-cs-2	Label-03	2003
3	pernode	worker-cs-2	Label-09	2002
3	pernode	worker-cs-2	Label-03	2003
3	pernode	worker-cs-2	Label-09	2002
3	pernode	worker-cs-2	Label-03	2002
3	pernode	worker-cs-2	Label-09	2001
3	pernode	worker-cs-2	Label-09	2002
3	pernode	worker-cs-2	Label-09	2003
3	pernode	worker-cs-2	Label-09	2002
3	pernode	worker-cs-2	Label-03	2002
3	pernode	worker-cs-2	Label-09	2002
3	pernode	worker-cs-2	Label-09	2001
3	pernode	worker-cs-2	Label-09	2003
3	pernode	worker-cs-2	Label-03	2003
3	pernode	worker-cs-2	Label-09	2007
3	pernode	worker-cs-2	Label-03	2002
3	pernode	worker-cs-2	Label-09	2002
3	pernode	worker-cs-2	Label-03	2002
3	pernode	worker-cs-2	Label-09	2001
3	pernode	worker-cs-2	Label-09	2001
3	pernode	worker-cs-2	Label-09	2005
3	pernode	worker-cs-2	Label-09	2002
3	pernode	worker-cs-2	Label-09	2003
3	pernode	worker-cs-2	Label-09	2002
3	pernode	worker-cs-2	Label-09	2005
3	pernode	worker-cs-2	Label-09	2002
3	pernode	worker-cs-2	Label-09	2003
3	pernode	worker-cs-2	Label-09	2003
3	pernode	worker-cs-2	Label-09	2002
3	pernode	worker-cs-2	Label-03	2002
3	pernode	worker-cs-2	Label-03	2002
3	pernode	worker-cs-2	Label-09	2003
3	pernode	worker-cs-2	Label-09	2002
3	pernode	worker-cs-2	Label-09	2003
3	pernode	worker-cs-2	Label-09	2001
3	pernode	worker-cs-2	Label-03	2003
3	pernode	worker-cs-2	Label-09	2001
3	pernode	worker-cs-2	Label-09	2003
3	pernode	worker-cs-2	Label-03	2004
3	pernode	worker-cs-2	Label-09	2002
3	pernode	worker-cs-2	Label-09	2003
3	pernode	worker-cs-2	Label-09	2003
3	pernode	worker-cs-2	Label-09	2003
3	pernode	worker-cs-2	Label-09	2002
3	pernode	worker-cs-2	Label-03	2005
3	pernode	worker-cs-2	Label-03	2002
3	pernode	worker-cs-2	Label-09	2002
3	pernode	worker-cs-2	Label-09	2002
3	pernode	worker-cs-2	Label-03	2002
3	pernode	worker-cs-2	Label-09	2016
3	pernode	worker-cs-2	Label-09	2003
3	pernode	worker-cs-2	Label-09	2003
3	pernode	worker-cs-2	Label-03	2002
3	pernode	worker-cs-2	Label-03	2003
3	pernode	worker-cs-2	Label-09	2003
3	pernode	worker-cs-2	Label-09	2002
3	pernode	worker-cs-2	Label-09	2002
3	pernode	worker-cs-2	Label-09	2003
3	pernode	worker-cs-2	Label-09	2001
3	pernode	worker-cs-2	Label-03	2002
3	pernode	worker-cs-2	Label-09	2002
3	pernode	worker-cs-2	Label-09	2004
3	pernode	worker-cs-2	Label-09	2004
3	pernode	worker-cs-2	Label-09	2002
3	pernode	worker-cs-2	Label-09	2003
3	pernode	worker-cs-2	Label-09	2005
3	pernode	worker-cs-2	Label-03	2011
3	pernode	worker-cs-2	Label-03	2002
3	pernode	worker-cs-2	Label-03	2003
3	pernode	worker-cs-2	Label-09	2004
3	pernode	worker-cs-2	Label-09	2001
3	pernode	worker-cs-2	Label-09	2003
3	pernode	worker-cs-2	Label-03	2003
3	pernode	worker-cs-2	Label-09	2001
3	pernode	worker-cs-2	Label-03	2002
3	pernode	worker-cs-2	Label-09	2002
3	pernode	worker-cs-2	Label-09	2002
3	pernode	worker-cs-2	Label-09	2003
3	pernode	worker-cs-2	Label-03	2002
3	pernode	worker-cs-2	Label-09	2002
3	pernode	worker-cs-2	Label-09	2002
3	pernode	worker-cs-2	Label-03	2003
3	pernode	worker-cs-2	Label-09	2005
3	pernode	worker-cs-2	Label-03	2002
3	pernode	worker-cs-2	Label-09	2003
3	pernode	worker-cs-2	Label-03	2002
3	pernode	worker-cs-2	Label-09	2003
3	pernode	worker-cs-2	Label-03	2003
3	pernode	worker-cs-2	Label-09	2002
3	pernode	worker-cs-2	Label-03	2003
3	pernode	worker-cs-2	Label-03	2002
3	pernode	worker-cs-2	Label-09	2002
3	pernode	worker-cs-2	Label-09	2002
3	pernode	worker-cs-2	Label-03	2003
3	pernode	worker-cs-2	Label-09	2002
3	pernode	worker-cs-2	Label-09	2002
3	pernode	worker-cs-2	Label-03	2002
3	pernode	worker-cs-2	Label-09	2003
3	pernode	worker-cs-2	Label-09	2007
3	pernode	worker-cs-2	Label-03	2002
3	pernode	worker-cs-2	Label-09	2002
3	pernode	worker-cs-2	Label-03	2002
3	pernode	worker-cs-2	Label-03	2003
3	pernode	worker-cs-2	Label-09	2002
3	pernode	worker-cs-2	Label-09	2001
3	pernode	worker-cs-2	Label-09	2002
3	pernode	worker-cs-2	Label-03	2002
3	pernode	worker-cs-2	Label-09	2003
3	pernode	worker-cs-2	Label-09	2003
3	pernode	worker-cs-2	Label-03	2002
3	pernode	worker-cs-2	Label-09	2002
3	pernode	worker-cs-2	Label-09	2001
3	pernode	worker-cs-2	Label-09	2002
3	pernode	worker-cs-2	Label-03	2004
3	pernode	worker-cs-2	Label-03	2002
3	pernode	worker-cs-2	Label-09	2002
3	pernode	worker-cs-2	Label-09	2002
3	pernode	worker-cs-2	Label-09	2002
3	pernode	worker-cs-2	Label-09	2002
3	pernode	worker-cs-2	Label-09	2003
3	pernode	worker-cs-2	Label-09	2002
3	pernode	worker-cs-2	Label-09	2002
3	pernode	worker-cs-2	Label-09	2003
3	pernode	worker-cs-2	Label-09	2001
3	pernode	worker-cs-2	Label-09	2002
3	pernode	worker-cs-2	Label-09	2002
3	pernode	worker-cs-2	Label-03	2008
3	pernode	worker-cs-2	Label-09	2002
3	pernode	worker-cs-2	Label-09	2003
3	pernode	worker-cs-2	Label-03	2002
3	pernode	worker-cs-2	Label-09	2002
3	pernode	worker-cs-2	Label-09	2002
3	pernode	worker-cs-2	Label-09	2002
3	pernode	worker-cs-2	Label-09	2002
3	pernode	worker-cs-2	Label-09	2004
3	pernode	worker-cs-2	Label-09	2003
3	pernode	worker-cs-2	Label-03	2002
3	pernode	worker-cs-2	Label-09	2001
3	pernode	worker-cs-2	Label-09	2002
3	pernode	worker-cs-2	Label-09	2002
3	pernode	worker-cs-2	Label-09	2002
3	pernode	worker-cs-2	Label-09	2008
3	pernode	worker-cs-2	Label-09	2003
3	pernode	worker-cs-2	Label-03	2003
3	pernode	worker-cs-2	Label-09	2002
3	pernode	worker-cs-2	Label-03	2002
3	pernode	worker-cs-2	Label-03	2003
3	pernode	worker-cs-2	Label-09	2005
3	pernode	worker-cs-2	Label-09	2003
3	pernode	worker-cs-2	Label-03	2002
3	pernode	worker-cs-2	Label-09	2003
3	pernode	worker-cs-2	Label-09	2002
3	pernode	worker-cs-2	Label-09	2002
3	pernode	worker-cs-2	Label-03	2003
3	pernode	worker-cs-2	Label-09	2002
3	pernode	worker-cs-2	Label-03	2002
3	pernode	worker-cs-2	Label-09	2002
3	pernode	worker-cs-2	Label-03	2002
3	pernode	worker-cs-3	Label-04	2001
3	pernode	worker-cs-3	Label-04	2002
3	pernode	worker-cs-3	Label-04	2001
3	pernode	worker-cs-3	Label-04	2002
3	pernode	worker-cs-3	Label-04	2002
3	pernode	worker-cs-3	Label-04	2002
3	pernode	worker-cs-3	Label-04	2002
3	pernode	worker-cs-3	Label-04	2002
3	pernode	worker-cs-3	Label-04	2001
3	pernode	worker-cs-3	Label-04	2003
3	pernode	worker-cs-3	Label-04	2002
3	pernode	worker-cs-3	Label-04	2001
3	pernode	worker-cs-3	Label-04	2001
3	pernode	worker-cs-3	Label-04	2002
3	pernode	worker-cs-3	Label-04	2001
3	pernode	worker-cs-3	Label-04	2001
3	pernode	worker-cs-3	Label-04	2001
3	pernode	worker-cs-3	Label-04	2001
3	pernode	worker-cs-3	Label-04	2002
3	pernode	worker-cs-3	Label-04	2002
3	pernode	worker-cs-3	Label-04	2001
3	pernode	worker-cs-3	Label-04	2001
3	pernode	worker-cs-3	Label-04	2002
3	pernode	worker-cs-3	Label-04	2002
3	pernode	worker-cs-3	Label-04	2001
3	pernode	worker-cs-3	Label-04	2001
3	pernode	worker-cs-3	Label-04	2001
3	pernode	worker-cs-3	Label-04	2002
3	pernode	worker-cs-3	Label-04	2001
3	pernode	worker-cs-3	Label-04	2002
3	pernode	worker-cs-3	Label-04	2002
3	pernode	worker-cs-3	Label-04	2002
3	pernode	worker-cs-3	Label-04	2003
3	pernode	worker-cs-3	Label-04	2002
3	pernode	worker-cs-3	Label-04	2001
3	pernode	worker-cs-3	Label-04	2001
3	pernode	worker-cs-3	Label-04	2001
3	pernode	worker-cs-3	Label-04	2001
3	pernode	worker-cs-3	Label-04	2002
3	pernode	worker-cs-3	Label-04	2001
3	pernode	worker-cs-3	Label-04	2002
3	pernode	worker-cs-3	Label-04	2002
3	pernode	worker-cs-3	Label-04	2002
3	pernode	worker-cs-3	Label-04	2001
3	pernode	worker-cs-3	Label-04	2001
3	pernode	worker-cs-3	Label-04	2002
3	pernode	worker-cs-3	Label-04	2002
3	pernode	worker-cs-3	Label-04	2002
3	pernode	worker-cs-3	Label-04	2002
3	pernode	worker-cs-3	Label-04	2001
3	pernode	worker-cs-3	Label-04	2002
3	pernode	worker-cs-3	Label-04	2002
3	pernode	worker-cs-3	Label-04	2002
3	pernode	worker-cs-3	Label-04	2001
3	pernode	worker-cs-3	Label-04	2002
3	pernode	worker-cs-3	Label-04	2002
3	pernode	worker-cs-3	Label-04	2002
3	pernode	worker-cs-3	Label-04	2001
3	pernode	worker-cs-3	Label-04	2001
3	pernode	worker-cs-3	Label-04	2002
3	pernode	worker-cs-3	Label-04	2001
3	pernode	worker-cs-3	Label-04	2001
3	pernode	worker-cs-3	Label-04	2002
3	pernode	worker-cs-3	Label-04	2001
3	pernode	worker-cs-3	Label-04	2001
3	pernode	worker-cs-3	Label-04	2002
3	pernode	worker-cs-3	Label-04	2002
3	pernode	worker-cs-3	Label-04	2002
3	pernode	worker-cs-3	Label-04	2001
3	pernode	worker-cs-3	Label-04	2002
3	pernode	worker-cs-3	Label-04	2001
3	pernode	worker-cs-3	Label-04	2002
3	pernode	worker-cs-3	Label-04	2002
3	pernode	worker-cs-3	Label-04	2001
3	pernode	worker-cs-3	Label-04	2001
3	pernode	worker-cs-3	Label-04	2002
3	pernode	worker-cs-3	Label-04	2002
3	pernode	worker-cs-3	Label-04	2001
3	pernode	worker-cs-3	Label-04	2001
3	pernode	worker-cs-3	Label-04	2001
3	pernode	worker-cs-3	Label-04	2002
3	pernode	worker-cs-3	Label-04	2002
3	pernode	worker-cs-3	Label-04	2002
3	pernode	worker-cs-3	Label-04	2001
3	pernode	worker-cs-3	Label-04	2002
3	pernode	worker-cs-3	Label-04	2002
3	pernode	worker-cs-3	Label-04	2002
3	pernode	worker-cs-3	Label-04	2002
3	pernode	worker-cs-3	Label-04	2001
3	pernode	worker-cs-3	Label-04	2001
3	pernode	worker-cs-3	Label-04	2001
3	pernode	worker-cs-3	Label-04	2002
3	pernode	worker-cs-3	Label-04	2002
3	pernode	worker-cs-3	Label-04	2002
3	pernode	worker-cs-3	Label-04	2002
3	pernode	worker-cs-3	Label-04	2001
3	pernode	worker-cs-3	Label-04	2001
3	pernode	worker-cs-3	Label-04	2002
3	pernode	worker-cs-3	Label-04	2000
3	pernode	worker-cs-3	Label-04	2001
3	pernode	worker-cs-3	Label-04	2002
3	pernode	worker-cs-3	Label-04	2001
3	pernode	worker-cs-3	Label-04	2002
3	pernode	worker-cs-3	Label-04	2001
3	pernode	worker-cs-3	Label-04	2002
3	pernode	worker-cs-3	Label-04	2001
3	pernode	worker-cs-3	Label-04	2001
3	pernode	worker-cs-3	Label-04	2001
3	pernode	worker-cs-3	Label-04	2001
3	pernode	worker-cs-3	Label-04	2001
3	pernode	worker-cs-3	Label-04	2001
3	pernode	worker-cs-3	Label-04	2002
3	pernode	worker-cs-3	Label-04	2004
3	pernode	worker-cs-3	Label-04	2001
3	pernode	worker-cs-3	Label-04	2002
3	pernode	worker-cs-3	Label-04	2002
3	pernode	worker-cs-3	Label-04	2001
3	pernode	worker-cs-3	Label-04	2002
3	pernode	worker-cs-3	Label-04	2002
3	pernode	worker-cs-3	Label-04	2001
3	pernode	worker-cs-3	Label-04	2001
3	pernode	worker-cs-3	Label-04	2002
3	pernode	worker-cs-3	Label-04	2002
3	pernode	worker-cs-3	Label-04	2001
3	pernode	worker-cs-3	Label-04	2001
3	pernode	worker-cs-3	Label-04	2001
3	pernode	worker-cs-3	Label-04	2002
3	pernode	worker-cs-3	Label-04	2002
3	pernode	worker-cs-3	Label-04	2002
3	pernode	worker-cs-3	Label-04	2002
3	pernode	worker-cs-3	Label-04	2002
3	pernode	worker-cs-3	Label-04	2001
3	pernode	worker-cs-3	Label-04	2002
3	pernode	worker-cs-3	Label-04	2002
3	pernode	worker-cs-3	Label-04	2002
3	pernode	worker-cs-3	Label-04	2001
3	pernode	worker-cs-3	Label-04	2002
3	pernode	worker-cs-3	Label-04	2001
3	pernode	worker-cs-3	Label-04	2002
3	pernode	worker-cs-3	Label-04	2003
3	pernode	worker-cs-3	Label-04	2002
3	pernode	worker-cs-3	Label-04	2001
3	pernode	worker-cs-3	Label-04	2001
3	pernode	worker-cs-3	Label-04	2002
3	pernode	worker-cs-3	Label-04	2002
3	pernode	worker-cs-3	Label-04	2002
3	pernode	worker-cs-3	Label-04	2003
3	pernode	worker-cs-3	Label-04	2001
3	pernode	worker-cs-3	Label-04	2002
3	pernode	worker-cs-3	Label-04	2002
3	pernode	worker-cs-3	Label-04	2001
3	pernode	worker-cs-3	Label-04	2001
3	pernode	worker-cs-3	Label-04	2001
3	pernode	worker-cs-3	Label-04	2001
3	pernode	worker-cs-3	Label-04	2001
3	pernode	worker-cs-3	Label-04	2003
3	pernode	worker-cs-3	Label-04	2002
3	pernode	worker-cs-3	Label-04	2002
3	pernode	worker-cs-3	Label-04	2002
3	pernode	worker-cs-3	Label-04	2001
3	pernode	worker-cs-3	Label-04	2002
3	pernode	worker-cs-3	Label-04	2002
3	pernode	worker-cs-3	Label-04	2001
3	pernode	worker-cs-3	Label-04	2002
3	pernode	worker-cs-3	Label-04	2001
3	pernode	worker-cs-3	Label-04	2002
3	pernode	worker-cs-3	Label-04	2002
3	pernode	worker-cs-3	Label-04	2002
3	pernode	worker-cs-3	Label-04	2001
3	pernode	worker-cs-3	Label-04	2001
3	pernode	worker-cs-3	Label-04	2002
3	pernode	worker-cs-3	Label-04	2001
3	pernode	worker-cs-3	Label-04	2001
3	pernode	worker-cs-3	Label-04	2002
3	pernode	worker-cs-3	Label-04	2001
3	pernode	worker-cs-3	Label-04	2001
3	pernode	worker-cs-3	Label-04	2002
3	pernode	worker-cs-3	Label-04	2002
3	pernode	worker-cs-3	Label-04	2002
3	pernode	worker-cs-3	Label-04	2002
3	pernode	worker-cs-3	Label-04	2001
3	pernode	worker-cs-3	Label-04	2001
3	pernode	worker-cs-3	Label-04	2001
3	pernode	worker-cs-3	Label-04	2002
3	pernode	worker-cs-3	Label-04	2002
3	pernode	worker-cs-3	Label-04	2002
3	pernode	worker-cs-3	Label-04	2003
3	pernode	worker-cs-3	Label-04	2001
3	pernode	worker-cs-3	Label-04	2002
3	pernode	worker-cs-3	Label-04	2001
3	pernode	worker-cs-3	Label-04	2002
3	pernode	worker-cs-3	Label-04	2001
3	pernode	worker-cs-3	Label-04	2002
3	pernode	worker-cs-3	Label-04	2001
3	pernode	worker-cs-3	Label-04	2002
3	pernode	worker-cs-3	Label-04	2001
3	pernode	worker-cs-3	Label-04	2001
3	pernode	worker-cs-3	Label-04	2001
3	pernode	worker-cs-3	Label-04	2002
3	pernode	worker-cs-3	Label-04	2001
3	pernode	worker-cs-3	Label-04	2001
3	pernode	worker-cs-3	Label-04	2002
3	pernode	worker-cs-3	Label-04	2002
3	pernode	worker-cs-3	Label-04	2001
3	pernode	worker-cs-3	Label-04	2001
3	pernode	worker-cs-3	Label-04	2001
3	pernode	worker-cs-3	Label-04	2001
3	pernode	worker-cs-3	Label-04	2001
3	pernode	worker-cs-3	Label-04	2002
3	pernode	worker-cs-3	Label-04	2002
3	pernode	worker-cs-3	Label-04	2001
3	pernode	worker-cs-3	Label-04	2001
3	pernode	worker-cs-3	Label-04	2002
3	pernode	worker-cs-3	Label-04	2002
3	pernode	worker-cs-3	Label-04	2002
3	pernode	worker-cs-3	Label-04	2001
3	pernode	worker-cs-3	Label-04	2003
3	pernode	worker-cs-3	Label-04	2002
3	pernode	worker-cs-3	Label-04	2002
3	pernode	worker-cs-3	Label-04	2001
3	pernode	worker-cs-3	Label-04	2003
3	pernode	worker-cs-3	Label-04	2002
3	pernode	worker-cs-3	Label-04	2001
3	pernode	worker-cs-3	Label-04	2002
3	pernode	worker-cs-3	Label-04	2001
3	pernode	worker-cs-3	Label-04	2002
3	pernode	worker-cs-3	Label-04	2001
3	pernode	worker-cs-3	Label-04	2001
3	pernode	worker-cs-3	Label-04	2002
3	pernode	worker-cs-3	Label-04	2002
3	pernode	worker-cs-3	Label-04	2001
3	pernode	worker-cs-3	Label-04	2002
3	pernode	worker-cs-3	Label-04	2001
3	pernode	worker-cs-3	Label-04	2001
3	pernode	worker-cs-3	Label-04	2002
3	pernode	worker-cs-3	Label-04	2000
3	pernode	worker-cs-3	Label-04	2001
3	pernode	worker-cs-3	Label-04	2002
3	pernode	worker-cs-4	Label-10	2001
3	pernode	worker-cs-4	Label-10	2000
3	pernode	worker-cs-4	Label-10	2001
3	pernode	worker-cs-4	Label-12	2002
3	pernode	worker-cs-4	Label-10	2001
3	pernode	worker-cs-4	Label-10	2000
3	pernode	worker-cs-4	Label-12	2001
3	pernode	worker-cs-4	Label-12	2001
3	pernode	worker-cs-4	Label-12	2001
3	pernode	worker-cs-4	Label-12	2001
3	pernode	worker-cs-4	Label-10	2001
3	pernode	worker-cs-4	Label-10	2001
3	pernode	worker-cs-4	Label-12	2002
3	pernode	worker-cs-4	Label-12	2001
3	pernode	worker-cs-4	Label-12	2001
3	pernode	worker-cs-4	Label-10	2002
3	pernode	worker-cs-4	Label-10	2001
3	pernode	worker-cs-4	Label-12	2001
3	pernode	worker-cs-4	Label-12	2001
3	pernode	worker-cs-4	Label-12	2000
3	pernode	worker-cs-4	Label-10	2000
3	pernode	worker-cs-4	Label-10	2000
3	pernode	worker-cs-4	Label-12	2001
3	pernode	worker-cs-4	Label-10	2002
3	pernode	worker-cs-4	Label-12	2001
3	pernode	worker-cs-4	Label-10	2000
3	pernode	worker-cs-4	Label-12	2000
3	pernode	worker-cs-4	Label-10	2001
3	pernode	worker-cs-4	Label-10	2002
3	pernode	worker-cs-4	Label-10	2000
3	pernode	worker-cs-4	Label-12	2001
3	pernode	worker-cs-4	Label-12	2001
3	pernode	worker-cs-4	Label-12	2001
3	pernode	worker-cs-4	Label-12	2001
3	pernode	worker-cs-4	Label-12	2001
3	pernode	worker-cs-4	Label-12	2000
3	pernode	worker-cs-4	Label-12	2001
3	pernode	worker-cs-4	Label-10	2002
3	pernode	worker-cs-4	Label-10	2002
3	pernode	worker-cs-4	Label-10	2001
3	pernode	worker-cs-4	Label-12	2001
3	pernode	worker-cs-4	Label-12	2002
3	pernode	worker-cs-4	Label-10	2001
3	pernode	worker-cs-4	Label-12	2001
3	pernode	worker-cs-4	Label-10	2001
3	pernode	worker-cs-4	Label-12	2001
3	pernode	worker-cs-4	Label-10	2001
3	pernode	worker-cs-4	Label-10	2001
3	pernode	worker-cs-4	Label-12	2001
3	pernode	worker-cs-4	Label-12	2000
3	pernode	worker-cs-4	Label-12	2001
3	pernode	worker-cs-4	Label-12	2002
3	pernode	worker-cs-4	Label-10	2000
3	pernode	worker-cs-4	Label-12	2000
3	pernode	worker-cs-4	Label-10	2002
3	pernode	worker-cs-4	Label-12	2002
3	pernode	worker-cs-4	Label-12	2001
3	pernode	worker-cs-4	Label-10	2001
3	pernode	worker-cs-4	Label-12	2002
3	pernode	worker-cs-4	Label-10	2001
3	pernode	worker-cs-4	Label-12	2001
3	pernode	worker-cs-4	Label-12	2001
3	pernode	worker-cs-4	Label-10	2001
3	pernode	worker-cs-4	Label-10	2001
3	pernode	worker-cs-4	Label-12	2001
3	pernode	worker-cs-4	Label-12	2001
3	pernode	worker-cs-4	Label-12	2001
3	pernode	worker-cs-4	Label-12	2001
3	pernode	worker-cs-4	Label-10	2002
3	pernode	worker-cs-4	Label-10	2001
3	pernode	worker-cs-4	Label-12	2001
3	pernode	worker-cs-4	Label-12	2001
3	pernode	worker-cs-4	Label-10	2001
3	pernode	worker-cs-4	Label-10	2001
3	pernode	worker-cs-4	Label-12	2001
3	pernode	worker-cs-4	Label-12	2000
3	pernode	worker-cs-4	Label-12	2000
3	pernode	worker-cs-4	Label-10	2000
3	pernode	worker-cs-4	Label-12	2001
3	pernode	worker-cs-4	Label-10	2000
3	pernode	worker-cs-4	Label-12	2001
3	pernode	worker-cs-4	Label-12	2001
3	pernode	worker-cs-4	Label-10	2001
3	pernode	worker-cs-4	Label-12	2001
3	pernode	worker-cs-4	Label-10	2002
3	pernode	worker-cs-4	Label-10	2001
3	pernode	worker-cs-4	Label-10	2001
3	pernode	worker-cs-4	Label-10	2002
3	pernode	worker-cs-4	Label-12	2001
3	pernode	worker-cs-4	Label-12	2001
3	pernode	worker-cs-4	Label-12	2001
3	pernode	worker-cs-4	Label-10	2001
3	pernode	worker-cs-4	Label-12	2002
3	pernode	worker-cs-4	Label-12	2001
3	pernode	worker-cs-4	Label-10	2002
3	pernode	worker-cs-4	Label-12	2000
3	pernode	worker-cs-4	Label-10	2001
3	pernode	worker-cs-4	Label-12	2001
3	pernode	worker-cs-4	Label-12	2000
3	pernode	worker-cs-4	Label-12	2002
3	pernode	worker-cs-4	Label-10	2002
3	pernode	worker-cs-4	Label-12	2001
3	pernode	worker-cs-4	Label-10	2000
3	pernode	worker-cs-4	Label-10	2001
3	pernode	worker-cs-4	Label-10	2001
3	pernode	worker-cs-4	Label-10	2001
3	pernode	worker-cs-4	Label-12	2000
3	pernode	worker-cs-4	Label-10	2000
3	pernode	worker-cs-4	Label-12	2000
3	pernode	worker-cs-4	Label-10	2001
3	pernode	worker-cs-4	Label-12	2001
3	pernode	worker-cs-4	Label-10	2001
3	pernode	worker-cs-4	Label-12	2002
3	pernode	worker-cs-4	Label-10	2002
3	pernode	worker-cs-4	Label-10	2000
3	pernode	worker-cs-4	Label-10	2001
3	pernode	worker-cs-4	Label-12	2000
3	pernode	worker-cs-4	Label-12	2000
3	pernode	worker-cs-4	Label-12	2002
3	pernode	worker-cs-4	Label-12	2002
3	pernode	worker-cs-4	Label-12	2002
3	pernode	worker-cs-4	Label-12	2001
3	pernode	worker-cs-4	Label-12	2001
3	pernode	worker-cs-4	Label-12	2001
3	pernode	worker-cs-4	Label-10	2001
3	pernode	worker-cs-4	Label-10	2001
3	pernode	worker-cs-4	Label-12	2000
3	pernode	worker-cs-4	Label-12	2002
3	pernode	worker-cs-4	Label-12	2001
3	pernode	worker-cs-4	Label-10	2001
3	pernode	worker-cs-4	Label-12	2001
3	pernode	worker-cs-4	Label-12	2001
3	pernode	worker-cs-4	Label-10	2001
3	pernode	worker-cs-4	Label-12	2002
3	pernode	worker-cs-4	Label-10	2002
3	pernode	worker-cs-4	Label-12	2000
3	pernode	worker-cs-4	Label-12	2001
3	pernode	worker-cs-4	Label-12	2001
3	pernode	worker-cs-4	Label-10	2003
3	pernode	worker-cs-4	Label-10	2000
3	pernode	worker-cs-4	Label-10	2000
3	pernode	worker-cs-4	Label-12	2001
3	pernode	worker-cs-4	Label-12	2001
3	pernode	worker-cs-4	Label-12	2001
3	pernode	worker-cs-4	Label-10	2001
3	pernode	worker-cs-4	Label-10	2001
3	pernode	worker-cs-4	Label-10	2001
3	pernode	worker-cs-4	Label-12	2002
3	pernode	worker-cs-4	Label-10	2002
3	pernode	worker-cs-4	Label-10	2001
3	pernode	worker-cs-4	Label-12	2002
3	pernode	worker-cs-4	Label-10	2001
3	pernode	worker-cs-4	Label-10	2001
3	pernode	worker-cs-4	Label-10	2001
3	pernode	worker-cs-4	Label-12	2000
3	pernode	worker-cs-4	Label-12	2002
3	pernode	worker-cs-4	Label-10	2001
3	pernode	worker-cs-4	Label-10	2001
3	pernode	worker-cs-4	Label-12	2001
3	pernode	worker-cs-4	Label-10	2001
3	pernode	worker-cs-4	Label-10	2000
3	pernode	worker-cs-4	Label-10	2001
3	pernode	worker-cs-4	Label-10	2000
3	pernode	worker-cs-4	Label-10	2000
3	pernode	worker-cs-4	Label-12	2001
3	pernode	worker-cs-4	Label-12	2000
3	pernode	worker-cs-4	Label-10	2001
3	pernode	worker-cs-4	Label-12	2000
3	pernode	worker-cs-4	Label-12	2001
3	pernode	worker-cs-4	Label-12	2002
3	pernode	worker-cs-4	Label-10	2000
3	pernode	worker-cs-4	Label-10	2001
3	pernode	worker-cs-4	Label-10	2001
3	pernode	worker-cs-4	Label-12	2000
3	pernode	worker-cs-4	Label-10	2001
3	pernode	worker-cs-4	Label-12	2001
3	pernode	worker-cs-4	Label-10	2001
3	pernode	worker-cs-4	Label-10	2000
3	pernode	worker-cs-4	Label-12	2000
3	pernode	worker-cs-4	Label-12	2001
3	pernode	worker-cs-4	Label-10	2000
3	pernode	worker-cs-4	Label-10	2001
3	pernode	worker-cs-4	Label-10	2001
3	pernode	worker-cs-4	Label-10	2000
3	pernode	worker-cs-4	Label-12	2001
3	pernode	worker-cs-4	Label-10	2001
3	pernode	worker-cs-4	Label-10	2002
3	pernode	worker-cs-4	Label-12	2001
3	pernode	worker-cs-4	Label-10	2001
3	pernode	worker-cs-4	Label-12	2001
3	pernode	worker-cs-4	Label-12	2001
3	pernode	worker-cs-4	Label-12	2001
3	pernode	worker-cs-4	Label-12	2001
3	pernode	worker-cs-4	Label-10	2001
3	pernode	worker-cs-4	Label-12	2001
3	pernode	worker-cs-4	Label-12	2001
3	pernode	worker-cs-4	Label-12	2001
3	pernode	worker-cs-4	Label-10	2001
3	pernode	worker-cs-4	Label-12	2000
3	pernode	worker-cs-4	Label-10	2001
3	pernode	worker-cs-4	Label-10	2000
3	pernode	worker-cs-4	Label-12	2001
3	pernode	worker-cs-4	Label-12	2000
3	pernode	worker-cs-4	Label-10	2001
3	pernode	worker-cs-4	Label-12	2001
3	pernode	worker-cs-4	Label-12	2000
3	pernode	worker-cs-4	Label-10	2001
3	pernode	worker-cs-4	Label-12	2001
3	pernode	worker-cs-4	Label-10	2000
3	pernode	worker-cs-4	Label-10	2001
3	pernode	worker-cs-4	Label-12	2001
3	pernode	worker-cs-4	Label-10	2000
3	pernode	worker-cs-4	Label-10	2001
3	pernode	worker-cs-4	Label-10	2001
3	pernode	worker-cs-4	Label-10	2001
3	pernode	worker-cs-4	Label-10	2002
3	pernode	worker-cs-4	Label-12	2001
3	pernode	worker-cs-4	Label-12	2000
3	pernode	worker-cs-4	Label-12	2001
3	pernode	worker-cs-4	Label-10	2001
3	pernode	worker-cs-4	Label-10	2001
3	pernode	worker-cs-4	Label-12	2000
3	pernode	worker-cs-4	Label-12	2001
3	pernode	worker-cs-4	Label-12	2001
3	pernode	worker-cs-4	Label-12	2001
3	pernode	worker-cs-4	Label-10	2002
3	pernode	worker-cs-4	Label-10	2001
3	pernode	worker-cs-4	Label-12	2001
3	pernode	worker-cs-4	Label-10	2000
3	pernode	worker-cs-4	Label-10	2001
3	pernode	worker-cs-4	Label-10	2001
3	pernode	worker-cs-4	Label-10	2001
3	pernode	worker-cs-4	Label-10	2000
3	pernode	worker-cs-4	Label-10	2000
3	pernode	worker-cs-4	Label-12	2002
3	pernode	worker-cs-4	Label-10	2001
3	pernode	worker-cs-4	Label-12	2001
3	pernode	worker-cs-4	Label-12	2001
3	pernode	worker-cs-4	Label-10	2000
3	pernode	worker-cs-4	Label-12	2001
3	pernode	worker-cs-4	Label-10	2001
3	pernode	worker-cs-4	Label-12	2001
3	pernode	worker-cs-4	Label-12	2002
3	pernode	worker-cs-4	Label-12	2001
3	pernode	worker-cs-4	Label-10	2001
3	pernode	worker-cs-4	Label-10	2000
3	pernode	worker-cs-4	Label-10	2001
3	pernode	worker-cs-4	Label-12	2001
3	pernode	worker-cs-4	Label-12	2001
3	pernode	worker-cs-4	Label-12	2001
3	pernode	worker-cs-4	Label-12	2002
3	pernode	worker-cs-4	Label-10	2002
3	pernode	worker-cs-4	Label-12	2000
3	pernode	worker-cs-4	Label-12	2000
3	pernode	worker-cs-4	Label-10	2000
3	pernode	worker-cs-4	Label-10	2001
3	pernode	worker-cs-4	Label-10	2000
3	pernode	worker-cs-4	Label-12	2002
3	pernode	worker-cs-4	Label-12	2001
3	pernode	worker-cs-4	Label-10	2001
3	pernode	worker-cs-4	Label-10	2000
3	pernode	worker-cs-4	Label-12	2001
3	pernode	worker-cs-4	Label-12	2001
3	pernode	worker-cs-4	Label-12	2001
3	pernode	worker-cs-4	Label-10	2001
3	pernode	worker-cs-4	Label-12	2001
3	pernode	worker-cs-4	Label-12	2001
3	pernode	worker-cs-4	Label-12	2001
3	pernode	worker-cs-4	Label-12	2001
3	pernode	worker-cs-4	Label-10	2001
3	pernode	worker-cs-4	Label-10	2001
3	pernode	worker-cs-4	Label-10	2001
3	pernode	worker-cs-4	Label-10	2001
3	pernode	worker-cs-4	Label-12	2001
3	pernode	worker-cs-4	Label-12	2000
3	pernode	worker-cs-4	Label-10	2001
3	pernode	worker-cs-4	Label-10	2001
3	pernode	worker-cs-4	Label-10	2002
3	pernode	worker-cs-4	Label-10	2002
3	pernode	worker-cs-4	Label-12	2000
3	pernode	worker-cs-4	Label-12	2001
3	pernode	worker-cs-4	Label-10	2001
3	pernode	worker-cs-4	Label-12	2001
3	pernode	worker-cs-4	Label-12	2002
3	pernode	worker-cs-4	Label-10	2001
3	pernode	worker-cs-4	Label-10	2001
3	pernode	worker-cs-4	Label-10	2001
3	pernode	worker-cs-4	Label-10	2002
3	pernode	worker-cs-4	Label-12	2001
3	pernode	worker-cs-4	Label-10	2001
3	pernode	worker-cs-4	Label-10	2001
3	pernode	worker-cs-4	Label-10	2001
3	pernode	worker-cs-4	Label-12	2001
3	pernode	worker-cs-4	Label-10	2000
3	pernode	worker-cs-4	Label-12	2001
3	pernode	worker-cs-4	Label-10	2001
3	pernode	worker-cs-4	Label-12	2001
3	pernode	worker-cs-4	Label-12	2002
3	pernode	worker-cs-4	Label-10	2001
3	pernode	worker-cs-4	Label-12	2001
3	pernode	worker-cs-4	Label-10	2001
3	pernode	worker-cs-4	Label-12	2001
3	pernode	worker-cs-4	Label-12	2001
3	pernode	worker-cs-4	Label-10	2001
3	pernode	worker-cs-4	Label-12	2001
3	pernode	worker-cs-4	Label-12	2001
3	pernode	worker-cs-4	Label-12	2001
3	pernode	worker-cs-4	Label-12	2001
3	pernode	worker-cs-4	Label-10	2001
3	pernode	worker-cs-4	Label-12	2002
3	pernode	worker-cs-4	Label-12	2001
3	pernode	worker-cs-4	Label-12	2001
3	pernode	worker-cs-4	Label-10	2001
3	pernode	worker-cs-4	Label-10	2001
3	pernode	worker-cs-4	Label-10	2001
3	pernode	worker-cs-4	Label-12	2001
3	pernode	worker-cs-4	Label-12	2001
3	pernode	worker-cs-4	Label-12	2000
3	pernode	worker-cs-4	Label-12	2001
3	pernode	worker-cs-4	Label-12	2001
3	pernode	worker-cs-4	Label-10	2001
3	pernode	worker-cs-4	Label-12	2001
3	pernode	worker-cs-4	Label-10	2001
3	pernode	worker-cs-4	Label-12	2001
3	pernode	worker-cs-4	Label-12	2001
3	pernode	worker-cs-4	Label-10	2000
3	pernode	worker-cs-4	Label-10	2000
3	pernode	worker-cs-4	Label-10	2001
3	pernode	worker-cs-4	Label-12	2002
3	pernode	worker-cs-4	Label-12	2002
3	pernode	worker-cs-4	Label-10	2000
3	pernode	worker-cs-4	Label-10	2001
3	pernode	worker-cs-4	Label-12	2001
3	pernode	worker-cs-4	Label-10	2001
3	pernode	worker-cs-4	Label-12	2000
3	pernode	worker-cs-4	Label-10	2001
3	pernode	worker-cs-4	Label-10	2000
3	pernode	worker-cs-4	Label-10	2002
3	pernode	worker-cs-4	Label-10	2000
3	pernode	worker-cs-4	Label-10	2000
3	pernode	worker-cs-4	Label-12	2002
3	pernode	worker-cs-4	Label-12	2002
3	pernode	worker-cs-4	Label-10	2001
3	pernode	worker-cs-4	Label-12	2001
3	pernode	worker-cs-4	Label-12	2001
3	pernode	worker-cs-4	Label-12	2000
3	pernode	worker-cs-4	Label-10	2001
3	pernode	worker-cs-4	Label-10	2000
3	pernode	worker-cs-4	Label-10	2002
3	pernode	worker-cs-4	Label-12	2001
3	pernode	worker-cs-4	Label-10	2000
3	pernode	worker-cs-4	Label-12	2001
3	pernode	worker-cs-4	Label-10	2001
3	pernode	worker-cs-4	Label-12	2001
3	pernode	worker-cs-4	Label-10	2001
3	pernode	worker-cs-4	Label-12	2001
3	pernode	worker-cs-4	Label-10	2002
3	pernode	worker-cs-4	Label-12	2001
3	pernode	worker-cs-4	Label-12	2001
3	pernode	worker-cs-4	Label-10	2001
3	pernode	worker-cs-4	Label-12	2001
3	pernode	worker-cs-4	Label-12	2001
3	pernode	worker-cs-4	Label-12	2000
3	pernode	worker-cs-4	Label-12	2002
3	pernode	worker-cs-4	Label-12	2001
3	pernode	worker-cs-4	Label-10	2001
3	pernode	worker-cs-4	Label-12	2001
3	pernode	worker-cs-4	Label-12	2001
3	pernode	worker-cs-4	Label-10	2002
3	pernode	worker-cs-4	Label-10	2000
3	pernode	worker-cs-4	Label-10	2000
3	pernode	worker-cs-4	Label-12	2001
3	pernode	worker-cs-4	Label-10	2002
3	pernode	worker-cs-4	Label-12	2002
3	pernode	worker-cs-4	Label-10	2001
3	pernode	worker-cs-4	Label-10	2001
3	pernode	worker-cs-4	Label-10	2001
3	pernode	worker-cs-4	Label-12	2002
3	pernode	worker-cs-4	Label-12	2001
3	pernode	worker-cs-4	Label-10	2001
3	pernode	worker-cs-4	Label-10	2001
3	pernode	worker-cs-4	Label-12	2001
3	pernode	worker-cs-4	Label-12	2001
3	pernode	worker-cs-4	Label-10	2000
3	pernode	worker-cs-4	Label-10	2002
3	pernode	worker-cs-4	Label-10	2001
3	pernode	worker-cs-4	Label-10	2001
3	pernode	worker-cs-4	Label-12	2000
3	pernode	worker-cs-4	Label-12	2001
3	pernode	worker-cs-4	Label-10	2001
3	pernode	worker-cs-4	Label-12	2001
3	pernode	worker-cs-4	Label-12	2001
3	pernode	worker-cs-4	Label-12	2001
3	pernode	worker-cs-4	Label-12	2001
3	pernode	worker-cs-4	Label-12	2001
3	pernode	worker-cs-4	Label-10	2001
3	pernode	worker-cs-4	Label-10	2002
3	pernode	worker-cs-4	Label-12	2000
3	pernode	worker-cs-4	Label-12	2001
3	pernode	worker-cs-4	Label-12	2002
3	pernode	worker-cs-4	Label-12	2001
3	pernode	worker-cs-4	Label-10	2001
3	pernode	worker-cs-4	Label-12	2001
3	pernode	worker-cs-4	Label-12	2002
3	pernode	worker-cs-4	Label-10	2001
3	pernode	worker-cs-4	Label-10	2002
3	pernode	worker-cs-4	Label-12	2002
3	pernode	worker-cs-4	Label-10	2001
3	pernode	worker-cs-4	Label-12	2001
3	pernode	worker-cs-4	Label-10	2001
3	pernode	worker-cs-4	Label-12	2001
3	pernode	worker-cs-4	Label-12	2001
3	pernode	worker-cs-4	Label-10	2002
3	pernode	worker-cs-4	Label-12	2003
3	pernode	worker-cs-4	Label-12	2001
3	pernode	worker-cs-4	Label-10	2001
3	pernode	worker-cs-4	Label-12	2001
3	pernode	worker-cs-4	Label-10	2001
3	pernode	worker-cs-4	Label-12	2001
3	pernode	worker-cs-4	Label-10	2001
3	pernode	worker-cs-4	Label-10	2000
3	pernode	worker-cs-4	Label-12	2000
3	pernode	worker-cs-4	Label-12	2000
3	pernode	worker-cs-4	Label-12	2001
3	pernode	worker-cs-4	Label-10	2000
3	pernode	worker-cs-4	Label-10	2002
3	pernode	worker-cs-4	Label-12	2001
3	pernode	worker-cs-4	Label-10	2000
3	pernode	worker-cs-4	Label-12	2002
3	pernode	worker-cs-4	Label-10	2002
3	pernode	worker-cs-4	Label-12	2001
3	pernode	worker-cs-4	Label-10	2001
3	pernode	worker-cs-4	Label-12	2000
3	pernode	worker-cs-4	Label-12	2001
3	pernode	worker-cs-4	Label-10	2000
3	pernode	worker-cs-4	Label-12	2001
3	pernode	worker-cs-4	Label-12	2002
3	pernode	worker-cs-4	Label-12	2000
3	pernode	worker-cs-4	Label-10	2002
3	pernode	worker-cs-4	Label-12	2000
3	pernode	worker-cs-4	Label-12	2000
3	pernode	worker-cs-4	Label-12	2000
3	pernode	worker-cs-4	Label-10	2002
3	pernode	worker-cs-4	Label-10	2002
3	pernode	worker-cs-4	Label-12	2001
3	pernode	worker-cs-4	Label-10	2001
3	pernode	worker-cs-4	Label-12	2001
3	pernode	worker-cs-4	Label-12	2001
3	pernode	worker-cs-4	Label-12	2001
3	pernode	worker-cs-4	Label-10	2001
3	pernode	worker-cs-4	Label-12	2001
3	pernode	worker-cs-4	Label-12	2001
3	pernode	worker-cs-4	Label-12	2002
3	pernode	worker-cs-4	Label-10	2001
3	pernode	worker-cs-4	Label-10	2001
3	pernode	worker-cs-5	Label-07	2002
3	pernode	worker-cs-5	Label-05	2002
3	pernode	worker-cs-5	Label-05	2001
3	pernode	worker-cs-5	Label-07	2003
3	pernode	worker-cs-5	Label-05	2002
3	pernode	worker-cs-5	Label-07	2002
3	pernode	worker-cs-5	Label-07	2002
3	pernode	worker-cs-5	Label-07	2002
3	pernode	worker-cs-5	Label-07	2001
3	pernode	worker-cs-5	Label-07	2002
3	pernode	worker-cs-5	Label-14	2002
3	pernode	worker-cs-5	Label-07	2003
3	pernode	worker-cs-5	Label-07	2003
3	pernode	worker-cs-5	Label-05	2002
3	pernode	worker-cs-5	Label-05	2002
3	pernode	worker-cs-5	Label-05	2002
3	pernode	worker-cs-5	Label-14	2001
3	pernode	worker-cs-5	Label-05	2002
3	pernode	worker-cs-5	Label-05	2002
3	pernode	worker-cs-5	Label-05	2002
3	pernode	worker-cs-5	Label-14	2002
3	pernode	worker-cs-5	Label-07	2002
3	pernode	worker-cs-5	Label-07	2002
3	pernode	worker-cs-5	Label-05	2002
3	pernode	worker-cs-5	Label-05	2002
3	pernode	worker-cs-5	Label-05	2002
3	pernode	worker-cs-5	Label-14	2002
3	pernode	worker-cs-5	Label-07	2002
3	pernode	worker-cs-5	Label-07	2002
3	pernode	worker-cs-5	Label-07	2002
3	pernode	worker-cs-5	Label-14	2001
3	pernode	worker-cs-5	Label-07	2001
3	pernode	worker-cs-5	Label-05	2002
3	pernode	worker-cs-5	Label-05	2001
3	pernode	worker-cs-5	Label-05	2002
3	pernode	worker-cs-5	Label-07	2002
3	pernode	worker-cs-5	Label-14	2001
3	pernode	worker-cs-5	Label-05	2001
3	pernode	worker-cs-5	Label-14	2002
3	pernode	worker-cs-5	Label-05	2007
3	pernode	worker-cs-5	Label-05	2002
3	pernode	worker-cs-5	Label-07	2002
3	pernode	worker-cs-5	Label-07	2002
3	pernode	worker-cs-5	Label-14	2001
3	pernode	worker-cs-5	Label-05	2003
3	pernode	worker-cs-5	Label-07	2001
3	pernode	worker-cs-5	Label-14	2002
3	pernode	worker-cs-5	Label-14	2008
3	pernode	worker-cs-5	Label-07	2002
3	pernode	worker-cs-5	Label-05	2002
3	pernode	worker-cs-5	Label-05	2002
3	pernode	worker-cs-5	Label-05	2001
3	pernode	worker-cs-5	Label-05	2002
3	pernode	worker-cs-5	Label-07	2002
3	pernode	worker-cs-5	Label-05	2001
3	pernode	worker-cs-5	Label-05	2002
3	pernode	worker-cs-5	Label-07	2002
3	pernode	worker-cs-5	Label-07	2002
3	pernode	worker-cs-5	Label-05	2001
3	pernode	worker-cs-5	Label-07	2002
3	pernode	worker-cs-5	Label-07	2002
3	pernode	worker-cs-5	Label-07	2002
3	pernode	worker-cs-5	Label-05	2002
3	pernode	worker-cs-5	Label-07	2004
3	pernode	worker-cs-5	Label-07	2002
3	pernode	worker-cs-5	Label-14	2002
3	pernode	worker-cs-5	Label-14	2002
3	pernode	worker-cs-5	Label-07	2001
3	pernode	worker-cs-5	Label-05	2001
3	pernode	worker-cs-5	Label-14	2002
3	pernode	worker-cs-5	Label-05	2001
3	pernode	worker-cs-5	Label-05	2002
3	pernode	worker-cs-5	Label-05	2002
3	pernode	worker-cs-5	Label-07	2002
3	pernode	worker-cs-5	Label-05	2001
3	pernode	worker-cs-5	Label-07	2006
3	pernode	worker-cs-5	Label-05	2002
3	pernode	worker-cs-5	Label-05	2002
3	pernode	worker-cs-5	Label-05	2002
3	pernode	worker-cs-5	Label-07	2002
3	pernode	worker-cs-5	Label-14	2002
3	pernode	worker-cs-5	Label-05	2001
3	pernode	worker-cs-5	Label-14	2002
3	pernode	worker-cs-5	Label-07	2001
3	pernode	worker-cs-5	Label-07	2001
3	pernode	worker-cs-5	Label-07	2001
3	pernode	worker-cs-5	Label-07	2002
3	pernode	worker-cs-5	Label-05	2002
3	pernode	worker-cs-5	Label-07	2000
3	pernode	worker-cs-5	Label-14	2001
3	pernode	worker-cs-5	Label-07	2000
3	pernode	worker-cs-5	Label-07	2002
3	pernode	worker-cs-5	Label-05	2002
3	pernode	worker-cs-5	Label-14	2001
3	pernode	worker-cs-5	Label-05	2001
3	pernode	worker-cs-5	Label-05	2002
3	pernode	worker-cs-5	Label-05	2002
3	pernode	worker-cs-5	Label-07	2001
3	pernode	worker-cs-5	Label-07	2001
3	pernode	worker-cs-5	Label-07	2001
3	pernode	worker-cs-5	Label-14	2002
3	pernode	worker-cs-5	Label-14	2001
3	pernode	worker-cs-5	Label-14	2002
3	pernode	worker-cs-5	Label-05	2003
3	pernode	worker-cs-5	Label-05	2002
3	pernode	worker-cs-5	Label-05	2002
3	pernode	worker-cs-5	Label-05	2002
3	pernode	worker-cs-5	Label-05	2002
3	pernode	worker-cs-5	Label-07	2002
3	pernode	worker-cs-5	Label-05	2002
3	pernode	worker-cs-5	Label-05	2003
3	pernode	worker-cs-5	Label-05	2001
3	pernode	worker-cs-5	Label-07	2002
3	pernode	worker-cs-5	Label-05	2001
3	pernode	worker-cs-5	Label-05	2004
3	pernode	worker-cs-5	Label-05	2002
3	pernode	worker-cs-5	Label-07	2002
3	pernode	worker-cs-5	Label-07	2002
3	pernode	worker-cs-5	Label-07	2002
3	pernode	worker-cs-5	Label-07	2002
3	pernode	worker-cs-5	Label-07	2002
3	pernode	worker-cs-5	Label-07	2003
3	pernode	worker-cs-5	Label-05	2002
3	pernode	worker-cs-5	Label-07	2002
3	pernode	worker-cs-5	Label-14	2002
3	pernode	worker-cs-5	Label-07	2001
3	pernode	worker-cs-5	Label-14	2002
3	pernode	worker-cs-5	Label-07	2001
3	pernode	worker-cs-5	Label-07	2002
3	pernode	worker-cs-5	Label-07	2002
3	pernode	worker-cs-5	Label-14	2001
3	pernode	worker-cs-5	Label-07	2002
3	pernode	worker-cs-5	Label-05	2002
3	pernode	worker-cs-5	Label-05	2002
3	pernode	worker-cs-5	Label-14	2001
3	pernode	worker-cs-5	Label-05	2002
3	pernode	worker-cs-5	Label-05	2001
3	pernode	worker-cs-5	Label-05	2001
3	pernode	worker-cs-5	Label-05	2002
3	pernode	worker-cs-5	Label-07	2001
3	pernode	worker-cs-5	Label-05	2002
3	pernode	worker-cs-5	Label-07	2001
3	pernode	worker-cs-5	Label-07	2001
3	pernode	worker-cs-5	Label-05	2002
3	pernode	worker-cs-5	Label-07	2002
3	pernode	worker-cs-5	Label-14	2001
3	pernode	worker-cs-5	Label-07	2003
3	pernode	worker-cs-5	Label-05	2001
3	pernode	worker-cs-5	Label-05	2001
3	pernode	worker-cs-5	Label-05	2001
3	pernode	worker-cs-5	Label-05	2009
3	pernode	worker-cs-5	Label-07	2002
3	pernode	worker-cs-5	Label-05	2002
3	pernode	worker-cs-5	Label-14	2002
3	pernode	worker-cs-5	Label-07	2002
3	pernode	worker-cs-5	Label-05	2001
3	pernode	worker-cs-5	Label-14	2002
3	pernode	worker-cs-5	Label-05	2002
3	pernode	worker-cs-5	Label-07	2002
3	pernode	worker-cs-5	Label-14	2001
3	pernode	worker-cs-5	Label-05	2001
3	pernode	worker-cs-5	Label-05	2002
3	pernode	worker-cs-5	Label-05	2002
3	pernode	worker-cs-5	Label-05	2001
3	pernode	worker-cs-5	Label-14	2002
3	pernode	worker-cs-5	Label-05	2001
3	pernode	worker-cs-5	Label-07	2002
3	pernode	worker-cs-5	Label-07	2002
3	pernode	worker-cs-5	Label-05	2001
3	pernode	worker-cs-5	Label-07	2001
3	pernode	worker-cs-5	Label-14	2001
3	pernode	worker-cs-5	Label-07	2001
3	pernode	worker-cs-5	Label-07	2003
3	pernode	worker-cs-5	Label-14	2002
3	pernode	worker-cs-5	Label-07	2002
3	pernode	worker-cs-5	Label-07	2001
3	pernode	worker-cs-5	Label-05	2001
3	pernode	worker-cs-5	Label-14	2001
3	pernode	worker-cs-5	Label-05	2002
3	pernode	worker-cs-5	Label-07	2002
3	pernode	worker-cs-5	Label-05	2001
3	pernode	worker-cs-5	Label-07	2001
3	pernode	worker-cs-5	Label-14	2001
3	pernode	worker-cs-5	Label-05	2002
3	pernode	worker-cs-5	Label-05	2001
3	pernode	worker-cs-5	Label-07	2002
3	pernode	worker-cs-5	Label-07	2003
3	pernode	worker-cs-5	Label-07	2002
3	pernode	worker-cs-5	Label-07	2001
3	pernode	worker-cs-5	Label-05	2002
3	pernode	worker-cs-5	Label-07	2001
3	pernode	worker-cs-5	Label-07	2002
3	pernode	worker-cs-5	Label-07	2001
3	pernode	worker-cs-5	Label-07	2001
3	pernode	worker-cs-5	Label-07	2002
3	pernode	worker-cs-5	Label-14	2001
3	pernode	worker-cs-5	Label-07	2002
3	pernode	worker-cs-5	Label-07	2001
3	pernode	worker-cs-5	Label-07	2002
3	pernode	worker-cs-5	Label-05	2002
3	pernode	worker-cs-5	Label-07	2001
3	pernode	worker-cs-5	Label-07	2001
3	pernode	worker-cs-5	Label-14	2002
3	pernode	worker-cs-5	Label-07	2001
3	pernode	worker-cs-5	Label-05	2003
3	pernode	worker-cs-5	Label-07	2002
3	pernode	worker-cs-5	Label-14	2001
3	pernode	worker-cs-5	Label-07	2002
3	pernode	worker-cs-5	Label-05	2002
3	pernode	worker-cs-5	Label-05	2002
3	pernode	worker-cs-5	Label-05	2002
3	pernode	worker-cs-5	Label-05	2001
3	pernode	worker-cs-5	Label-07	2002
3	pernode	worker-cs-5	Label-07	2001
3	pernode	worker-cs-5	Label-07	2002
3	pernode	worker-cs-5	Label-05	2002
3	pernode	worker-cs-5	Label-14	2001
3	pernode	worker-cs-5	Label-05	2002
3	pernode	worker-cs-5	Label-14	2002
3	pernode	worker-cs-5	Label-07	2003
3	pernode	worker-cs-5	Label-05	2002
3	pernode	worker-cs-5	Label-07	2002
3	pernode	worker-cs-5	Label-05	2001
3	pernode	worker-cs-5	Label-05	2002
3	pernode	worker-cs-5	Label-07	2002
3	pernode	worker-cs-5	Label-05	2001
3	pernode	worker-cs-5	Label-05	2001
3	pernode	worker-cs-5	Label-05	2001
3	pernode	worker-cs-5	Label-07	2001
3	pernode	worker-cs-5	Label-05	2001
3	pernode	worker-cs-5	Label-07	2002
3	pernode	worker-cs-5	Label-14	2001
3	pernode	worker-cs-5	Label-07	2001
3	pernode	worker-cs-5	Label-05	2002
3	pernode	worker-cs-5	Label-14	2001
3	pernode	worker-cs-5	Label-07	2002
3	pernode	worker-cs-5	Label-05	2002
3	pernode	worker-cs-5	Label-07	2004
3	pernode	worker-cs-5	Label-05	2002
3	pernode	worker-cs-5	Label-14	2002
3	pernode	worker-cs-5	Label-05	2002
3	pernode	worker-cs-5	Label-05	2001
3	pernode	worker-cs-5	Label-07	2002
3	pernode	worker-cs-5	Label-07	2002
3	pernode	worker-cs-5	Label-07	2001
3	pernode	worker-cs-5	Label-14	2001
3	pernode	worker-cs-5	Label-05	2002
3	pernode	worker-cs-5	Label-14	2002
3	pernode	worker-cs-5	Label-07	2002
3	pernode	worker-cs-5	Label-14	2002
3	pernode	worker-cs-5	Label-07	2002
3	pernode	worker-cs-5	Label-07	2001
3	pernode	worker-cs-5	Label-05	2001
3	pernode	worker-cs-5	Label-07	2002
3	pernode	worker-cs-5	Label-05	2001
3	pernode	worker-cs-5	Label-05	2002
3	pernode	worker-cs-5	Label-05	2002
3	pernode	worker-cs-5	Label-07	2002
3	pernode	worker-cs-5	Label-05	2003
3	pernode	worker-cs-5	Label-07	2001
3	pernode	worker-cs-5	Label-07	2002
3	pernode	worker-cs-5	Label-07	2001
3	pernode	worker-cs-5	Label-05	2001
3	pernode	worker-cs-5	Label-07	2002
3	pernode	worker-cs-5	Label-05	2001
3	pernode	worker-cs-5	Label-05	2002
3	pernode	worker-cs-5	Label-07	2001
3	pernode	worker-cs-5	Label-05	2002
3	pernode	worker-cs-5	Label-14	2002
3	pernode	worker-cs-5	Label-07	2001
3	pernode	worker-cs-5	Label-14	2001
3	pernode	worker-cs-5	Label-05	2002
3	pernode	worker-cs-5	Label-05	2002
3	pernode	worker-cs-5	Label-05	2001
3	pernode	worker-cs-5	Label-05	2001
3	pernode	worker-cs-5	Label-05	2002
3	pernode	worker-cs-5	Label-05	2002
3	pernode	worker-cs-5	Label-14	2001
3	pernode	worker-cs-5	Label-07	2002
3	pernode	worker-cs-5	Label-05	2002
3	pernode	worker-cs-5	Label-07	2001
3	pernode	worker-cs-5	Label-07	2002
3	pernode	worker-cs-5	Label-07	2002
3	pernode	worker-cs-5	Label-05	2002
3	pernode	worker-cs-5	Label-07	2001
3	pernode	worker-cs-5	Label-05	2001
3	pernode	worker-cs-5	Label-07	2001
3	pernode	worker-cs-5	Label-07	2002
3	pernode	worker-cs-5	Label-07	2002
3	pernode	worker-cs-5	Label-05	2000
3	pernode	worker-cs-5	Label-05	2002
3	pernode	worker-cs-5	Label-07	2002
3	pernode	worker-cs-5	Label-05	2002
3	pernode	worker-cs-5	Label-05	2001
3	pernode	worker-cs-5	Label-14	2001
3	pernode	worker-cs-5	Label-07	2002
3	pernode	worker-cs-5	Label-14	2002
3	pernode	worker-cs-5	Label-05	2002
3	pernode	worker-cs-5	Label-14	2002
3	pernode	worker-cs-5	Label-05	2002
3	pernode	worker-cs-5	Label-14	2002
3	pernode	worker-cs-5	Label-07	2002
3	pernode	worker-cs-5	Label-05	2004
3	pernode	worker-cs-5	Label-14	2002
3	pernode	worker-cs-5	Label-07	2001
3	pernode	worker-cs-5	Label-14	2001
3	pernode	worker-cs-5	Label-07	2001
3	pernode	worker-cs-5	Label-07	2001
3	pernode	worker-cs-5	Label-14	2001
3	pernode	worker-cs-5	Label-05	2002
3	pernode	worker-cs-5	Label-05	2001
3	pernode	worker-cs-5	Label-07	2002
3	pernode	worker-cs-5	Label-05	2001
3	pernode	worker-cs-5	Label-07	2001
3	pernode	worker-cs-5	Label-07	2003
3	pernode	worker-cs-5	Label-05	2002
3	pernode	worker-cs-5	Label-07	2002
3	pernode	worker-cs-5	Label-05	2002
3	pernode	worker-cs-5	Label-07	2002
3	pernode	worker-cs-5	Label-14	2001
3	pernode	worker-cs-5	Label-05	2002
3	pernode	worker-cs-5	Label-05	2002
3	pernode	worker-cs-5	Label-07	2003
3	pernode	worker-cs-5	Label-05	2002
3	pernode	worker-cs-5	Label-05	2001
3	pernode	worker-cs-5	Label-07	2002
3	pernode	worker-cs-5	Label-07	2001
3	pernode	worker-cs-5	Label-07	2002
3	pernode	worker-cs-5	Label-07	2002
3	pernode	worker-cs-5	Label-05	2002
3	pernode	worker-cs-5	Label-07	2001
3	pernode	worker-cs-5	Label-07	2001
3	pernode	worker-cs-5	Label-05	2002
3	pernode	worker-cs-5	Label-07	2001
3	pernode	worker-cs-5	Label-05	2001
3	pernode	worker-cs-5	Label-07	2001
3	pernode	worker-cs-5	Label-05	2001
3	pernode	worker-cs-5	Label-05	2001
3	pernode	worker-cs-5	Label-14	2002
3	pernode	worker-cs-5	Label-05	2002
3	pernode	worker-cs-5	Label-14	2002
3	pernode	worker-cs-5	Label-07	2001
3	pernode	worker-cs-5	Label-07	2001
3	pernode	worker-cs-5	Label-05	2001
3	pernode	worker-cs-5	Label-14	2002
3	pernode	worker-cs-5	Label-07	2002
3	pernode	worker-cs-5	Label-07	2001
3	pernode	worker-cs-5	Label-14	2002
3	pernode	worker-cs-5	Label-14	2001
3	pernode	worker-cs-5	Label-14	2002
3	pernode	worker-cs-5	Label-05	2001
3	pernode	worker-cs-5	Label-14	2002
3	pernode	worker-cs-5	Label-14	2002
3	pernode	worker-cs-5	Label-14	2002
3	pernode	worker-cs-5	Label-07	2001
3	pernode	worker-cs-5	Label-05	2001
3	pernode	worker-cs-5	Label-05	2001
3	pernode	worker-cs-5	Label-05	2002
3	pernode	worker-cs-5	Label-07	2002
3	pernode	worker-cs-5	Label-14	2003
3	pernode	worker-cs-5	Label-07	2002
3	pernode	worker-cs-5	Label-07	2001
3	pernode	worker-cs-5	Label-05	2002
3	pernode	worker-cs-5	Label-05	2002
3	pernode	worker-cs-5	Label-14	2002
3	pernode	worker-cs-5	Label-07	2002
3	pernode	worker-cs-5	Label-05	2002
3	pernode	worker-cs-5	Label-05	2002
3	pernode	worker-cs-5	Label-14	2001
3	pernode	worker-cs-5	Label-07	2002
3	pernode	worker-cs-5	Label-07	2002
3	pernode	worker-cs-5	Label-07	2002
3	pernode	worker-cs-5	Label-07	2002
3	pernode	worker-cs-5	Label-14	2002
3	pernode	worker-cs-5	Label-07	2002
3	pernode	worker-cs-5	Label-07	2002
3	pernode	worker-cs-5	Label-05	2002
3	pernode	worker-cs-5	Label-14	2002
3	pernode	worker-cs-5	Label-05	2002
3	pernode	worker-cs-5	Label-14	2002
3	pernode	worker-cs-5	Label-07	2001
3	pernode	worker-cs-5	Label-05	2002
3	pernode	worker-cs-5	Label-05	2002
3	pernode	worker-cs-5	Label-07	2002
3	pernode	worker-cs-5	Label-07	2002
3	pernode	worker-cs-5	Label-05	2003
3	pernode	worker-cs-5	Label-05	2001
3	pernode	worker-cs-5	Label-05	2002
3	pernode	worker-cs-5	Label-05	2002
3	pernode	worker-cs-5	Label-07	2002
3	pernode	worker-cs-5	Label-07	2001
3	pernode	worker-cs-5	Label-07	2002
3	pernode	worker-cs-5	Label-05	2002
3	pernode	worker-cs-5	Label-05	2002
3	pernode	worker-cs-5	Label-07	2002
3	pernode	worker-cs-5	Label-14	2002
3	pernode	worker-cs-5	Label-05	2002
3	pernode	worker-cs-5	Label-14	2002
3	pernode	worker-cs-5	Label-07	2001
3	pernode	worker-cs-5	Label-05	2002
3	pernode	worker-cs-5	Label-05	2000
3	pernode	worker-cs-5	Label-14	2002
3	pernode	worker-cs-5	Label-05	2002
3	pernode	worker-cs-5	Label-05	2001
3	pernode	worker-cs-5	Label-07	2001
3	pernode	worker-cs-5	Label-05	2002
3	pernode	worker-cs-5	Label-07	2002
3	pernode	worker-cs-5	Label-05	2002
3	pernode	worker-cs-5	Label-05	2002
3	pernode	worker-cs-5	Label-05	2002
3	pernode	worker-cs-5	Label-14	2002
3	pernode	worker-cs-5	Label-05	2002
3	pernode	worker-cs-5	Label-07	2002
3	pernode	worker-cs-5	Label-05	2002
3	pernode	worker-cs-5	Label-14	2001
3	pernode	worker-cs-5	Label-05	2002
3	pernode	worker-cs-5	Label-07	2002
3	pernode	worker-cs-5	Label-07	2001
3	pernode	worker-cs-5	Label-07	2002
3	pernode	worker-cs-5	Label-05	2001
3	pernode	worker-cs-5	Label-05	2002
3	pernode	worker-cs-5	Label-07	2002
3	pernode	worker-cs-5	Label-07	2002
3	pernode	worker-cs-5	Label-05	2001
3	pernode	worker-cs-5	Label-05	2001
3	pernode	worker-cs-5	Label-07	2002
3	pernode	worker-cs-5	Label-05	2002
3	pernode	worker-cs-5	Label-07	2001
3	pernode	worker-cs-5	Label-05	2001
3	pernode	worker-cs-5	Label-14	2002
3	pernode	worker-cs-5	Label-07	2001
3	pernode	worker-cs-5	Label-14	2004
3	pernode	worker-cs-5	Label-05	2002
3	pernode	worker-cs-5	Label-07	2002
3	pernode	worker-cs-5	Label-07	2001
3	pernode	worker-cs-5	Label-05	2002
3	pernode	worker-cs-5	Label-07	2002
3	pernode	worker-cs-5	Label-07	2001
3	pernode	worker-cs-5	Label-14	2001
3	pernode	worker-cs-5	Label-07	2002
3	pernode	worker-cs-5	Label-07	2002
3	pernode	worker-cs-5	Label-07	2002
3	pernode	worker-cs-5	Label-05	2002
3	pernode	worker-cs-5	Label-05	2001
3	pernode	worker-cs-5	Label-14	2001
3	pernode	worker-cs-5	Label-07	2002
3	pernode	worker-cs-5	Label-05	2002
3	pernode	worker-cs-5	Label-05	2002
3	pernode	worker-cs-5	Label-07	2003
3	pernode	worker-cs-5	Label-05	2003
3	pernode	worker-cs-5	Label-07	2002
3	pernode	worker-cs-5	Label-07	2001
3	pernode	worker-cs-5	Label-07	2002
3	pernode	worker-cs-5	Label-07	2001
3	pernode	worker-cs-5	Label-07	2003
3	pernode	worker-cs-5	Label-05	2001
3	pernode	worker-cs-5	Label-07	2002
3	pernode	worker-cs-5	Label-07	2002
3	pernode	worker-cs-5	Label-05	2001
3	pernode	worker-cs-5	Label-14	2002
3	pernode	worker-cs-5	Label-07	2002
3	pernode	worker-cs-5	Label-05	2002
3	pernode	worker-cs-5	Label-14	2001
3	pernode	worker-cs-5	Label-07	2002
3	pernode	worker-cs-5	Label-05	2002
3	pernode	worker-cs-5	Label-07	2002
3	pernode	worker-cs-5	Label-05	2002
3	pernode	worker-cs-5	Label-05	2002
3	pernode	worker-cs-5	Label-07	2001
3	pernode	worker-cs-5	Label-05	2002
3	pernode	worker-cs-5	Label-14	2001
3	pernode	worker-cs-5	Label-07	2002
3	pernode	worker-cs-5	Label-07	2001
3	pernode	worker-cs-5	Label-07	2001
3	pernode	worker-cs-5	Label-05	2001
3	pernode	worker-cs-5	Label-07	2003
3	pernode	worker-cs-5	Label-07	2001
3	pernode	worker-cs-5	Label-05	2002
3	pernode	worker-cs-5	Label-14	2002
3	pernode	worker-cs-5	Label-07	2002
3	pernode	worker-cs-5	Label-07	2003
3	pernode	worker-cs-5	Label-05	2002
3	pernode	worker-cs-5	Label-07	2001
3	pernode	worker-cs-5	Label-07	2001
3	pernode	worker-cs-5	Label-05	2002
3	pernode	worker-cs-5	Label-14	2002
3	pernode	worker-cs-5	Label-14	2001
3	pernode	worker-cs-5	Label-05	2002
3	pernode	worker-cs-5	Label-14	2002
3	pernode	worker-cs-5	Label-07	2001
3	pernode	worker-cs-5	Label-07	2001
3	pernode	worker-cs-5	Label-05	2002
3	pernode	worker-cs-5	Label-14	2002
3	pernode	worker-cs-5	Label-07	2002
3	pernode	worker-cs-5	Label-05	2001
3	pernode	worker-cs-5	Label-05	2002
3	pernode	worker-cs-5	Label-07	2002
3	pernode	worker-cs-5	Label-14	2002
3	pernode	worker-cs-5	Label-07	2002
3	pernode	worker-cs-5	Label-07	2002
3	pernode	worker-cs-5	Label-07	2002
3	pernode	worker-cs-5	Label-07	2002
3	pernode	worker-cs-5	Label-05	2002
3	pernode	worker-cs-5	Label-07	2002
3	pernode	worker-cs-5	Label-07	2001
3	pernode	worker-cs-5	Label-07	2002
3	pernode	worker-cs-5	Label-07	2002
3	pernode	worker-cs-5	Label-14	2001
3	pernode	worker-cs-5	Label-07	2002
3	pernode	worker-cs-5	Label-14	2002
3	pernode	worker-cs-5	Label-05	2002
3	pernode	worker-cs-5	Label-07	2002
3	pernode	worker-cs-5	Label-05	2002
3	pernode	worker-cs-5	Label-05	2001
3	pernode	worker-cs-5	Label-07	2001
3	pernode	worker-cs-5	Label-05	2003
3	pernode	worker-cs-5	Label-07	2002
3	pernode	worker-cs-5	Label-07	2001
3	pernode	worker-cs-5	Label-07	2001
3	pernode	worker-cs-5	Label-05	2002
3	pernode	worker-cs-5	Label-07	2014
3	pernode	worker-cs-5	Label-07	2001
3	pernode	worker-cs-5	Label-05	2001
3	pernode	worker-cs-5	Label-14	2002
3	pernode	worker-cs-5	Label-07	2001
3	pernode	worker-cs-5	Label-07	2002
3	pernode	worker-cs-5	Label-05	2002
3	pernode	worker-cs-5	Label-07	2001
3	pernode	worker-cs-5	Label-07	2002
3	pernode	worker-cs-5	Label-07	2002
3	pernode	worker-cs-5	Label-07	2002
3	pernode	worker-cs-5	Label-14	2002
3	pernode	worker-cs-5	Label-07	2002
3	pernode	worker-cs-5	Label-05	2002
3	pernode	worker-cs-5	Label-07	2002
3	pernode	worker-cs-5	Label-14	2001
3	pernode	worker-cs-5	Label-05	2002
3	pernode	worker-cs-5	Label-07	2002
3	pernode	worker-cs-5	Label-07	2001
3	pernode	worker-cs-5	Label-05	2001
3	pernode	worker-cs-5	Label-07	2001
3	pernode	worker-cs-5	Label-05	2001
3	pernode	worker-cs-5	Label-07	2002
3	pernode	worker-cs-5	Label-05	2002
3	pernode	worker-cs-5	Label-05	2001
3	pernode	worker-cs-5	Label-14	2001
3	pernode	worker-cs-5	Label-14	2001
3	pernode	worker-cs-5	Label-07	2001
3	pernode	worker-cs-5	Label-07	2001
3	pernode	worker-cs-5	Label-05	2002
3	pernode	worker-cs-5	Label-07	2001
3	pernode	worker-cs-5	Label-07	2002
3	pernode	worker-cs-5	Label-05	2001
3	pernode	worker-cs-5	Label-05	2001
3	pernode	worker-cs-6	Label-08	2001
3	pernode	worker-cs-6	Label-08	2001
3	pernode	worker-cs-6	Label-08	2001
3	pernode	worker-cs-6	Label-08	2001
3	pernode	worker-cs-6	Label-08	2001
3	pernode	worker-cs-6	Label-08	2001
3	pernode	worker-cs-6	Label-08	2001
3	pernode	worker-cs-6	Label-08	2001
3	pernode	worker-cs-6	Label-08	2002
3	pernode	worker-cs-6	Label-08	2001
3	pernode	worker-cs-6	Label-08	2001
3	pernode	worker-cs-6	Label-08	2001
3	pernode	worker-cs-6	Label-08	2000
3	pernode	worker-cs-6	Label-08	2001
3	pernode	worker-cs-6	Label-08	2001
3	pernode	worker-cs-6	Label-08	2000
3	pernode	worker-cs-6	Label-08	2000
3	pernode	worker-cs-6	Label-08	2001
3	pernode	worker-cs-6	Label-08	2001
3	pernode	worker-cs-6	Label-08	2001
3	pernode	worker-cs-6	Label-08	2000
3	pernode	worker-cs-6	Label-08	2001
3	pernode	worker-cs-6	Label-08	2000
3	pernode	worker-cs-6	Label-08	2000
3	pernode	worker-cs-6	Label-08	2001
3	pernode	worker-cs-6	Label-08	2001
3	pernode	worker-cs-6	Label-08	2002
3	pernode	worker-cs-6	Label-08	2002
3	pernode	worker-cs-6	Label-08	2001
3	pernode	worker-cs-6	Label-08	2001
3	pernode	worker-cs-6	Label-08	2001
3	pernode	worker-cs-6	Label-08	2002
3	pernode	worker-cs-6	Label-08	2001
3	pernode	worker-cs-6	Label-08	2001
3	pernode	worker-cs-6	Label-08	2001
3	pernode	worker-cs-6	Label-08	2001
3	pernode	worker-cs-6	Label-08	2000
3	pernode	worker-cs-6	Label-08	2002
3	pernode	worker-cs-6	Label-08	2000
3	pernode	worker-cs-6	Label-08	2001
3	pernode	worker-cs-6	Label-08	2001
3	pernode	worker-cs-6	Label-08	2001
3	pernode	worker-cs-6	Label-08	2001
3	pernode	worker-cs-6	Label-08	2000
3	pernode	worker-cs-6	Label-08	2000
3	pernode	worker-cs-6	Label-08	2001
3	pernode	worker-cs-6	Label-08	2000
3	pernode	worker-cs-6	Label-08	2000
3	pernode	worker-cs-6	Label-08	2002
3	pernode	worker-cs-6	Label-08	2000
3	pernode	worker-cs-6	Label-08	2001
3	pernode	worker-cs-6	Label-08	2001
3	pernode	worker-cs-6	Label-08	2001
3	pernode	worker-cs-6	Label-08	2001
3	pernode	worker-cs-6	Label-08	2001
3	pernode	worker-cs-6	Label-08	2001
3	pernode	worker-cs-6	Label-08	2000
3	pernode	worker-cs-6	Label-08	2001
3	pernode	worker-cs-6	Label-08	2001
3	pernode	worker-cs-6	Label-08	2001
3	pernode	worker-cs-6	Label-08	2000
3	pernode	worker-cs-6	Label-08	2000
3	pernode	worker-cs-6	Label-08	2001
3	pernode	worker-cs-6	Label-08	2002
3	pernode	worker-cs-6	Label-08	2000
3	pernode	worker-cs-6	Label-08	2001
3	pernode	worker-cs-6	Label-08	2001
3	pernode	worker-cs-6	Label-08	2001
3	pernode	worker-cs-6	Label-08	2001
3	pernode	worker-cs-6	Label-08	2001
3	pernode	worker-cs-6	Label-08	2001
3	pernode	worker-cs-6	Label-08	2001
3	pernode	worker-cs-6	Label-08	2000
3	pernode	worker-cs-6	Label-08	2001
3	pernode	worker-cs-6	Label-08	2000
3	pernode	worker-cs-6	Label-08	2000
3	pernode	worker-cs-6	Label-08	2001
3	pernode	worker-cs-6	Label-08	2001
3	pernode	worker-cs-6	Label-08	2001
3	pernode	worker-cs-6	Label-08	2002
3	pernode	worker-cs-6	Label-08	2002
3	pernode	worker-cs-6	Label-08	2001
3	pernode	worker-cs-6	Label-08	2002
3	pernode	worker-cs-6	Label-08	2001
3	pernode	worker-cs-6	Label-08	2001
3	pernode	worker-cs-6	Label-08	2001
3	pernode	worker-cs-6	Label-08	2000
3	pernode	worker-cs-6	Label-08	2001
3	pernode	worker-cs-6	Label-08	2001
3	pernode	worker-cs-6	Label-08	2001
3	pernode	worker-cs-6	Label-08	2001
3	pernode	worker-cs-6	Label-08	2001
3	pernode	worker-cs-6	Label-08	2000
3	pernode	worker-cs-6	Label-08	2001
3	pernode	worker-cs-6	Label-08	2001
3	pernode	worker-cs-6	Label-08	2000
3	pernode	worker-cs-6	Label-08	2001
3	pernode	worker-cs-6	Label-08	2002
3	pernode	worker-cs-6	Label-08	2001
3	pernode	worker-cs-6	Label-08	2001
3	pernode	worker-cs-6	Label-08	2001
3	pernode	worker-cs-6	Label-08	2001
3	pernode	worker-cs-6	Label-08	2000
3	pernode	worker-cs-6	Label-08	2000
3	pernode	worker-cs-6	Label-08	2001
3	pernode	worker-cs-6	Label-08	2000
3	pernode	worker-cs-6	Label-08	2001
3	pernode	worker-cs-6	Label-08	2000
3	pernode	worker-cs-6	Label-08	2001
3	pernode	worker-cs-6	Label-08	2002
3	pernode	worker-cs-6	Label-08	2002
3	pernode	worker-cs-6	Label-08	2001
3	pernode	worker-cs-6	Label-08	2001
3	pernode	worker-cs-6	Label-08	2001
3	pernode	worker-cs-6	Label-08	2004
3	pernode	worker-cs-6	Label-08	2001
3	pernode	worker-cs-6	Label-08	2001
3	pernode	worker-cs-6	Label-08	2000
3	pernode	worker-cs-6	Label-08	2000
3	pernode	worker-cs-6	Label-08	2002
3	pernode	worker-cs-6	Label-08	2001
3	pernode	worker-cs-6	Label-08	2001
3	pernode	worker-cs-6	Label-08	2001
3	pernode	worker-cs-6	Label-08	2001
3	pernode	worker-cs-6	Label-08	2002
3	pernode	worker-cs-6	Label-08	2001
3	pernode	worker-cs-6	Label-08	2001
3	pernode	worker-cs-6	Label-08	2001
3	pernode	worker-cs-6	Label-08	2001
3	pernode	worker-cs-6	Label-08	2000
3	pernode	worker-cs-6	Label-08	2001
3	pernode	worker-cs-6	Label-08	2001
3	pernode	worker-cs-6	Label-08	2001
3	pernode	worker-cs-6	Label-08	2001
3	pernode	worker-cs-6	Label-08	2001
3	pernode	worker-cs-6	Label-08	2001
3	pernode	worker-cs-6	Label-08	2000
3	pernode	worker-cs-6	Label-08	2002
3	pernode	worker-cs-6	Label-08	2001
3	pernode	worker-cs-6	Label-08	2001
3	pernode	worker-cs-6	Label-08	2001
3	pernode	worker-cs-6	Label-08	2000
3	pernode	worker-cs-6	Label-08	2001
3	pernode	worker-cs-6	Label-08	2001
3	pernode	worker-cs-6	Label-08	2002
3	pernode	worker-cs-6	Label-08	2001
3	pernode	worker-cs-6	Label-08	2000
3	pernode	worker-cs-6	Label-08	2002
3	pernode	worker-cs-6	Label-08	2001
3	pernode	worker-cs-6	Label-08	2001
3	pernode	worker-cs-6	Label-08	2001
3	pernode	worker-cs-6	Label-08	2002
3	pernode	worker-cs-6	Label-08	2001
3	pernode	worker-cs-6	Label-08	2002
3	pernode	worker-cs-6	Label-08	2000
3	pernode	worker-cs-6	Label-08	2000
3	pernode	worker-cs-6	Label-08	2001
3	pernode	worker-cs-6	Label-08	2001
3	pernode	worker-cs-6	Label-08	2001
3	pernode	worker-cs-6	Label-08	2001
3	pernode	worker-cs-6	Label-08	2001
3	pernode	worker-cs-6	Label-08	2001
3	pernode	worker-cs-6	Label-08	2001
3	pernode	worker-cs-6	Label-08	2001
3	pernode	worker-cs-6	Label-08	2001
3	pernode	worker-cs-6	Label-08	2000
3	pernode	worker-cs-6	Label-08	2003
3	pernode	worker-cs-6	Label-08	2001
3	pernode	worker-cs-6	Label-08	2000
3	pernode	worker-cs-6	Label-08	2001
3	pernode	worker-cs-6	Label-08	2001
3	pernode	worker-cs-6	Label-08	2001
3	pernode	worker-cs-6	Label-08	2001
3	pernode	worker-cs-6	Label-08	2001
3	pernode	worker-cs-6	Label-08	2001
3	pernode	worker-cs-6	Label-08	2000
3	pernode	worker-cs-6	Label-08	2001
3	pernode	worker-cs-6	Label-08	2001
3	pernode	worker-cs-6	Label-08	2001
3	pernode	worker-cs-6	Label-08	2001
3	pernode	worker-cs-6	Label-08	2002
3	pernode	worker-cs-6	Label-08	2001
3	pernode	worker-cs-6	Label-08	2000
3	pernode	worker-cs-6	Label-08	2001
3	pernode	worker-cs-6	Label-08	2000
3	pernode	worker-cs-6	Label-08	2001
3	pernode	worker-cs-6	Label-08	2001
3	pernode	worker-cs-6	Label-08	2000
3	pernode	worker-cs-6	Label-08	2001
3	pernode	worker-cs-6	Label-08	2001
3	pernode	worker-cs-6	Label-08	2002
3	pernode	worker-cs-6	Label-08	2004
3	pernode	worker-cs-6	Label-08	2001
3	pernode	worker-cs-6	Label-08	2001
3	pernode	worker-cs-6	Label-08	2001
3	pernode	worker-cs-6	Label-08	2002
3	pernode	worker-cs-6	Label-08	2000
3	pernode	worker-cs-6	Label-08	2002
3	pernode	worker-cs-6	Label-08	2000
3	pernode	worker-cs-6	Label-08	2001
3	pernode	worker-cs-6	Label-08	2001
3	pernode	worker-cs-6	Label-08	2001
3	pernode	worker-cs-6	Label-08	2002
3	pernode	worker-cs-6	Label-08	2002
3	pernode	worker-cs-6	Label-08	2002
3	pernode	worker-cs-6	Label-08	2001
3	pernode	worker-cs-6	Label-08	2001
3	pernode	worker-cs-6	Label-08	2001
3	pernode	worker-cs-6	Label-08	2001
3	pernode	worker-cs-6	Label-08	2001
3	pernode	worker-cs-6	Label-08	2001
3	pernode	worker-cs-6	Label-08	2001
3	pernode	worker-cs-6	Label-08	2002
3	pernode	worker-cs-6	Label-08	2002
3	pernode	worker-cs-6	Label-08	2001
3	pernode	worker-cs-6	Label-08	2001
3	pernode	worker-cs-6	Label-08	2000
3	pernode	worker-cs-6	Label-08	2001
3	pernode	worker-cs-6	Label-08	2001
3	pernode	worker-cs-6	Label-08	2001
3	pernode	worker-cs-6	Label-08	2002
3	pernode	worker-cs-6	Label-08	2001
3	pernode	worker-cs-6	Label-08	2000
3	pernode	worker-cs-6	Label-08	2002
3	pernode	worker-cs-6	Label-08	2002
3	pernode	worker-cs-6	Label-08	2001
3	pernode	worker-cs-6	Label-08	2002
3	pernode	worker-cs-7	Label-11	2001
3	pernode	worker-cs-7	Label-15	2000
3	pernode	worker-cs-7	Label-15	2001
3	pernode	worker-cs-7	Label-11	2000
3	pernode	worker-cs-7	Label-15	2001
3	pernode	worker-cs-7	Label-15	2000
3	pernode	worker-cs-7	Label-15	2001
3	pernode	worker-cs-7	Label-11	2001
3	pernode	worker-cs-7	Label-15	2001
3	pernode	worker-cs-7	Label-11	2001
3	pernode	worker-cs-7	Label-11	2001
3	pernode	worker-cs-7	Label-11	2000
3	pernode	worker-cs-7	Label-15	2001
3	pernode	worker-cs-7	Label-15	2001
3	pernode	worker-cs-7	Label-15	2001
3	pernode	worker-cs-7	Label-11	2001
3	pernode	worker-cs-7	Label-11	2000
3	pernode	worker-cs-7	Label-11	2001
3	pernode	worker-cs-7	Label-15	2001
3	pernode	worker-cs-7	Label-15	2002
3	pernode	worker-cs-7	Label-11	2001
3	pernode	worker-cs-7	Label-11	2000
3	pernode	worker-cs-7	Label-11	2000
3	pernode	worker-cs-7	Label-11	2001
3	pernode	worker-cs-7	Label-15	2001
3	pernode	worker-cs-7	Label-15	2001
3	pernode	worker-cs-7	Label-11	2001
3	pernode	worker-cs-7	Label-11	2000
3	pernode	worker-cs-7	Label-11	2001
3	pernode	worker-cs-7	Label-11	2000
3	pernode	worker-cs-7	Label-11	2001
3	pernode	worker-cs-7	Label-15	2001
3	pernode	worker-cs-7	Label-15	2001
3	pernode	worker-cs-7	Label-11	2001
3	pernode	worker-cs-7	Label-15	2001
3	pernode	worker-cs-7	Label-11	2001
3	pernode	worker-cs-7	Label-11	2001
3	pernode	worker-cs-7	Label-11	2001
3	pernode	worker-cs-7	Label-15	2000
3	pernode	worker-cs-7	Label-15	2002
3	pernode	worker-cs-7	Label-11	2000
3	pernode	worker-cs-7	Label-11	2000
3	pernode	worker-cs-7	Label-11	2000
3	pernode	worker-cs-7	Label-11	2001
3	pernode	worker-cs-7	Label-11	2001
3	pernode	worker-cs-7	Label-11	2001
3	pernode	worker-cs-7	Label-11	2002
3	pernode	worker-cs-7	Label-11	2001
3	pernode	worker-cs-7	Label-11	2001
3	pernode	worker-cs-7	Label-11	2001
3	pernode	worker-cs-7	Label-11	2001
3	pernode	worker-cs-7	Label-15	2002
3	pernode	worker-cs-7	Label-11	2001
3	pernode	worker-cs-7	Label-15	2001
3	pernode	worker-cs-7	Label-11	2001
3	pernode	worker-cs-7	Label-15	2001
3	pernode	worker-cs-7	Label-11	2001
3	pernode	worker-cs-7	Label-11	2000
3	pernode	worker-cs-7	Label-11	2002
3	pernode	worker-cs-7	Label-11	2001
3	pernode	worker-cs-7	Label-15	2000
3	pernode	worker-cs-7	Label-11	2002
3	pernode	worker-cs-7	Label-11	2001
3	pernode	worker-cs-7	Label-11	2001
3	pernode	worker-cs-7	Label-15	2000
3	pernode	worker-cs-7	Label-15	2002
3	pernode	worker-cs-7	Label-11	2001
3	pernode	worker-cs-7	Label-15	2001
3	pernode	worker-cs-7	Label-11	2001
3	pernode	worker-cs-7	Label-15	2001
3	pernode	worker-cs-7	Label-15	2001
3	pernode	worker-cs-7	Label-11	2001
3	pernode	worker-cs-7	Label-11	2001
3	pernode	worker-cs-7	Label-11	2001
3	pernode	worker-cs-7	Label-11	2001
3	pernode	worker-cs-7	Label-11	2001
3	pernode	worker-cs-7	Label-15	2000
3	pernode	worker-cs-7	Label-15	2001
3	pernode	worker-cs-7	Label-11	2001
3	pernode	worker-cs-7	Label-11	2001
3	pernode	worker-cs-7	Label-11	2001
3	pernode	worker-cs-7	Label-11	2001
3	pernode	worker-cs-7	Label-11	2001
3	pernode	worker-cs-7	Label-11	2001
3	pernode	worker-cs-7	Label-11	2001
3	pernode	worker-cs-7	Label-11	2001
3	pernode	worker-cs-7	Label-11	2001
3	pernode	worker-cs-7	Label-15	2002
3	pernode	worker-cs-7	Label-15	2001
3	pernode	worker-cs-7	Label-11	2002
3	pernode	worker-cs-7	Label-11	2001
3	pernode	worker-cs-7	Label-11	2001
3	pernode	worker-cs-7	Label-11	2000
3	pernode	worker-cs-7	Label-11	2001
3	pernode	worker-cs-7	Label-11	2001
3	pernode	worker-cs-7	Label-11	2000
3	pernode	worker-cs-7	Label-11	2001
3	pernode	worker-cs-7	Label-11	2001
3	pernode	worker-cs-7	Label-15	2001
3	pernode	worker-cs-7	Label-11	2001
3	pernode	worker-cs-7	Label-11	2001
3	pernode	worker-cs-7	Label-15	2001
3	pernode	worker-cs-7	Label-11	2000
3	pernode	worker-cs-7	Label-11	2001
3	pernode	worker-cs-7	Label-11	2001
3	pernode	worker-cs-7	Label-15	2001
3	pernode	worker-cs-7	Label-15	2001
3	pernode	worker-cs-7	Label-11	2001
3	pernode	worker-cs-7	Label-11	2001
3	pernode	worker-cs-7	Label-11	2001
3	pernode	worker-cs-7	Label-11	2000
3	pernode	worker-cs-7	Label-11	2002
3	pernode	worker-cs-7	Label-11	2001
3	pernode	worker-cs-7	Label-11	2001
3	pernode	worker-cs-7	Label-15	2001
3	pernode	worker-cs-7	Label-15	2001
3	pernode	worker-cs-7	Label-15	2001
3	pernode	worker-cs-7	Label-15	2000
3	pernode	worker-cs-7	Label-11	2001
3	pernode	worker-cs-7	Label-15	2002
3	pernode	worker-cs-7	Label-11	2001
3	pernode	worker-cs-7	Label-11	2001
3	pernode	worker-cs-7	Label-11	2000
3	pernode	worker-cs-7	Label-11	2002
3	pernode	worker-cs-7	Label-11	2001
3	pernode	worker-cs-7	Label-11	2001
3	pernode	worker-cs-7	Label-11	2001
3	pernode	worker-cs-7	Label-15	2000
3	pernode	worker-cs-7	Label-11	2000
3	pernode	worker-cs-7	Label-11	2001
3	pernode	worker-cs-7	Label-11	2001
3	pernode	worker-cs-7	Label-11	2002
3	pernode	worker-cs-7	Label-11	2001
3	pernode	worker-cs-7	Label-11	2000
3	pernode	worker-cs-7	Label-11	2001
3	pernode	worker-cs-7	Label-11	2001
3	pernode	worker-cs-7	Label-11	2000
3	pernode	worker-cs-7	Label-11	2001
3	pernode	worker-cs-7	Label-11	2000
3	pernode	worker-cs-7	Label-11	2000
3	pernode	worker-cs-7	Label-11	2001
3	pernode	worker-cs-7	Label-11	2001
3	pernode	worker-cs-7	Label-11	2002
3	pernode	worker-cs-7	Label-15	2001
3	pernode	worker-cs-7	Label-11	2001
3	pernode	worker-cs-7	Label-11	2001
3	pernode	worker-cs-7	Label-11	2001
3	pernode	worker-cs-7	Label-11	2001
3	pernode	worker-cs-7	Label-11	2001
3	pernode	worker-cs-7	Label-11	2001
3	pernode	worker-cs-7	Label-11	2000
3	pernode	worker-cs-7	Label-11	2001
3	pernode	worker-cs-7	Label-15	2001
3	pernode	worker-cs-7	Label-11	2001
3	pernode	worker-cs-7	Label-15	2001
3	pernode	worker-cs-7	Label-11	2001
3	pernode	worker-cs-7	Label-11	2001
3	pernode	worker-cs-7	Label-15	2001
3	pernode	worker-cs-7	Label-11	2001
3	pernode	worker-cs-7	Label-11	2000
3	pernode	worker-cs-7	Label-15	2001
3	pernode	worker-cs-7	Label-11	2000
3	pernode	worker-cs-7	Label-15	2001
3	pernode	worker-cs-7	Label-15	2001
3	pernode	worker-cs-7	Label-11	2001
3	pernode	worker-cs-7	Label-11	2001
3	pernode	worker-cs-7	Label-11	2000
3	pernode	worker-cs-7	Label-11	2001
3	pernode	worker-cs-7	Label-11	2001
3	pernode	worker-cs-7	Label-11	2001
3	pernode	worker-cs-7	Label-11	2002
3	pernode	worker-cs-7	Label-11	2001
3	pernode	worker-cs-7	Label-11	2000
3	pernode	worker-cs-7	Label-11	2001
3	pernode	worker-cs-7	Label-15	2002
3	pernode	worker-cs-7	Label-11	2001
3	pernode	worker-cs-7	Label-15	2001
3	pernode	worker-cs-7	Label-11	2001
3	pernode	worker-cs-7	Label-15	2000
3	pernode	worker-cs-7	Label-15	2001
3	pernode	worker-cs-7	Label-11	2001
3	pernode	worker-cs-7	Label-11	2002
3	pernode	worker-cs-7	Label-15	2001
3	pernode	worker-cs-7	Label-11	2001
3	pernode	worker-cs-7	Label-11	2001
3	pernode	worker-cs-7	Label-11	2002
3	pernode	worker-cs-7	Label-11	2001
3	pernode	worker-cs-7	Label-15	2001
3	pernode	worker-cs-7	Label-15	2002
3	pernode	worker-cs-7	Label-11	2001
3	pernode	worker-cs-7	Label-11	2001
3	pernode	worker-cs-7	Label-11	2002
3	pernode	worker-cs-7	Label-11	2001
3	pernode	worker-cs-7	Label-11	2000
3	pernode	worker-cs-7	Label-11	2000
3	pernode	worker-cs-7	Label-11	2001
3	pernode	worker-cs-7	Label-11	2000
3	pernode	worker-cs-7	Label-11	2001
3	pernode	worker-cs-7	Label-11	2000
3	pernode	worker-cs-7	Label-11	2002
3	pernode	worker-cs-7	Label-11	2001
3	pernode	worker-cs-7	Label-11	2000
3	pernode	worker-cs-7	Label-11	2000
3	pernode	worker-cs-7	Label-11	2001
3	pernode	worker-cs-7	Label-11	2000
3	pernode	worker-cs-7	Label-11	2001
3	pernode	worker-cs-7	Label-11	2002
3	pernode	worker-cs-7	Label-11	2001
3	pernode	worker-cs-7	Label-11	2000
3	pernode	worker-cs-7	Label-15	2001
3	pernode	worker-cs-7	Label-11	2002
3	pernode	worker-cs-7	Label-15	2000
3	pernode	worker-cs-7	Label-11	2000
3	pernode	worker-cs-7	Label-11	2001
3	pernode	worker-cs-7	Label-11	2001
3	pernode	worker-cs-7	Label-11	2000
3	pernode	worker-cs-7	Label-11	2001
3	pernode	worker-cs-7	Label-15	2000
3	pernode	worker-cs-7	Label-11	2002
3	pernode	worker-cs-7	Label-11	2000
3	pernode	worker-cs-7	Label-11	2002
3	pernode	worker-cs-7	Label-11	2001
3	pernode	worker-cs-7	Label-11	2001
3	pernode	worker-cs-7	Label-11	2001
3	pernode	worker-cs-7	Label-11	2001
3	pernode	worker-cs-7	Label-11	2001
3	pernode	worker-cs-7	Label-11	2000
3	pernode	worker-cs-7	Label-15	2002
3	pernode	worker-cs-7	Label-11	2001
3	pernode	worker-cs-7	Label-11	2002
3	pernode	worker-cs-7	Label-11	2001
3	pernode	worker-cs-7	Label-15	2001
3	pernode	worker-cs-7	Label-11	2000
3	pernode	worker-cs-7	Label-11	2001
3	pernode	worker-cs-7	Label-11	2000
3	pernode	worker-cs-7	Label-15	2001
3	pernode	worker-cs-7	Label-11	2001
3	pernode	worker-cs-7	Label-15	2000
3	pernode	worker-cs-7	Label-11	2000
3	pernode	worker-cs-7	Label-15	2001
3	pernode	worker-cs-7	Label-11	2002
3	pernode	worker-cs-7	Label-15	2001
3	pernode	worker-cs-7	Label-15	2001
3	pernode	worker-cs-7	Label-11	2001
3	pernode	worker-cs-7	Label-11	2001
3	pernode	worker-cs-7	Label-11	2001
3	pernode	worker-cs-7	Label-11	2001
3	pernode	worker-cs-7	Label-11	2001
3	pernode	worker-cs-7	Label-11	2002
3	pernode	worker-cs-7	Label-11	2001
3	pernode	worker-cs-7	Label-11	2001
3	pernode	worker-cs-7	Label-11	2001
3	pernode	worker-cs-7	Label-11	2001
3	pernode	worker-cs-7	Label-11	2001
3	pernode	worker-cs-7	Label-11	2000
3	pernode	worker-cs-7	Label-15	2001
3	pernode	worker-cs-7	Label-11	2001
3	pernode	worker-cs-7	Label-11	2001
3	pernode	worker-cs-7	Label-15	2001
3	pernode	worker-cs-7	Label-15	2001
3	pernode	worker-cs-7	Label-11	2002
3	pernode	worker-cs-7	Label-11	2001
3	pernode	worker-cs-7	Label-11	2001
3	pernode	worker-cs-7	Label-11	2001
3	pernode	worker-cs-7	Label-11	2001
3	pernode	worker-cs-7	Label-11	2000
3	pernode	worker-cs-7	Label-11	2001
3	pernode	worker-cs-7	Label-11	2001
3	pernode	worker-cs-7	Label-15	2000
3	pernode	worker-cs-7	Label-11	2002
3	pernode	worker-cs-7	Label-11	2001
3	pernode	worker-cs-7	Label-11	2001
3	pernode	worker-cs-7	Label-11	2000
3	pernode	worker-cs-7	Label-11	2001
3	pernode	worker-cs-7	Label-11	2002
3	pernode	worker-cs-7	Label-11	2001
3	pernode	worker-cs-7	Label-11	2000
3	pernode	worker-cs-7	Label-15	2001
3	pernode	worker-cs-7	Label-11	2001
3	pernode	worker-cs-7	Label-11	2001
3	pernode	worker-cs-7	Label-15	2001
3	pernode	worker-cs-7	Label-11	2001
3	pernode	worker-cs-7	Label-11	2001
3	pernode	worker-cs-7	Label-11	2001
3	pernode	worker-cs-7	Label-11	2001
3	pernode	worker-cs-7	Label-11	2002
3	pernode	worker-cs-7	Label-15	2001
3	pernode	worker-cs-7	Label-11	2001
3	pernode	worker-cs-7	Label-11	2001
3	pernode	worker-cs-7	Label-11	2001
3	pernode	worker-cs-7	Label-11	2002
3	pernode	worker-cs-7	Label-11	2001
3	pernode	worker-cs-7	Label-15	2001
3	pernode	worker-cs-7	Label-15	2000
3	pernode	worker-cs-7	Label-11	2002
3	pernode	worker-cs-7	Label-11	2001
3	pernode	worker-cs-7	Label-11	2001
3	pernode	worker-cs-7	Label-11	2001
3	pernode	worker-cs-7	Label-11	2000
3	pernode	worker-cs-7	Label-11	2001
3	pernode	worker-cs-7	Label-11	2001
3	pernode	worker-cs-7	Label-11	2001
3	pernode	worker-cs-7	Label-15	2001
3	pernode	worker-cs-7	Label-11	2001
3	pernode	worker-cs-7	Label-15	2001
3	pernode	worker-cs-7	Label-11	2001
3	pernode	worker-cs-7	Label-11	2001
3	pernode	worker-cs-7	Label-11	2000
3	pernode	worker-cs-7	Label-15	2001
3	pernode	worker-cs-7	Label-15	2001
3	pernode	worker-cs-7	Label-11	2001
3	pernode	worker-cs-7	Label-15	2001
3	pernode	worker-cs-7	Label-15	2000
3	pernode	worker-cs-7	Label-11	2001
3	pernode	worker-cs-7	Label-11	2000
3	pernode	worker-cs-7	Label-11	2002
3	pernode	worker-cs-7	Label-11	2001
3	pernode	worker-cs-7	Label-15	2002
3	pernode	worker-cs-7	Label-11	2002
3	pernode	worker-cs-7	Label-11	2002
3	pernode	worker-cs-7	Label-11	2001
3	pernode	worker-cs-7	Label-15	2001
3	pernode	worker-cs-7	Label-11	2000
3	pernode	worker-cs-7	Label-11	2000
3	pernode	worker-cs-7	Label-11	2000
3	pernode	worker-cs-7	Label-15	2001
3	pernode	worker-cs-7	Label-11	2001
3	pernode	worker-cs-7	Label-11	2000
3	pernode	worker-cs-7	Label-11	2001
3	pernode	worker-cs-7	Label-11	2000
3	pernode	worker-cs-7	Label-11	2001
3	pernode	worker-cs-7	Label-11	2002
3	pernode	worker-cs-7	Label-11	2002
3	pernode	worker-cs-8	Label-13	2003
3	pernode	worker-cs-8	Label-13	2002
3	pernode	worker-cs-8	Label-13	2002
3	pernode	worker-cs-8	Label-13	2002
3	pernode	worker-cs-8	Label-13	2002
3	pernode	worker-cs-8	Label-13	2003
3	pernode	worker-cs-8	Label-13	2002
3	pernode	worker-cs-8	Label-13	2002
3	pernode	worker-cs-8	Label-13	2001
3	pernode	worker-cs-8	Label-13	2002
3	pernode	worker-cs-8	Label-13	2002
3	pernode	worker-cs-8	Label-13	2003
3	pernode	worker-cs-8	Label-13	2002
3	pernode	worker-cs-8	Label-13	2002
3	pernode	worker-cs-8	Label-13	2003
3	pernode	worker-cs-8	Label-13	2001
3	pernode	worker-cs-8	Label-13	2002
3	pernode	worker-cs-8	Label-13	2001
3	pernode	worker-cs-8	Label-13	2003
3	pernode	worker-cs-8	Label-13	2002
3	pernode	worker-cs-8	Label-13	2004
3	pernode	worker-cs-8	Label-13	2002
3	pernode	worker-cs-8	Label-13	2002
3	pernode	worker-cs-8	Label-13	2002
3	pernode	worker-cs-8	Label-13	2003
3	pernode	worker-cs-8	Label-13	2002
3	pernode	worker-cs-8	Label-13	2003
3	pernode	worker-cs-8	Label-13	2003
3	pernode	worker-cs-8	Label-13	2003
3	pernode	worker-cs-8	Label-13	2002
3	pernode	worker-cs-8	Label-13	2002
3	pernode	worker-cs-8	Label-13	2004
3	pernode	worker-cs-8	Label-13	2002
3	pernode	worker-cs-8	Label-13	2002
3	pernode	worker-cs-8	Label-13	2003
3	pernode	worker-cs-8	Label-13	2002
3	pernode	worker-cs-8	Label-13	2003
3	pernode	worker-cs-8	Label-13	2002
3	pernode	worker-cs-8	Label-13	2003
3	pernode	worker-cs-8	Label-13	2003
3	pernode	worker-cs-8	Label-13	2002
3	pernode	worker-cs-8	Label-13	2003
3	pernode	worker-cs-8	Label-13	2003
3	pernode	worker-cs-8	Label-13	2003
3	pernode	worker-cs-8	Label-13	2002
3	pernode	worker-cs-8	Label-13	2003
3	pernode	worker-cs-8	Label-13	2001
3	pernode	worker-cs-8	Label-13	2002
3	pernode	worker-cs-8	Label-13	2004
3	pernode	worker-cs-8	Label-13	2003
3	pernode	worker-cs-8	Label-13	2002
3	pernode	worker-cs-8	Label-13	2001
3	pernode	worker-cs-8	Label-13	2003
3	pernode	worker-cs-8	Label-13	2002
3	pernode	worker-cs-8	Label-13	2002
3	pernode	worker-cs-8	Label-13	2001
3	pernode	worker-cs-8	Label-13	2002
3	pernode	worker-cs-8	Label-13	2002
3	pernode	worker-cs-8	Label-13	2002
3	pernode	worker-cs-8	Label-13	2001
3	pernode	worker-cs-8	Label-13	2003
3	pernode	worker-cs-8	Label-13	2001
3	pernode	worker-cs-8	Label-13	2002
3	pernode	worker-cs-8	Label-13	2003
3	pernode	worker-cs-8	Label-13	2002
3	pernode	worker-cs-8	Label-13	2003
3	pernode	worker-cs-8	Label-13	2002
3	pernode	worker-cs-8	Label-13	2004
3	pernode	worker-cs-8	Label-13	2001
3	pernode	worker-cs-8	Label-13	2003
3	pernode	worker-cs-8	Label-13	2003
3	pernode	worker-cs-8	Label-13	2001
3	pernode	worker-cs-8	Label-13	2002
3	pernode	worker-cs-8	Label-13	2002
3	pernode	worker-cs-8	Label-13	2002
3	pernode	worker-cs-8	Label-13	2002
3	pernode	worker-cs-8	Label-13	2002
3	pernode	worker-cs-8	Label-13	2002
3	pernode	worker-cs-8	Label-13	2003
3	pernode	worker-cs-8	Label-13	2001
3	pernode	worker-cs-8	Label-13	2002
3	pernode	worker-cs-8	Label-13	2003
3	pernode	worker-cs-8	Label-13	2003
3	pernode	worker-cs-8	Label-13	2003
3	pernode	worker-cs-8	Label-13	2002
3	pernode	worker-cs-8	Label-13	2001
3	pernode	worker-cs-8	Label-13	2002
3	pernode	worker-cs-8	Label-13	2001
3	pernode	worker-cs-8	Label-13	2002
3	pernode	worker-cs-8	Label-13	2001
3	pernode	worker-cs-8	Label-13	2003
3	pernode	worker-cs-8	Label-13	2002
3	pernode	worker-cs-8	Label-13	2002
3	pernode	worker-cs-8	Label-13	2002
3	pernode	worker-cs-8	Label-13	2003
3	pernode	worker-cs-8	Label-13	2001
3	pernode	worker-cs-8	Label-13	2004
3	pernode	worker-cs-8	Label-13	2003
3	pernode	worker-cs-8	Label-13	2010
3	pernode	worker-cs-8	Label-13	2002
3	pernode	worker-cs-8	Label-13	2002
3	pernode	worker-cs-9	Label-03	2002
3	pernode	worker-cs-9	Label-03	2002
3	pernode	worker-cs-9	Label-03	2003
3	pernode	worker-cs-9	Label-03	2002
3	pernode	worker-cs-9	Label-03	2001
3	pernode	worker-cs-9	Label-03	2002
3	pernode	worker-cs-9	Label-03	2002
3	pernode	worker-cs-9	Label-03	2002
3	pernode	worker-cs-9	Label-03	2001
3	pernode	worker-cs-9	Label-03	2001
3	pernode	worker-cs-9	Label-03	2002
3	pernode	worker-cs-9	Label-03	2001
3	pernode	worker-cs-9	Label-03	2002
3	pernode	worker-cs-9	Label-03	2002
3	pernode	worker-cs-9	Label-03	2002
3	pernode	worker-cs-9	Label-03	2001
3	pernode	worker-cs-9	Label-03	2001
3	pernode	worker-cs-9	Label-03	2002
3	pernode	worker-cs-9	Label-03	2002
3	pernode	worker-cs-9	Label-03	2002
3	pernode	worker-cs-9	Label-03	2002
3	pernode	worker-cs-9	Label-03	2001
3	pernode	worker-cs-9	Label-03	2001
3	pernode	worker-cs-9	Label-03	2003
3	pernode	worker-cs-9	Label-03	2002
3	pernode	worker-cs-9	Label-03	2001
3	pernode	worker-cs-9	Label-03	2000
3	pernode	worker-cs-9	Label-03	2003
3	pernode	worker-cs-9	Label-03	2002
3	pernode	worker-cs-9	Label-03	2002
3	pernode	worker-cs-9	Label-03	2002
3	pernode	worker-cs-9	Label-03	2003
3	pernode	worker-cs-9	Label-03	2001
3	pernode	worker-cs-9	Label-03	2002
3	pernode	worker-cs-9	Label-03	2002
3	pernode	worker-cs-9	Label-03	2002
3	pernode	worker-cs-9	Label-03	2001
3	pernode	worker-cs-9	Label-03	2001
3	pernode	worker-cs-9	Label-03	2001
3	pernode	worker-cs-9	Label-03	2001
3	pernode	worker-cs-9	Label-03	2001
3	pernode	worker-cs-9	Label-03	2003
3	pernode	worker-cs-9	Label-03	2001
3	pernode	worker-cs-9	Label-03	2002
3	pernode	worker-cs-9	Label-03	2001
3	pernode	worker-cs-9	Label-03	2001
3	pernode	worker-cs-9	Label-03	2002
3	pernode	worker-cs-9	Label-03	2001
3	pernode	worker-cs-9	Label-03	2002
3	pernode	worker-cs-9	Label-03	2001
3	pernode	worker-cs-9	Label-03	2001
3	pernode	worker-cs-9	Label-03	2002
3	pernode	worker-cs-9	Label-03	2001
3	pernode	worker-cs-9	Label-03	2002
3	pernode	worker-cs-9	Label-03	2002
3	pernode	worker-cs-9	Label-03	2002
3	pernode	worker-cs-9	Label-03	2003
3	pernode	worker-cs-9	Label-03	2001
3	pernode	worker-cs-9	Label-03	2002
3	pernode	worker-cs-9	Label-03	2002
3	pernode	worker-cs-9	Label-03	2002
3	pernode	worker-cs-9	Label-03	2002
3	pernode	worker-cs-9	Label-03	2001
3	pernode	worker-cs-9	Label-03	2002
3	pernode	worker-cs-9	Label-03	2001
3	pernode	worker-cs-9	Label-03	2002
3	pernode	worker-cs-9	Label-03	2002
3	pernode	worker-cs-9	Label-03	2002
3	pernode	worker-cs-9	Label-03	2002
3	pernode	worker-cs-9	Label-03	2002
3	pernode	worker-cs-9	Label-03	2002
3	pernode	worker-cs-9	Label-03	2000
3	pernode	worker-cs-9	Label-03	2002
3	pernode	worker-cs-9	Label-03	2001
3	pernode	worker-cs-9	Label-03	2001
3	pernode	worker-cs-9	Label-03	2002
3	pernode	worker-cs-9	Label-03	2002
3	pernode	worker-cs-9	Label-03	2002
3	pernode	worker-cs-9	Label-03	2001
3	pernode	worker-cs-9	Label-03	2002
3	pernode	worker-cs-9	Label-03	2001
3	pernode	worker-cs-9	Label-03	2001
3	pernode	worker-cs-9	Label-03	2002
3	pernode	worker-cs-9	Label-03	2002
3	pernode	worker-cs-9	Label-03	2001
3	pernode	worker-cs-9	Label-03	2002
3	pernode	worker-cs-9	Label-03	2001
3	pernode	worker-cs-9	Label-03	2002
3	pernode	worker-cs-9	Label-03	2002
3	pernode	worker-cs-9	Label-03	2002
3	pernode	worker-cs-9	Label-03	2001
3	pernode	worker-cs-9	Label-03	2002
3	pernode	worker-cs-9	Label-03	2002
3	pernode	worker-cs-9	Label-03	2001
3	pernode	worker-cs-9	Label-03	2001
3	pernode	worker-cs-9	Label-03	2002
3	pernode	worker-cs-9	Label-03	2001
3	pernode	worker-cs-9	Label-03	2001
3	pernode	worker-cs-9	Label-03	2002
3	pernode	worker-cs-9	Label-03	2002
3	pernode	worker-cs-9	Label-03	2002
3	pernode	worker-cs-9	Label-03	2002
3	pernode	worker-cs-9	Label-03	2001
3	pernode	worker-cs-9	Label-03	2002
3	pernode	worker-cs-9	Label-03	2002
3	pernode	worker-cs-9	Label-03	2002
